{
  "info": {
    "像素面积": {
      "全部面积": 1102420.0,
      "设备面积": 117798.0,
      "剩余面积": 984622.0
    },
    "图纸信息": {
      "类型": "机房",
      "名称": "10.png"
    }
  },
  "obj": [
    {
      "id": 1,
      "type": "outline",
      "shape": "polyline",
      "coord": [
        [
          398.4883117675781,
          107.43914794921875
        ],
        [
          1172.4883117675781,
          107.43914794921875
        ],
        [
          1172.4883117675781,
          813.4391479492188
        ],
        [
          398.4883117675781,
          809.4391479492188
        ],
        [
          422.4883117675781,
          809.4391479492188
        ],
        [
          413.4883117675781,
          797.4391479492188
        ],
        [
          422.4883117675781,
          796.4391479492188
        ],
        [
          1120.4883117675781,
          796.4391479492188
        ],
        [
          1151.4883117675781,
          797.4391479492188
        ],
        [
          1162.4883117675781,
          796.4391479492188
        ],
        [
          405.4883117675781,
          122.43914794921875
        ],
        [
          1160.4883117675781,
          123.43914794921875
        ],
        [
          1116.4883117675781,
          809.4391479492188
        ],
        [
          1172.4883117675781,
          809.4391479492188
        ],
        [
          398.4883117675781,
          107.43914794921875
        ],
        [
          398.4883117675781,
          809.4391479492188
        ],
        [
          1162.4883117675781,
          122.43914794921875
        ],
        [
          1160.4883117675781,
          797.4391479492188
        ],
        [
          1116.4883117675781,
          797.4391479492188
        ],
        [
          1120.4883117675781,
          809.4391479492188
        ],
        [
          422.4883117675781,
          797.4391479492188
        ],
        [
          422.4883117675781,
          809.4391479492188
        ]
      ],
      "rotate": 0,
      "semantic": {
        "element": "墙轮廓",
        "path": [
          "0, 1, 2",
          "3, 4",
          "5, 6",
          "7, 8, 9",
          "10, 11",
          "12, 13",
          "14, 15",
          "16, 17",
          "18, 19",
          "20, 21"
        ],
        "links": []
      },
      "ext": {}
    },
    {
      "id": 2,
      "type": "outline",
      "shape": "polyline",
      "coord": [
        [
          396.4883117675781,
          808.0
        ],
        [
          424.4883117675781,
          808.0
        ],
        [
          408.4883117675781,
          122.0
        ],
        [
          1160.4883117675781,
          118.0
        ],
        [
          412.4883117675781,
          796.0
        ],
        [
          424.4883117675781,
          796.0
        ],
        [
          424.4883117675781,
          808.0
        ],
        [
          1118.4883117675781,
          808.0
        ],
        [
          1172.4883117675781,
          808.0
        ],
        [
          396.4883117675781,
          98.0
        ],
        [
          396.4883117675781,
          808.0
        ],
        [
          1172.4883117675781,
          106.0
        ],
        [
          1172.4883117675781,
          808.0
        ],
        [
          412.4883117675781,
          118.0
        ],
        [
          408.4883117675781,
          796.0
        ],
        [
          1160.4883117675781,
          122.0
        ],
        [
          1160.4883117675781,
          788.0
        ],
        [
          1118.4883117675781,
          796.0
        ],
        [
          1118.4883117675781,
          808.0
        ]
      ],
      "rotate": 0,
      "semantic": {
        "element": "墙轮廓",
        "path": [
          "0, 1",
          "2, 3",
          "4, 5, 6",
          "7, 8",
          "9, 10",
          "11, 12",
          "13, 14",
          "15, 16",
          "17, 18"
        ],
        "links": []
      },
      "ext": {}
    },
    {
      "id": 2,
      "type": "polyline",
      "shape": "polyline",
      "coord": [
        [
          374.4883117675781,
          119.43914794921875
        ],
        [
          374.4883117675781,
          797.4391479492188
        ]
      ],
      "rotate": 0,
      "semantic": {
        "element": "标尺",
        "links": []
      },
      "ext": {
        "文字识别结果": [
          ""
        ]
      }
    },
    {
      "id": 3,
      "type": "polyline",
      "shape": "polyline",
      "coord": [
        [
          570.4883117675781,
          179.43914794921875
        ],
        [
          570.4883117675781,
          219.43914794921875
        ]
      ],
      "rotate": 0,
      "semantic": {
        "element": "标尺",
        "links": []
      },
      "ext": {
        "文字识别结果": [
          ""
        ]
      }
    },
    {
      "id": 4,
      "type": "polyline",
      "shape": "polyline",
      "coord": [
        [
          570.4883117675781,
          251.43914794921875
        ],
        [
          570.4883117675781,
          293.43914794921875
        ]
      ],
      "rotate": 0,
      "semantic": {
        "element": "标尺",
        "links": []
      },
      "ext": {
        "文字识别结果": [
          ""
        ]
      }
    },
    {
      "id": 5,
      "type": "polyline",
      "shape": "polyline",
      "coord": [
        [
          554.4883117675781,
          397.43914794921875
        ],
        [
          554.4883117675781,
          441.43914794921875
        ]
      ],
      "rotate": 0,
      "semantic": {
        "element": "标尺",
        "links": []
      },
      "ext": {
        "文字识别结果": [
          ""
        ]
      }
    },
    {
      "id": 6,
      "type": "polyline",
      "shape": "polyline",
      "coord": [
        [
          570.4883117675781,
          325.43914794921875
        ],
        [
          570.4883117675781,
          365.43914794921875
        ]
      ],
      "rotate": 0,
      "semantic": {
        "element": "标尺",
        "links": []
      },
      "ext": {
        "文字识别结果": [
          "区域"
        ]
      }
    },
    {
      "id": 7,
      "type": "polyline",
      "shape": "polyline",
      "coord": [
        [
          660.4883117675781,
          639.4391479492188
        ],
        [
          660.4883117675781,
          797.4391479492188
        ]
      ],
      "rotate": 0,
      "semantic": {
        "element": "标尺",
        "links": []
      },
      "ext": {
        "文字识别结果": [
          ""
        ]
      }
    },
    {
      "id": 8,
      "type": "polyline",
      "shape": "polyline",
      "coord": [
        [
          580.4883117675781,
          639.4391479492188
        ],
        [
          580.4883117675781,
          679.4391479492188
        ]
      ],
      "rotate": 0,
      "semantic": {
        "element": "标尺",
        "links": []
      },
      "ext": {
        "文字识别结果": [
          ""
        ]
      }
    },
    {
      "id": 9,
      "type": "polyline",
      "shape": "polyline",
      "coord": [
        [
          554.4883117675781,
          441.43914794921875
        ],
        [
          554.4883117675781,
          471.43914794921875
        ]
      ],
      "rotate": 0,
      "semantic": {
        "element": "标尺",
        "links": []
      },
      "ext": {
        "文字识别结果": [
          ""
        ]
      }
    },
    {
      "id": 10,
      "type": "polyline",
      "shape": "polyline",
      "coord": [
        [
          554.4883117675781,
          551.4391479492188
        ],
        [
          554.4883117675781,
          603.4391479492188
        ]
      ],
      "rotate": 0,
      "semantic": {
        "element": "标尺",
        "links": []
      },
      "ext": {
        "文字识别结果": [
          ""
        ]
      }
    },
    {
      "id": 11,
      "type": "polyline",
      "shape": "polyline",
      "coord": [
        [
          554.4883117675781,
          507.43914794921875
        ],
        [
          554.4883117675781,
          551.4391479492188
        ]
      ],
      "rotate": 0,
      "semantic": {
        "element": "标尺",
        "links": []
      },
      "ext": {
        "文字识别结果": [
          ""
        ]
      }
    },
    {
      "id": 12,
      "type": "polyline",
      "shape": "polyline",
      "coord": [
        [
          554.4883117675781,
          471.43914794921875
        ],
        [
          554.4883117675781,
          507.43914794921875
        ]
      ],
      "rotate": 0,
      "semantic": {
        "element": "标尺",
        "links": []
      },
      "ext": {
        "文字识别结果": [
          ""
        ]
      }
    },
    {
      "id": 13,
      "type": "polyline",
      "shape": "polyline",
      "coord": [
        [
          410.4883117675781,
          95.43914794921875
        ],
        [
          1162.4883117675781,
          95.43914794921875
        ]
      ],
      "rotate": 0,
      "semantic": {
        "element": "标尺",
        "links": []
      },
      "ext": {
        "文字识别结果": [
          "14100"
        ]
      }
    },
    {
      "id": 14,
      "type": "polyline",
      "shape": "polyline",
      "coord": [
        [
          410.4883117675781,
          623.4391479492188
        ],
        [
          566.4883117675781,
          623.4391479492188
        ]
      ],
      "rotate": 0,
      "semantic": {
        "element": "标尺",
        "links": []
      },
      "ext": {
        "文字识别结果": [
          ""
        ]
      }
    },
    {
      "id": 15,
      "type": "polyline",
      "shape": "polyline",
      "coord": [
        [
          708.4883117675781,
          647.4391479492188
        ],
        [
          748.4883117675781,
          647.4391479492188
        ]
      ],
      "rotate": 0,
      "semantic": {
        "element": "标尺",
        "links": []
      },
      "ext": {
        "文字识别结果": [
          ""
        ]
      }
    },
    {
      "id": 16,
      "type": "box",
      "shape": "rect",
      "coord": [
        [
          858.4883117675781,
          405.43914794921875
        ],
        [
          890.4883117675781,
          437.43914794921875
        ]
      ],
      "rotate": 0,
      "semantic": {
        "element": "柱子",
        "links": []
      },
      "ext": {}
    },
    {
      "id": 17,
      "type": "box",
      "shape": "rect",
      "coord": [
        [
          494.4883117675781,
          717.4391479492188
        ],
        [
          526.4883117675781,
          749.4391479492188
        ]
      ],
      "rotate": 0,
      "semantic": {
        "element": "柱子",
        "links": []
      },
      "ext": {}
    },
    {
      "id": 18,
      "type": "box",
      "shape": "rect",
      "coord": [
        [
          858.4883117675781,
          717.4391479492188
        ],
        [
          890.4883117675781,
          749.4391479492188
        ]
      ],
      "rotate": 0,
      "semantic": {
        "element": "柱子",
        "links": []
      },
      "ext": {}
    },
    {
      "id": 19,
      "type": "box",
      "shape": "rect",
      "coord": [
        [
          570.4883117675781,
          506.43914794921875
        ],
        [
          600.4883117675781,
          551.4391479492188
        ]
      ],
      "rotate": 0,
      "semantic": {
        "element": "普通设备",
        "links": []
      },
      "ext": {
        "文字识别结果": [
          ""
        ]
      }
    },
    {
      "id": 20,
      "type": "box",
      "shape": "rect",
      "coord": [
        [
          570.4883117675781,
          678.4391479492188
        ],
        [
          600.4883117675781,
          713.4391479492188
        ]
      ],
      "rotate": 0,
      "semantic": {
        "element": "普通设备",
        "links": []
      },
      "ext": {
        "文字识别结果": [
          ""
        ]
      }
    },
    {
      "id": 21,
      "type": "box",
      "shape": "rect",
      "coord": [
        [
          569.4883117675781,
          606.4391479492188
        ],
        [
          612.4883117675781,
          639.4391479492188
        ]
      ],
      "rotate": 0,
      "semantic": {
        "element": "普通设备",
        "links": []
      },
      "ext": {
        "文字识别结果": [
          "直租"
        ]
      }
    },
    {
      "id": 22,
      "type": "box",
      "shape": "rect",
      "coord": [
        [
          600.4883117675781,
          441.43914794921875
        ],
        [
          632.4883117675781,
          471.43914794921875
        ]
      ],
      "rotate": 0,
      "semantic": {
        "element": "普通设备",
        "links": []
      },
      "ext": {
        "文字识别结果": [
          ""
        ]
      }
    },
    {
      "id": 23,
      "type": "box",
      "shape": "rect",
      "coord": [
        [
          600.4883117675781,
          519.4391479492188
        ],
        [
          632.4883117675781,
          535.4391479492188
        ]
      ],
      "rotate": 0,
      "semantic": {
        "element": "普通设备",
        "links": []
      },
      "ext": {
        "文字识别结果": [
          ""
        ]
      }
    },
    {
      "id": 24,
      "type": "box",
      "shape": "rect",
      "coord": [
        [
          600.4883117675781,
          535.4391479492188
        ],
        [
          632.4883117675781,
          551.4391479492188
        ]
      ],
      "rotate": 0,
      "semantic": {
        "element": "普通设备",
        "links": []
      },
      "ext": {
        "文字识别结果": [
          "T"
        ]
      }
    },
    {
      "id": 25,
      "type": "box",
      "shape": "rect",
      "coord": [
        [
          600.4883117675781,
          679.4391479492188
        ],
        [
          632.4883117675781,
          713.4391479492188
        ]
      ],
      "rotate": 0,
      "semantic": {
        "element": "普通设备",
        "links": []
      },
      "ext": {
        "文字识别结果": [
          ""
        ]
      }
    },
    {
      "id": 26,
      "type": "box",
      "shape": "rect",
      "coord": [
        [
          612.4883117675781,
          595.4391479492188
        ],
        [
          644.4883117675781,
          635.4391479492188
        ]
      ],
      "rotate": 0,
      "semantic": {
        "element": "普通设备",
        "links": []
      },
      "ext": {
        "文字识别结果": [
          ""
        ]
      }
    },
    {
      "id": 27,
      "type": "box",
      "shape": "rect",
      "coord": [
        [
          632.4883117675781,
          679.4391479492188
        ],
        [
          660.4883117675781,
          713.4391479492188
        ]
      ],
      "rotate": 0,
      "semantic": {
        "element": "普通设备",
        "links": []
      },
      "ext": {
        "文字识别结果": [
          ""
        ]
      }
    },
    {
      "id": 28,
      "type": "box",
      "shape": "rect",
      "coord": [
        [
          632.4883117675781,
          441.43914794921875
        ],
        [
          664.4883117675781,
          471.43914794921875
        ]
      ],
      "rotate": 0,
      "semantic": {
        "element": "普通设备",
        "links": []
      },
      "ext": {
        "文字识别结果": [
          ""
        ]
      }
    },
    {
      "id": 29,
      "type": "box",
      "shape": "rect",
      "coord": [
        [
          632.4883117675781,
          519.4391479492188
        ],
        [
          664.4883117675781,
          535.4391479492188
        ]
      ],
      "rotate": 0,
      "semantic": {
        "element": "普通设备",
        "links": []
      },
      "ext": {
        "文字识别结果": [
          ""
        ]
      }
    },
    {
      "id": 30,
      "type": "box",
      "shape": "rect",
      "coord": [
        [
          632.4883117675781,
          535.4391479492188
        ],
        [
          664.4883117675781,
          551.4391479492188
        ]
      ],
      "rotate": 0,
      "semantic": {
        "element": "普通设备",
        "links": []
      },
      "ext": {
        "文字识别结果": [
          ""
        ]
      }
    },
    {
      "id": 31,
      "type": "box",
      "shape": "rect",
      "coord": [
        [
          644.4883117675781,
          595.4391479492188
        ],
        [
          676.4883117675781,
          639.4391479492188
        ]
      ],
      "rotate": 0,
      "semantic": {
        "element": "普通设备",
        "links": []
      },
      "ext": {
        "文字识别结果": [
          ""
        ]
      }
    },
    {
      "id": 32,
      "type": "box",
      "shape": "rect",
      "coord": [
        [
          664.4883117675781,
          441.43914794921875
        ],
        [
          696.4883117675781,
          471.43914794921875
        ]
      ],
      "rotate": 0,
      "semantic": {
        "element": "普通设备",
        "links": []
      },
      "ext": {
        "文字识别结果": [
          ""
        ]
      }
    },
    {
      "id": 33,
      "type": "box",
      "shape": "rect",
      "coord": [
        [
          664.4883117675781,
          519.4391479492188
        ],
        [
          696.4883117675781,
          535.4391479492188
        ]
      ],
      "rotate": 0,
      "semantic": {
        "element": "普通设备",
        "links": []
      },
      "ext": {
        "文字识别结果": [
          ""
        ]
      }
    },
    {
      "id": 34,
      "type": "box",
      "shape": "rect",
      "coord": [
        [
          664.4883117675781,
          535.4391479492188
        ],
        [
          696.4883117675781,
          551.4391479492188
        ]
      ],
      "rotate": 0,
      "semantic": {
        "element": "普通设备",
        "links": []
      },
      "ext": {
        "文字识别结果": [
          ""
        ]
      }
    },
    {
      "id": 35,
      "type": "box",
      "shape": "rect",
      "coord": [
        [
          664.4883117675781,
          679.4391479492188
        ],
        [
          696.4883117675781,
          713.4391479492188
        ]
      ],
      "rotate": 0,
      "semantic": {
        "element": "普通设备",
        "links": []
      },
      "ext": {
        "文字识别结果": [
          ""
        ]
      }
    },
    {
      "id": 36,
      "type": "box",
      "shape": "rect",
      "coord": [
        [
          676.4883117675781,
          595.4391479492188
        ],
        [
          708.4883117675781,
          639.4391479492188
        ]
      ],
      "rotate": 0,
      "semantic": {
        "element": "普通设备",
        "links": []
      },
      "ext": {
        "文字识别结果": [
          ""
        ]
      }
    },
    {
      "id": 37,
      "type": "box",
      "shape": "rect",
      "coord": [
        [
          695.4883117675781,
          441.43914794921875
        ],
        [
          728.4883117675781,
          471.43914794921875
        ]
      ],
      "rotate": 0,
      "semantic": {
        "element": "普通设备",
        "links": []
      },
      "ext": {
        "文字识别结果": [
          ""
        ]
      }
    },
    {
      "id": 38,
      "type": "box",
      "shape": "rect",
      "coord": [
        [
          696.4883117675781,
          535.4391479492188
        ],
        [
          728.4883117675781,
          551.4391479492188
        ]
      ],
      "rotate": 0,
      "semantic": {
        "element": "普通设备",
        "links": []
      },
      "ext": {
        "文字识别结果": [
          ""
        ]
      }
    },
    {
      "id": 39,
      "type": "box",
      "shape": "rect",
      "coord": [
        [
          696.4883117675781,
          679.4391479492188
        ],
        [
          728.4883117675781,
          713.4391479492188
        ]
      ],
      "rotate": 0,
      "semantic": {
        "element": "普通设备",
        "links": []
      },
      "ext": {
        "文字识别结果": [
          ""
        ]
      }
    },
    {
      "id": 40,
      "type": "box",
      "shape": "rect",
      "coord": [
        [
          727.4883117675781,
          441.43914794921875
        ],
        [
          760.4883117675781,
          471.43914794921875
        ]
      ],
      "rotate": 0,
      "semantic": {
        "element": "普通设备",
        "links": []
      },
      "ext": {
        "文字识别结果": [
          ""
        ]
      }
    },
    {
      "id": 41,
      "type": "box",
      "shape": "rect",
      "coord": [
        [
          728.4883117675781,
          679.4391479492188
        ],
        [
          760.4883117675781,
          713.4391479492188
        ]
      ],
      "rotate": 0,
      "semantic": {
        "element": "普通设备",
        "links": []
      },
      "ext": {
        "文字识别结果": [
          ""
        ]
      }
    },
    {
      "id": 42,
      "type": "box",
      "shape": "rect",
      "coord": [
        [
          760.4883117675781,
          441.43914794921875
        ],
        [
          794.4883117675781,
          471.43914794921875
        ]
      ],
      "rotate": 0,
      "semantic": {
        "element": "普通设备",
        "links": []
      },
      "ext": {
        "文字识别结果": [
          ""
        ]
      }
    },
    {
      "id": 43,
      "type": "box",
      "shape": "rect",
      "coord": [
        [
          751.4883117675781,
          622.4391479492188
        ],
        [
          794.4883117675781,
          639.4391479492188
        ]
      ],
      "rotate": 0,
      "semantic": {
        "element": "普通设备",
        "links": []
      },
      "ext": {
        "文字识别结果": [
          ""
        ]
      }
    },
    {
      "id": 44,
      "type": "box",
      "shape": "rect",
      "coord": [
        [
          793.4883117675781,
          441.43914794921875
        ],
        [
          826.4883117675781,
          471.43914794921875
        ]
      ],
      "rotate": 0,
      "semantic": {
        "element": "普通设备",
        "links": []
      },
      "ext": {
        "文字识别结果": [
          ""
        ]
      }
    },
    {
      "id": 45,
      "type": "box",
      "shape": "rect",
      "coord": [
        [
          793.4883117675781,
          623.4391479492188
        ],
        [
          842.4883117675781,
          639.4391479492188
        ]
      ],
      "rotate": 0,
      "semantic": {
        "element": "普通设备",
        "links": []
      },
      "ext": {
        "文字识别结果": [
          ""
        ]
      }
    },
    {
      "id": 46,
      "type": "box",
      "shape": "rect",
      "coord": [
        [
          825.4883117675781,
          441.43914794921875
        ],
        [
          858.4883117675781,
          471.43914794921875
        ]
      ],
      "rotate": 0,
      "semantic": {
        "element": "普通设备",
        "links": []
      },
      "ext": {
        "文字识别结果": [
          ""
        ]
      }
    },
    {
      "id": 47,
      "type": "box",
      "shape": "rect",
      "coord": [
        [
          838.4883117675781,
          623.4391479492188
        ],
        [
          886.4883117675781,
          639.4391479492188
        ]
      ],
      "rotate": 0,
      "semantic": {
        "element": "普通设备",
        "links": []
      },
      "ext": {
        "文字识别结果": [
          ""
        ]
      }
    },
    {
      "id": 48,
      "type": "box",
      "shape": "rect",
      "coord": [
        [
          890.4883117675781,
          437.43914794921875
        ],
        [
          922.4883117675781,
          471.43914794921875
        ]
      ],
      "rotate": 0,
      "semantic": {
        "element": "普通设备",
        "links": []
      },
      "ext": {
        "文字识别结果": [
          ""
        ]
      }
    },
    {
      "id": 49,
      "type": "box",
      "shape": "rect",
      "coord": [
        [
          885.4883117675781,
          623.4391479492188
        ],
        [
          930.4883117675781,
          639.4391479492188
        ]
      ],
      "rotate": 0,
      "semantic": {
        "element": "普通设备",
        "links": []
      },
      "ext": {
        "文字识别结果": [
          ""
        ]
      }
    },
    {
      "id": 50,
      "type": "box",
      "shape": "rect",
      "coord": [
        [
          922.4883117675781,
          441.43914794921875
        ],
        [
          952.4883117675781,
          471.43914794921875
        ]
      ],
      "rotate": 0,
      "semantic": {
        "element": "普通设备",
        "links": []
      },
      "ext": {
        "文字识别结果": [
          ""
        ]
      }
    },
    {
      "id": 51,
      "type": "box",
      "shape": "rect",
      "coord": [
        [
          929.4883117675781,
          623.4391479492188
        ],
        [
          974.4883117675781,
          639.4391479492188
        ]
      ],
      "rotate": 0,
      "semantic": {
        "element": "普通设备",
        "links": []
      },
      "ext": {
        "文字识别结果": [
          ""
        ]
      }
    },
    {
      "id": 52,
      "type": "box",
      "shape": "rect",
      "coord": [
        [
          954.4883117675781,
          441.43914794921875
        ],
        [
          984.4883117675781,
          471.43914794921875
        ]
      ],
      "rotate": 0,
      "semantic": {
        "element": "普通设备",
        "links": []
      },
      "ext": {
        "文字识别结果": [
          ""
        ]
      }
    },
    {
      "id": 53,
      "type": "box",
      "shape": "rect",
      "coord": [
        [
          466.4883117675781,
          797.4391479492188
        ],
        [
          1064.4883117675781,
          809.4391479492188
        ]
      ],
      "rotate": 0,
      "semantic": {
        "element": "普通设备",
        "links": []
      },
      "ext": {
        "文字识别结果": [
          ""
        ]
      }
    },
    {
      "id": 54,
      "type": "box",
      "shape": "rect",
      "coord": [
        [
          1060.4883117675781,
          171.43914794921875
        ],
        [
          1128.4883117675781,
          257.43914794921875
        ]
      ],
      "rotate": 0,
      "semantic": {
        "element": "普通设备",
        "links": []
      },
      "ext": {
        "文字识别结果": [
          "空调"
        ]
      }
    },
    {
      "id": 55,
      "type": "box",
      "shape": "rect",
      "coord": [
        [
          1060.4883117675781,
          341.43914794921875
        ],
        [
          1128.4883117675781,
          429.43914794921875
        ]
      ],
      "rotate": 0,
      "semantic": {
        "element": "普通设备",
        "links": []
      },
      "ext": {
        "文字识别结果": [
          "空调"
        ]
      }
    },
    {
      "id": 56,
      "type": "box",
      "shape": "rect",
      "coord": [
        [
          1060.4883117675781,
          507.43914794921875
        ],
        [
          1128.4883117675781,
          595.4391479492188
        ]
      ],
      "rotate": 0,
      "semantic": {
        "element": "普通设备",
        "links": []
      },
      "ext": {
        "文字识别结果": [
          "空调"
        ]
      }
    },
    {
      "id": 57,
      "type": "box",
      "shape": "rect",
      "coord": [
        [
          494.4883117675781,
          701.4391479492188
        ],
        [
          526.4883117675781,
          717.4391479492188
        ]
      ],
      "rotate": 0,
      "semantic": {
        "element": "馈线洞",
        "links": []
      },
      "ext": {}
    },
    {
      "id": 58,
      "type": "polyline",
      "shape": "polyline",
      "coord": [
        [
          372.4883117675781,
          118.0
        ],
        [
          372.4883117675781,
          796.0
        ]
      ],
      "rotate": 0,
      "semantic": {
        "element": "标尺",
        "links": []
      },
      "ext": {
        "文字识别结果": [
          ""
        ]
      }
    },
    {
      "id": 59,
      "type": "polyline",
      "shape": "polyline",
      "coord": [
        [
          570.4883117675781,
          178.0
        ],
        [
          570.4883117675781,
          220.0
        ]
      ],
      "rotate": 0,
      "semantic": {
        "element": "标尺",
        "links": []
      },
      "ext": {
        "文字识别结果": [
          ""
        ]
      }
    },
    {
      "id": 60,
      "type": "polyline",
      "shape": "polyline",
      "coord": [
        [
          554.4883117675781,
          396.0
        ],
        [
          554.4883117675781,
          438.0
        ]
      ],
      "rotate": 0,
      "semantic": {
        "element": "标尺",
        "links": []
      },
      "ext": {
        "文字识别结果": [
          ""
        ]
      }
    },
    {
      "id": 61,
      "type": "polyline",
      "shape": "polyline",
      "coord": [
        [
          570.4883117675781,
          324.0
        ],
        [
          570.4883117675781,
          364.0
        ]
      ],
      "rotate": 0,
      "semantic": {
        "element": "标尺",
        "links": []
      },
      "ext": {
        "文字识别结果": [
          "区域"
        ]
      }
    },
    {
      "id": 62,
      "type": "polyline",
      "shape": "polyline",
      "coord": [
        [
          570.4883117675781,
          252.0
        ],
        [
          570.4883117675781,
          292.0
        ]
      ],
      "rotate": 0,
      "semantic": {
        "element": "标尺",
        "links": []
      },
      "ext": {
        "文字识别结果": [
          ""
        ]
      }
    },
    {
      "id": 63,
      "type": "polyline",
      "shape": "polyline",
      "coord": [
        [
          658.4883117675781,
          636.0
        ],
        [
          658.4883117675781,
          796.0
        ]
      ],
      "rotate": 0,
      "semantic": {
        "element": "标尺",
        "links": []
      },
      "ext": {
        "文字识别结果": [
          ""
        ]
      }
    },
    {
      "id": 64,
      "type": "polyline",
      "shape": "polyline",
      "coord": [
        [
          582.4883117675781,
          636.0
        ],
        [
          582.4883117675781,
          680.0
        ]
      ],
      "rotate": 0,
      "semantic": {
        "element": "标尺",
        "links": []
      },
      "ext": {
        "文字识别结果": [
          ""
        ]
      }
    },
    {
      "id": 65,
      "type": "polyline",
      "shape": "polyline",
      "coord": [
        [
          554.4883117675781,
          438.0
        ],
        [
          554.4883117675781,
          470.0
        ]
      ],
      "rotate": 0,
      "semantic": {
        "element": "标尺",
        "links": []
      },
      "ext": {
        "文字识别结果": [
          ""
        ]
      }
    },
    {
      "id": 66,
      "type": "polyline",
      "shape": "polyline",
      "coord": [
        [
          554.4883117675781,
          470.0
        ],
        [
          554.4883117675781,
          510.0
        ]
      ],
      "rotate": 0,
      "semantic": {
        "element": "标尺",
        "links": []
      },
      "ext": {
        "文字识别结果": [
          ""
        ]
      }
    },
    {
      "id": 67,
      "type": "polyline",
      "shape": "polyline",
      "coord": [
        [
          554.4883117675781,
          550.0
        ],
        [
          554.4883117675781,
          606.0
        ]
      ],
      "rotate": 0,
      "semantic": {
        "element": "标尺",
        "links": []
      },
      "ext": {
        "文字识别结果": [
          ""
        ]
      }
    },
    {
      "id": 68,
      "type": "polyline",
      "shape": "polyline",
      "coord": [
        [
          554.4883117675781,
          510.0
        ],
        [
          554.4883117675781,
          550.0
        ]
      ],
      "rotate": 0,
      "semantic": {
        "element": "标尺",
        "links": []
      },
      "ext": {
        "文字识别结果": [
          ""
        ]
      }
    },
    {
      "id": 69,
      "type": "polyline",
      "shape": "polyline",
      "coord": [
        [
          408.4883117675781,
          94.0
        ],
        [
          1164.4883117675781,
          94.0
        ]
      ],
      "rotate": 0,
      "semantic": {
        "element": "标尺",
        "links": []
      },
      "ext": {
        "文字识别结果": [
          ""
        ]
      }
    },
    {
      "id": 70,
      "type": "polyline",
      "shape": "polyline",
      "coord": [
        [
          408.4883117675781,
          622.0
        ],
        [
          570.4883117675781,
          622.0
        ]
      ],
      "rotate": 0,
      "semantic": {
        "element": "标尺",
        "links": []
      },
      "ext": {
        "文字识别结果": [
          ""
        ]
      }
    },
    {
      "id": 71,
      "type": "polyline",
      "shape": "polyline",
      "coord": [
        [
          706.4883117675781,
          646.0
        ],
        [
          748.4883117675781,
          646.0
        ]
      ],
      "rotate": 0,
      "semantic": {
        "element": "标尺",
        "links": []
      },
      "ext": {
        "文字识别结果": [
          ""
        ]
      }
    },
    {
      "id": 72,
      "type": "box",
      "shape": "rect",
      "coord": [
        [
          856.4883117675781,
          408
        ],
        [
          888.4883117675781,
          438
        ]
      ],
      "rotate": 0,
      "semantic": {
        "element": "柱子",
        "links": []
      },
      "ext": {}
    },
    {
      "id": 73,
      "type": "box",
      "shape": "rect",
      "coord": [
        [
          494.4883117675781,
          716
        ],
        [
          526.4883117675781,
          748
        ]
      ],
      "rotate": 0,
      "semantic": {
        "element": "柱子",
        "links": []
      },
      "ext": {}
    },
    {
      "id": 74,
      "type": "box",
      "shape": "rect",
      "coord": [
        [
          856.4883117675781,
          716
        ],
        [
          888.4883117675781,
          748
        ]
      ],
      "rotate": 0,
      "semantic": {
        "element": "柱子",
        "links": []
      },
      "ext": {}
    },
    {
      "id": 75,
      "type": "box",
      "shape": "rect",
      "coord": [
        [
          570.4883117675781,
          440
        ],
        [
          602.4883117675781,
          470
        ]
      ],
      "rotate": 0,
      "semantic": {
        "element": "普通设备",
        "links": []
      },
      "ext": {
        "文字识别结果": [
          ""
        ]
      }
    },
    {
      "id": 76,
      "type": "box",
      "shape": "rect",
      "coord": [
        [
          569.4883117675781,
          510
        ],
        [
          602.4883117675781,
          550
        ]
      ],
      "rotate": 0,
      "semantic": {
        "element": "普通设备",
        "links": []
      },
      "ext": {
        "文字识别结果": [
          ""
        ]
      }
    },
    {
      "id": 77,
      "type": "box",
      "shape": "rect",
      "coord": [
        [
          570.4883117675781,
          680
        ],
        [
          602.4883117675781,
          712
        ]
      ],
      "rotate": 0,
      "semantic": {
        "element": "普通设备",
        "links": []
      },
      "ext": {
        "文字识别结果": [
          ""
        ]
      }
    },
    {
      "id": 78,
      "type": "box",
      "shape": "rect",
      "coord": [
        [
          570.4883117675781,
          606
        ],
        [
          610.4883117675781,
          636
        ]
      ],
      "rotate": 0,
      "semantic": {
        "element": "普通设备",
        "links": []
      },
      "ext": {
        "文字识别结果": [
          "直列头柜"
        ]
      }
    },
    {
      "id": 79,
      "type": "box",
      "shape": "rect",
      "coord": [
        [
          602.4883117675781,
          440
        ],
        [
          634.4883117675781,
          470
        ]
      ],
      "rotate": 0,
      "semantic": {
        "element": "普通设备",
        "links": []
      },
      "ext": {
        "文字识别结果": [
          ""
        ]
      }
    },
    {
      "id": 80,
      "type": "box",
      "shape": "rect",
      "coord": [
        [
          602.4883117675781,
          514
        ],
        [
          634.4883117675781,
          534
        ]
      ],
      "rotate": 0,
      "semantic": {
        "element": "普通设备",
        "links": []
      },
      "ext": {
        "文字识别结果": [
          ""
        ]
      }
    },
    {
      "id": 81,
      "type": "box",
      "shape": "rect",
      "coord": [
        [
          602.4883117675781,
          534
        ],
        [
          634.4883117675781,
          550
        ]
      ],
      "rotate": 0,
      "semantic": {
        "element": "普通设备",
        "links": []
      },
      "ext": {
        "文字识别结果": [
          ""
        ]
      }
    },
    {
      "id": 82,
      "type": "box",
      "shape": "rect",
      "coord": [
        [
          602.4883117675781,
          680
        ],
        [
          634.4883117675781,
          712
        ]
      ],
      "rotate": 0,
      "semantic": {
        "element": "普通设备",
        "links": []
      },
      "ext": {
        "文字识别结果": [
          ""
        ]
      }
    },
    {
      "id": 83,
      "type": "box",
      "shape": "rect",
      "coord": [
        [
          610.4883117675781,
          594
        ],
        [
          642.4883117675781,
          636
        ]
      ],
      "rotate": 0,
      "semantic": {
        "element": "普通设备",
        "links": []
      },
      "ext": {
        "文字识别结果": [
          ""
        ]
      }
    },
    {
      "id": 84,
      "type": "box",
      "shape": "rect",
      "coord": [
        [
          634.4883117675781,
          680
        ],
        [
          657.4883117675781,
          712
        ]
      ],
      "rotate": 0,
      "semantic": {
        "element": "普通设备",
        "links": []
      },
      "ext": {
        "文字识别结果": [
          ""
        ]
      }
    },
    {
      "id": 85,
      "type": "box",
      "shape": "rect",
      "coord": [
        [
          634.4883117675781,
          440
        ],
        [
          666.4883117675781,
          470
        ]
      ],
      "rotate": 0,
      "semantic": {
        "element": "普通设备",
        "links": []
      },
      "ext": {
        "文字识别结果": [
          ""
        ]
      }
    },
    {
      "id": 86,
      "type": "box",
      "shape": "rect",
      "coord": [
        [
          634.4883117675781,
          518
        ],
        [
          666.4883117675781,
          534
        ]
      ],
      "rotate": 0,
      "semantic": {
        "element": "普通设备",
        "links": []
      },
      "ext": {
        "文字识别结果": [
          ""
        ]
      }
    },
    {
      "id": 87,
      "type": "box",
      "shape": "rect",
      "coord": [
        [
          634.4883117675781,
          534
        ],
        [
          666.4883117675781,
          550
        ]
      ],
      "rotate": 0,
      "semantic": {
        "element": "普通设备",
        "links": []
      },
      "ext": {
        "文字识别结果": [
          ""
        ]
      }
    },
    {
      "id": 88,
      "type": "box",
      "shape": "rect",
      "coord": [
        [
          642.4883117675781,
          594
        ],
        [
          674.4883117675781,
          636
        ]
      ],
      "rotate": 0,
      "semantic": {
        "element": "普通设备",
        "links": []
      },
      "ext": {
        "文字识别结果": [
          ""
        ]
      }
    },
    {
      "id": 89,
      "type": "box",
      "shape": "rect",
      "coord": [
        [
          666.4883117675781,
          440
        ],
        [
          696.4883117675781,
          470
        ]
      ],
      "rotate": 0,
      "semantic": {
        "element": "普通设备",
        "links": []
      },
      "ext": {
        "文字识别结果": [
          ""
        ]
      }
    },
    {
      "id": 90,
      "type": "box",
      "shape": "rect",
      "coord": [
        [
          666.4883117675781,
          518
        ],
        [
          696.4883117675781,
          534
        ]
      ],
      "rotate": 0,
      "semantic": {
        "element": "普通设备",
        "links": []
      },
      "ext": {
        "文字识别结果": [
          ""
        ]
      }
    },
    {
      "id": 91,
      "type": "box",
      "shape": "rect",
      "coord": [
        [
          666.4883117675781,
          534
        ],
        [
          696.4883117675781,
          550
        ]
      ],
      "rotate": 0,
      "semantic": {
        "element": "普通设备",
        "links": []
      },
      "ext": {
        "文字识别结果": [
          ""
        ]
      }
    },
    {
      "id": 92,
      "type": "box",
      "shape": "rect",
      "coord": [
        [
          666.4883117675781,
          680
        ],
        [
          696.4883117675781,
          712
        ]
      ],
      "rotate": 0,
      "semantic": {
        "element": "普通设备",
        "links": []
      },
      "ext": {
        "文字识别结果": [
          ""
        ]
      }
    },
    {
      "id": 93,
      "type": "box",
      "shape": "rect",
      "coord": [
        [
          674.4883117675781,
          594
        ],
        [
          706.4883117675781,
          636
        ]
      ],
      "rotate": 0,
      "semantic": {
        "element": "普通设备",
        "links": []
      },
      "ext": {
        "文字识别结果": [
          ""
        ]
      }
    },
    {
      "id": 94,
      "type": "box",
      "shape": "rect",
      "coord": [
        [
          698.4883117675781,
          440
        ],
        [
          728.4883117675781,
          470
        ]
      ],
      "rotate": 0,
      "semantic": {
        "element": "普通设备",
        "links": []
      },
      "ext": {
        "文字识别结果": [
          ""
        ]
      }
    },
    {
      "id": 95,
      "type": "box",
      "shape": "rect",
      "coord": [
        [
          698.4883117675781,
          534
        ],
        [
          728.4883117675781,
          550
        ]
      ],
      "rotate": 0,
      "semantic": {
        "element": "普通设备",
        "links": []
      },
      "ext": {
        "文字识别结果": [
          ""
        ]
      }
    },
    {
      "id": 96,
      "type": "box",
      "shape": "rect",
      "coord": [
        [
          698.4883117675781,
          680
        ],
        [
          728.4883117675781,
          712
        ]
      ],
      "rotate": 0,
      "semantic": {
        "element": "普通设备",
        "links": []
      },
      "ext": {
        "文字识别结果": [
          ""
        ]
      }
    },
    {
      "id": 97,
      "type": "box",
      "shape": "rect",
      "coord": [
        [
          728.4883117675781,
          440
        ],
        [
          760.4883117675781,
          470
        ]
      ],
      "rotate": 0,
      "semantic": {
        "element": "普通设备",
        "links": []
      },
      "ext": {
        "文字识别结果": [
          ""
        ]
      }
    },
    {
      "id": 98,
      "type": "box",
      "shape": "rect",
      "coord": [
        [
          728.4883117675781,
          680
        ],
        [
          760.4883117675781,
          712
        ]
      ],
      "rotate": 0,
      "semantic": {
        "element": "普通设备",
        "links": []
      },
      "ext": {
        "文字识别结果": [
          ""
        ]
      }
    },
    {
      "id": 99,
      "type": "box",
      "shape": "rect",
      "coord": [
        [
          760.4883117675781,
          440
        ],
        [
          792.4883117675781,
          470
        ]
      ],
      "rotate": 0,
      "semantic": {
        "element": "普通设备",
        "links": []
      },
      "ext": {
        "文字识别结果": [
          ""
        ]
      }
    },
    {
      "id": 100,
      "type": "box",
      "shape": "rect",
      "coord": [
        [
          748.4883117675781,
          622
        ],
        [
          796.4883117675781,
          636
        ]
      ],
      "rotate": 0,
      "semantic": {
        "element": "普通设备",
        "links": []
      },
      "ext": {
        "文字识别结果": [
          ""
        ]
      }
    },
    {
      "id": 101,
      "type": "box",
      "shape": "rect",
      "coord": [
        [
          792.4883117675781,
          440
        ],
        [
          824.4883117675781,
          470
        ]
      ],
      "rotate": 0,
      "semantic": {
        "element": "普通设备",
        "links": []
      },
      "ext": {
        "文字识别结果": [
          ""
        ]
      }
    },
    {
      "id": 102,
      "type": "box",
      "shape": "rect",
      "coord": [
        [
          796.4883117675781,
          622
        ],
        [
          840.4883117675781,
          636
        ]
      ],
      "rotate": 0,
      "semantic": {
        "element": "普通设备",
        "links": []
      },
      "ext": {
        "文字识别结果": [
          ""
        ]
      }
    },
    {
      "id": 103,
      "type": "box",
      "shape": "rect",
      "coord": [
        [
          824.4883117675781,
          440
        ],
        [
          856.4883117675781,
          470
        ]
      ],
      "rotate": 0,
      "semantic": {
        "element": "普通设备",
        "links": []
      },
      "ext": {
        "文字识别结果": [
          ""
        ]
      }
    },
    {
      "id": 104,
      "type": "box",
      "shape": "rect",
      "coord": [
        [
          840.4883117675781,
          622
        ],
        [
          884.4883117675781,
          636
        ]
      ],
      "rotate": 0,
      "semantic": {
        "element": "普通设备",
        "links": []
      },
      "ext": {
        "文字识别结果": [
          ""
        ]
      }
    },
    {
      "id": 105,
      "type": "box",
      "shape": "rect",
      "coord": [
        [
          888.4883117675781,
          440
        ],
        [
          920.4883117675781,
          470
        ]
      ],
      "rotate": 0,
      "semantic": {
        "element": "普通设备",
        "links": []
      },
      "ext": {
        "文字识别结果": [
          ""
        ]
      }
    },
    {
      "id": 106,
      "type": "box",
      "shape": "rect",
      "coord": [
        [
          885.4883117675781,
          620
        ],
        [
          928.4883117675781,
          636
        ]
      ],
      "rotate": 0,
      "semantic": {
        "element": "普通设备",
        "links": []
      },
      "ext": {
        "文字识别结果": [
          ""
        ]
      }
    },
    {
      "id": 107,
      "type": "box",
      "shape": "rect",
      "coord": [
        [
          920.4883117675781,
          440
        ],
        [
          954.4883117675781,
          470
        ]
      ],
      "rotate": 0,
      "semantic": {
        "element": "普通设备",
        "links": []
      },
      "ext": {
        "文字识别结果": [
          ""
        ]
      }
    },
    {
      "id": 108,
      "type": "box",
      "shape": "rect",
      "coord": [
        [
          928.4883117675781,
          622
        ],
        [
          974.4883117675781,
          636
        ]
      ],
      "rotate": 0,
      "semantic": {
        "element": "普通设备",
        "links": []
      },
      "ext": {
        "文字识别结果": [
          ""
        ]
      }
    },
    {
      "id": 109,
      "type": "box",
      "shape": "rect",
      "coord": [
        [
          954.4883117675781,
          440
        ],
        [
          986.4883117675781,
          470
        ]
      ],
      "rotate": 0,
      "semantic": {
        "element": "普通设备",
        "links": []
      },
      "ext": {
        "文字识别结果": [
          ""
        ]
      }
    },
    {
      "id": 110,
      "type": "box",
      "shape": "rect",
      "coord": [
        [
          464.4883117675781,
          796
        ],
        [
          1066.4883117675781,
          808
        ]
      ],
      "rotate": 0,
      "semantic": {
        "element": "普通设备",
        "links": []
      },
      "ext": {
        "文字识别结果": [
          ""
        ]
      }
    },
    {
      "id": 111,
      "type": "box",
      "shape": "rect",
      "coord": [
        [
          1058.4883117675781,
          170
        ],
        [
          1128.4883117675781,
          256
        ]
      ],
      "rotate": 0,
      "semantic": {
        "element": "普通设备",
        "links": []
      },
      "ext": {
        "文字识别结果": [
          "空调"
        ]
      }
    },
    {
      "id": 112,
      "type": "box",
      "shape": "rect",
      "coord": [
        [
          1062.4883117675781,
          340
        ],
        [
          1128.4883117675781,
          428
        ]
      ],
      "rotate": 0,
      "semantic": {
        "element": "普通设备",
        "links": []
      },
      "ext": {
        "文字识别结果": [
          "空调"
        ]
      }
    },
    {
      "id": 113,
      "type": "box",
      "shape": "rect",
      "coord": [
        [
          1062.4883117675781,
          506
        ],
        [
          1128.4883117675781,
          594
        ]
      ],
      "rotate": 0,
      "semantic": {
        "element": "普通设备",
        "links": []
      },
      "ext": {
        "文字识别结果": [
          "空调"
        ]
      }
    },
    {
      "id": 114,
      "type": "box",
      "shape": "rect",
      "coord": [
        [
          494.4883117675781,
          700
        ],
        [
          526.4883117675781,
          716
        ]
      ],
      "rotate": 0,
      "semantic": {
        "element": "馈线洞",
        "links": []
      },
      "ext": {}
    },
    {
      "id": 116,
      "type": "other",
      "shape": "rect",
      "coord": [
        [
          735.3374938964844,
          585.0577392578125
        ],
        [
          749.9804077148438,
          596.2438354492188
        ]
      ],
      "rotate": 0,
      "semantic": {
        "element": "带指向性文字",
        "links": []
      },
      "ext": {
        "文字识别结果": [
          ""
        ]
      }
    },
    {
      "id": 117,
      "type": "other",
      "shape": "rect",
      "coord": [
        [
          735.2804565429688,
          585.43994140625
        ],
        [
          749.2081298828125,
          595.375
        ]
      ],
      "rotate": 0,
      "semantic": {
        "element": "带指向性文字",
        "links": []
      },
      "ext": {
        "文字识别结果": [
          ""
        ]
      }
    },
    {
      "id": 118,
      "type": "other",
      "shape": "rect",
      "coord": [
        [
          490.0899658203125,
          685.3688354492188
        ],
        [
          554.9308013916016,
          700.0955810546875
        ]
      ],
      "rotate": 0,
      "semantic": {
        "element": "无指向性文字",
        "links": []
      },
      "ext": {
        "文字识别结果": [
          ""
        ]
      }
    },
    {
      "id": 119,
      "type": "other",
      "shape": "rect",
      "coord": [
        [
          462.6796417236328,
          320.5296936035156
        ],
        [
          541.4080657958984,
          340.6827087402344
        ]
      ],
      "rotate": 0,
      "semantic": {
        "element": "无指向性文字",
        "links": []
      },
      "ext": {
        "文字识别结果": [
          "无线设备区域"
        ]
      }
    },
    {
      "id": 120,
      "type": "other",
      "shape": "rect",
      "coord": [
        [
          624.6054992675781,
          715.8659057617188
        ],
        [
          640.4150085449219,
          729.3617553710938
        ]
      ],
      "rotate": 0,
      "semantic": {
        "element": "无指向性文字",
        "links": []
      },
      "ext": {
        "文字识别结果": [
          ""
        ]
      }
    },
    {
      "id": 121,
      "type": "other",
      "shape": "rect",
      "coord": [
        [
          491.7803955078125,
          685.2425537109375
        ],
        [
          553.9695434570312,
          699.1666259765625
        ]
      ],
      "rotate": 0,
      "semantic": {
        "element": "无指向性文字",
        "links": []
      },
      "ext": {
        "文字识别结果": [
          ""
        ]
      }
    },
    {
      "id": 122,
      "type": "other",
      "shape": "rect",
      "coord": [
        [
          462.51361083984375,
          320.65679931640625
        ],
        [
          540.2989807128906,
          339.0677490234375
        ]
      ],
      "rotate": 0,
      "semantic": {
        "element": "无指向性文字",
        "links": []
      },
      "ext": {
        "文字识别结果": [
          "无线设备区域"
        ]
      }
    },
    {
      "id": 123,
      "type": "other",
      "shape": "rect",
      "coord": [
        [
          1208.9145812988281,
          354.7251281738281
        ],
        [
          1289.7364807128906,
          393.1472473144531
        ]
      ],
      "rotate": 0,
      "semantic": {
        "element": "无指向性文字",
        "links": []
      },
      "ext": {
        "文字识别结果": [
          "新增光纤槽道"
        ]
      }
    },
    {
      "id": 124,
      "type": "other",
      "shape": "rect",
      "coord": [
        [
          624.1935424804688,
          715.3345947265625
        ],
        [
          640.1624145507812,
          728.500732421875
        ]
      ],
      "rotate": 0,
      "semantic": {
        "element": "无指向性文字",
        "links": []
      },
      "ext": {
        "文字识别结果": [
          ""
        ]
      }
    },
    {
      "id": 125,
      "type": "other",
      "shape": "rect",
      "coord": [
        [
          620.3808898925781,
          639.8193359375
        ],
        [
          637.0512390136719,
          647.741943359375
        ]
      ],
      "rotate": 0,
      "semantic": {
        "element": "无指向性文字",
        "links": []
      },
      "ext": {
        "文字识别结果": [
          ""
        ]
      }
    },
    {
      "id": 126,
      "type": "other",
      "shape": "rect",
      "coord": [
        [
          1065.493896484375,
          793.96923828125
        ],
        [
          1118.58837890625,
          827.3533935546875
        ]
      ],
      "rotate": 0,
      "semantic": {
        "element": "门",
        "links": []
      },
      "ext": {}
    },
    {
      "id": 127,
      "type": "other",
      "shape": "rect",
      "coord": [
        [
          424.50274658203125,
          794.481201171875
        ],
        [
          466.0897216796875,
          823.8302001953125
        ]
      ],
      "rotate": 0,
      "semantic": {
        "element": "门",
        "links": []
      },
      "ext": {}
    },
    {
      "id": 128,
      "type": "other",
      "shape": "rect",
      "coord": [
        [
          1076.4443359375,
          1005.175048828125
        ],
        [
          1100.787109375,
          1027.651611328125
        ]
      ],
      "rotate": 0,
      "semantic": {
        "element": "图例小图",
        "links": []
      },
      "ext": {}
    },
    {
      "id": 129,
      "type": "other",
      "shape": "rect",
      "coord": [
        [
          1158.73876953125,
          1006.270751953125
        ],
        [
          1182.746826171875,
          1028.16748046875
        ]
      ],
      "rotate": 0,
      "semantic": {
        "element": "图例小图",
        "links": []
      },
      "ext": {}
    },
    {
      "id": 130,
      "type": "other",
      "shape": "rect",
      "coord": [
        [
          1235.4300537109375,
          1004.89208984375
        ],
        [
          1260.9957275390625,
          1027.4620361328125
        ]
      ],
      "rotate": 0,
      "semantic": {
        "element": "图例小图",
        "links": []
      },
      "ext": {}
    },
    {
      "id": 131,
      "type": "table",
      "shape": "rect",
      "coord": [
        [
          933.5806884765625,
          1033.389404296875
        ],
        [
          1660.3466796875,
          1164.7078857421875
        ]
      ],
      "rotate": 0,
      "semantic": {
        "element": "标题栏",
        "links": []
      },
      "ext": {
        "表格识别结果": [
          [
            "处主管",
            "审核人",
            "中讯邮电咨询设计院有限公司"
          ],
          [
            "总负责人",
            "单",
            ""
          ],
          [
            "单赖责人",
            "比",
            ""
          ],
          [
            "设计人",
            "期",
            "图号"
          ]
        ]
      }
    }
  ]
}