{
  "info": {
    "像素面积": {
      "全部面积": 1834380.0,
      "设备面积": 275387.0,
      "剩余面积": 1558993.0
    },
    "图纸信息": {
      "类型": "机房",
      "名称": "100.png"
    }
  },
  "obj": [
    {
      "id": 1,
      "type": "outline",
      "shape": "polyline",
      "coord": [
        [
          513.3666076660156,
          645.685302734375
        ],
        [
          1675.3666076660156,
          643.685302734375
        ],
        [
          513.3666076660156,
          1417.685302734375
        ],
        [
          1675.3666076660156,
          1417.685302734375
        ],
        [
          553.3666076660156,
          1377.685302734375
        ],
        [
          1635.3666076660156,
          1377.685302734375
        ],
        [
          553.3666076660156,
          683.685302734375
        ],
        [
          1635.3666076660156,
          683.685302734375
        ],
        [
          1635.3666076660156,
          1147.685302734375
        ],
        [
          1675.3666076660156,
          1147.685302734375
        ],
        [
          1635.3666076660156,
          1340.685302734375
        ],
        [
          1675.3666076660156,
          1341.685302734375
        ],
        [
          515.3666076660156,
          643.685302734375
        ],
        [
          1671.3666076660156,
          643.685302734375
        ],
        [
          513.3666076660156,
          645.685302734375
        ],
        [
          513.3666076660156,
          1417.685302734375
        ],
        [
          1675.3666076660156,
          644.685302734375
        ],
        [
          1675.3666076660156,
          1147.685302734375
        ],
        [
          1635.3666076660156,
          1341.685302734375
        ],
        [
          1635.3666076660156,
          1377.685302734375
        ],
        [
          553.3666076660156,
          683.685302734375
        ],
        [
          553.3666076660156,
          1377.685302734375
        ],
        [
          1675.3666076660156,
          1340.685302734375
        ],
        [
          1675.3666076660156,
          1417.685302734375
        ]
      ],
      "rotate": 0,
      "semantic": {
        "element": "墙轮廓",
        "path": [
          "0, 1",
          "2, 3",
          "4, 5",
          "6, 7, 8, 9",
          "10, 11",
          "12, 13",
          "14, 15",
          "16, 17",
          "18, 19",
          "20, 21",
          "22, 23"
        ],
        "links": []
      },
      "ext": {}
    },
    {
      "id": 2,
      "type": "outline",
      "shape": "polyline",
      "coord": [
        [
          515.3666076660156,
          645.685302734375
        ],
        [
          1671.3666076660156,
          645.685302734375
        ],
        [
          1673.3666076660156,
          645.685302734375
        ],
        [
          1671.3666076660156,
          1145.685302734375
        ],
        [
          515.3666076660156,
          1417.685302734375
        ],
        [
          1673.3666076660156,
          1417.685302734375
        ],
        [
          555.3666076660156,
          1375.685302734375
        ],
        [
          1633.3666076660156,
          1379.685302734375
        ],
        [
          554.3666076660156,
          685.685302734375
        ],
        [
          1633.3666076660156,
          685.685302734375
        ],
        [
          1633.3666076660156,
          1149.685302734375
        ],
        [
          1637.3666076660156,
          1339.685302734375
        ],
        [
          1673.3666076660156,
          1339.685302734375
        ],
        [
          1675.3666076660156,
          1339.685302734375
        ],
        [
          1673.3666076660156,
          1415.685302734375
        ],
        [
          1675.3666076660156,
          1417.685302734375
        ],
        [
          1633.3666076660156,
          1145.685302734375
        ],
        [
          1673.3666076660156,
          1149.685302734375
        ],
        [
          515.3666076660156,
          1419.685302734375
        ],
        [
          1673.3666076660156,
          1417.685302734375
        ],
        [
          515.3666076660156,
          645.685302734375
        ],
        [
          515.3666076660156,
          1417.685302734375
        ],
        [
          1633.3666076660156,
          1339.685302734375
        ],
        [
          1637.3666076660156,
          1375.685302734375
        ],
        [
          555.3666076660156,
          685.685302734375
        ],
        [
          554.3666076660156,
          1379.685302734375
        ]
      ],
      "rotate": 0,
      "semantic": {
        "element": "墙轮廓",
        "path": [
          "0, 1, 2, 3",
          "4, 5",
          "6, 7",
          "8, 9, 10",
          "11, 12, 13, 14, 15",
          "16, 17",
          "18, 19",
          "20, 21",
          "22, 23",
          "24, 25"
        ],
        "links": []
      },
      "ext": {}
    },
    {
      "id": 2,
      "type": "polyline",
      "shape": "polyline",
      "coord": [
        [
          367.3666076660156,
          683.685302734375
        ],
        [
          367.3666076660156,
          1377.685302734375
        ]
      ],
      "rotate": 0,
      "semantic": {
        "element": "标尺",
        "links": []
      },
      "ext": {
        "文字识别结果": [
          "3600"
        ]
      }
    },
    {
      "id": 3,
      "type": "polyline",
      "shape": "polyline",
      "coord": [
        [
          459.3666076660156,
          683.685302734375
        ],
        [
          459.3666076660156,
          953.685302734375
        ]
      ],
      "rotate": 0,
      "semantic": {
        "element": "标尺",
        "links": []
      },
      "ext": {
        "文字识别结果": [
          "1400"
        ]
      }
    },
    {
      "id": 4,
      "type": "polyline",
      "shape": "polyline",
      "coord": [
        [
          463.3666076660156,
          1147.685302734375
        ],
        [
          463.3666076660156,
          1377.685302734375
        ]
      ],
      "rotate": 0,
      "semantic": {
        "element": "标尺",
        "links": []
      },
      "ext": {
        "文字识别结果": [
          "1200"
        ]
      }
    },
    {
      "id": 5,
      "type": "polyline",
      "shape": "polyline",
      "coord": [
        [
          819.3666076660156,
          1005.685302734375
        ],
        [
          1109.3666076660156,
          1005.685302734375
        ]
      ],
      "rotate": 0,
      "semantic": {
        "element": "标尺",
        "links": []
      },
      "ext": {
        "文字识别结果": [
          "1500"
        ]
      }
    },
    {
      "id": 6,
      "type": "polyline",
      "shape": "polyline",
      "coord": [
        [
          1339.3666076660156,
          909.685302734375
        ],
        [
          1635.3666076660156,
          909.685302734375
        ]
      ],
      "rotate": 0,
      "semantic": {
        "element": "标尺",
        "links": []
      },
      "ext": {
        "文字识别结果": [
          "1520"
        ]
      }
    },
    {
      "id": 7,
      "type": "polyline",
      "shape": "polyline",
      "coord": [
        [
          1333.3666076660156,
          1445.685302734375
        ],
        [
          1369.3666076660156,
          1445.685302734375
        ]
      ],
      "rotate": 0,
      "semantic": {
        "element": "标尺",
        "links": []
      },
      "ext": {
        "文字识别结果": [
          "21509"
        ]
      }
    },
    {
      "id": 8,
      "type": "box",
      "shape": "rect",
      "coord": [
        [
          704.3666076660156,
          839.685302734375
        ],
        [
          819.3666076660156,
          953.685302734375
        ]
      ],
      "rotate": 0,
      "semantic": {
        "element": "机柜",
        "links": []
      },
      "ext": {
        "文字识别结果": [
          "4"
        ],
        "门朝向": "down",
        "表格匹配结果": [
          "4",
          "开关电源",
          "",
          "",
          "巢",
          "",
          "顺有",
          ""
        ]
      }
    },
    {
      "id": 9,
      "type": "box",
      "shape": "rect",
      "coord": [
        [
          705.3666076660156,
          1087.685302734375
        ],
        [
          819.3666076660156,
          1147.685302734375
        ]
      ],
      "rotate": 0,
      "semantic": {
        "element": "机柜",
        "links": []
      },
      "ext": {
        "文字识别结果": [
          "2"
        ],
        "门朝向": "down",
        "表格匹配结果": [
          "2",
          "空调室外机",
          "",
          "台",
          "2",
          "拆除",
          ""
        ]
      }
    },
    {
      "id": 10,
      "type": "box",
      "shape": "rect",
      "coord": [
        [
          887.3666076660156,
          683.685302734375
        ],
        [
          933.3666076660156,
          763.685302734375
        ]
      ],
      "rotate": 0,
      "semantic": {
        "element": "机柜",
        "links": []
      },
      "ext": {
        "文字识别结果": [
          "23"
        ],
        "门朝向": "down",
        "表格匹配结果": [
          "23",
          "5G-BBU",
          "",
          "佛山顺德职院",
          "",
          "",
          "有",
          "置111111111挂安"
        ]
      }
    },
    {
      "id": 11,
      "type": "box",
      "shape": "rect",
      "coord": [
        [
          819.3666076660156,
          838.685302734375
        ],
        [
          937.3666076660156,
          953.685302734375
        ]
      ],
      "rotate": 0,
      "semantic": {
        "element": "机柜",
        "links": []
      },
      "ext": {
        "文字识别结果": [
          "4"
        ],
        "门朝向": "down",
        "表格匹配结果": [
          "4",
          "开关电源",
          "",
          "",
          "巢",
          "",
          "顺有",
          ""
        ]
      }
    },
    {
      "id": 12,
      "type": "box",
      "shape": "rect",
      "coord": [
        [
          819.3666076660156,
          1091.685302734375
        ],
        [
          981.3666076660156,
          1147.685302734375
        ]
      ],
      "rotate": 0,
      "semantic": {
        "element": "机柜",
        "links": []
      },
      "ext": {
        "文字识别结果": [
          ""
        ],
        "门朝向": "down"
      }
    },
    {
      "id": 13,
      "type": "box",
      "shape": "rect",
      "coord": [
        [
          981.3666076660156,
          871.685302734375
        ],
        [
          1095.3666076660156,
          953.685302734375
        ]
      ],
      "rotate": 0,
      "semantic": {
        "element": "机柜",
        "links": []
      },
      "ext": {
        "文字识别结果": [
          "1*"
        ],
        "门朝向": "down",
        "表格匹配结果": [
          "1*",
          "WCDMA设备",
          "DBS3900",
          "",
          "巢",
          "",
          "原有",
          ""
        ]
      }
    },
    {
      "id": 14,
      "type": "box",
      "shape": "rect",
      "coord": [
        [
          980.3666076660156,
          1091.685302734375
        ],
        [
          1095.3666076660156,
          1147.685302734375
        ]
      ],
      "rotate": 0,
      "semantic": {
        "element": "机柜",
        "links": []
      },
      "ext": {
        "文字识别结果": [
          "13"
        ],
        "门朝向": "down",
        "表格匹配结果": [
          "13",
          "微波栗",
          "",
          "",
          "",
          "",
          "源有",
          ""
        ]
      }
    },
    {
      "id": 15,
      "type": "box",
      "shape": "rect",
      "coord": [
        [
          1097.3666076660156,
          1087.685302734375
        ],
        [
          1211.3666076660156,
          1147.685302734375
        ]
      ],
      "rotate": 0,
      "semantic": {
        "element": "机柜",
        "links": []
      },
      "ext": {
        "文字识别结果": [
          "12"
        ],
        "门朝向": "down",
        "表格匹配结果": [
          "12",
          "地安装栗",
          "",
          "",
          "",
          "",
          "源有",
          "可推3个BBU"
        ]
      }
    },
    {
      "id": 16,
      "type": "box",
      "shape": "rect",
      "coord": [
        [
          1109.3666076660156,
          871.685302734375
        ],
        [
          1227.3666076660156,
          953.685302734375
        ]
      ],
      "rotate": 0,
      "semantic": {
        "element": "机柜",
        "links": []
      },
      "ext": {
        "文字识别结果": [
          "1"
        ],
        "门朝向": "down",
        "表格匹配结果": [
          "1",
          "柜式空调",
          "3P精密型",
          "台",
          "2",
          "拆除",
          "替换为3P舒型柜式空调"
        ]
      }
    },
    {
      "id": 17,
      "type": "box",
      "shape": "rect",
      "coord": [
        [
          1227.3666076660156,
          870.685302734375
        ],
        [
          1341.3666076660156,
          953.685302734375
        ]
      ],
      "rotate": 0,
      "semantic": {
        "element": "机柜",
        "links": []
      },
      "ext": {
        "文字识别结果": [
          ""
        ],
        "门朝向": "down"
      }
    },
    {
      "id": 18,
      "type": "box",
      "shape": "rect",
      "coord": [
        [
          1211.3666076660156,
          1091.685302734375
        ],
        [
          1373.3666076660156,
          1147.685302734375
        ]
      ],
      "rotate": 0,
      "semantic": {
        "element": "机柜",
        "links": []
      },
      "ext": {
        "文字识别结果": [
          "10"
        ],
        "门朝向": "down",
        "表格匹配结果": [
          "10",
          "ODF巢",
          "",
          "",
          "",
          "",
          "无",
          ""
        ]
      }
    },
    {
      "id": 19,
      "type": "box",
      "shape": "rect",
      "coord": [
        [
          552.3666076660156,
          847.685302734375
        ],
        [
          601.3666076660156,
          953.685302734375
        ]
      ],
      "rotate": 0,
      "semantic": {
        "element": "普通设备",
        "links": []
      },
      "ext": {
        "文字识别结果": [
          "BBU"
        ]
      }
    },
    {
      "id": 20,
      "type": "box",
      "shape": "rect",
      "coord": [
        [
          553.3666076660156,
          1037.685302734375
        ],
        [
          601.3666076660156,
          1147.685302734375
        ]
      ],
      "rotate": 0,
      "semantic": {
        "element": "普通设备",
        "links": []
      },
      "ext": {
        "文字识别结果": [
          "BBU"
        ]
      }
    },
    {
      "id": 21,
      "type": "box",
      "shape": "rect",
      "coord": [
        [
          661.3666076660156,
          1293.685302734375
        ],
        [
          899.3666076660156,
          1357.685302734375
        ]
      ],
      "rotate": 0,
      "semantic": {
        "element": "普通设备",
        "links": []
      },
      "ext": {
        "文字识别结果": [
          "5"
        ],
        "表格匹配结果": [
          "5",
          "醬电池组",
          "800AH",
          "",
          "组",
          "2",
          "新增",
          "原位替换"
        ]
      }
    },
    {
      "id": 22,
      "type": "box",
      "shape": "rect",
      "coord": [
        [
          997.3666076660156,
          1357.685302734375
        ],
        [
          1052.3666076660156,
          1377.685302734375
        ]
      ],
      "rotate": 0,
      "semantic": {
        "element": "普通设备",
        "links": []
      },
      "ext": {
        "文字识别结果": [
          ""
        ]
      }
    },
    {
      "id": 23,
      "type": "box",
      "shape": "rect",
      "coord": [
        [
          1025.3666076660156,
          683.685302734375
        ],
        [
          1135.3666076660156,
          727.685302734375
        ]
      ],
      "rotate": 0,
      "semantic": {
        "element": "普通设备",
        "links": []
      },
      "ext": {
        "文字识别结果": [
          "BBU-W"
        ]
      }
    },
    {
      "id": 24,
      "type": "box",
      "shape": "rect",
      "coord": [
        [
          1135.3666076660156,
          1333.685302734375
        ],
        [
          1227.3666076660156,
          1377.685302734375
        ]
      ],
      "rotate": 0,
      "semantic": {
        "element": "普通设备",
        "links": []
      },
      "ext": {
        "文字识别结果": [
          ""
        ]
      }
    },
    {
      "id": 25,
      "type": "box",
      "shape": "rect",
      "coord": [
        [
          1259.3666076660156,
          1333.685302734375
        ],
        [
          1345.3666076660156,
          1377.685302734375
        ]
      ],
      "rotate": 0,
      "semantic": {
        "element": "普通设备",
        "links": []
      },
      "ext": {
        "文字识别结果": [
          "21"
        ],
        "表格匹配结果": [
          "21",
          "5G交流箱",
          "",
          "",
          "",
          "",
          "原有",
          "挂墙安"
        ]
      }
    },
    {
      "id": 26,
      "type": "box",
      "shape": "rect",
      "coord": [
        [
          1365.3666076660156,
          1353.685302734375
        ],
        [
          1433.3666076660156,
          1377.685302734375
        ]
      ],
      "rotate": 0,
      "semantic": {
        "element": "普通设备",
        "links": []
      },
      "ext": {
        "文字识别结果": [
          ""
        ]
      }
    },
    {
      "id": 27,
      "type": "box",
      "shape": "rect",
      "coord": [
        [
          1433.3666076660156,
          1360.685302734375
        ],
        [
          1477.3666076660156,
          1377.685302734375
        ]
      ],
      "rotate": 0,
      "semantic": {
        "element": "普通设备",
        "links": []
      },
      "ext": {
        "文字识别结果": [
          ""
        ]
      }
    },
    {
      "id": 28,
      "type": "box",
      "shape": "rect",
      "coord": [
        [
          1481.3666076660156,
          1365.685302734375
        ],
        [
          1559.3666076660156,
          1377.685302734375
        ]
      ],
      "rotate": 0,
      "semantic": {
        "element": "普通设备",
        "links": []
      },
      "ext": {
        "文字识别结果": [
          ""
        ]
      }
    },
    {
      "id": 29,
      "type": "box",
      "shape": "rect",
      "coord": [
        [
          1675.3666076660156,
          965.685302734375
        ],
        [
          1695.3666076660156,
          1047.685302734375
        ]
      ],
      "rotate": 0,
      "semantic": {
        "element": "普通设备",
        "links": []
      },
      "ext": {
        "文字识别结果": [
          ""
        ]
      }
    },
    {
      "id": 30,
      "type": "box",
      "shape": "rect",
      "coord": [
        [
          1635.3666076660156,
          815.685302734375
        ],
        [
          1671.3666076660156,
          835.685302734375
        ]
      ],
      "rotate": 0,
      "semantic": {
        "element": "馈线洞",
        "links": []
      },
      "ext": {}
    },
    {
      "id": 31,
      "type": "box",
      "shape": "rect",
      "coord": [
        [
          1635.3666076660156,
          837.685302734375
        ],
        [
          1671.3666076660156,
          859.685302734375
        ]
      ],
      "rotate": 0,
      "semantic": {
        "element": "馈线洞",
        "links": []
      },
      "ext": {}
    },
    {
      "id": 32,
      "type": "box",
      "shape": "rect",
      "coord": [
        [
          1635.3666076660156,
          837.685302734375
        ],
        [
          1671.3666076660156,
          857.685302734375
        ]
      ],
      "rotate": 0,
      "semantic": {
        "element": "馈线洞",
        "links": []
      },
      "ext": {}
    },
    {
      "id": 33,
      "type": "polyline",
      "shape": "polyline",
      "coord": [
        [
          365.3666076660156,
          681.685302734375
        ],
        [
          365.3666076660156,
          1379.685302734375
        ]
      ],
      "rotate": 0,
      "semantic": {
        "element": "标尺",
        "links": []
      },
      "ext": {
        "文字识别结果": [
          "3600"
        ]
      }
    },
    {
      "id": 34,
      "type": "polyline",
      "shape": "polyline",
      "coord": [
        [
          461.3666076660156,
          681.685302734375
        ],
        [
          461.3666076660156,
          955.685302734375
        ]
      ],
      "rotate": 0,
      "semantic": {
        "element": "标尺",
        "links": []
      },
      "ext": {
        "文字识别结果": [
          "1400"
        ]
      }
    },
    {
      "id": 35,
      "type": "polyline",
      "shape": "polyline",
      "coord": [
        [
          463.3666076660156,
          1145.685302734375
        ],
        [
          463.3666076660156,
          1379.685302734375
        ]
      ],
      "rotate": 0,
      "semantic": {
        "element": "标尺",
        "links": []
      },
      "ext": {
        "文字识别结果": [
          "1200"
        ]
      }
    },
    {
      "id": 36,
      "type": "polyline",
      "shape": "polyline",
      "coord": [
        [
          821.3666076660156,
          1007.685302734375
        ],
        [
          1109.3666076660156,
          1007.685302734375
        ]
      ],
      "rotate": 0,
      "semantic": {
        "element": "标尺",
        "links": []
      },
      "ext": {
        "文字识别结果": [
          "1500"
        ]
      }
    },
    {
      "id": 37,
      "type": "polyline",
      "shape": "polyline",
      "coord": [
        [
          1343.3666076660156,
          907.685302734375
        ],
        [
          1637.3666076660156,
          907.685302734375
        ]
      ],
      "rotate": 0,
      "semantic": {
        "element": "标尺",
        "links": []
      },
      "ext": {
        "文字识别结果": [
          "1520"
        ]
      }
    },
    {
      "id": 38,
      "type": "polyline",
      "shape": "polyline",
      "coord": [
        [
          1331.3666076660156,
          1445.685302734375
        ],
        [
          1367.3666076660156,
          1445.685302734375
        ]
      ],
      "rotate": 0,
      "semantic": {
        "element": "标尺",
        "links": []
      },
      "ext": {
        "文字识别结果": [
          "21500"
        ]
      }
    },
    {
      "id": 39,
      "type": "box",
      "shape": "rect",
      "coord": [
        [
          704.3666076660156,
          839.685302734375
        ],
        [
          821.3666076660156,
          955.685302734375
        ]
      ],
      "rotate": 0,
      "semantic": {
        "element": "机柜",
        "links": []
      },
      "ext": {
        "文字识别结果": [
          "4"
        ],
        "门朝向": "down",
        "表格匹配结果": [
          "4",
          "开关电源",
          "",
          "",
          "巢",
          "",
          "顺有",
          ""
        ]
      }
    },
    {
      "id": 40,
      "type": "box",
      "shape": "rect",
      "coord": [
        [
          820.3666076660156,
          839.685302734375
        ],
        [
          935.3666076660156,
          955.685302734375
        ]
      ],
      "rotate": 0,
      "semantic": {
        "element": "机柜",
        "links": []
      },
      "ext": {
        "文字识别结果": [
          "4"
        ],
        "门朝向": "down",
        "表格匹配结果": [
          "4",
          "开关电源",
          "",
          "",
          "巢",
          "",
          "顺有",
          ""
        ]
      }
    },
    {
      "id": 41,
      "type": "box",
      "shape": "rect",
      "coord": [
        [
          886.3666076660156,
          685.685302734375
        ],
        [
          935.3666076660156,
          765.685302734375
        ]
      ],
      "rotate": 0,
      "semantic": {
        "element": "机柜",
        "links": []
      },
      "ext": {
        "文字识别结果": [
          "23"
        ],
        "门朝向": "down",
        "表格匹配结果": [
          "23",
          "5G-BBU",
          "",
          "佛山顺德职院",
          "",
          "",
          "有",
          "置111111111挂安"
        ]
      }
    },
    {
      "id": 42,
      "type": "box",
      "shape": "rect",
      "coord": [
        [
          983.3666076660156,
          871.685302734375
        ],
        [
          1097.3666076660156,
          951.685302734375
        ]
      ],
      "rotate": 0,
      "semantic": {
        "element": "机柜",
        "links": []
      },
      "ext": {
        "文字识别结果": [
          "1*"
        ],
        "门朝向": "down",
        "表格匹配结果": [
          "1*",
          "WCDMA设备",
          "DBS3900",
          "",
          "巢",
          "",
          "原有",
          ""
        ]
      }
    },
    {
      "id": 43,
      "type": "box",
      "shape": "rect",
      "coord": [
        [
          1109.3666076660156,
          871.685302734375
        ],
        [
          1225.3666076660156,
          955.685302734375
        ]
      ],
      "rotate": 0,
      "semantic": {
        "element": "机柜",
        "links": []
      },
      "ext": {
        "文字识别结果": [
          "1"
        ],
        "门朝向": "down",
        "表格匹配结果": [
          "1",
          "柜式空调",
          "3P精密型",
          "台",
          "2",
          "拆除",
          "替换为3P舒型柜式空调"
        ]
      }
    },
    {
      "id": 44,
      "type": "box",
      "shape": "rect",
      "coord": [
        [
          1225.3666076660156,
          871.685302734375
        ],
        [
          1339.3666076660156,
          955.685302734375
        ]
      ],
      "rotate": 0,
      "semantic": {
        "element": "机柜",
        "links": []
      },
      "ext": {
        "文字识别结果": [
          ""
        ],
        "门朝向": "down"
      }
    },
    {
      "id": 45,
      "type": "box",
      "shape": "rect",
      "coord": [
        [
          554.3666076660156,
          846.685302734375
        ],
        [
          599.3666076660156,
          955.685302734375
        ]
      ],
      "rotate": 0,
      "semantic": {
        "element": "普通设备",
        "links": []
      },
      "ext": {
        "文字识别结果": [
          "BBU"
        ]
      }
    },
    {
      "id": 46,
      "type": "box",
      "shape": "rect",
      "coord": [
        [
          555.3666076660156,
          1037.685302734375
        ],
        [
          599.3666076660156,
          1145.685302734375
        ]
      ],
      "rotate": 0,
      "semantic": {
        "element": "普通设备",
        "links": []
      },
      "ext": {
        "文字识别结果": [
          "BB"
        ]
      }
    },
    {
      "id": 47,
      "type": "box",
      "shape": "rect",
      "coord": [
        [
          705.3666076660156,
          1089.685302734375
        ],
        [
          817.3666076660156,
          1137.685302734375
        ]
      ],
      "rotate": 0,
      "semantic": {
        "element": "普通设备",
        "links": []
      },
      "ext": {
        "文字识别结果": [
          "2"
        ],
        "表格匹配结果": [
          "2",
          "空调室外机",
          "",
          "台",
          "2",
          "拆除",
          ""
        ]
      }
    },
    {
      "id": 48,
      "type": "box",
      "shape": "rect",
      "coord": [
        [
          659.3666076660156,
          1291.685302734375
        ],
        [
          899.3666076660156,
          1359.685302734375
        ]
      ],
      "rotate": 0,
      "semantic": {
        "element": "普通设备",
        "links": []
      },
      "ext": {
        "文字识别结果": [
          "5"
        ],
        "表格匹配结果": [
          "5",
          "醬电池组",
          "800AH",
          "",
          "组",
          "2",
          "新增",
          "原位替换"
        ]
      }
    },
    {
      "id": 49,
      "type": "box",
      "shape": "rect",
      "coord": [
        [
          821.3666076660156,
          1088.685302734375
        ],
        [
          979.3666076660156,
          1137.685302734375
        ]
      ],
      "rotate": 0,
      "semantic": {
        "element": "普通设备",
        "links": []
      },
      "ext": {
        "文字识别结果": [
          ""
        ]
      }
    },
    {
      "id": 50,
      "type": "box",
      "shape": "rect",
      "coord": [
        [
          999.3666076660156,
          1355.685302734375
        ],
        [
          1054.3666076660156,
          1379.685302734375
        ]
      ],
      "rotate": 0,
      "semantic": {
        "element": "普通设备",
        "links": []
      },
      "ext": {
        "文字识别结果": [
          ""
        ]
      }
    },
    {
      "id": 51,
      "type": "box",
      "shape": "rect",
      "coord": [
        [
          979.3666076660156,
          1089.685302734375
        ],
        [
          1097.3666076660156,
          1137.685302734375
        ]
      ],
      "rotate": 0,
      "semantic": {
        "element": "普通设备",
        "links": []
      },
      "ext": {
        "文字识别结果": [
          "13"
        ],
        "表格匹配结果": [
          "13",
          "微波栗",
          "",
          "",
          "",
          "",
          "源有",
          ""
        ]
      }
    },
    {
      "id": 52,
      "type": "box",
      "shape": "rect",
      "coord": [
        [
          1026.3666076660156,
          685.685302734375
        ],
        [
          1133.3666076660156,
          729.685302734375
        ]
      ],
      "rotate": 0,
      "semantic": {
        "element": "普通设备",
        "links": []
      },
      "ext": {
        "文字识别结果": [
          "BBU-W"
        ]
      }
    },
    {
      "id": 53,
      "type": "box",
      "shape": "rect",
      "coord": [
        [
          1097.3666076660156,
          1089.685302734375
        ],
        [
          1213.3666076660156,
          1137.685302734375
        ]
      ],
      "rotate": 0,
      "semantic": {
        "element": "普通设备",
        "links": []
      },
      "ext": {
        "文字识别结果": [
          "12"
        ],
        "表格匹配结果": [
          "12",
          "地安装栗",
          "",
          "",
          "",
          "",
          "源有",
          "可推3个BBU"
        ]
      }
    },
    {
      "id": 54,
      "type": "box",
      "shape": "rect",
      "coord": [
        [
          1137.3666076660156,
          1331.685302734375
        ],
        [
          1225.3666076660156,
          1379.685302734375
        ]
      ],
      "rotate": 0,
      "semantic": {
        "element": "普通设备",
        "links": []
      },
      "ext": {
        "文字识别结果": [
          "22"
        ],
        "表格匹配结果": [
          "22",
          "150A挂式电源箱",
          "",
          "",
          "",
          "",
          "有",
          "挂墙安"
        ]
      }
    },
    {
      "id": 55,
      "type": "box",
      "shape": "rect",
      "coord": [
        [
          1257.3666076660156,
          1331.685302734375
        ],
        [
          1347.3666076660156,
          1379.685302734375
        ]
      ],
      "rotate": 0,
      "semantic": {
        "element": "普通设备",
        "links": []
      },
      "ext": {
        "文字识别结果": [
          "21"
        ],
        "表格匹配结果": [
          "21",
          "5G交流箱",
          "",
          "",
          "",
          "",
          "原有",
          "挂墙安"
        ]
      }
    },
    {
      "id": 56,
      "type": "box",
      "shape": "rect",
      "coord": [
        [
          1213.3666076660156,
          1089.685302734375
        ],
        [
          1371.3666076660156,
          1137.685302734375
        ]
      ],
      "rotate": 0,
      "semantic": {
        "element": "普通设备",
        "links": []
      },
      "ext": {
        "文字识别结果": [
          "10"
        ],
        "表格匹配结果": [
          "10",
          "ODF巢",
          "",
          "",
          "",
          "",
          "无",
          ""
        ]
      }
    },
    {
      "id": 57,
      "type": "box",
      "shape": "rect",
      "coord": [
        [
          1431.3666076660156,
          1359.685302734375
        ],
        [
          1477.3666076660156,
          1379.685302734375
        ]
      ],
      "rotate": 0,
      "semantic": {
        "element": "普通设备",
        "links": []
      },
      "ext": {
        "文字识别结果": [
          ""
        ]
      }
    },
    {
      "id": 58,
      "type": "box",
      "shape": "rect",
      "coord": [
        [
          1483.3666076660156,
          1363.685302734375
        ],
        [
          1556.3666076660156,
          1379.685302734375
        ]
      ],
      "rotate": 0,
      "semantic": {
        "element": "普通设备",
        "links": []
      },
      "ext": {
        "文字识别结果": [
          ""
        ]
      }
    },
    {
      "id": 59,
      "type": "box",
      "shape": "rect",
      "coord": [
        [
          1637.3666076660156,
          817.685302734375
        ],
        [
          1673.3666076660156,
          835.685302734375
        ]
      ],
      "rotate": 0,
      "semantic": {
        "element": "馈线洞",
        "links": []
      },
      "ext": {}
    },
    {
      "id": 60,
      "type": "box",
      "shape": "rect",
      "coord": [
        [
          1637.3666076660156,
          817.685302734375
        ],
        [
          1671.3666076660156,
          835.685302734375
        ]
      ],
      "rotate": 0,
      "semantic": {
        "element": "馈线洞",
        "links": []
      },
      "ext": {}
    },
    {
      "id": 61,
      "type": "box",
      "shape": "rect",
      "coord": [
        [
          1637.3666076660156,
          835.685302734375
        ],
        [
          1673.3666076660156,
          859.685302734375
        ]
      ],
      "rotate": 0,
      "semantic": {
        "element": "馈线洞",
        "links": []
      },
      "ext": {}
    },
    {
      "id": 62,
      "type": "box",
      "shape": "rect",
      "coord": [
        [
          1637.3666076660156,
          815.685302734375
        ],
        [
          1673.3666076660156,
          835.685302734375
        ]
      ],
      "rotate": 0,
      "semantic": {
        "element": "馈线洞",
        "links": []
      },
      "ext": {}
    },
    {
      "id": 63,
      "type": "box",
      "shape": "rect",
      "coord": [
        [
          1637.3666076660156,
          815.685302734375
        ],
        [
          1671.3666076660156,
          835.685302734375
        ]
      ],
      "rotate": 0,
      "semantic": {
        "element": "馈线洞",
        "links": []
      },
      "ext": {}
    },
    {
      "id": 64,
      "type": "box",
      "shape": "rect",
      "coord": [
        [
          1637.3666076660156,
          835.685302734375
        ],
        [
          1675.3666076660156,
          859.685302734375
        ]
      ],
      "rotate": 0,
      "semantic": {
        "element": "馈线洞",
        "links": []
      },
      "ext": {}
    },
    {
      "id": 66,
      "type": "other",
      "shape": "rect",
      "coord": [
        [
          345.9851379394531,
          1484.345458984375
        ],
        [
          704.7528076171875,
          1612.774169921875
        ]
      ],
      "rotate": 0,
      "semantic": {
        "element": "带指向性文字",
        "links": []
      },
      "ext": {
        "文字识别结果": [
          "新增800Ah蓄电池组",
          "等量替换原有蓄电池组"
        ]
      }
    },
    {
      "id": 67,
      "type": "other",
      "shape": "rect",
      "coord": [
        [
          1623.4206848144531,
          479.2723388671875
        ],
        [
          2050.6139221191406,
          600.3612060546875
        ]
      ],
      "rotate": 0,
      "semantic": {
        "element": "带指向性文字",
        "links": []
      },
      "ext": {
        "文字识别结果": [
          "新增1台3P舒适型柜式空调",
          "原位替换原有柜式空调"
        ]
      }
    },
    {
      "id": 68,
      "type": "other",
      "shape": "rect",
      "coord": [
        [
          753.9315185546875,
          472.718017578125
        ],
        [
          1187.6236877441406,
          590.7409057617188
        ]
      ],
      "rotate": 0,
      "semantic": {
        "element": "带指向性文字",
        "links": []
      },
      "ext": {
        "文字识别结果": [
          "新增1台3P舒适型柜式空调",
          "原位替换原有柜式空调"
        ]
      }
    },
    {
      "id": 69,
      "type": "other",
      "shape": "rect",
      "coord": [
        [
          342.36436462402344,
          1482.1083984375
        ],
        [
          705.5494995117188,
          1610.6243896484375
        ]
      ],
      "rotate": 0,
      "semantic": {
        "element": "带指向性文字",
        "links": []
      },
      "ext": {
        "文字识别结果": [
          "新增800Ah蓄电池组",
          "等量替换原有蓄电池组"
        ]
      }
    },
    {
      "id": 70,
      "type": "other",
      "shape": "rect",
      "coord": [
        [
          756.9364929199219,
          472.40155029296875
        ],
        [
          1186.8921203613281,
          594.6776123046875
        ]
      ],
      "rotate": 0,
      "semantic": {
        "element": "带指向性文字",
        "links": []
      },
      "ext": {
        "文字识别结果": [
          "新增1台3P舒适型柜式空调",
          "原位替换原有柜式空调"
        ]
      }
    },
    {
      "id": 71,
      "type": "other",
      "shape": "rect",
      "coord": [
        [
          1616.1931457519531,
          476.66314697265625
        ],
        [
          2059.266876220703,
          602.0523681640625
        ]
      ],
      "rotate": 0,
      "semantic": {
        "element": "带指向性文字",
        "links": []
      },
      "ext": {
        "文字识别结果": [
          "新增1台3P舒适型柜式空调",
          "原位替换原有柜式空调"
        ]
      }
    },
    {
      "id": 72,
      "type": "other",
      "shape": "rect",
      "coord": [
        [
          955.6896057128906,
          1442.682861328125
        ],
        [
          1160.3259582519531,
          1499.0606689453125
        ]
      ],
      "rotate": 0,
      "semantic": {
        "element": "带指向性文字",
        "links": []
      },
      "ext": {
        "文字识别结果": [
          "1层土建机房"
        ]
      }
    },
    {
      "id": 73,
      "type": "other",
      "shape": "rect",
      "coord": [
        [
          1702.5798645019531,
          983.173583984375
        ],
        [
          1744.6511535644531,
          1024.8446044921875
        ]
      ],
      "rotate": 0,
      "semantic": {
        "element": "无指向性文字",
        "links": []
      },
      "ext": {
        "文字识别结果": [
          "15"
        ]
      }
    },
    {
      "id": 74,
      "type": "other",
      "shape": "rect",
      "coord": [
        [
          1502.6017150878906,
          1322.847412109375
        ],
        [
          1533.4787902832031,
          1357.987548828125
        ]
      ],
      "rotate": 0,
      "semantic": {
        "element": "无指向性文字",
        "links": []
      },
      "ext": {
        "文字识别结果": [
          "8"
        ]
      }
    },
    {
      "id": 75,
      "type": "other",
      "shape": "rect",
      "coord": [
        [
          1413.7962951660156,
          1309.736572265625
        ],
        [
          1451.2939758300781,
          1348.2464599609375
        ]
      ],
      "rotate": 0,
      "semantic": {
        "element": "无指向性文字",
        "links": []
      },
      "ext": {
        "文字识别结果": [
          "6"
        ]
      }
    },
    {
      "id": 76,
      "type": "other",
      "shape": "rect",
      "coord": [
        [
          953.5389709472656,
          1442.0728759765625
        ],
        [
          1166.7085876464844,
          1499.225341796875
        ]
      ],
      "rotate": 0,
      "semantic": {
        "element": "无指向性文字",
        "links": []
      },
      "ext": {
        "文字识别结果": [
          "1层土建机房"
        ]
      }
    },
    {
      "id": 77,
      "type": "other",
      "shape": "rect",
      "coord": [
        [
          1502.4156799316406,
          1323.0374755859375
        ],
        [
          1534.4265441894531,
          1357.918701171875
        ]
      ],
      "rotate": 0,
      "semantic": {
        "element": "无指向性文字",
        "links": []
      },
      "ext": {
        "文字识别结果": [
          "8"
        ]
      }
    },
    {
      "id": 78,
      "type": "other",
      "shape": "rect",
      "coord": [
        [
          1701.9104309082031,
          981.984619140625
        ],
        [
          1745.2388000488281,
          1026.57763671875
        ]
      ],
      "rotate": 0,
      "semantic": {
        "element": "无指向性文字",
        "links": []
      },
      "ext": {
        "文字识别结果": [
          "15"
        ]
      }
    },
    {
      "id": 79,
      "type": "other",
      "shape": "rect",
      "coord": [
        [
          1415.2994689941406,
          1311.1719970703125
        ],
        [
          1451.2657775878906,
          1347.394287109375
        ]
      ],
      "rotate": 0,
      "semantic": {
        "element": "无指向性文字",
        "links": []
      },
      "ext": {
        "文字识别结果": [
          "6"
        ]
      }
    },
    {
      "id": 80,
      "type": "other",
      "shape": "rect",
      "coord": [
        [
          1624.6243896484375,
          1160.397216796875
        ],
        [
          1779.037109375,
          1337.28076171875
        ]
      ],
      "rotate": 0,
      "semantic": {
        "element": "门",
        "links": []
      },
      "ext": {}
    },
    {
      "id": 81,
      "type": "other",
      "shape": "rect",
      "coord": [
        [
          395.88525390625,
          2769.276123046875
        ],
        [
          478.73590087890625,
          2852.7021484375
        ]
      ],
      "rotate": 0,
      "semantic": {
        "element": "图例小图",
        "links": [
          {
            "pair_id": 89,
            "label": "图例文字",
            "distance": 197.05621337890625
          }
        ]
      },
      "ext": {
        "图例归类": "新增设备"
      }
    },
    {
      "id": 82,
      "type": "other",
      "shape": "rect",
      "coord": [
        [
          1235.27880859375,
          2770.673828125
        ],
        [
          1314.1739501953125,
          2845.374755859375
        ]
      ],
      "rotate": 0,
      "semantic": {
        "element": "图例小图",
        "links": [
          {
            "pair_id": 91,
            "label": "图例文字",
            "distance": 200.64041137695312
          }
        ]
      },
      "ext": {
        "图例归类": "预留设备"
      }
    },
    {
      "id": 83,
      "type": "other",
      "shape": "rect",
      "coord": [
        [
          808.116455078125,
          2772.019775390625
        ],
        [
          884.0101318359375,
          2849.973388671875
        ]
      ],
      "rotate": 0,
      "semantic": {
        "element": "图例小图",
        "links": [
          {
            "pair_id": 90,
            "label": "图例文字",
            "distance": 199.80349731445312
          }
        ]
      },
      "ext": {
        "图例归类": "原有设备"
      }
    },
    {
      "id": 84,
      "type": "other",
      "shape": "rect",
      "coord": [
        [
          955.0514526367188,
          1443.942138671875
        ],
        [
          1159.19775390625,
          1495.102783203125
        ]
      ],
      "rotate": 0,
      "semantic": {
        "element": "机房标题",
        "links": []
      },
      "ext": {
        "文字识别结果": [
          "1层土建机房"
        ]
      }
    },
    {
      "id": 85,
      "type": "table",
      "shape": "rect",
      "coord": [
        [
          2130.2080078125,
          217.7587890625
        ],
        [
          3730.302490234375,
          2117.001708984375
        ]
      ],
      "rotate": 0,
      "semantic": {
        "element": "物料表",
        "links": []
      },
      "ext": {
        "表格识别结果": [
          [
            "席县",
            "",
            "规格型号",
            "安装尽寸",
            "单",
            "撒量",
            "",
            ""
          ],
          [
            "1",
            "GSM900设备",
            "BTS3900",
            "",
            "巢",
            "",
            "原有",
            ""
          ],
          [
            "",
            "DCS1800设备",
            "DBS3900",
            "",
            "巢",
            "",
            "",
            "安在地安巢上"
          ],
          [
            "1*",
            "WCDMA设备",
            "DBS3900",
            "",
            "巢",
            "",
            "原有",
            ""
          ],
          [
            "2",
            "综合柜",
            "",
            "",
            "巢",
            "",
            "有",
            ""
          ],
          [
            "",
            "集成型传输设备",
            "",
            "",
            "",
            "",
            "无",
            "其体传输专业图纸为准"
          ],
          [
            "3",
            "PPF盒",
            "",
            "",
            "",
            "",
            "源有",
            "推墙安"
          ],
          [
            "3",
            "ODF盒",
            "",
            "",
            "",
            "",
            "原有",
            "挂墙安"
          ],
          [
            "4",
            "开关电源",
            "",
            "",
            "巢",
            "",
            "顺有",
            ""
          ],
          [
            "5",
            "醬电池组",
            "800AH",
            "",
            "组",
            "2",
            "新增",
            "原位替换"
          ],
          [
            "6",
            "交流配电箱",
            "",
            "",
            "",
            "",
            "原有",
            "底边距地1.4米"
          ],
          [
            "",
            "柜式空调",
            "3P舒适型",
            "",
            "台",
            "2",
            "新增",
            "原位替换"
          ],
          [
            "",
            "空调室外机",
            "",
            "",
            "台",
            "2",
            "新增",
            "原位替换"
          ],
          [
            "8",
            "环境控制箱",
            "",
            "",
            "",
            "",
            "原有",
            "底迎距地1.4米"
          ],
          [
            "9",
            "PIX盒",
            "",
            "",
            "",
            "",
            "原有",
            "底迪地1.4米"
          ],
          [
            "10",
            "ODF巢",
            "",
            "",
            "",
            "",
            "无",
            ""
          ],
          [
            "11",
            "室内直流防雷箱",
            "",
            "",
            "",
            "",
            "无",
            "其体位置详见防雷专业图级"
          ],
          [
            "12",
            "地安装栗",
            "",
            "",
            "",
            "",
            "源有",
            "可推3个BBU"
          ],
          [
            "13",
            "微波栗",
            "",
            "",
            "",
            "",
            "源有",
            ""
          ],
          [
            "14",
            "5G-BBU",
            "",
            "佛山大学宿舍",
            "",
            "",
            "顺有",
            "安在原有微波果上"
          ],
          [
            "15",
            "150A挂式电源箱",
            "",
            "",
            "",
            "",
            "原有",
            "挂机房外墙安装"
          ],
          [
            "16",
            "5G基带板",
            "基带板g7a",
            "佛山逢沙轻靴",
            "",
            "",
            "原有",
            "安在佛山大学宿舍5G"
          ],
          [
            "17",
            "5G-BBU",
            "",
            "佛山大度家研",
            "",
            "",
            "顾有",
            "安在原有微液果上"
          ],
          [
            "18",
            "5G-BBU",
            "",
            "佛山德学院轻站DX",
            "",
            "",
            "有",
            "安在有微上"
          ],
          [
            "19",
            "5G-BBU",
            "",
            "佛山大良",
            "",
            "",
            "原有",
            "安在原有微波上"
          ],
          [
            "",
            "5G-BBU",
            "",
            "佛山逢沙水厂X",
            "",
            "",
            "原有",
            ""
          ],
          [
            "21",
            "5G交流箱",
            "",
            "",
            "",
            "",
            "原有",
            "挂墙安"
          ],
          [
            "22",
            "150A挂式电源箱",
            "",
            "",
            "",
            "",
            "有",
            "挂墙安"
          ],
          [
            "23",
            "5G-BBU",
            "",
            "佛山顺德职院",
            "",
            "",
            "有",
            "置111111111挂安"
          ],
          [
            "24",
            "5G基带板",
            "",
            "佛山顺职教学",
            "",
            "",
            "源有",
            "安在有山顺院5GBBU内"
          ],
          [
            "25",
            "5G基带板",
            "",
            "佛山顺职学生宿舍",
            "",
            "",
            "源有",
            "安在有佛山顺5GBBU内"
          ],
          [
            "26",
            "5G基带板",
            "",
            "佛山顺职教师宿舍",
            "",
            "",
            "有",
            "安在有山顺GBBU肉"
          ]
        ]
      }
    },
    {
      "id": 86,
      "type": "table",
      "shape": "rect",
      "coord": [
        [
          2130.08056640625,
          2151.985107421875
        ],
        [
          3661.864013671875,
          2497.159423828125
        ]
      ],
      "rotate": 0,
      "semantic": {
        "element": "物料表",
        "links": []
      },
      "ext": {
        "表格识别结果": [
          [
            "",
            "",
            "规格型号",
            "单位",
            "数量",
            "情况",
            "备注"
          ],
          [
            "1",
            "柜式空调",
            "3P精密型",
            "台",
            "2",
            "拆除",
            "替换为3P舒型柜式空调"
          ],
          [
            "2",
            "空调室外机",
            "",
            "台",
            "2",
            "拆除",
            ""
          ],
          [
            "",
            "蓄电池",
            "800AH",
            "台",
            "2",
            "拆除",
            "原位等量替换"
          ]
        ]
      }
    },
    {
      "id": 87,
      "type": "table",
      "shape": "rect",
      "coord": [
        [
          2310.550048828125,
          2577.843505859375
        ],
        [
          4074.905517578125,
          2873.3642578125
        ]
      ],
      "rotate": 0,
      "semantic": {
        "element": "标题栏",
        "links": []
      },
      "ext": {
        "表格识别结果": [
          [
            "",
            "寓核",
            "陈剑缝",
            "中讯邮电咨询设计院有限公司"
          ],
          [
            "处主管",
            "制图",
            "张卫华",
            ""
          ],
          [
            "",
            "",
            "",
            "2019年中国联通厂东山5G基站套二期工程"
          ],
          [
            "设计总负责人",
            "单位",
            "mm",
            ""
          ],
          [
            "单项负责人",
            "比侧",
            "1:50",
            ""
          ],
          [
            "",
            "",
            "",
            "图号"
          ],
          [
            "设计",
            "期",
            "2021.09.08",
            ""
          ]
        ]
      }
    },
    {
      "id": 88,
      "type": "other",
      "shape": "rect",
      "coord": [
        [
          189.36679077148438,
          2707.16650390625
        ],
        [
          1649.07275390625,
          2905.466064453125
        ]
      ],
      "rotate": 0,
      "semantic": {
        "element": "图例",
        "links": []
      },
      "ext": {}
    },
    {
      "id": 89,
      "type": "other",
      "shape": "rect",
      "coord": [
        [
          540.3667907714844,
          2777.16650390625
        ],
        [
          728.3667907714844,
          2847.16650390625
        ]
      ],
      "rotate": 0,
      "semantic": {
        "element": "图例文字",
        "links": []
      },
      "ext": {
        "文字识别结果": [
          "新增设备"
        ],
        "图例归类": "新增设备"
      }
    },
    {
      "id": 90,
      "type": "other",
      "shape": "rect",
      "coord": [
        [
          952.3667907714844,
          2777.16650390625
        ],
        [
          1139.3667907714844,
          2847.16650390625
        ]
      ],
      "rotate": 0,
      "semantic": {
        "element": "图例文字",
        "links": []
      },
      "ext": {
        "文字识别结果": [
          "已有设备"
        ],
        "图例归类": "原有设备"
      }
    },
    {
      "id": 91,
      "type": "other",
      "shape": "rect",
      "coord": [
        [
          1381.3667907714844,
          2770.16650390625
        ],
        [
          1569.3667907714844,
          2841.16650390625
        ]
      ],
      "rotate": 0,
      "semantic": {
        "element": "图例文字",
        "links": []
      },
      "ext": {
        "文字识别结果": [
          "预留机位"
        ],
        "图例归类": "预留设备"
      }
    },
    {
      "id": 92,
      "type": "other",
      "shape": "rect",
      "coord": [
        [
          1764.636962890625,
          241.6978759765625
        ],
        [
          1836.850341796875,
          443.9349365234375
        ]
      ],
      "rotate": 0,
      "semantic": {
        "element": "建北磁北(夹角)",
        "links": []
      },
      "ext": {
        "文字识别结果": [
          "N"
        ],
        "文字位置": [
          [
            [
              1757.636962890625,
              248.6978759765625
            ],
            [
              1815.636962890625,
              303.6978759765625
            ]
          ]
        ],
        "顶点位置": [
          [
            1833.636962890625,
            440.9478759765625
          ],
          [
            1829.511962890625,
            297.6666259765625
          ]
        ]
      }
    },
    {
      "id": 93,
      "type": "other",
      "shape": "rect",
      "coord": [
        [
          245.16140747070312,
          2311.14501953125
        ],
        [
          1733.0482177734375,
          2677.458740234375
        ]
      ],
      "rotate": 0,
      "semantic": {
        "element": "说明文字",
        "links": []
      },
      "ext": {
        "文字识别结果": [
          "施工说明",
          "1.本站为5G锚点机房改造站”佛山大学宿舍”装修机房，净高3米.机房在1层",
          "本期新增2组800Ah蓄电池组，原位等量替换原有蓄电池组：",
          "本期新增2台3P舒适型柜式空调原位替换原有柜式空调",
          "2.施工时机柜预留尺寸为参考尺寸.以实际订货尺寸为准：机柜安装应符合相关的规范要求：",
          "3.基站地址：广东省佛山市顺德大学运动场路北，经度：113.316999°，纬度为：22.81676"
        ]
      }
    }
  ]
}