{
  "info": {
    "像素面积": {
      "全部面积": 4373150.0,
      "设备面积": 1615806.0,
      "剩余面积": 2757344.0
    },
    "图纸信息": {
      "类型": "机房",
      "名称": "102.png"
    }
  },
  "obj": [
    {
      "id": 1,
      "type": "outline",
      "shape": "polyline",
      "coord": [
        [
          469.8511047363281,
          284.8702392578125
        ],
        [
          1957.8511047363281,
          284.8702392578125
        ],
        [
          469.8511047363281,
          1748.8702392578125
        ],
        [
          659.8511047363281,
          1750.8702392578125
        ],
        [
          497.8511047363281,
          1722.8702392578125
        ],
        [
          655.8511047363281,
          1722.8702392578125
        ],
        [
          497.8511047363281,
          1384.8702392578125
        ],
        [
          539.8511047363281,
          1384.8702392578125
        ],
        [
          499.8511047363281,
          1356.8702392578125
        ],
        [
          539.8511047363281,
          1354.8702392578125
        ],
        [
          469.8511047363281,
          1746.8702392578125
        ],
        [
          659.8511047363281,
          1748.8702392578125
        ],
        [
          885.8511047363281,
          1722.8702392578125
        ],
        [
          1925.8511047363281,
          1722.8702392578125
        ],
        [
          1931.8511047363281,
          1722.8702392578125
        ],
        [
          499.8511047363281,
          1388.8702392578125
        ],
        [
          1929.8511047363281,
          1384.8702392578125
        ],
        [
          885.8511047363281,
          1748.8702392578125
        ],
        [
          1959.8511047363281,
          1750.8702392578125
        ],
        [
          469.8511047363281,
          284.8702392578125
        ],
        [
          469.8511047363281,
          1750.8702392578125
        ],
        [
          1959.8511047363281,
          284.8702392578125
        ],
        [
          1957.8511047363281,
          1748.8702392578125
        ],
        [
          539.8511047363281,
          1356.8702392578125
        ],
        [
          539.8511047363281,
          1380.8702392578125
        ],
        [
          1925.8511047363281,
          1384.8702392578125
        ],
        [
          1929.8511047363281,
          1722.8702392578125
        ],
        [
          497.8511047363281,
          1384.8702392578125
        ],
        [
          499.8511047363281,
          1722.8702392578125
        ],
        [
          885.8511047363281,
          1722.8702392578125
        ],
        [
          885.8511047363281,
          1750.8702392578125
        ],
        [
          659.8511047363281,
          1722.8702392578125
        ],
        [
          659.8511047363281,
          1748.8702392578125
        ]
      ],
      "rotate": 0,
      "semantic": {
        "element": "墙轮廓",
        "path": [
          "0, 1",
          "2, 3",
          "4, 5",
          "6, 7",
          "8, 9",
          "10, 11",
          "12, 13, 14",
          "15, 16",
          "17, 18",
          "19, 20",
          "21, 22",
          "23, 24",
          "25, 26",
          "27, 28",
          "29, 30",
          "31, 32"
        ],
        "links": []
      },
      "ext": {}
    },
    {
      "id": 2,
      "type": "outline",
      "shape": "polyline",
      "coord": [
        [
          471.8511047363281,
          284.8702392578125
        ],
        [
          1959.8511047363281,
          284.8702392578125
        ],
        [
          1959.8511047363281,
          1750.8702392578125
        ],
        [
          471.8511047363281,
          1750.8702392578125
        ],
        [
          657.8511047363281,
          1746.8702392578125
        ],
        [
          659.8511047363281,
          1750.8702392578125
        ],
        [
          655.8511047363281,
          1722.8702392578125
        ],
        [
          657.8511047363281,
          1720.8702392578125
        ],
        [
          886.8511047363281,
          1722.8702392578125
        ],
        [
          1931.8511047363281,
          1724.8702392578125
        ],
        [
          884.8511047363281,
          1721.8702392578125
        ],
        [
          1931.8511047363281,
          1721.8702392578125
        ],
        [
          1717.8511047363281,
          1386.8702392578125
        ],
        [
          1927.8511047363281,
          1386.8702392578125
        ],
        [
          885.8511047363281,
          1750.8702392578125
        ],
        [
          1959.8511047363281,
          1750.8702392578125
        ],
        [
          470.8511047363281,
          284.8702392578125
        ],
        [
          471.8511047363281,
          1750.8702392578125
        ],
        [
          1931.8511047363281,
          1382.8702392578125
        ],
        [
          1927.8511047363281,
          1722.8702392578125
        ],
        [
          659.8511047363281,
          1722.8702392578125
        ],
        [
          657.8511047363281,
          1746.8702392578125
        ],
        [
          885.8511047363281,
          1724.8702392578125
        ],
        [
          886.8511047363281,
          1750.8702392578125
        ]
      ],
      "rotate": 0,
      "semantic": {
        "element": "墙轮廓",
        "path": [
          "0, 1, 2",
          "3, 4, 5",
          "6, 7",
          "8, 9",
          "10, 11",
          "12, 13",
          "14, 15",
          "16, 17",
          "18, 19",
          "20, 21",
          "22, 23"
        ],
        "links": []
      },
      "ext": {}
    },
    {
      "id": 2,
      "type": "polyline",
      "shape": "polyline",
      "coord": [
        [
          445.8511047363281,
          312.8702392578125
        ],
        [
          445.8511047363281,
          410.8702392578125
        ]
      ],
      "rotate": 0,
      "semantic": {
        "element": "标尺",
        "links": []
      },
      "ext": {
        "文字识别结果": [
          "420"
        ]
      }
    },
    {
      "id": 3,
      "type": "polyline",
      "shape": "polyline",
      "coord": [
        [
          385.8511047363281,
          312.8702392578125
        ],
        [
          385.8511047363281,
          1348.8702392578125
        ]
      ],
      "rotate": 0,
      "semantic": {
        "element": "标尺",
        "links": []
      },
      "ext": {
        "文字识别结果": [
          "4500"
        ]
      }
    },
    {
      "id": 4,
      "type": "polyline",
      "shape": "polyline",
      "coord": [
        [
          2013.8511047363281,
          312.8702392578125
        ],
        [
          2013.8511047363281,
          714.8702392578125
        ]
      ],
      "rotate": 0,
      "semantic": {
        "element": "标尺",
        "links": []
      },
      "ext": {
        "文字识别结果": [
          "1730"
        ]
      }
    },
    {
      "id": 5,
      "type": "polyline",
      "shape": "polyline",
      "coord": [
        [
          991.8511047363281,
          696.8702392578125
        ],
        [
          991.8511047363281,
          766.8702392578125
        ]
      ],
      "rotate": 0,
      "semantic": {
        "element": "标尺",
        "links": []
      },
      "ext": {
        "文字识别结果": [
          "68"
        ]
      }
    },
    {
      "id": 6,
      "type": "polyline",
      "shape": "polyline",
      "coord": [
        [
          2005.8511047363281,
          1104.8702392578125
        ],
        [
          2005.8511047363281,
          1354.8702392578125
        ]
      ],
      "rotate": 0,
      "semantic": {
        "element": "标尺",
        "links": []
      },
      "ext": {
        "文字识别结果": [
          "1100"
        ]
      }
    },
    {
      "id": 7,
      "type": "polyline",
      "shape": "polyline",
      "coord": [
        [
          389.8511047363281,
          1380.8702392578125
        ],
        [
          389.8511047363281,
          1722.8702392578125
        ]
      ],
      "rotate": 0,
      "semantic": {
        "element": "标尺",
        "links": []
      },
      "ext": {
        "文字识别结果": [
          "1500"
        ]
      }
    },
    {
      "id": 8,
      "type": "polyline",
      "shape": "polyline",
      "coord": [
        [
          2005.8511047363281,
          1384.8702392578125
        ],
        [
          2005.8511047363281,
          1500.8702392578125
        ]
      ],
      "rotate": 0,
      "semantic": {
        "element": "标尺",
        "links": []
      },
      "ext": {
        "文字识别结果": [
          "520"
        ]
      }
    },
    {
      "id": 9,
      "type": "polyline",
      "shape": "polyline",
      "coord": [
        [
          991.8511047363281,
          766.8702392578125
        ],
        [
          991.8511047363281,
          992.8702392578125
        ]
      ],
      "rotate": 0,
      "semantic": {
        "element": "标尺",
        "links": []
      },
      "ext": {
        "文字识别结果": [
          "1000"
        ]
      }
    },
    {
      "id": 10,
      "type": "polyline",
      "shape": "polyline",
      "coord": [
        [
          991.8511047363281,
          992.8702392578125
        ],
        [
          991.8511047363281,
          1352.8702392578125
        ]
      ],
      "rotate": 0,
      "semantic": {
        "element": "标尺",
        "links": []
      },
      "ext": {
        "文字识别结果": [
          "1600"
        ]
      }
    },
    {
      "id": 11,
      "type": "polyline",
      "shape": "polyline",
      "coord": [
        [
          2005.8511047363281,
          1500.8702392578125
        ],
        [
          2005.8511047363281,
          1610.8702392578125
        ]
      ],
      "rotate": 0,
      "semantic": {
        "element": "标尺",
        "links": []
      },
      "ext": {
        "文字识别结果": [
          "5480"
        ]
      }
    },
    {
      "id": 12,
      "type": "polyline",
      "shape": "polyline",
      "coord": [
        [
          497.8511047363281,
          256.8702392578125
        ],
        [
          595.8511047363281,
          256.8702392578125
        ]
      ],
      "rotate": 0,
      "semantic": {
        "element": "标尺",
        "links": []
      },
      "ext": {
        "文字识别结果": [
          "十420才"
        ]
      }
    },
    {
      "id": 13,
      "type": "polyline",
      "shape": "polyline",
      "coord": [
        [
          501.8511047363281,
          196.8702392578125
        ],
        [
          1927.8511047363281,
          196.8702392578125
        ]
      ],
      "rotate": 0,
      "semantic": {
        "element": "标尺",
        "links": []
      },
      "ext": {
        "文字识别结果": [
          "6200"
        ]
      }
    },
    {
      "id": 14,
      "type": "polyline",
      "shape": "polyline",
      "coord": [
        [
          1573.8511047363281,
          256.8702392578125
        ],
        [
          1927.8511047363281,
          256.8702392578125
        ]
      ],
      "rotate": 0,
      "semantic": {
        "element": "标尺",
        "links": []
      },
      "ext": {
        "文字识别结果": [
          "1580"
        ]
      }
    },
    {
      "id": 15,
      "type": "polyline",
      "shape": "polyline",
      "coord": [
        [
          1815.8511047363281,
          1254.8702392578125
        ],
        [
          1927.8511047363281,
          1254.8702392578125
        ]
      ],
      "rotate": 0,
      "semantic": {
        "element": "标尺",
        "links": []
      },
      "ext": {
        "文字识别结果": [
          "500"
        ]
      }
    },
    {
      "id": 16,
      "type": "polyline",
      "shape": "polyline",
      "coord": [
        [
          499.8511047363281,
          1424.8702392578125
        ],
        [
          539.8511047363281,
          1424.8702392578125
        ]
      ],
      "rotate": 0,
      "semantic": {
        "element": "标尺",
        "links": []
      },
      "ext": {
        "文字识别结果": [
          "180"
        ]
      }
    },
    {
      "id": 17,
      "type": "polyline",
      "shape": "polyline",
      "coord": [
        [
          499.8511047363281,
          1568.8702392578125
        ],
        [
          853.8511047363281,
          1568.8702392578125
        ]
      ],
      "rotate": 0,
      "semantic": {
        "element": "标尺",
        "links": []
      },
      "ext": {
        "文字识别结果": [
          "1560"
        ]
      }
    },
    {
      "id": 18,
      "type": "polyline",
      "shape": "polyline",
      "coord": [
        [
          1383.8511047363281,
          1436.8702392578125
        ],
        [
          1701.8511047363281,
          1436.8702392578125
        ]
      ],
      "rotate": 0,
      "semantic": {
        "element": "标尺",
        "links": []
      },
      "ext": {
        "文字识别结果": [
          "1400"
        ]
      }
    },
    {
      "id": 19,
      "type": "polyline",
      "shape": "polyline",
      "coord": [
        [
          1811.8511047363281,
          1456.8702392578125
        ],
        [
          1927.8511047363281,
          1456.8702392578125
        ]
      ],
      "rotate": 0,
      "semantic": {
        "element": "标尺",
        "links": []
      },
      "ext": {
        "文字识别结果": [
          "520?"
        ]
      }
    },
    {
      "id": 20,
      "type": "polyline",
      "shape": "polyline",
      "coord": [
        [
          615.8511047363281,
          1778.8702392578125
        ],
        [
          659.8511047363281,
          1778.8702392578125
        ]
      ],
      "rotate": 0,
      "semantic": {
        "element": "标尺",
        "links": []
      },
      "ext": {
        "文字识别结果": [
          ""
        ]
      }
    },
    {
      "id": 21,
      "type": "polyline",
      "shape": "polyline",
      "coord": [
        [
          611.8511047363281,
          1780.8702392578125
        ],
        [
          659.8511047363281,
          1780.8702392578125
        ]
      ],
      "rotate": 0,
      "semantic": {
        "element": "标尺",
        "links": []
      },
      "ext": {
        "文字识别结果": [
          "木I*200"
        ]
      }
    },
    {
      "id": 22,
      "type": "polyline",
      "shape": "polyline",
      "coord": [
        [
          1573.8511047363281,
          1816.8702392578125
        ],
        [
          1931.8511047363281,
          1816.8702392578125
        ]
      ],
      "rotate": 0,
      "semantic": {
        "element": "标尺",
        "links": []
      },
      "ext": {
        "文字识别结果": [
          "1580"
        ]
      }
    },
    {
      "id": 23,
      "type": "polyline",
      "shape": "polyline",
      "coord": [
        [
          1253.8511047363281,
          766.8702392578125
        ],
        [
          1387.8511047363281,
          766.8702392578125
        ]
      ],
      "rotate": 0,
      "semantic": {
        "element": "标尺",
        "links": []
      },
      "ext": {
        "文字识别结果": [
          "610*"
        ]
      }
    },
    {
      "id": 24,
      "type": "polyline",
      "shape": "polyline",
      "coord": [
        [
          1387.8511047363281,
          766.8702392578125
        ],
        [
          1523.8511047363281,
          766.8702392578125
        ]
      ],
      "rotate": 0,
      "semantic": {
        "element": "标尺",
        "links": []
      },
      "ext": {
        "文字识别结果": [
          "60*"
        ]
      }
    },
    {
      "id": 25,
      "type": "polyline",
      "shape": "polyline",
      "coord": [
        [
          539.8511047363281,
          1424.8702392578125
        ],
        [
          765.8511047363281,
          1424.8702392578125
        ]
      ],
      "rotate": 0,
      "semantic": {
        "element": "标尺",
        "links": []
      },
      "ext": {
        "文字识别结果": [
          "1000"
        ]
      }
    },
    {
      "id": 26,
      "type": "polyline",
      "shape": "polyline",
      "coord": [
        [
          659.8511047363281,
          1778.8702392578125
        ],
        [
          885.8511047363281,
          1778.8702392578125
        ]
      ],
      "rotate": 0,
      "semantic": {
        "element": "标尺",
        "links": []
      },
      "ext": {
        "文字识别结果": [
          ""
        ]
      }
    },
    {
      "id": 27,
      "type": "polyline",
      "shape": "polyline",
      "coord": [
        [
          659.8511047363281,
          1780.8702392578125
        ],
        [
          885.8511047363281,
          1780.8702392578125
        ]
      ],
      "rotate": 0,
      "semantic": {
        "element": "标尺",
        "links": []
      },
      "ext": {
        "文字识别结果": [
          "1000"
        ]
      }
    },
    {
      "id": 28,
      "type": "polyline",
      "shape": "polyline",
      "coord": [
        [
          991.8511047363281,
          766.8702392578125
        ],
        [
          1253.8511047363281,
          766.8702392578125
        ]
      ],
      "rotate": 0,
      "semantic": {
        "element": "标尺",
        "links": []
      },
      "ext": {
        "文字识别结果": [
          "800"
        ]
      }
    },
    {
      "id": 29,
      "type": "box",
      "shape": "rect",
      "coord": [
        [
          499.8511047363281,
          1626.8702392578125
        ],
        [
          595.8511047363281,
          1718.8702392578125
        ]
      ],
      "rotate": 0,
      "semantic": {
        "element": "柱子",
        "links": []
      },
      "ext": {}
    },
    {
      "id": 30,
      "type": "box",
      "shape": "rect",
      "coord": [
        [
          1835.8511047363281,
          1626.8702392578125
        ],
        [
          1927.8511047363281,
          1722.8702392578125
        ]
      ],
      "rotate": 0,
      "semantic": {
        "element": "柱子",
        "links": []
      },
      "ext": {}
    },
    {
      "id": 31,
      "type": "box",
      "shape": "rect",
      "coord": [
        [
          853.8511047363281,
          1396.8702392578125
        ],
        [
          987.8511047363281,
          1532.8702392578125
        ]
      ],
      "rotate": 0,
      "semantic": {
        "element": "普通设备",
        "links": []
      },
      "ext": {
        "文字识别结果": [
          "天井"
        ]
      }
    },
    {
      "id": 32,
      "type": "box",
      "shape": "rect",
      "coord": [
        [
          501.8511047363281,
          312.8702392578125
        ],
        [
          1039.8511047363281,
          1352.8702392578125
        ]
      ],
      "rotate": 0,
      "semantic": {
        "element": "普通设备",
        "links": []
      },
      "ext": {
        "文字识别结果": [
          "基站机房（一层）10001600"
        ]
      }
    },
    {
      "id": 33,
      "type": "box",
      "shape": "rect",
      "coord": [
        [
          1071.8511047363281,
          458.8702392578125
        ],
        [
          1087.8511047363281,
          548.8702392578125
        ]
      ],
      "rotate": 0,
      "semantic": {
        "element": "普通设备",
        "links": []
      },
      "ext": {
        "文字识别结果": [
          ""
        ]
      }
    },
    {
      "id": 34,
      "type": "box",
      "shape": "rect",
      "coord": [
        [
          1071.8511047363281,
          572.8702392578125
        ],
        [
          1103.8511047363281,
          592.8702392578125
        ]
      ],
      "rotate": 0,
      "semantic": {
        "element": "普通设备",
        "links": []
      },
      "ext": {
        "文字识别结果": [
          ""
        ]
      }
    },
    {
      "id": 35,
      "type": "box",
      "shape": "rect",
      "coord": [
        [
          1071.8511047363281,
          680.8702392578125
        ],
        [
          1103.8511047363281,
          696.8702392578125
        ]
      ],
      "rotate": 0,
      "semantic": {
        "element": "普通设备",
        "links": []
      },
      "ext": {
        "文字识别结果": [
          ""
        ]
      }
    },
    {
      "id": 36,
      "type": "box",
      "shape": "rect",
      "coord": [
        [
          1165.8511047363281,
          311.8702392578125
        ],
        [
          1249.8511047363281,
          342.8702392578125
        ]
      ],
      "rotate": 0,
      "semantic": {
        "element": "普通设备",
        "links": []
      },
      "ext": {
        "文字识别结果": [
          ""
        ]
      }
    },
    {
      "id": 37,
      "type": "box",
      "shape": "rect",
      "coord": [
        [
          1185.8511047363281,
          976.8702392578125
        ],
        [
          1327.8511047363281,
          1000.8702392578125
        ]
      ],
      "rotate": 0,
      "semantic": {
        "element": "普通设备",
        "links": []
      },
      "ext": {
        "文字识别结果": [
          ""
        ]
      }
    },
    {
      "id": 38,
      "type": "box",
      "shape": "rect",
      "coord": [
        [
          1181.8511047363281,
          1092.8702392578125
        ],
        [
          1327.8511047363281,
          1108.8702392578125
        ]
      ],
      "rotate": 0,
      "semantic": {
        "element": "普通设备",
        "links": []
      },
      "ext": {
        "文字识别结果": [
          ""
        ]
      }
    },
    {
      "id": 39,
      "type": "box",
      "shape": "rect",
      "coord": [
        [
          1249.8511047363281,
          580.8702392578125
        ],
        [
          1341.8511047363281,
          592.8702392578125
        ]
      ],
      "rotate": 0,
      "semantic": {
        "element": "普通设备",
        "links": []
      },
      "ext": {
        "文字识别结果": [
          ""
        ]
      }
    },
    {
      "id": 40,
      "type": "box",
      "shape": "rect",
      "coord": [
        [
          1273.8511047363281,
          1282.8702392578125
        ],
        [
          1383.8511047363281,
          1346.8702392578125
        ]
      ],
      "rotate": 0,
      "semantic": {
        "element": "普通设备",
        "links": []
      },
      "ext": {
        "文字识别结果": [
          ""
        ]
      }
    },
    {
      "id": 41,
      "type": "box",
      "shape": "rect",
      "coord": [
        [
          1249.8511047363281,
          702.8702392578125
        ],
        [
          1387.8511047363281,
          714.8702392578125
        ]
      ],
      "rotate": 0,
      "semantic": {
        "element": "普通设备",
        "links": []
      },
      "ext": {
        "文字识别结果": [
          ""
        ]
      }
    },
    {
      "id": 42,
      "type": "box",
      "shape": "rect",
      "coord": [
        [
          1329.8511047363281,
          972.8702392578125
        ],
        [
          1463.8511047363281,
          1000.8702392578125
        ]
      ],
      "rotate": 0,
      "semantic": {
        "element": "普通设备",
        "links": []
      },
      "ext": {
        "文字识别结果": [
          ""
        ]
      }
    },
    {
      "id": 43,
      "type": "box",
      "shape": "rect",
      "coord": [
        [
          1329.8511047363281,
          1092.8702392578125
        ],
        [
          1463.8511047363281,
          1108.8702392578125
        ]
      ],
      "rotate": 0,
      "semantic": {
        "element": "普通设备",
        "links": []
      },
      "ext": {
        "文字识别结果": [
          ""
        ]
      }
    },
    {
      "id": 44,
      "type": "box",
      "shape": "rect",
      "coord": [
        [
          1451.8511047363281,
          592.8702392578125
        ],
        [
          1521.8511047363281,
          648.8702392578125
        ]
      ],
      "rotate": 0,
      "semantic": {
        "element": "普通设备",
        "links": []
      },
      "ext": {
        "文字识别结果": [
          ""
        ]
      }
    },
    {
      "id": 45,
      "type": "box",
      "shape": "rect",
      "coord": [
        [
          1521.8511047363281,
          702.8702392578125
        ],
        [
          1569.8511047363281,
          714.8702392578125
        ]
      ],
      "rotate": 0,
      "semantic": {
        "element": "普通设备",
        "links": []
      },
      "ext": {
        "文字识别结果": [
          ""
        ]
      }
    },
    {
      "id": 46,
      "type": "box",
      "shape": "rect",
      "coord": [
        [
          1523.8511047363281,
          580.8702392578125
        ],
        [
          1657.8511047363281,
          592.8702392578125
        ]
      ],
      "rotate": 0,
      "semantic": {
        "element": "普通设备",
        "links": []
      },
      "ext": {
        "文字识别结果": [
          ""
        ]
      }
    },
    {
      "id": 47,
      "type": "box",
      "shape": "rect",
      "coord": [
        [
          1569.8511047363281,
          684.8702392578125
        ],
        [
          1657.8511047363281,
          700.8702392578125
        ]
      ],
      "rotate": 0,
      "semantic": {
        "element": "普通设备",
        "links": []
      },
      "ext": {
        "文字识别结果": [
          ""
        ]
      }
    },
    {
      "id": 48,
      "type": "box",
      "shape": "rect",
      "coord": [
        [
          1569.8511047363281,
          702.8702392578125
        ],
        [
          1657.8511047363281,
          714.8702392578125
        ]
      ],
      "rotate": 0,
      "semantic": {
        "element": "普通设备",
        "links": []
      },
      "ext": {
        "文字识别结果": [
          ""
        ]
      }
    },
    {
      "id": 49,
      "type": "box",
      "shape": "rect",
      "coord": [
        [
          1645.8511047363281,
          1282.8702392578125
        ],
        [
          1673.8511047363281,
          1354.8702392578125
        ]
      ],
      "rotate": 0,
      "semantic": {
        "element": "普通设备",
        "links": []
      },
      "ext": {
        "文字识别结果": [
          ""
        ]
      }
    },
    {
      "id": 50,
      "type": "box",
      "shape": "rect",
      "coord": [
        [
          1701.8511047363281,
          1282.8702392578125
        ],
        [
          1815.8511047363281,
          1348.8702392578125
        ]
      ],
      "rotate": 0,
      "semantic": {
        "element": "普通设备",
        "links": []
      },
      "ext": {
        "文字识别结果": [
          ""
        ]
      }
    },
    {
      "id": 51,
      "type": "box",
      "shape": "rect",
      "coord": [
        [
          1345.8511047363281,
          1354.8702392578125
        ],
        [
          1363.8511047363281,
          1380.8702392578125
        ]
      ],
      "rotate": 0,
      "semantic": {
        "element": "馈线洞",
        "links": []
      },
      "ext": {}
    },
    {
      "id": 52,
      "type": "box",
      "shape": "rect",
      "coord": [
        [
          1347.8511047363281,
          1354.8702392578125
        ],
        [
          1363.8511047363281,
          1380.8702392578125
        ]
      ],
      "rotate": 0,
      "semantic": {
        "element": "馈线洞",
        "links": []
      },
      "ext": {}
    },
    {
      "id": 53,
      "type": "box",
      "shape": "rect",
      "coord": [
        [
          1775.8511047363281,
          1354.8702392578125
        ],
        [
          1791.8511047363281,
          1380.8702392578125
        ]
      ],
      "rotate": 0,
      "semantic": {
        "element": "馈线洞",
        "links": []
      },
      "ext": {}
    },
    {
      "id": 54,
      "type": "box",
      "shape": "rect",
      "coord": [
        [
          1345.8511047363281,
          1356.8702392578125
        ],
        [
          1363.8511047363281,
          1380.8702392578125
        ]
      ],
      "rotate": 0,
      "semantic": {
        "element": "馈线洞",
        "links": []
      },
      "ext": {}
    },
    {
      "id": 55,
      "type": "box",
      "shape": "rect",
      "coord": [
        [
          1347.8511047363281,
          1356.8702392578125
        ],
        [
          1363.8511047363281,
          1380.8702392578125
        ]
      ],
      "rotate": 0,
      "semantic": {
        "element": "馈线洞",
        "links": []
      },
      "ext": {}
    },
    {
      "id": 56,
      "type": "box",
      "shape": "rect",
      "coord": [
        [
          1775.8511047363281,
          1356.8702392578125
        ],
        [
          1791.8511047363281,
          1380.8702392578125
        ]
      ],
      "rotate": 0,
      "semantic": {
        "element": "馈线洞",
        "links": []
      },
      "ext": {}
    },
    {
      "id": 57,
      "type": "polyline",
      "shape": "polyline",
      "coord": [
        [
          447.8511047363281,
          312.8702392578125
        ],
        [
          447.8511047363281,
          408.8702392578125
        ]
      ],
      "rotate": 0,
      "semantic": {
        "element": "标尺",
        "links": []
      },
      "ext": {
        "文字识别结果": [
          ""
        ]
      }
    },
    {
      "id": 58,
      "type": "polyline",
      "shape": "polyline",
      "coord": [
        [
          387.8511047363281,
          312.8702392578125
        ],
        [
          387.8511047363281,
          1350.8702392578125
        ]
      ],
      "rotate": 0,
      "semantic": {
        "element": "标尺",
        "links": []
      },
      "ext": {
        "文字识别结果": [
          "4500"
        ]
      }
    },
    {
      "id": 59,
      "type": "polyline",
      "shape": "polyline",
      "coord": [
        [
          2015.8511047363281,
          312.8702392578125
        ],
        [
          2015.8511047363281,
          716.8702392578125
        ]
      ],
      "rotate": 0,
      "semantic": {
        "element": "标尺",
        "links": []
      },
      "ext": {
        "文字识别结果": [
          "1730"
        ]
      }
    },
    {
      "id": 60,
      "type": "polyline",
      "shape": "polyline",
      "coord": [
        [
          989.8511047363281,
          694.8702392578125
        ],
        [
          989.8511047363281,
          764.8702392578125
        ]
      ],
      "rotate": 0,
      "semantic": {
        "element": "标尺",
        "links": []
      },
      "ext": {
        "文字识别结果": [
          ""
        ]
      }
    },
    {
      "id": 61,
      "type": "polyline",
      "shape": "polyline",
      "coord": [
        [
          2003.8511047363281,
          1104.8702392578125
        ],
        [
          2003.8511047363281,
          1354.8702392578125
        ]
      ],
      "rotate": 0,
      "semantic": {
        "element": "标尺",
        "links": []
      },
      "ext": {
        "文字识别结果": [
          "1100"
        ]
      }
    },
    {
      "id": 62,
      "type": "polyline",
      "shape": "polyline",
      "coord": [
        [
          391.8511047363281,
          1382.8702392578125
        ],
        [
          391.8511047363281,
          1720.8702392578125
        ]
      ],
      "rotate": 0,
      "semantic": {
        "element": "标尺",
        "links": []
      },
      "ext": {
        "文字识别结果": [
          "1500"
        ]
      }
    },
    {
      "id": 63,
      "type": "polyline",
      "shape": "polyline",
      "coord": [
        [
          2003.8511047363281,
          1382.8702392578125
        ],
        [
          2003.8511047363281,
          1500.8702392578125
        ]
      ],
      "rotate": 0,
      "semantic": {
        "element": "标尺",
        "links": []
      },
      "ext": {
        "文字识别结果": [
          "520"
        ]
      }
    },
    {
      "id": 64,
      "type": "polyline",
      "shape": "polyline",
      "coord": [
        [
          989.8511047363281,
          764.8702392578125
        ],
        [
          989.8511047363281,
          990.8702392578125
        ]
      ],
      "rotate": 0,
      "semantic": {
        "element": "标尺",
        "links": []
      },
      "ext": {
        "文字识别结果": [
          "1000"
        ]
      }
    },
    {
      "id": 65,
      "type": "polyline",
      "shape": "polyline",
      "coord": [
        [
          989.8511047363281,
          990.8702392578125
        ],
        [
          989.8511047363281,
          1354.8702392578125
        ]
      ],
      "rotate": 0,
      "semantic": {
        "element": "标尺",
        "links": []
      },
      "ext": {
        "文字识别结果": [
          "1600"
        ]
      }
    },
    {
      "id": 66,
      "type": "polyline",
      "shape": "polyline",
      "coord": [
        [
          2003.8511047363281,
          1500.8702392578125
        ],
        [
          2003.8511047363281,
          1612.8702392578125
        ]
      ],
      "rotate": 0,
      "semantic": {
        "element": "标尺",
        "links": []
      },
      "ext": {
        "文字识别结果": [
          "5480"
        ]
      }
    },
    {
      "id": 67,
      "type": "polyline",
      "shape": "polyline",
      "coord": [
        [
          497.8511047363281,
          258.8702392578125
        ],
        [
          593.8511047363281,
          258.8702392578125
        ]
      ],
      "rotate": 0,
      "semantic": {
        "element": "标尺",
        "links": []
      },
      "ext": {
        "文字识别结果": [
          "十420才"
        ]
      }
    },
    {
      "id": 68,
      "type": "polyline",
      "shape": "polyline",
      "coord": [
        [
          501.8511047363281,
          194.8702392578125
        ],
        [
          1927.8511047363281,
          194.8702392578125
        ]
      ],
      "rotate": 0,
      "semantic": {
        "element": "标尺",
        "links": []
      },
      "ext": {
        "文字识别结果": [
          "6200"
        ]
      }
    },
    {
      "id": 69,
      "type": "polyline",
      "shape": "polyline",
      "coord": [
        [
          1571.8511047363281,
          254.8702392578125
        ],
        [
          1927.8511047363281,
          254.8702392578125
        ]
      ],
      "rotate": 0,
      "semantic": {
        "element": "标尺",
        "links": []
      },
      "ext": {
        "文字识别结果": [
          "1580"
        ]
      }
    },
    {
      "id": 70,
      "type": "polyline",
      "shape": "polyline",
      "coord": [
        [
          1069.8511047363281,
          768.8702392578125
        ],
        [
          1251.8511047363281,
          768.8702392578125
        ]
      ],
      "rotate": 0,
      "semantic": {
        "element": "标尺",
        "links": []
      },
      "ext": {
        "文字识别结果": [
          "800"
        ]
      }
    },
    {
      "id": 71,
      "type": "polyline",
      "shape": "polyline",
      "coord": [
        [
          1817.8511047363281,
          1256.8702392578125
        ],
        [
          1927.8511047363281,
          1256.8702392578125
        ]
      ],
      "rotate": 0,
      "semantic": {
        "element": "标尺",
        "links": []
      },
      "ext": {
        "文字识别结果": [
          "500"
        ]
      }
    },
    {
      "id": 72,
      "type": "polyline",
      "shape": "polyline",
      "coord": [
        [
          501.8511047363281,
          1422.8702392578125
        ],
        [
          541.8511047363281,
          1422.8702392578125
        ]
      ],
      "rotate": 0,
      "semantic": {
        "element": "标尺",
        "links": []
      },
      "ext": {
        "文字识别结果": [
          "180"
        ]
      }
    },
    {
      "id": 73,
      "type": "polyline",
      "shape": "polyline",
      "coord": [
        [
          1385.8511047363281,
          1438.8702392578125
        ],
        [
          1699.8511047363281,
          1438.8702392578125
        ]
      ],
      "rotate": 0,
      "semantic": {
        "element": "标尺",
        "links": []
      },
      "ext": {
        "文字识别结果": [
          "1400"
        ]
      }
    },
    {
      "id": 74,
      "type": "polyline",
      "shape": "polyline",
      "coord": [
        [
          1813.8511047363281,
          1454.8702392578125
        ],
        [
          1927.8511047363281,
          1454.8702392578125
        ]
      ],
      "rotate": 0,
      "semantic": {
        "element": "标尺",
        "links": []
      },
      "ext": {
        "文字识别结果": [
          "520十"
        ]
      }
    },
    {
      "id": 75,
      "type": "polyline",
      "shape": "polyline",
      "coord": [
        [
          501.8511047363281,
          1568.8702392578125
        ],
        [
          851.8511047363281,
          1568.8702392578125
        ]
      ],
      "rotate": 0,
      "semantic": {
        "element": "标尺",
        "links": []
      },
      "ext": {
        "文字识别结果": [
          "1560"
        ]
      }
    },
    {
      "id": 76,
      "type": "polyline",
      "shape": "polyline",
      "coord": [
        [
          613.8511047363281,
          1778.8702392578125
        ],
        [
          657.8511047363281,
          1778.8702392578125
        ]
      ],
      "rotate": 0,
      "semantic": {
        "element": "标尺",
        "links": []
      },
      "ext": {
        "文字识别结果": [
          "**200"
        ]
      }
    },
    {
      "id": 77,
      "type": "polyline",
      "shape": "polyline",
      "coord": [
        [
          1571.8511047363281,
          1818.8702392578125
        ],
        [
          1931.8511047363281,
          1818.8702392578125
        ]
      ],
      "rotate": 0,
      "semantic": {
        "element": "标尺",
        "links": []
      },
      "ext": {
        "文字识别结果": [
          "1580"
        ]
      }
    },
    {
      "id": 78,
      "type": "polyline",
      "shape": "polyline",
      "coord": [
        [
          1251.8511047363281,
          768.8702392578125
        ],
        [
          1385.8511047363281,
          768.8702392578125
        ]
      ],
      "rotate": 0,
      "semantic": {
        "element": "标尺",
        "links": []
      },
      "ext": {
        "文字识别结果": [
          "610"
        ]
      }
    },
    {
      "id": 79,
      "type": "polyline",
      "shape": "polyline",
      "coord": [
        [
          1385.8511047363281,
          768.8702392578125
        ],
        [
          1523.8511047363281,
          768.8702392578125
        ]
      ],
      "rotate": 0,
      "semantic": {
        "element": "标尺",
        "links": []
      },
      "ext": {
        "文字识别结果": [
          "60?"
        ]
      }
    },
    {
      "id": 80,
      "type": "polyline",
      "shape": "polyline",
      "coord": [
        [
          541.8511047363281,
          1422.8702392578125
        ],
        [
          767.8511047363281,
          1422.8702392578125
        ]
      ],
      "rotate": 0,
      "semantic": {
        "element": "标尺",
        "links": []
      },
      "ext": {
        "文字识别结果": [
          "1000"
        ]
      }
    },
    {
      "id": 81,
      "type": "polyline",
      "shape": "polyline",
      "coord": [
        [
          657.8511047363281,
          1778.8702392578125
        ],
        [
          883.8511047363281,
          1778.8702392578125
        ]
      ],
      "rotate": 0,
      "semantic": {
        "element": "标尺",
        "links": []
      },
      "ext": {
        "文字识别结果": [
          "1000"
        ]
      }
    },
    {
      "id": 82,
      "type": "polyline",
      "shape": "polyline",
      "coord": [
        [
          989.8511047363281,
          768.8702392578125
        ],
        [
          1071.8511047363281,
          768.8702392578125
        ]
      ],
      "rotate": 0,
      "semantic": {
        "element": "标尺",
        "links": []
      },
      "ext": {
        "文字识别结果": [
          ""
        ]
      }
    },
    {
      "id": 83,
      "type": "box",
      "shape": "rect",
      "coord": [
        [
          497.8511047363281,
          1624.8702392578125
        ],
        [
          593.8511047363281,
          1722.8702392578125
        ]
      ],
      "rotate": 0,
      "semantic": {
        "element": "柱子",
        "links": []
      },
      "ext": {}
    },
    {
      "id": 84,
      "type": "box",
      "shape": "rect",
      "coord": [
        [
          1837.8511047363281,
          1628.8702392578125
        ],
        [
          1927.8511047363281,
          1718.8702392578125
        ]
      ],
      "rotate": 0,
      "semantic": {
        "element": "柱子",
        "links": []
      },
      "ext": {}
    },
    {
      "id": 85,
      "type": "box",
      "shape": "rect",
      "coord": [
        [
          1385.8511047363281,
          700.8702392578125
        ],
        [
          1483.8511047363281,
          716.8702392578125
        ]
      ],
      "rotate": 0,
      "semantic": {
        "element": "机柜",
        "links": []
      },
      "ext": {
        "文字识别结果": [
          ""
        ],
        "门朝向": "right"
      }
    },
    {
      "id": 86,
      "type": "box",
      "shape": "rect",
      "coord": [
        [
          851.8511047363281,
          1398.8702392578125
        ],
        [
          989.8511047363281,
          1532.8702392578125
        ]
      ],
      "rotate": 0,
      "semantic": {
        "element": "普通设备",
        "links": []
      },
      "ext": {
        "文字识别结果": [
          "天"
        ]
      }
    },
    {
      "id": 87,
      "type": "box",
      "shape": "rect",
      "coord": [
        [
          497.8511047363281,
          312.8702392578125
        ],
        [
          1041.8511047363281,
          1354.8702392578125
        ]
      ],
      "rotate": 0,
      "semantic": {
        "element": "普通设备",
        "links": []
      },
      "ext": {
        "文字识别结果": [
          "基站机房一层)10001600"
        ]
      }
    },
    {
      "id": 88,
      "type": "box",
      "shape": "rect",
      "coord": [
        [
          1069.8511047363281,
          460.8702392578125
        ],
        [
          1087.8511047363281,
          550.8702392578125
        ]
      ],
      "rotate": 0,
      "semantic": {
        "element": "普通设备",
        "links": []
      },
      "ext": {
        "文字识别结果": [
          ""
        ]
      }
    },
    {
      "id": 89,
      "type": "box",
      "shape": "rect",
      "coord": [
        [
          1069.8511047363281,
          574.8702392578125
        ],
        [
          1103.8511047363281,
          590.8702392578125
        ]
      ],
      "rotate": 0,
      "semantic": {
        "element": "普通设备",
        "links": []
      },
      "ext": {
        "文字识别结果": [
          ""
        ]
      }
    },
    {
      "id": 90,
      "type": "box",
      "shape": "rect",
      "coord": [
        [
          1069.8511047363281,
          682.8702392578125
        ],
        [
          1103.8511047363281,
          696.8702392578125
        ]
      ],
      "rotate": 0,
      "semantic": {
        "element": "普通设备",
        "links": []
      },
      "ext": {
        "文字识别结果": [
          ""
        ]
      }
    },
    {
      "id": 91,
      "type": "box",
      "shape": "rect",
      "coord": [
        [
          1163.8511047363281,
          312.8702392578125
        ],
        [
          1251.8511047363281,
          340.8702392578125
        ]
      ],
      "rotate": 0,
      "semantic": {
        "element": "普通设备",
        "links": []
      },
      "ext": {
        "文字识别结果": [
          ""
        ]
      }
    },
    {
      "id": 92,
      "type": "box",
      "shape": "rect",
      "coord": [
        [
          1183.8511047363281,
          1090.8702392578125
        ],
        [
          1329.8511047363281,
          1106.8702392578125
        ]
      ],
      "rotate": 0,
      "semantic": {
        "element": "普通设备",
        "links": []
      },
      "ext": {
        "文字识别结果": [
          ""
        ]
      }
    },
    {
      "id": 93,
      "type": "box",
      "shape": "rect",
      "coord": [
        [
          1251.8511047363281,
          682.8702392578125
        ],
        [
          1385.8511047363281,
          700.8702392578125
        ]
      ],
      "rotate": 0,
      "semantic": {
        "element": "普通设备",
        "links": []
      },
      "ext": {
        "文字识别结果": [
          ""
        ]
      }
    },
    {
      "id": 94,
      "type": "box",
      "shape": "rect",
      "coord": [
        [
          1251.8511047363281,
          700.8702392578125
        ],
        [
          1385.8511047363281,
          716.8702392578125
        ]
      ],
      "rotate": 0,
      "semantic": {
        "element": "普通设备",
        "links": []
      },
      "ext": {
        "文字识别结果": [
          ""
        ]
      }
    },
    {
      "id": 95,
      "type": "box",
      "shape": "rect",
      "coord": [
        [
          1271.8511047363281,
          1280.8702392578125
        ],
        [
          1385.8511047363281,
          1350.8702392578125
        ]
      ],
      "rotate": 0,
      "semantic": {
        "element": "普通设备",
        "links": []
      },
      "ext": {
        "文字识别结果": [
          ""
        ]
      }
    },
    {
      "id": 96,
      "type": "box",
      "shape": "rect",
      "coord": [
        [
          1385.8511047363281,
          646.8702392578125
        ],
        [
          1453.8511047363281,
          680.8702392578125
        ]
      ],
      "rotate": 0,
      "semantic": {
        "element": "普通设备",
        "links": []
      },
      "ext": {
        "文字识别结果": [
          ""
        ]
      }
    },
    {
      "id": 97,
      "type": "box",
      "shape": "rect",
      "coord": [
        [
          1329.8511047363281,
          970.8702392578125
        ],
        [
          1463.8511047363281,
          1002.8702392578125
        ]
      ],
      "rotate": 0,
      "semantic": {
        "element": "普通设备",
        "links": []
      },
      "ext": {
        "文字识别结果": [
          ""
        ]
      }
    },
    {
      "id": 98,
      "type": "box",
      "shape": "rect",
      "coord": [
        [
          1329.8511047363281,
          1090.8702392578125
        ],
        [
          1463.8511047363281,
          1104.8702392578125
        ]
      ],
      "rotate": 0,
      "semantic": {
        "element": "普通设备",
        "links": []
      },
      "ext": {
        "文字识别结果": [
          ""
        ]
      }
    },
    {
      "id": 99,
      "type": "box",
      "shape": "rect",
      "coord": [
        [
          1449.8511047363281,
          590.8702392578125
        ],
        [
          1523.8511047363281,
          646.8702392578125
        ]
      ],
      "rotate": 0,
      "semantic": {
        "element": "普通设备",
        "links": []
      },
      "ext": {
        "文字识别结果": [
          ""
        ]
      }
    },
    {
      "id": 100,
      "type": "box",
      "shape": "rect",
      "coord": [
        [
          1449.8511047363281,
          646.8702392578125
        ],
        [
          1523.8511047363281,
          680.8702392578125
        ]
      ],
      "rotate": 0,
      "semantic": {
        "element": "普通设备",
        "links": []
      },
      "ext": {
        "文字识别结果": [
          ""
        ]
      }
    },
    {
      "id": 101,
      "type": "box",
      "shape": "rect",
      "coord": [
        [
          1523.8511047363281,
          682.8702392578125
        ],
        [
          1571.8511047363281,
          696.8702392578125
        ]
      ],
      "rotate": 0,
      "semantic": {
        "element": "普通设备",
        "links": []
      },
      "ext": {
        "文字识别结果": [
          ""
        ]
      }
    },
    {
      "id": 102,
      "type": "box",
      "shape": "rect",
      "coord": [
        [
          1523.8511047363281,
          700.8702392578125
        ],
        [
          1571.8511047363281,
          716.8702392578125
        ]
      ],
      "rotate": 0,
      "semantic": {
        "element": "普通设备",
        "links": []
      },
      "ext": {
        "文字识别结果": [
          ""
        ]
      }
    },
    {
      "id": 103,
      "type": "box",
      "shape": "rect",
      "coord": [
        [
          1571.8511047363281,
          682.8702392578125
        ],
        [
          1659.8511047363281,
          700.8702392578125
        ]
      ],
      "rotate": 0,
      "semantic": {
        "element": "普通设备",
        "links": []
      },
      "ext": {
        "文字识别结果": [
          ""
        ]
      }
    },
    {
      "id": 104,
      "type": "box",
      "shape": "rect",
      "coord": [
        [
          1571.8511047363281,
          696.8702392578125
        ],
        [
          1659.8511047363281,
          716.8702392578125
        ]
      ],
      "rotate": 0,
      "semantic": {
        "element": "普通设备",
        "links": []
      },
      "ext": {
        "文字识别结果": [
          ""
        ]
      }
    },
    {
      "id": 105,
      "type": "box",
      "shape": "rect",
      "coord": [
        [
          1647.8511047363281,
          1280.8702392578125
        ],
        [
          1673.8511047363281,
          1354.8702392578125
        ]
      ],
      "rotate": 0,
      "semantic": {
        "element": "普通设备",
        "links": []
      },
      "ext": {
        "文字识别结果": [
          ""
        ]
      }
    },
    {
      "id": 106,
      "type": "box",
      "shape": "rect",
      "coord": [
        [
          1703.8511047363281,
          1280.8702392578125
        ],
        [
          1817.8511047363281,
          1346.8702392578125
        ]
      ],
      "rotate": 0,
      "semantic": {
        "element": "普通设备",
        "links": []
      },
      "ext": {
        "文字识别结果": [
          ""
        ]
      }
    },
    {
      "id": 107,
      "type": "box",
      "shape": "rect",
      "coord": [
        [
          1345.8511047363281,
          1354.8702392578125
        ],
        [
          1361.8511047363281,
          1382.8702392578125
        ]
      ],
      "rotate": 0,
      "semantic": {
        "element": "馈线洞",
        "links": []
      },
      "ext": {}
    },
    {
      "id": 108,
      "type": "box",
      "shape": "rect",
      "coord": [
        [
          1773.8511047363281,
          1354.8702392578125
        ],
        [
          1793.8511047363281,
          1378.8702392578125
        ]
      ],
      "rotate": 0,
      "semantic": {
        "element": "馈线洞",
        "links": []
      },
      "ext": {}
    },
    {
      "id": 110,
      "type": "other",
      "shape": "rect",
      "coord": [
        [
          1153.2309875488281,
          1420.7059326171875
        ],
        [
          1282.7198181152344,
          1468.224853515625
        ]
      ],
      "rotate": 0,
      "semantic": {
        "element": "带指向性文字",
        "links": []
      },
      "ext": {
        "文字识别结果": [
          "空调排水孔"
        ]
      }
    },
    {
      "id": 111,
      "type": "other",
      "shape": "rect",
      "coord": [
        [
          1376.7745666503906,
          867.5953979492188
        ],
        [
          1443.9953918457031,
          941.0773315429688
        ]
      ],
      "rotate": 0,
      "semantic": {
        "element": "带指向性文字",
        "links": []
      },
      "ext": {
        "文字识别结果": [
          "D01",
          "D03"
        ]
      }
    },
    {
      "id": 112,
      "type": "other",
      "shape": "rect",
      "coord": [
        [
          1114.9762268066406,
          481.3860778808594
        ],
        [
          1152.8548278808594,
          531.8796081542969
        ]
      ],
      "rotate": 0,
      "semantic": {
        "element": "带指向性文字",
        "links": []
      },
      "ext": {
        "文字识别结果": [
          ""
        ]
      }
    },
    {
      "id": 113,
      "type": "other",
      "shape": "rect",
      "coord": [
        [
          1133.7475280761719,
          568.4910888671875
        ],
        [
          1168.1450500488281,
          614.4735717773438
        ]
      ],
      "rotate": 0,
      "semantic": {
        "element": "带指向性文字",
        "links": []
      },
      "ext": {
        "文字识别结果": [
          ""
        ]
      }
    },
    {
      "id": 114,
      "type": "other",
      "shape": "rect",
      "coord": [
        [
          1138.1993103027344,
          644.2327880859375
        ],
        [
          1194.0109558105469,
          689.1341552734375
        ]
      ],
      "rotate": 0,
      "semantic": {
        "element": "带指向性文字",
        "links": []
      },
      "ext": {
        "文字识别结果": [
          "地排"
        ]
      }
    },
    {
      "id": 115,
      "type": "other",
      "shape": "rect",
      "coord": [
        [
          1464.8005676269531,
          397.33270263671875
        ],
        [
          1525.5884094238281,
          446.0574951171875
        ]
      ],
      "rotate": 0,
      "semantic": {
        "element": "带指向性文字",
        "links": []
      },
      "ext": {
        "文字识别结果": [
          "Z01"
        ]
      }
    },
    {
      "id": 116,
      "type": "other",
      "shape": "rect",
      "coord": [
        [
          1640.6086730957031,
          803.4830322265625
        ],
        [
          1706.0862121582031,
          857.465576171875
        ]
      ],
      "rotate": 0,
      "semantic": {
        "element": "带指向性文字",
        "links": []
      },
      "ext": {
        "文字识别结果": [
          "X01"
        ]
      }
    },
    {
      "id": 117,
      "type": "other",
      "shape": "rect",
      "coord": [
        [
          1150.8421936035156,
          1418.261474609375
        ],
        [
          1280.1659240722656,
          1468.62548828125
        ]
      ],
      "rotate": 0,
      "semantic": {
        "element": "带指向性文字",
        "links": []
      },
      "ext": {
        "文字识别结果": [
          "空调排水孔"
        ]
      }
    },
    {
      "id": 118,
      "type": "other",
      "shape": "rect",
      "coord": [
        [
          1377.3041076660156,
          865.8887939453125
        ],
        [
          1442.8214416503906,
          939.8419799804688
        ]
      ],
      "rotate": 0,
      "semantic": {
        "element": "带指向性文字",
        "links": []
      },
      "ext": {
        "文字识别结果": [
          "D01",
          "D03"
        ]
      }
    },
    {
      "id": 119,
      "type": "other",
      "shape": "rect",
      "coord": [
        [
          1113.6081848144531,
          481.1824645996094
        ],
        [
          1151.1048889160156,
          531.5811767578125
        ]
      ],
      "rotate": 0,
      "semantic": {
        "element": "带指向性文字",
        "links": []
      },
      "ext": {
        "文字识别结果": [
          "8"
        ]
      }
    },
    {
      "id": 120,
      "type": "other",
      "shape": "rect",
      "coord": [
        [
          1136.2354431152344,
          643.9580688476562
        ],
        [
          1193.2290954589844,
          688.3511352539062
        ]
      ],
      "rotate": 0,
      "semantic": {
        "element": "带指向性文字",
        "links": []
      },
      "ext": {
        "文字识别结果": [
          ""
        ]
      }
    },
    {
      "id": 121,
      "type": "other",
      "shape": "rect",
      "coord": [
        [
          1132.2510070800781,
          566.7566528320312
        ],
        [
          1170.3321838378906,
          617.5181274414062
        ]
      ],
      "rotate": 0,
      "semantic": {
        "element": "带指向性文字",
        "links": []
      },
      "ext": {
        "文字识别结果": [
          ""
        ]
      }
    },
    {
      "id": 122,
      "type": "other",
      "shape": "rect",
      "coord": [
        [
          1464.1059875488281,
          397.5330810546875
        ],
        [
          1525.9830627441406,
          445.45220947265625
        ]
      ],
      "rotate": 0,
      "semantic": {
        "element": "带指向性文字",
        "links": []
      },
      "ext": {
        "文字识别结果": [
          "z01"
        ]
      }
    },
    {
      "id": 123,
      "type": "other",
      "shape": "rect",
      "coord": [
        [
          1638.8244934082031,
          801.6332397460938
        ],
        [
          1706.0912170410156,
          860.8036499023438
        ]
      ],
      "rotate": 0,
      "semantic": {
        "element": "带指向性文字",
        "links": []
      },
      "ext": {
        "文字识别结果": [
          "X01"
        ]
      }
    },
    {
      "id": 124,
      "type": "other",
      "shape": "rect",
      "coord": [
        [
          643.3149108886719,
          756.7786865234375
        ],
        [
          807.0886535644531,
          929.7081298828125
        ]
      ],
      "rotate": 0,
      "semantic": {
        "element": "无指向性文字",
        "links": []
      },
      "ext": {
        "文字识别结果": [
          "基站机房（一层）"
        ]
      }
    },
    {
      "id": 125,
      "type": "other",
      "shape": "rect",
      "coord": [
        [
          645.0054016113281,
          756.3108520507812
        ],
        [
          804.0399475097656,
          923.1288452148438
        ]
      ],
      "rotate": 0,
      "semantic": {
        "element": "无指向性文字",
        "links": []
      },
      "ext": {
        "文字识别结果": [
          "基站机房（一层）"
        ]
      }
    },
    {
      "id": 126,
      "type": "other",
      "shape": "rect",
      "coord": [
        [
          539.6150512695312,
          1342.648193359375
        ],
        [
          774.50244140625,
          1392.4853515625
        ]
      ],
      "rotate": 0,
      "semantic": {
        "element": "门",
        "links": []
      },
      "ext": {}
    },
    {
      "id": 127,
      "type": "other",
      "shape": "rect",
      "coord": [
        [
          658.8977661132812,
          1712.705078125
        ],
        [
          885.7285766601562,
          1770.349609375
        ]
      ],
      "rotate": 0,
      "semantic": {
        "element": "门",
        "links": []
      },
      "ext": {}
    },
    {
      "id": 128,
      "type": "other",
      "shape": "rect",
      "coord": [
        [
          1021.1714477539062,
          768.6527099609375
        ],
        [
          1085.64404296875,
          989.486083984375
        ]
      ],
      "rotate": 0,
      "semantic": {
        "element": "门",
        "links": []
      },
      "ext": {}
    },
    {
      "id": 129,
      "type": "other",
      "shape": "rect",
      "coord": [
        [
          3760.636474609375,
          1833.827880859375
        ],
        [
          3904.858642578125,
          1880.335693359375
        ]
      ],
      "rotate": 0,
      "semantic": {
        "element": "图例小图",
        "links": [
          {
            "pair_id": 144,
            "label": "图例文字",
            "distance": 173.691650390625
          }
        ]
      },
      "ext": {
        "图例归类": "新增走线架"
      }
    },
    {
      "id": 130,
      "type": "other",
      "shape": "rect",
      "coord": [
        [
          3323.777587890625,
          1833.626708984375
        ],
        [
          3474.987548828125,
          1883.15087890625
        ]
      ],
      "rotate": 0,
      "semantic": {
        "element": "图例小图",
        "links": [
          {
            "pair_id": 143,
            "label": "图例文字",
            "distance": 177.056640625
          }
        ]
      },
      "ext": {
        "图例归类": "原有走线架"
      }
    },
    {
      "id": 131,
      "type": "other",
      "shape": "rect",
      "coord": [
        [
          2904.629638671875,
          1840.0068359375
        ],
        [
          3051.6884765625,
          1881.240234375
        ]
      ],
      "rotate": 0,
      "semantic": {
        "element": "图例小图",
        "links": [
          {
            "pair_id": 142,
            "label": "图例文字",
            "distance": 181.7801513671875
          }
        ]
      },
      "ext": {
        "图例归类": "信号电缆"
      }
    },
    {
      "id": 132,
      "type": "other",
      "shape": "rect",
      "coord": [
        [
          2903.2109375,
          1961.557861328125
        ],
        [
          3048.647216796875,
          1996.5087890625
        ]
      ],
      "rotate": 0,
      "semantic": {
        "element": "图例小图",
        "links": [
          {
            "pair_id": 148,
            "label": "图例文字",
            "distance": 184.5101318359375
          }
        ]
      },
      "ext": {
        "图例归类": "接地线缆"
      }
    },
    {
      "id": 133,
      "type": "other",
      "shape": "rect",
      "coord": [
        [
          3356.89013671875,
          1970.8818359375
        ],
        [
          3428.24658203125,
          2000.080810546875
        ]
      ],
      "rotate": 0,
      "semantic": {
        "element": "图例小图",
        "links": [
          {
            "pair_id": 149,
            "label": "图例文字",
            "distance": 180.870849609375
          }
        ]
      },
      "ext": {
        "图例归类": "未归类成功"
      }
    },
    {
      "id": 134,
      "type": "other",
      "shape": "rect",
      "coord": [
        [
          1046.167236328125,
          1826.8427734375
        ],
        [
          1424.2247314453125,
          1987.8515625
        ]
      ],
      "rotate": 0,
      "semantic": {
        "element": "机房标题",
        "links": []
      },
      "ext": {
        "文字识别结果": [
          "阳江合山温泉机房1层"
        ]
      }
    },
    {
      "id": 135,
      "type": "table",
      "shape": "rect",
      "coord": [
        [
          2122.09423828125,
          2043.262451171875
        ],
        [
          3897.2470703125,
          2437.79150390625
        ]
      ],
      "rotate": 0,
      "semantic": {
        "element": "物料表",
        "links": []
      },
      "ext": {
        "表格识别结果": [
          [
            "序号",
            "工程作业环",
            "风险说明",
            "险处置方案"
          ],
          [
            "1",
            "布放各类线纳",
            "布放电源线未做好绝缘和防护措施导致触电",
            "施工时要按照规安装设备和布放线缆，做好线缆"
          ],
          [
            "",
            "布放各类线继",
            "施工作业（拉）断邻近电缆、光纤造成供电或",
            "施工人员施工时要求遵守施工安全规范，按规范进行"
          ]
        ]
      }
    },
    {
      "id": 136,
      "type": "table",
      "shape": "rect",
      "coord": [
        [
          2125.234130859375,
          817.620361328125
        ],
        [
          4014.475830078125,
          1365.380615234375
        ]
      ],
      "rotate": 0,
      "semantic": {
        "element": "物料表",
        "links": []
      },
      "ext": {
        "表格识别结果": [
          [
            "线缆",
            "线缆",
            "线缆路由",
            "",
            "导线规格型号",
            "线缆数量",
            "单根长度",
            "总长度",
            "敷设方式"
          ],
          [
            "",
            "",
            "",
            "到",
            "",
            "",
            "",
            "",
            ""
          ],
          [
            "J01",
            "交流电缆",
            "交流配电箱",
            "开关电源",
            "R-VV-KV-316mm2",
            "",
            "",
            "",
            "走线架走线"
          ],
          [
            "201",
            "直流电缆",
            "开关电源",
            "DCDU",
            "ZR-VV-KV-116mm",
            "",
            "",
            "",
            "走线架走线"
          ],
          [
            "201",
            "直流电缆",
            "DCDU",
            "BBU",
            "ZR-VW-1KV-2X4mm",
            "2",
            "10",
            "20",
            "走线架走线"
          ],
          [
            "D01",
            "地线",
            "BBU",
            "室内地排",
            "R-VV-KV-X6m",
            "",
            "8",
            "8",
            "走线架走线"
          ],
          [
            "D02",
            "地线",
            "交转直",
            "室内地排",
            "ZR-V-1KV-16m",
            "",
            "",
            "",
            "走线架走线"
          ],
          [
            "D03",
            "地线",
            "GPS馈线避雷器",
            "室内地排",
            "ZR-V-1KV-116mm2",
            "1",
            "8",
            "8",
            "走线架走线"
          ],
          [
            "X01",
            "信号线",
            "BBU",
            "传输设备",
            "5G专用光纤（E",
            "1",
            "20",
            "20",
            "走线架走线"
          ],
          [
            "X02",
            "信号线",
            "BBU",
            "GPS天线",
            "1/2馈线",
            "见天面图",
            "",
            "",
            "走线架走线"
          ]
        ]
      }
    },
    {
      "id": 137,
      "type": "table",
      "shape": "rect",
      "coord": [
        [
          2122.422607421875,
          1540.0615234375
        ],
        [
          2752.356201171875,
          1960.276611328125
        ]
      ],
      "rotate": 0,
      "semantic": {
        "element": "物料表",
        "links": []
      },
      "ext": {
        "表格识别结果": [
          [
            "直流电源",
            "",
            "交流电源",
            ""
          ],
          [
            "正极",
            "红色",
            "相",
            "黄色"
          ],
          [
            "",
            "",
            "L2相",
            "绿色"
          ],
          [
            "负极",
            "蓝色",
            "3相",
            "红色"
          ],
          [
            "",
            "",
            "中性线",
            "浅蓝色"
          ],
          [
            "",
            "",
            "保护接地线",
            "黄绿色"
          ]
        ]
      }
    },
    {
      "id": 138,
      "type": "table",
      "shape": "rect",
      "coord": [
        [
          2870.475830078125,
          1530.94921875
        ],
        [
          3867.560791015625,
          1772.661865234375
        ]
      ],
      "rotate": 0,
      "semantic": {
        "element": "物料表",
        "links": []
      },
      "ext": {
        "表格识别结果": [
          [
            "房号",
            "名称",
            "单位",
            "数量",
            "备注"
          ],
          [
            "1",
            "水平走线架（宽度400mm）",
            "",
            "",
            ""
          ],
          [
            "2",
            "垂直走线架（宽度400m）",
            "",
            "",
            ""
          ]
        ]
      }
    },
    {
      "id": 139,
      "type": "table",
      "shape": "rect",
      "coord": [
        [
          2057.99072265625,
          2502.75830078125
        ],
        [
          4104.9599609375,
          2874.43408203125
        ]
      ],
      "rotate": 0,
      "semantic": {
        "element": "标题栏",
        "links": []
      },
      "ext": {
        "表格识别结果": [
          [
            "",
            "",
            "审核人",
            "",
            "中讯邮电询设计院有限公司",
            ""
          ],
          [
            "处主管",
            "宝發",
            "制图人",
            "林文校",
            "",
            ""
          ],
          [
            "",
            "",
            "",
            "",
            "2021年中国联通厂东阳江5G基站2C覆盖二期工",
            ""
          ],
          [
            "设计总负责人",
            "",
            "单",
            "mm",
            "",
            ""
          ],
          [
            "单项负责人",
            "陈",
            "比",
            "1:100",
            "",
            ""
          ],
          [
            "设计人",
            "",
            "目",
            "2021-09",
            "图号",
            "2021S0"
          ]
        ]
      }
    },
    {
      "id": 140,
      "type": "other",
      "shape": "rect",
      "coord": [
        [
          2697.439208984375,
          1781.32763671875
        ],
        [
          4154.70849609375,
          2053.23046875
        ]
      ],
      "rotate": 0,
      "semantic": {
        "element": "图例",
        "links": []
      },
      "ext": {}
    },
    {
      "id": 141,
      "type": "other",
      "shape": "rect",
      "coord": [
        [
          2800.439208984375,
          1838.32763671875
        ],
        [
          2836.439208984375,
          1878.32763671875
        ]
      ],
      "rotate": 0,
      "semantic": {
        "element": "图例文字误识别",
        "links": []
      },
      "ext": {
        "文字识别结果": [
          "例："
        ],
        "图例归类": "未归类成功"
      }
    },
    {
      "id": 142,
      "type": "other",
      "shape": "rect",
      "coord": [
        [
          3114.439208984375,
          1840.32763671875
        ],
        [
          3205.439208984375,
          1874.32763671875
        ]
      ],
      "rotate": 0,
      "semantic": {
        "element": "图例文字",
        "links": []
      },
      "ext": {
        "文字识别结果": [
          "信号线缆"
        ],
        "图例归类": "信号电缆"
      }
    },
    {
      "id": 143,
      "type": "other",
      "shape": "rect",
      "coord": [
        [
          3498.439208984375,
          1840.32763671875
        ],
        [
          3654.439208984375,
          1878.32763671875
        ]
      ],
      "rotate": 0,
      "semantic": {
        "element": "图例文字",
        "links": []
      },
      "ext": {
        "文字识别结果": [
          "原有水平走线架"
        ],
        "图例归类": "原有走线架"
      }
    },
    {
      "id": 144,
      "type": "other",
      "shape": "rect",
      "coord": [
        [
          3927.439208984375,
          1842.32763671875
        ],
        [
          4085.439208984375,
          1880.32763671875
        ]
      ],
      "rotate": 0,
      "semantic": {
        "element": "图例文字",
        "links": []
      },
      "ext": {
        "文字识别结果": [
          "新增水平走线架"
        ],
        "图例归类": "新增走线架"
      }
    },
    {
      "id": 145,
      "type": "other",
      "shape": "rect",
      "coord": [
        [
          3117.439208984375,
          1902.32763671875
        ],
        [
          3205.439208984375,
          1936.32763671875
        ]
      ],
      "rotate": 0,
      "semantic": {
        "element": "图例文字",
        "links": []
      },
      "ext": {
        "文字识别结果": [
          "电力线缆"
        ],
        "图例归类": "电力线缆"
      }
    },
    {
      "id": 146,
      "type": "other",
      "shape": "rect",
      "coord": [
        [
          3496.439208984375,
          1910.32763671875
        ],
        [
          3651.439208984375,
          1942.32763671875
        ]
      ],
      "rotate": 0,
      "semantic": {
        "element": "图例文字",
        "links": []
      },
      "ext": {
        "文字识别结果": [
          "原有垂直走线架"
        ],
        "图例归类": "原有垂直走线架"
      }
    },
    {
      "id": 147,
      "type": "other",
      "shape": "rect",
      "coord": [
        [
          3929.439208984375,
          1934.32763671875
        ],
        [
          4085.439208984375,
          1972.32763671875
        ]
      ],
      "rotate": 0,
      "semantic": {
        "element": "图例文字",
        "links": []
      },
      "ext": {
        "文字识别结果": [
          "新增垂直走线架"
        ],
        "图例归类": "新增垂直走线架"
      }
    },
    {
      "id": 148,
      "type": "other",
      "shape": "rect",
      "coord": [
        [
          3114.439208984375,
          1963.32763671875
        ],
        [
          3206.439208984375,
          1995.32763671875
        ]
      ],
      "rotate": 0,
      "semantic": {
        "element": "图例文字",
        "links": []
      },
      "ext": {
        "文字识别结果": [
          "接地线缆"
        ],
        "图例归类": "接地线缆"
      }
    },
    {
      "id": 149,
      "type": "other",
      "shape": "rect",
      "coord": [
        [
          3499.439208984375,
          1972.32763671875
        ],
        [
          3647.439208984375,
          1991.32763671875
        ]
      ],
      "rotate": 0,
      "semantic": {
        "element": "图例文字",
        "links": []
      },
      "ext": {
        "文字识别结果": [
          "原古重克仙士"
        ],
        "图例归类": "未归类成功"
      }
    },
    {
      "id": 150,
      "type": "other",
      "shape": "rect",
      "coord": [
        [
          1040.7022705078125,
          577.3492431640625
        ],
        [
          1927.160400390625,
          690.9400634765625
        ]
      ],
      "rotate": 0,
      "semantic": {
        "element": "走线架",
        "links": []
      },
      "ext": {}
    },
    {
      "id": 151,
      "type": "other",
      "shape": "rect",
      "coord": [
        [
          1337.59765625,
          316.34033203125
        ],
        [
          1427.5914306640625,
          579.7852783203125
        ]
      ],
      "rotate": 0,
      "semantic": {
        "element": "走线架",
        "links": []
      },
      "ext": {}
    },
    {
      "id": 152,
      "type": "other",
      "shape": "rect",
      "coord": [
        [
          1082.085693359375,
          987.727783203125
        ],
        [
          1951.5479736328125,
          1089.200439453125
        ]
      ],
      "rotate": 0,
      "semantic": {
        "element": "走线架",
        "links": []
      },
      "ext": {}
    },
    {
      "id": 153,
      "type": "other",
      "shape": "rect",
      "coord": [
        [
          1482.85205078125,
          1082.91552734375
        ],
        [
          1573.49072265625,
          1334.6796875
        ]
      ],
      "rotate": 0,
      "semantic": {
        "element": "走线架",
        "links": []
      },
      "ext": {}
    },
    {
      "id": 154,
      "type": "other",
      "shape": "rect",
      "coord": [
        [
          1480.5418701171875,
          677.4517822265625
        ],
        [
          1575.7520751953125,
          980.729248046875
        ]
      ],
      "rotate": 0,
      "semantic": {
        "element": "走线架",
        "links": []
      },
      "ext": {}
    },
    {
      "id": 155,
      "type": "other",
      "shape": "rect",
      "coord": [
        [
          169.3656005859375,
          1007.39892578125
        ],
        [
          367.727783203125,
          1290.616943359375
        ]
      ],
      "rotate": 0,
      "semantic": {
        "element": "建北磁北(夹角)",
        "links": []
      },
      "ext": {
        "文字识别结果": [
          "N",
          "25°"
        ],
        "文字位置": [
          [
            [
              316.3656005859375,
              1002.39892578125
            ],
            [
              379.3656005859375,
              1072.39892578125
            ]
          ],
          [
            [
              163.3656005859375,
              1208.39892578125
            ],
            [
              233.3656005859375,
              1246.39892578125
            ]
          ]
        ],
        "顶点位置": []
      }
    },
    {
      "id": 156,
      "type": "other",
      "shape": "rect",
      "coord": [
        [
          137.75157165527344,
          1841.37548828125
        ],
        [
          1934.810546875,
          2823.333984375
        ]
      ],
      "rotate": 0,
      "semantic": {
        "element": "说明文字",
        "links": []
      },
      "ext": {
        "文字识别结果": [
          "200",
          "1000",
          "说明：",
          "阳江合山温泉机房",
          "1.表中所列长度为参考长度，施工时按实际截取",
          "1层",
          "2.过电压保护装置集成在交流配电箱内.",
          "3.交流配电箱到空调，照明.环控，插座的电缆线长度由装修图提供",
          "4.传输线,尾纤，地线和电源线都沿已有走线架分开布放，绑扎；线缆长度为估列，具体以实测为准",
          "5.机架间电缆的布放符合机房电缆布放设计要求，走线合理整齐，路由清晰，不得交叉且需连接可靠：",
          "6.直流与交流电力电缆需分别沿走线架两侧布放，直流电缆与信号线需分别沿走线架两侧布放：",
          "7.布线要求固定于走线梯或线槽中，要求走线美观，整齐.牢固",
          "8.同一接地排的接线孔不得接两个线耳",
          "9.380v电源线色谱要正确ABC三相依次是黄,绿，红，零线为蓝色.直流线的高电位用红色，低电位用蓝色,黄绿",
          "线用作接地线",
          "10.直流与交流电力电缆需分别沿走线架或线槽两侧布放，电源线与信号线需分别沿走线架或线槽两侧布放：若在机柜内部走线应规划好不同类型的线缆沿机柜四周的走",
          "线槽分开布放，不得在同一路由布放",
          "11.水平走线架每隔1500mm采用垂直地支撑或垂直顶吊挂1次；垂直走线架贴墙固定，直至水平走线架，走线架安装要保证整体不晃动；"
        ]
      }
    }
  ]
}