{
  "info": {
    "像素面积": {
      "全部面积": 3528642.0,
      "设备面积": 478924.0,
      "剩余面积": 3049718.0
    },
    "图纸信息": {
      "类型": "机房",
      "名称": "105.png"
    }
  },
  "obj": [
    {
      "id": 1,
      "type": "outline",
      "shape": "polyline",
      "coord": [
        [
          489.63514709472656,
          468.6129150390625
        ],
        [
          1971.6351470947266,
          469.6129150390625
        ],
        [
          489.63514709472656,
          1657.6129150390625
        ],
        [
          711.6351470947266,
          1657.6129150390625
        ],
        [
          529.6351470947266,
          1617.6129150390625
        ],
        [
          711.6351470947266,
          1617.6129150390625
        ],
        [
          711.6351470947266,
          1657.6129150390625
        ],
        [
          1019.6351470947266,
          1616.6129150390625
        ],
        [
          1931.6351470947266,
          1617.6129150390625
        ],
        [
          533.6351470947266,
          507.6129150390625
        ],
        [
          1927.6351470947266,
          511.6129150390625
        ],
        [
          1019.6351470947266,
          1657.6129150390625
        ],
        [
          1971.6351470947266,
          1657.6129150390625
        ],
        [
          489.63514709472656,
          468.6129150390625
        ],
        [
          1971.6351470947266,
          467.6129150390625
        ],
        [
          1971.6351470947266,
          1657.6129150390625
        ],
        [
          489.63514709472656,
          467.6129150390625
        ],
        [
          489.63514709472656,
          1657.6129150390625
        ],
        [
          1931.6351470947266,
          507.6129150390625
        ],
        [
          1927.6351470947266,
          1616.6129150390625
        ],
        [
          1019.6351470947266,
          1617.6129150390625
        ],
        [
          1019.6351470947266,
          1657.6129150390625
        ],
        [
          529.6351470947266,
          511.6129150390625
        ],
        [
          533.6351470947266,
          1617.6129150390625
        ]
      ],
      "rotate": 0,
      "semantic": {
        "element": "墙轮廓",
        "path": [
          "0, 1",
          "2, 3",
          "4, 5, 6",
          "7, 8",
          "9, 10",
          "11, 12",
          "13, 14, 15",
          "16, 17",
          "18, 19",
          "20, 21",
          "22, 23"
        ],
        "links": []
      },
      "ext": {}
    },
    {
      "id": 2,
      "type": "outline",
      "shape": "polyline",
      "coord": [
        [
          489.63514709472656,
          469.6129150390625
        ],
        [
          1969.6351470947266,
          469.6129150390625
        ],
        [
          491.63514709472656,
          1659.6129150390625
        ],
        [
          707.6351470947266,
          1657.6129150390625
        ],
        [
          709.6351470947266,
          1659.6129150390625
        ],
        [
          531.6351470947266,
          1615.6129150390625
        ],
        [
          707.6351470947266,
          1615.6129150390625
        ],
        [
          491.63514709472656,
          1659.6129150390625
        ],
        [
          707.6351470947266,
          1659.6129150390625
        ],
        [
          1021.6351470947266,
          1615.6129150390625
        ],
        [
          1927.6351470947266,
          1615.6129150390625
        ],
        [
          1929.6351470947266,
          1615.6129150390625
        ],
        [
          531.6351470947266,
          509.6129150390625
        ],
        [
          1929.6351470947266,
          509.6129150390625
        ],
        [
          1021.6351470947266,
          1657.6129150390625
        ],
        [
          1971.6351470947266,
          1659.6129150390625
        ],
        [
          489.63514709472656,
          469.6129150390625
        ],
        [
          489.63514709472656,
          1659.6129150390625
        ],
        [
          1971.6351470947266,
          469.6129150390625
        ],
        [
          1969.6351470947266,
          1657.6129150390625
        ],
        [
          1927.6351470947266,
          509.6129150390625
        ],
        [
          1927.6351470947266,
          1615.6129150390625
        ],
        [
          1021.6351470947266,
          1615.6129150390625
        ],
        [
          1021.6351470947266,
          1657.6129150390625
        ],
        [
          531.6351470947266,
          509.6129150390625
        ],
        [
          531.6351470947266,
          1615.6129150390625
        ],
        [
          709.6351470947266,
          1615.6129150390625
        ],
        [
          709.6351470947266,
          1657.6129150390625
        ]
      ],
      "rotate": 0,
      "semantic": {
        "element": "墙轮廓",
        "path": [
          "0, 1",
          "2, 3, 4",
          "5, 6",
          "7, 8",
          "9, 10, 11",
          "12, 13",
          "14, 15",
          "16, 17",
          "18, 19",
          "20, 21",
          "22, 23",
          "24, 25",
          "26, 27"
        ],
        "links": []
      },
      "ext": {}
    },
    {
      "id": 2,
      "type": "polyline",
      "shape": "polyline",
      "coord": [
        [
          2137.6351470947266,
          507.6129150390625
        ],
        [
          2137.6351470947266,
          1613.6129150390625
        ]
      ],
      "rotate": 0,
      "semantic": {
        "element": "标尺",
        "links": []
      },
      "ext": {
        "文字识别结果": [
          "3400"
        ]
      }
    },
    {
      "id": 3,
      "type": "polyline",
      "shape": "polyline",
      "coord": [
        [
          1769.6351470947266,
          1161.6129150390625
        ],
        [
          1769.6351470947266,
          1617.6129150390625
        ]
      ],
      "rotate": 0,
      "semantic": {
        "element": "标尺",
        "links": []
      },
      "ext": {
        "文字识别结果": [
          "1400"
        ]
      }
    },
    {
      "id": 4,
      "type": "polyline",
      "shape": "polyline",
      "coord": [
        [
          441.63514709472656,
          1387.6129150390625
        ],
        [
          441.63514709472656,
          1613.6129150390625
        ]
      ],
      "rotate": 0,
      "semantic": {
        "element": "标尺",
        "links": []
      },
      "ext": {
        "文字识别结果": [
          "002"
        ]
      }
    },
    {
      "id": 5,
      "type": "polyline",
      "shape": "polyline",
      "coord": [
        [
          529.6351470947266,
          433.6129150390625
        ],
        [
          889.6351470947266,
          433.6129150390625
        ]
      ],
      "rotate": 0,
      "semantic": {
        "element": "标尺",
        "links": []
      },
      "ext": {
        "文字识别结果": [
          "1584"
        ]
      }
    },
    {
      "id": 6,
      "type": "polyline",
      "shape": "polyline",
      "coord": [
        [
          529.6351470947266,
          365.6129150390625
        ],
        [
          1931.6351470947266,
          365.6129150390625
        ]
      ],
      "rotate": 0,
      "semantic": {
        "element": "标尺",
        "links": []
      },
      "ext": {
        "文字识别结果": [
          "4300"
        ]
      }
    },
    {
      "id": 7,
      "type": "polyline",
      "shape": "polyline",
      "coord": [
        [
          529.6351470947266,
          1233.6129150390625
        ],
        [
          759.6351470947266,
          1233.6129150390625
        ]
      ],
      "rotate": 0,
      "semantic": {
        "element": "标尺",
        "links": []
      },
      "ext": {
        "文字识别结果": [
          "700"
        ]
      }
    },
    {
      "id": 8,
      "type": "polyline",
      "shape": "polyline",
      "coord": [
        [
          889.6351470947266,
          433.6129150390625
        ],
        [
          985.6351470947266,
          433.6129150390625
        ]
      ],
      "rotate": 0,
      "semantic": {
        "element": "标尺",
        "links": []
      },
      "ext": {
        "文字识别结果": [
          "432"
        ]
      }
    },
    {
      "id": 9,
      "type": "polyline",
      "shape": "polyline",
      "coord": [
        [
          759.6351470947266,
          1233.6129150390625
        ],
        [
          955.6351470947266,
          1233.6129150390625
        ]
      ],
      "rotate": 0,
      "semantic": {
        "element": "标尺",
        "links": []
      },
      "ext": {
        "文字识别结果": [
          "610"
        ]
      }
    },
    {
      "id": 10,
      "type": "polyline",
      "shape": "polyline",
      "coord": [
        [
          1151.6351470947266,
          1233.6129150390625
        ],
        [
          1257.6351470947266,
          1233.6129150390625
        ]
      ],
      "rotate": 0,
      "semantic": {
        "element": "标尺",
        "links": []
      },
      "ext": {
        "文字识别结果": [
          "325"
        ]
      }
    },
    {
      "id": 11,
      "type": "polyline",
      "shape": "polyline",
      "coord": [
        [
          955.6351470947266,
          1233.6129150390625
        ],
        [
          1151.6351470947266,
          1233.6129150390625
        ]
      ],
      "rotate": 0,
      "semantic": {
        "element": "标尺",
        "links": []
      },
      "ext": {
        "文字识别结果": [
          "600"
        ]
      }
    },
    {
      "id": 12,
      "type": "polyline",
      "shape": "polyline",
      "coord": [
        [
          1257.6351470947266,
          1233.6129150390625
        ],
        [
          1463.6351470947266,
          1233.6129150390625
        ]
      ],
      "rotate": 0,
      "semantic": {
        "element": "标尺",
        "links": []
      },
      "ext": {
        "文字识别结果": [
          "6411"
        ]
      }
    },
    {
      "id": 13,
      "type": "polyline",
      "shape": "polyline",
      "coord": [
        [
          1503.6351470947266,
          1233.6129150390625
        ],
        [
          1717.6351470947266,
          1233.6129150390625
        ]
      ],
      "rotate": 0,
      "semantic": {
        "element": "标尺",
        "links": []
      },
      "ext": {
        "文字识别结果": [
          "650"
        ]
      }
    },
    {
      "id": 14,
      "type": "polyline",
      "shape": "polyline",
      "coord": [
        [
          1463.6351470947266,
          1233.6129150390625
        ],
        [
          1503.6351470947266,
          1233.6129150390625
        ]
      ],
      "rotate": 0,
      "semantic": {
        "element": "标尺",
        "links": []
      },
      "ext": {
        "文字识别结果": [
          ".1151120"
        ]
      }
    },
    {
      "id": 15,
      "type": "box",
      "shape": "rect",
      "coord": [
        [
          758.6351470947266,
          963.6129150390625
        ],
        [
          953.6351470947266,
          1157.6129150390625
        ]
      ],
      "rotate": 0,
      "semantic": {
        "element": "机柜",
        "links": []
      },
      "ext": {
        "文字识别结果": [
          "4"
        ],
        "门朝向": "down",
        "表格匹配结果": [
          "4",
          "空开",
          "",
          "个",
          "",
          ""
        ]
      }
    },
    {
      "id": 16,
      "type": "box",
      "shape": "rect",
      "coord": [
        [
          1257.6351470947266,
          966.6129150390625
        ],
        [
          1463.6351470947266,
          1157.6129150390625
        ]
      ],
      "rotate": 0,
      "semantic": {
        "element": "机柜",
        "links": []
      },
      "ext": {
        "文字识别结果": [
          ""
        ],
        "门朝向": "down"
      }
    },
    {
      "id": 17,
      "type": "box",
      "shape": "rect",
      "coord": [
        [
          533.6351470947266,
          1026.6129150390625
        ],
        [
          557.6351470947266,
          1157.6129150390625
        ]
      ],
      "rotate": 0,
      "semantic": {
        "element": "普通设备",
        "links": []
      },
      "ext": {
        "文字识别结果": [
          ""
        ]
      }
    },
    {
      "id": 18,
      "type": "box",
      "shape": "rect",
      "coord": [
        [
          529.6351470947266,
          1209.6129150390625
        ],
        [
          579.6351470947266,
          1383.6129150390625
        ]
      ],
      "rotate": 0,
      "semantic": {
        "element": "普通设备",
        "links": []
      },
      "ext": {
        "文字识别结果": [
          "9"
        ]
      }
    },
    {
      "id": 19,
      "type": "box",
      "shape": "rect",
      "coord": [
        [
          541.6351470947266,
          639.6129150390625
        ],
        [
          639.6351470947266,
          801.6129150390625
        ]
      ],
      "rotate": 0,
      "semantic": {
        "element": "普通设备",
        "links": []
      },
      "ext": {
        "文字识别结果": [
          ""
        ]
      }
    },
    {
      "id": 20,
      "type": "box",
      "shape": "rect",
      "coord": [
        [
          1019.6351470947266,
          1105.6129150390625
        ],
        [
          1111.6351470947266,
          1125.6129150390625
        ]
      ],
      "rotate": 0,
      "semantic": {
        "element": "普通设备",
        "links": []
      },
      "ext": {
        "文字识别结果": [
          ""
        ]
      }
    },
    {
      "id": 21,
      "type": "box",
      "shape": "rect",
      "coord": [
        [
          953.6351470947266,
          1137.6129150390625
        ],
        [
          1151.6351470947266,
          1157.6129150390625
        ]
      ],
      "rotate": 0,
      "semantic": {
        "element": "普通设备",
        "links": []
      },
      "ext": {
        "文字识别结果": [
          ""
        ]
      }
    },
    {
      "id": 22,
      "type": "box",
      "shape": "rect",
      "coord": [
        [
          1150.6351470947266,
          1511.6129150390625
        ],
        [
          1313.6351470947266,
          1605.6129150390625
        ]
      ],
      "rotate": 0,
      "semantic": {
        "element": "普通设备",
        "links": []
      },
      "ext": {
        "文字识别结果": [
          ""
        ]
      }
    },
    {
      "id": 23,
      "type": "box",
      "shape": "rect",
      "coord": [
        [
          1462.6351470947266,
          1031.6129150390625
        ],
        [
          1641.6351470947266,
          1097.6129150390625
        ]
      ],
      "rotate": 0,
      "semantic": {
        "element": "普通设备",
        "links": []
      },
      "ext": {
        "文字识别结果": [
          ""
        ]
      }
    },
    {
      "id": 24,
      "type": "box",
      "shape": "rect",
      "coord": [
        [
          1051.6351470947266,
          531.6129150390625
        ],
        [
          1863.6351470947266,
          643.6129150390625
        ]
      ],
      "rotate": 0,
      "semantic": {
        "element": "普通设备",
        "links": []
      },
      "ext": {
        "文字识别结果": [
          "5"
        ],
        "表格匹配结果": [
          "5",
          "地线排",
          "",
          "块",
          "",
          ""
        ]
      }
    },
    {
      "id": 25,
      "type": "box",
      "shape": "rect",
      "coord": [
        [
          1891.6351470947266,
          911.6129150390625
        ],
        [
          1927.6351470947266,
          975.6129150390625
        ]
      ],
      "rotate": 0,
      "semantic": {
        "element": "普通设备",
        "links": []
      },
      "ext": {
        "文字识别结果": [
          ""
        ]
      }
    },
    {
      "id": 26,
      "type": "box",
      "shape": "rect",
      "coord": [
        [
          1789.6351470947266,
          1423.6129150390625
        ],
        [
          1927.6351470947266,
          1479.6129150390625
        ]
      ],
      "rotate": 0,
      "semantic": {
        "element": "普通设备",
        "links": []
      },
      "ext": {
        "文字识别结果": [
          ""
        ]
      }
    },
    {
      "id": 27,
      "type": "box",
      "shape": "rect",
      "coord": [
        [
          1891.6351470947266,
          1007.6129150390625
        ],
        [
          1931.6351470947266,
          1026.6129150390625
        ]
      ],
      "rotate": 0,
      "semantic": {
        "element": "普通设备",
        "links": []
      },
      "ext": {
        "文字识别结果": [
          ""
        ]
      }
    },
    {
      "id": 28,
      "type": "box",
      "shape": "rect",
      "coord": [
        [
          1193.6351470947266,
          1617.6129150390625
        ],
        [
          1217.6351470947266,
          1657.6129150390625
        ]
      ],
      "rotate": 0,
      "semantic": {
        "element": "馈线洞",
        "links": []
      },
      "ext": {}
    },
    {
      "id": 29,
      "type": "polyline",
      "shape": "polyline",
      "coord": [
        [
          2135.6351470947266,
          509.6129150390625
        ],
        [
          2135.6351470947266,
          1615.6129150390625
        ]
      ],
      "rotate": 0,
      "semantic": {
        "element": "标尺",
        "links": []
      },
      "ext": {
        "文字识别结果": [
          "3400"
        ]
      }
    },
    {
      "id": 30,
      "type": "polyline",
      "shape": "polyline",
      "coord": [
        [
          1769.6351470947266,
          1159.6129150390625
        ],
        [
          1769.6351470947266,
          1615.6129150390625
        ]
      ],
      "rotate": 0,
      "semantic": {
        "element": "标尺",
        "links": []
      },
      "ext": {
        "文字识别结果": [
          "1400"
        ]
      }
    },
    {
      "id": 31,
      "type": "polyline",
      "shape": "polyline",
      "coord": [
        [
          439.63514709472656,
          1389.6129150390625
        ],
        [
          439.63514709472656,
          1615.6129150390625
        ]
      ],
      "rotate": 0,
      "semantic": {
        "element": "标尺",
        "links": []
      },
      "ext": {
        "文字识别结果": [
          "00L"
        ]
      }
    },
    {
      "id": 32,
      "type": "polyline",
      "shape": "polyline",
      "coord": [
        [
          527.6351470947266,
          367.6129150390625
        ],
        [
          1929.6351470947266,
          367.6129150390625
        ]
      ],
      "rotate": 0,
      "semantic": {
        "element": "标尺",
        "links": []
      },
      "ext": {
        "文字识别结果": [
          "4300"
        ]
      }
    },
    {
      "id": 33,
      "type": "polyline",
      "shape": "polyline",
      "coord": [
        [
          529.6351470947266,
          437.6129150390625
        ],
        [
          891.6351470947266,
          437.6129150390625
        ]
      ],
      "rotate": 0,
      "semantic": {
        "element": "标尺",
        "links": []
      },
      "ext": {
        "文字识别结果": [
          "1584"
        ]
      }
    },
    {
      "id": 34,
      "type": "polyline",
      "shape": "polyline",
      "coord": [
        [
          529.6351470947266,
          1233.6129150390625
        ],
        [
          759.6351470947266,
          1233.6129150390625
        ]
      ],
      "rotate": 0,
      "semantic": {
        "element": "标尺",
        "links": []
      },
      "ext": {
        "文字识别结果": [
          "700"
        ]
      }
    },
    {
      "id": 35,
      "type": "polyline",
      "shape": "polyline",
      "coord": [
        [
          891.6351470947266,
          433.6129150390625
        ],
        [
          985.6351470947266,
          433.6129150390625
        ]
      ],
      "rotate": 0,
      "semantic": {
        "element": "标尺",
        "links": []
      },
      "ext": {
        "文字识别结果": [
          "432"
        ]
      }
    },
    {
      "id": 36,
      "type": "polyline",
      "shape": "polyline",
      "coord": [
        [
          759.6351470947266,
          1231.6129150390625
        ],
        [
          957.6351470947266,
          1231.6129150390625
        ]
      ],
      "rotate": 0,
      "semantic": {
        "element": "标尺",
        "links": []
      },
      "ext": {
        "文字识别结果": [
          "610"
        ]
      }
    },
    {
      "id": 37,
      "type": "polyline",
      "shape": "polyline",
      "coord": [
        [
          957.6351470947266,
          1233.6129150390625
        ],
        [
          1148.6351470947266,
          1233.6129150390625
        ]
      ],
      "rotate": 0,
      "semantic": {
        "element": "标尺",
        "links": []
      },
      "ext": {
        "文字识别结果": [
          "600"
        ]
      }
    },
    {
      "id": 38,
      "type": "polyline",
      "shape": "polyline",
      "coord": [
        [
          1149.6351470947266,
          1231.6129150390625
        ],
        [
          1255.6351470947266,
          1231.6129150390625
        ]
      ],
      "rotate": 0,
      "semantic": {
        "element": "标尺",
        "links": []
      },
      "ext": {
        "文字识别结果": [
          "825"
        ]
      }
    },
    {
      "id": 39,
      "type": "polyline",
      "shape": "polyline",
      "coord": [
        [
          1255.6351470947266,
          1231.6129150390625
        ],
        [
          1465.6351470947266,
          1231.6129150390625
        ]
      ],
      "rotate": 0,
      "semantic": {
        "element": "标尺",
        "links": []
      },
      "ext": {
        "文字识别结果": [
          "6411"
        ]
      }
    },
    {
      "id": 40,
      "type": "polyline",
      "shape": "polyline",
      "coord": [
        [
          1465.6351470947266,
          1231.6129150390625
        ],
        [
          1505.6351470947266,
          1231.6129150390625
        ]
      ],
      "rotate": 0,
      "semantic": {
        "element": "标尺",
        "links": []
      },
      "ext": {
        "文字识别结果": [
          "1120"
        ]
      }
    },
    {
      "id": 41,
      "type": "polyline",
      "shape": "polyline",
      "coord": [
        [
          1505.6351470947266,
          1231.6129150390625
        ],
        [
          1715.6351470947266,
          1231.6129150390625
        ]
      ],
      "rotate": 0,
      "semantic": {
        "element": "标尺",
        "links": []
      },
      "ext": {
        "文字识别结果": [
          "650"
        ]
      }
    },
    {
      "id": 42,
      "type": "polyline",
      "shape": "polyline",
      "coord": [
        [
          1149.6351470947266,
          1231.6129150390625
        ],
        [
          1255.6351470947266,
          1231.6129150390625
        ]
      ],
      "rotate": 0,
      "semantic": {
        "element": "标尺",
        "links": []
      },
      "ext": {
        "文字识别结果": [
          ""
        ]
      }
    },
    {
      "id": 43,
      "type": "box",
      "shape": "rect",
      "coord": [
        [
          759.6351470947266,
          961.6129150390625
        ],
        [
          953.6351470947266,
          1159.6129150390625
        ]
      ],
      "rotate": 0,
      "semantic": {
        "element": "机柜",
        "links": []
      },
      "ext": {
        "文字识别结果": [
          "4"
        ],
        "门朝向": "down",
        "表格匹配结果": [
          "4",
          "空开",
          "",
          "个",
          "",
          ""
        ]
      }
    },
    {
      "id": 44,
      "type": "box",
      "shape": "rect",
      "coord": [
        [
          1254.6351470947266,
          969.6129150390625
        ],
        [
          1465.6351470947266,
          1159.6129150390625
        ]
      ],
      "rotate": 0,
      "semantic": {
        "element": "机柜",
        "links": []
      },
      "ext": {
        "文字识别结果": [
          ""
        ],
        "门朝向": "down"
      }
    },
    {
      "id": 45,
      "type": "box",
      "shape": "rect",
      "coord": [
        [
          532.6351470947266,
          1029.6129150390625
        ],
        [
          557.6351470947266,
          1159.6129150390625
        ]
      ],
      "rotate": 0,
      "semantic": {
        "element": "普通设备",
        "links": []
      },
      "ext": {
        "文字识别结果": [
          ""
        ]
      }
    },
    {
      "id": 46,
      "type": "box",
      "shape": "rect",
      "coord": [
        [
          533.6351470947266,
          1207.6129150390625
        ],
        [
          577.6351470947266,
          1385.6129150390625
        ]
      ],
      "rotate": 0,
      "semantic": {
        "element": "普通设备",
        "links": []
      },
      "ext": {
        "文字识别结果": [
          "6"
        ],
        "表格匹配结果": [
          "6",
          "交转直模块",
          "",
          "块",
          "",
          ""
        ]
      }
    },
    {
      "id": 47,
      "type": "box",
      "shape": "rect",
      "coord": [
        [
          541.6351470947266,
          637.6129150390625
        ],
        [
          637.6351470947266,
          799.6129150390625
        ]
      ],
      "rotate": 0,
      "semantic": {
        "element": "普通设备",
        "links": []
      },
      "ext": {
        "文字识别结果": [
          ""
        ]
      }
    },
    {
      "id": 48,
      "type": "box",
      "shape": "rect",
      "coord": [
        [
          1021.6351470947266,
          1103.6129150390625
        ],
        [
          1113.6351470947266,
          1123.6129150390625
        ]
      ],
      "rotate": 0,
      "semantic": {
        "element": "普通设备",
        "links": []
      },
      "ext": {
        "文字识别结果": [
          ""
        ]
      }
    },
    {
      "id": 49,
      "type": "box",
      "shape": "rect",
      "coord": [
        [
          953.6351470947266,
          1139.6129150390625
        ],
        [
          1148.6351470947266,
          1159.6129150390625
        ]
      ],
      "rotate": 0,
      "semantic": {
        "element": "普通设备",
        "links": []
      },
      "ext": {
        "文字识别结果": [
          ""
        ]
      }
    },
    {
      "id": 50,
      "type": "box",
      "shape": "rect",
      "coord": [
        [
          1149.6351470947266,
          1507.6129150390625
        ],
        [
          1311.6351470947266,
          1607.6129150390625
        ]
      ],
      "rotate": 0,
      "semantic": {
        "element": "普通设备",
        "links": []
      },
      "ext": {
        "文字识别结果": [
          "7"
        ],
        "表格匹配结果": [
          "7",
          "空调室外机",
          "",
          "台",
          "",
          "原有",
          ""
        ]
      }
    },
    {
      "id": 51,
      "type": "box",
      "shape": "rect",
      "coord": [
        [
          1465.6351470947266,
          1029.6129150390625
        ],
        [
          1639.6351470947266,
          1099.6129150390625
        ]
      ],
      "rotate": 0,
      "semantic": {
        "element": "普通设备",
        "links": []
      },
      "ext": {
        "文字识别结果": [
          ""
        ]
      }
    },
    {
      "id": 52,
      "type": "box",
      "shape": "rect",
      "coord": [
        [
          1049.6351470947266,
          533.6129150390625
        ],
        [
          1865.6351470947266,
          643.6129150390625
        ]
      ],
      "rotate": 0,
      "semantic": {
        "element": "普通设备",
        "links": []
      },
      "ext": {
        "文字识别结果": [
          "5"
        ],
        "表格匹配结果": [
          "5",
          "地线排",
          "",
          "块",
          "",
          ""
        ]
      }
    },
    {
      "id": 53,
      "type": "box",
      "shape": "rect",
      "coord": [
        [
          1893.6351470947266,
          909.6129150390625
        ],
        [
          1927.6351470947266,
          977.6129150390625
        ]
      ],
      "rotate": 0,
      "semantic": {
        "element": "普通设备",
        "links": []
      },
      "ext": {
        "文字识别结果": [
          ""
        ]
      }
    },
    {
      "id": 54,
      "type": "box",
      "shape": "rect",
      "coord": [
        [
          1789.6351470947266,
          1425.6129150390625
        ],
        [
          1927.6351470947266,
          1479.6129150390625
        ]
      ],
      "rotate": 0,
      "semantic": {
        "element": "普通设备",
        "links": []
      },
      "ext": {
        "文字识别结果": [
          ""
        ]
      }
    },
    {
      "id": 55,
      "type": "box",
      "shape": "rect",
      "coord": [
        [
          1893.6351470947266,
          1009.6129150390625
        ],
        [
          1929.6351470947266,
          1025.6129150390625
        ]
      ],
      "rotate": 0,
      "semantic": {
        "element": "普通设备",
        "links": []
      },
      "ext": {
        "文字识别结果": [
          ""
        ]
      }
    },
    {
      "id": 56,
      "type": "box",
      "shape": "rect",
      "coord": [
        [
          491.63514709472656,
          663.6129150390625
        ],
        [
          531.6351470947266,
          687.6129150390625
        ]
      ],
      "rotate": 0,
      "semantic": {
        "element": "馈线洞",
        "links": []
      },
      "ext": {}
    },
    {
      "id": 57,
      "type": "box",
      "shape": "rect",
      "coord": [
        [
          1191.6351470947266,
          1619.6129150390625
        ],
        [
          1219.6351470947266,
          1655.6129150390625
        ]
      ],
      "rotate": 0,
      "semantic": {
        "element": "馈线洞",
        "links": []
      },
      "ext": {}
    },
    {
      "id": 59,
      "type": "other",
      "shape": "rect",
      "coord": [
        [
          712.6081085205078,
          727.7657470703125
        ],
        [
          1177.284194946289,
          895.2825927734375
        ]
      ],
      "rotate": 0,
      "semantic": {
        "element": "带指向性文字",
        "links": []
      },
      "ext": {
        "文字识别结果": [
          "新增一台华为5G BBU5900",
          "利旧DCPD10",
          "利旧原有综合机柜安装"
        ]
      }
    },
    {
      "id": 60,
      "type": "other",
      "shape": "rect",
      "coord": [
        [
          209.26873016357422,
          744.21142578125
        ],
        [
          396.3216094970703,
          832.3499755859375
        ]
      ],
      "rotate": 0,
      "semantic": {
        "element": "带指向性文字",
        "links": []
      },
      "ext": {
        "文字识别结果": [
          "空调排气孔"
        ]
      }
    },
    {
      "id": 61,
      "type": "other",
      "shape": "rect",
      "coord": [
        [
          590.5157928466797,
          955.0684814453125
        ],
        [
          648.9741363525391,
          1032.8150634765625
        ]
      ],
      "rotate": 0,
      "semantic": {
        "element": "带指向性文字",
        "links": []
      },
      "ext": {
        "文字识别结果": [
          ""
        ]
      }
    },
    {
      "id": 62,
      "type": "other",
      "shape": "rect",
      "coord": [
        [
          714.1487579345703,
          724.855712890625
        ],
        [
          1170.919692993164,
          896.3204345703125
        ]
      ],
      "rotate": 0,
      "semantic": {
        "element": "带指向性文字",
        "links": []
      },
      "ext": {
        "文字识别结果": [
          "新增一台华为5G BBU5900",
          "利旧DCPD10",
          "利旧原有综合机柜安装"
        ]
      }
    },
    {
      "id": 63,
      "type": "other",
      "shape": "rect",
      "coord": [
        [
          207.40122985839844,
          746.56005859375
        ],
        [
          395.43931579589844,
          829.8929443359375
        ]
      ],
      "rotate": 0,
      "semantic": {
        "element": "带指向性文字",
        "links": []
      },
      "ext": {
        "文字识别结果": [
          "空调排气孔"
        ]
      }
    },
    {
      "id": 64,
      "type": "other",
      "shape": "rect",
      "coord": [
        [
          590.0520172119141,
          954.800537109375
        ],
        [
          647.1330718994141,
          1030.6025390625
        ]
      ],
      "rotate": 0,
      "semantic": {
        "element": "带指向性文字",
        "links": []
      },
      "ext": {
        "文字识别结果": [
          ""
        ]
      }
    },
    {
      "id": 65,
      "type": "other",
      "shape": "rect",
      "coord": [
        [
          1798.205581665039,
          1029.814453125
        ],
        [
          1928.7213287353516,
          1102.3826904296875
        ]
      ],
      "rotate": 0,
      "semantic": {
        "element": "无指向性文字",
        "links": []
      },
      "ext": {
        "文字识别结果": [
          "3/3"
        ]
      }
    },
    {
      "id": 66,
      "type": "other",
      "shape": "rect",
      "coord": [
        [
          1844.7093658447266,
          829.48974609375
        ],
        [
          1898.610855102539,
          899.206787109375
        ]
      ],
      "rotate": 0,
      "semantic": {
        "element": "无指向性文字",
        "links": []
      },
      "ext": {
        "文字识别结果": [
          "C"
        ]
      }
    },
    {
      "id": 67,
      "type": "other",
      "shape": "rect",
      "coord": [
        [
          1800.4403228759766,
          1028.90478515625
        ],
        [
          1927.0870513916016,
          1104.18896484375
        ]
      ],
      "rotate": 0,
      "semantic": {
        "element": "无指向性文字",
        "links": []
      },
      "ext": {
        "文字识别结果": [
          "3/3"
        ]
      }
    },
    {
      "id": 68,
      "type": "other",
      "shape": "rect",
      "coord": [
        [
          1842.3619537353516,
          827.2767333984375
        ],
        [
          1899.361831665039,
          902.64453125
        ]
      ],
      "rotate": 0,
      "semantic": {
        "element": "无指向性文字",
        "links": []
      },
      "ext": {
        "文字识别结果": [
          "C"
        ]
      }
    },
    {
      "id": 69,
      "type": "other",
      "shape": "rect",
      "coord": [
        [
          116.76705169677734,
          1689.2977294921875
        ],
        [
          231.4065704345703,
          1778.7723388671875
        ]
      ],
      "rotate": 0,
      "semantic": {
        "element": "无指向性文字",
        "links": []
      },
      "ext": {
        "文字识别结果": [
          "说明："
        ]
      }
    },
    {
      "id": 70,
      "type": "other",
      "shape": "rect",
      "coord": [
        [
          705.3242797851562,
          1610.135986328125
        ],
        [
          1024.2496337890625,
          1681.598876953125
        ]
      ],
      "rotate": 0,
      "semantic": {
        "element": "门",
        "links": []
      },
      "ext": {}
    },
    {
      "id": 71,
      "type": "other",
      "shape": "rect",
      "coord": [
        [
          3443.98681640625,
          133.312744140625
        ],
        [
          3531.777587890625,
          186.83251953125
        ]
      ],
      "rotate": 0,
      "semantic": {
        "element": "图例小图",
        "links": [
          {
            "pair_id": 80,
            "label": "图例文字",
            "distance": 527.1566162109375
          }
        ]
      },
      "ext": {
        "图例归类": "拆除设备"
      }
    },
    {
      "id": 72,
      "type": "other",
      "shape": "rect",
      "coord": [
        [
          2805.536865234375,
          127.3355712890625
        ],
        [
          2892.325927734375,
          185.2406005859375
        ]
      ],
      "rotate": 0,
      "semantic": {
        "element": "图例小图",
        "links": []
      },
      "ext": {
        "图例归类": "无匹配"
      }
    },
    {
      "id": 73,
      "type": "other",
      "shape": "rect",
      "coord": [
        [
          3805.533935546875,
          132.9261474609375
        ],
        [
          3891.76513671875,
          183.2271728515625
        ]
      ],
      "rotate": 0,
      "semantic": {
        "element": "图例小图",
        "links": []
      },
      "ext": {
        "图例归类": "无匹配"
      }
    },
    {
      "id": 74,
      "type": "other",
      "shape": "rect",
      "coord": [
        [
          3143.221923828125,
          134.31005859375
        ],
        [
          3224.758544921875,
          185.475830078125
        ]
      ],
      "rotate": 0,
      "semantic": {
        "element": "图例小图",
        "links": []
      },
      "ext": {
        "图例归类": "无匹配"
      }
    },
    {
      "id": 75,
      "type": "table",
      "shape": "rect",
      "coord": [
        [
          2453.719970703125,
          203.493896484375
        ],
        [
          3911.0576171875,
          1345.796875
        ]
      ],
      "rotate": 0,
      "semantic": {
        "element": "物料表",
        "links": []
      },
      "ext": {
        "表格识别结果": [
          [
            "图例：",
            "",
            "",
            "",
            "",
            "",
            ""
          ],
          [
            "缩品",
            "设备名称",
            "设备型号",
            "单位",
            "数量",
            "分类",
            "备注"
          ],
          [
            "1",
            "CSM900设备",
            "",
            "架",
            "",
            "原有",
            ""
          ],
          [
            "1",
            "DCS1800设备",
            "",
            "樂",
            "",
            "原有",
            ""
          ],
          [
            "1*",
            "WCDMA设备",
            "",
            "",
            "",
            "原有",
            ""
          ],
          [
            "2",
            "传输综合柜",
            "",
            "架",
            "",
            "原有",
            "具体以传输专业图纸为准"
          ],
          [
            "2°",
            "集成型传输设备",
            "",
            "架",
            "",
            "无",
            "具体以传输专业图纸为准"
          ],
          [
            "3",
            "DF盒",
            "",
            "个",
            "",
            "原有",
            "具体以传输专业图纸为准"
          ],
          [
            "3",
            "OF盒",
            "",
            "个",
            "",
            "原有",
            "具体以传输专业图纸为准"
          ],
          [
            "4",
            "开关电源",
            "",
            "架",
            "",
            "原有",
            ""
          ],
          [
            "5",
            "蓄电池组",
            "双登GFM-500",
            "组",
            "",
            "原有",
            "立式2层2列"
          ],
          [
            "6",
            "交流配电箱(AC)",
            "SACSB-I",
            "个",
            "",
            "原有",
            "下沿距地100mm"
          ],
          [
            "7",
            "柜式空调",
            "",
            "台",
            "",
            "原有",
            ""
          ],
          [
            "7",
            "空调室外机",
            "",
            "台",
            "",
            "原有",
            ""
          ],
          [
            "8",
            "环境控制箱",
            "",
            "个",
            "",
            "原有",
            ""
          ],
          [
            "6",
            "OF架",
            "",
            "个",
            "",
            "原有",
            ""
          ],
          [
            "10",
            "综合",
            "2200*600*600",
            "架",
            "",
            "原有",
            ""
          ]
        ]
      }
    },
    {
      "id": 76,
      "type": "table",
      "shape": "rect",
      "coord": [
        [
          2308.137939453125,
          1965.7978515625
        ],
        [
          4057.052734375,
          2464.046142578125
        ]
      ],
      "rotate": 0,
      "semantic": {
        "element": "物料表",
        "links": []
      },
      "ext": {
        "表格识别结果": [
          [
            "序号",
            "设备名称",
            "规格型号",
            "典型设备尽寸",
            "单位",
            "重量(kg)",
            "典型/最大",
            "备注"
          ],
          [
            "1",
            "5GBBU基带单元",
            "BBU5900",
            "86*442*310",
            "台",
            "",
            "1000W",
            ""
          ],
          [
            "2",
            "5GRRU射频单元",
            "RRU5916",
            "452*352*140",
            "台",
            "28",
            "≤710W",
            "重量不含外壳"
          ],
          [
            "3",
            "直流配电单元",
            "DCPD10",
            "442*42*65",
            "台",
            "≤1.95",
            "",
            "输出10路30A"
          ]
        ]
      }
    },
    {
      "id": 77,
      "type": "table",
      "shape": "rect",
      "coord": [
        [
          2444.85107421875,
          1481.8359375
        ],
        [
          4003.505615234375,
          1938.25244140625
        ]
      ],
      "rotate": 0,
      "semantic": {
        "element": "物料表",
        "links": []
      },
      "ext": {
        "表格识别结果": [
          [
            "房号",
            "设备名称",
            "设务型",
            "单位",
            "数量",
            "备淮"
          ],
          [
            "1",
            "NR BBU",
            "华为5900",
            "台",
            "1",
            "利原有综合机柜安装"
          ],
          [
            "2",
            "NR DCDU",
            "DCPD10",
            "台",
            "",
            "利原有综合机柜安装"
          ],
          [
            "3",
            "交流配电箱",
            "",
            "个",
            "",
            ""
          ],
          [
            "4",
            "空开",
            "",
            "个",
            "",
            ""
          ],
          [
            "5",
            "地线排",
            "",
            "块",
            "",
            ""
          ],
          [
            "6",
            "交转直模块",
            "",
            "块",
            "",
            ""
          ]
        ]
      }
    },
    {
      "id": 78,
      "type": "table",
      "shape": "rect",
      "coord": [
        [
          2080.7080078125,
          2494.482177734375
        ],
        [
          4107.69970703125,
          2872.31103515625
        ]
      ],
      "rotate": 0,
      "semantic": {
        "element": "标题栏",
        "links": []
      },
      "ext": {
        "表格识别结果": [
          [
            "审核人",
            "",
            "",
            "",
            "",
            ""
          ],
          [
            "处主管",
            "",
            "制图人",
            "林文校",
            "",
            ""
          ],
          [
            "",
            "",
            "",
            "",
            "2021年中国联通广东阳江5G基站2C覆盖二期工程-阳江工程",
            ""
          ],
          [
            "设计总负责人",
            "",
            "单位",
            "mm",
            "",
            ""
          ],
          [
            "单项负责人",
            "陈",
            "比",
            "1:100",
            "",
            ""
          ],
          [
            "设计人",
            "陈",
            "期",
            "2021-07",
            "图",
            "00"
          ]
        ]
      }
    },
    {
      "id": 79,
      "type": "other",
      "shape": "rect",
      "coord": [
        [
          2696.038818359375,
          74.2200927734375
        ],
        [
          4152.193359375,
          248.968017578125
        ]
      ],
      "rotate": 0,
      "semantic": {
        "element": "图例",
        "links": []
      },
      "ext": {}
    },
    {
      "id": 80,
      "type": "other",
      "shape": "rect",
      "coord": [
        [
          3962.038818359375,
          150.2200927734375
        ],
        [
          4068.038818359375,
          193.2200927734375
        ]
      ],
      "rotate": 0,
      "semantic": {
        "element": "图例文字",
        "links": []
      },
      "ext": {
        "文字识别结果": [
          "拆除设备"
        ],
        "图例归类": "拆除设备"
      }
    },
    {
      "id": 81,
      "type": "other",
      "shape": "rect",
      "coord": [
        [
          181.8177490234375,
          940.97509765625
        ],
        [
          296.8417663574219,
          1338.33056640625
        ]
      ],
      "rotate": 0,
      "semantic": {
        "element": "建北磁北(夹角)",
        "links": []
      },
      "ext": {
        "文字识别结果": [
          "1O",
          "N"
        ],
        "文字位置": [
          [
            [
              182.8177490234375,
              1135.97509765625
            ],
            [
              231.8177490234375,
              1167.97509765625
            ]
          ],
          [
            [
              211.8177490234375,
              1246.97509765625
            ],
            [
              310.8177490234375,
              1348.97509765625
            ]
          ]
        ],
        "顶点位置": [
          [
            196.92084180694266,
            925.28759765625
          ],
          [
            240.2198108791076,
            1175.75634765625
          ],
          [
            196.92084180694266,
            1268.78759765625
          ]
        ]
      }
    },
    {
      "id": 82,
      "type": "other",
      "shape": "rect",
      "coord": [
        [
          172.9050750732422,
          1756.643798828125
        ],
        [
          2274.10302734375,
          2846.016845703125
        ]
      ],
      "rotate": 0,
      "semantic": {
        "element": "说明文字",
        "links": []
      },
      "ext": {
        "文字识别结果": [
          "说明：",
          "1.本站为共站新建NR站点”阳江大八中心小学”采用BBU集中放置方式",
          "本站上联至阳江大八镇内.净高3400.机房在1层，满足通信机房建设相关强制性规范",
          "NR使用华为分布式设备,配置为S111（高）,系统频段2100M,设备配置4TR,传输配置GE（100M）",
          "新建1台NR BBU5900利旧原有综合机柜安装;",
          "2．施工时机柜预留尺寸为参考尺寸，以实际订货尺寸为准：机柜安装应符合相关的规范要求：",
          "3．本期使用220V市电/48V直流接入电，站点机房无线主设备总功耗峰值约需1KW,",
          "4．基站地址（局端):阳江市大八镇卫生院旁;经纬度：E111.9571°N22.06583°站址归属于铁塔",
          "基站地址（远端）：阳江市阳东区大八镇大八中心小学楼顶",
          "5.后备电.情况说明：（站点需物业反馈电源情况是否稳定,待动力评审后再考虑配置后备电池",
          "处主管",
          "设计总负责人",
          "备注：一台BBU功耗峰值约1000W,一台5G RRU功耗峰值约710W;",
          "单项负责人",
          "注：接电方案需要设计院&联通运维&网建三方评审后方能决定,本次图纸接电仅作参考；",
          "设计人"
        ]
      }
    }
  ]
}