{
  "info": {
    "像素面积": {
      "全部面积": 3207240.0,
      "设备面积": 422212.0,
      "剩余面积": 2785028.0
    },
    "图纸信息": {
      "类型": "机房",
      "名称": "109.png"
    }
  },
  "obj": [
    {
      "id": 1,
      "type": "outline",
      "shape": "polyline",
      "coord": [
        [
          519.3237915039062,
          248.1925048828125
        ],
        [
          1935.3237915039062,
          248.1925048828125
        ],
        [
          1935.3237915039062,
          1352.1925048828125
        ],
        [
          519.3237915039062,
          1380.1925048828125
        ],
        [
          521.3237915039062,
          1380.1925048828125
        ],
        [
          579.3237915039062,
          1324.1925048828125
        ],
        [
          1717.3237915039062,
          1322.1925048828125
        ],
        [
          579.3237915039062,
          1324.1925048828125
        ],
        [
          1717.3237915039062,
          1324.1925048828125
        ],
        [
          1847.3237915039062,
          1326.1925048828125
        ],
        [
          1879.3237915039062,
          1326.1925048828125
        ],
        [
          579.3237915039062,
          308.1925048828125
        ],
        [
          1879.3237915039062,
          306.1925048828125
        ],
        [
          1847.3237915039062,
          1352.1925048828125
        ],
        [
          1935.3237915039062,
          1352.1925048828125
        ],
        [
          519.3237915039062,
          248.1925048828125
        ],
        [
          519.3237915039062,
          1380.1925048828125
        ],
        [
          1879.3237915039062,
          308.1925048828125
        ],
        [
          1879.3237915039062,
          1326.1925048828125
        ],
        [
          578.3237915039062,
          306.1925048828125
        ],
        [
          578.3237915039062,
          1322.1925048828125
        ],
        [
          1847.3237915039062,
          1326.1925048828125
        ],
        [
          1847.3237915039062,
          1352.1925048828125
        ]
      ],
      "rotate": 0,
      "semantic": {
        "element": "墙轮廓",
        "path": [
          "0, 1, 2",
          "3, 4",
          "5, 6",
          "7, 8",
          "9, 10",
          "11, 12",
          "13, 14",
          "15, 16",
          "17, 18",
          "19, 20",
          "21, 22"
        ],
        "links": []
      },
      "ext": {}
    },
    {
      "id": 2,
      "type": "outline",
      "shape": "polyline",
      "coord": [
        [
          521.3237915039062,
          252.1925048828125
        ],
        [
          1935.3237915039062,
          252.1925048828125
        ],
        [
          577.3237915039062,
          1326.1925048828125
        ],
        [
          1717.3237915039062,
          1326.1925048828125
        ],
        [
          1845.3237915039062,
          1322.1925048828125
        ],
        [
          1877.3237915039062,
          1326.1925048828125
        ],
        [
          577.3237915039062,
          308.1925048828125
        ],
        [
          1877.3237915039062,
          304.1925048828125
        ],
        [
          1845.3237915039062,
          1354.1925048828125
        ],
        [
          1935.3237915039062,
          1354.1925048828125
        ],
        [
          521.3237915039062,
          250.1925048828125
        ],
        [
          521.3237915039062,
          1382.1925048828125
        ],
        [
          1935.3237915039062,
          250.1925048828125
        ],
        [
          1935.3237915039062,
          1354.1925048828125
        ],
        [
          1877.3237915039062,
          308.1925048828125
        ],
        [
          1877.3237915039062,
          1322.1925048828125
        ],
        [
          1845.3237915039062,
          1326.1925048828125
        ],
        [
          1845.3237915039062,
          1354.1925048828125
        ],
        [
          577.3237915039062,
          304.1925048828125
        ],
        [
          577.3237915039062,
          1326.1925048828125
        ]
      ],
      "rotate": 0,
      "semantic": {
        "element": "墙轮廓",
        "path": [
          "0, 1",
          "2, 3",
          "4, 5",
          "6, 7",
          "8, 9",
          "10, 11",
          "12, 13",
          "14, 15",
          "16, 17",
          "18, 19"
        ],
        "links": []
      },
      "ext": {}
    },
    {
      "id": 2,
      "type": "polyline",
      "shape": "polyline",
      "coord": [
        [
          441.32379150390625,
          308.1925048828125
        ],
        [
          441.32379150390625,
          1324.1925048828125
        ]
      ],
      "rotate": 0,
      "semantic": {
        "element": "标尺",
        "links": []
      },
      "ext": {
        "文字识别结果": [
          "3600"
        ]
      }
    },
    {
      "id": 3,
      "type": "polyline",
      "shape": "polyline",
      "coord": [
        [
          2005.3237915039062,
          307.1925048828125
        ],
        [
          2005.3237915039062,
          588.1925048828125
        ]
      ],
      "rotate": 0,
      "semantic": {
        "element": "标尺",
        "links": []
      },
      "ext": {
        "文字识别结果": [
          "000I"
        ]
      }
    },
    {
      "id": 4,
      "type": "polyline",
      "shape": "polyline",
      "coord": [
        [
          493.32379150390625,
          306.1925048828125
        ],
        [
          493.32379150390625,
          684.1925048828125
        ]
      ],
      "rotate": 0,
      "semantic": {
        "element": "标尺",
        "links": []
      },
      "ext": {
        "文字识别结果": [
          "1340"
        ]
      }
    },
    {
      "id": 5,
      "type": "polyline",
      "shape": "polyline",
      "coord": [
        [
          1293.3237915039062,
          672.1925048828125
        ],
        [
          1293.3237915039062,
          898.1925048828125
        ]
      ],
      "rotate": 0,
      "semantic": {
        "element": "标尺",
        "links": []
      },
      "ext": {
        "文字识别结果": [
          "800"
        ]
      }
    },
    {
      "id": 6,
      "type": "polyline",
      "shape": "polyline",
      "coord": [
        [
          2041.3237915039062,
          730.1925048828125
        ],
        [
          2041.3237915039062,
          758.1925048828125
        ]
      ],
      "rotate": 0,
      "semantic": {
        "element": "标尺",
        "links": []
      },
      "ext": {
        "文字识别结果": [
          "10"
        ]
      }
    },
    {
      "id": 7,
      "type": "polyline",
      "shape": "polyline",
      "coord": [
        [
          575.3237915039062,
          244.1925048828125
        ],
        [
          817.3237915039062,
          244.1925048828125
        ]
      ],
      "rotate": 0,
      "semantic": {
        "element": "标尺",
        "links": []
      },
      "ext": {
        "文字识别结果": [
          "850"
        ]
      }
    },
    {
      "id": 8,
      "type": "polyline",
      "shape": "polyline",
      "coord": [
        [
          579.3237915039062,
          176.1925048828125
        ],
        [
          1879.3237915039062,
          176.1925048828125
        ]
      ],
      "rotate": 0,
      "semantic": {
        "element": "标尺",
        "links": []
      },
      "ext": {
        "文字识别结果": [
          "4600"
        ]
      }
    },
    {
      "id": 9,
      "type": "polyline",
      "shape": "polyline",
      "coord": [
        [
          1709.3237915039062,
          248.1925048828125
        ],
        [
          1879.3237915039062,
          248.1925048828125
        ]
      ],
      "rotate": 0,
      "semantic": {
        "element": "标尺",
        "links": []
      },
      "ext": {
        "文字识别结果": [
          "600"
        ]
      }
    },
    {
      "id": 10,
      "type": "polyline",
      "shape": "polyline",
      "coord": [
        [
          579.3237915039062,
          900.1925048828125
        ],
        [
          759.3237915039062,
          900.1925048828125
        ]
      ],
      "rotate": 0,
      "semantic": {
        "element": "标尺",
        "links": []
      },
      "ext": {
        "文字识别结果": [
          "650"
        ]
      }
    },
    {
      "id": 11,
      "type": "polyline",
      "shape": "polyline",
      "coord": [
        [
          579.3237915039062,
          1020.1925048828125
        ],
        [
          943.3237915039062,
          1020.1925048828125
        ]
      ],
      "rotate": 0,
      "semantic": {
        "element": "标尺",
        "links": []
      },
      "ext": {
        "文字识别结果": [
          "1300"
        ]
      }
    },
    {
      "id": 12,
      "type": "polyline",
      "shape": "polyline",
      "coord": [
        [
          1511.3237915039062,
          984.1925048828125
        ],
        [
          1879.3237915039062,
          984.1925048828125
        ]
      ],
      "rotate": 0,
      "semantic": {
        "element": "标尺",
        "links": []
      },
      "ext": {
        "文字识别结果": [
          "1300"
        ]
      }
    },
    {
      "id": 13,
      "type": "polyline",
      "shape": "polyline",
      "coord": [
        [
          579.3237915039062,
          1448.1925048828125
        ],
        [
          849.3237915039062,
          1448.1925048828125
        ]
      ],
      "rotate": 0,
      "semantic": {
        "element": "标尺",
        "links": []
      },
      "ext": {
        "文字识别结果": [
          "960"
        ]
      }
    },
    {
      "id": 14,
      "type": "polyline",
      "shape": "polyline",
      "coord": [
        [
          1407.3237915039062,
          1290.1925048828125
        ],
        [
          1439.3237915039062,
          1290.1925048828125
        ]
      ],
      "rotate": 0,
      "semantic": {
        "element": "标尺",
        "links": []
      },
      "ext": {
        "文字识别结果": [
          "安装1008"
        ]
      }
    },
    {
      "id": 15,
      "type": "polyline",
      "shape": "polyline",
      "coord": [
        [
          1661.3237915039062,
          1306.1925048828125
        ],
        [
          1717.3237915039062,
          1306.1925048828125
        ]
      ],
      "rotate": 0,
      "semantic": {
        "element": "标尺",
        "links": []
      },
      "ext": {
        "文字识别结果": [
          "泉有综合相6200"
        ]
      }
    },
    {
      "id": 16,
      "type": "box",
      "shape": "rect",
      "coord": [
        [
          607.3237915039062,
          334.1925048828125
        ],
        [
          747.3237915039062,
          682.1925048828125
        ]
      ],
      "rotate": 0,
      "semantic": {
        "element": "机柜",
        "links": []
      },
      "ext": {
        "文字识别结果": [
          "5"
        ],
        "门朝向": "right",
        "表格匹配结果": [
          "5",
          "地线排",
          "",
          "块",
          "",
          ""
        ]
      }
    },
    {
      "id": 17,
      "type": "box",
      "shape": "rect",
      "coord": [
        [
          817.3237915039062,
          308.1925048828125
        ],
        [
          965.3237915039062,
          390.1925048828125
        ]
      ],
      "rotate": 0,
      "semantic": {
        "element": "机柜",
        "links": []
      },
      "ext": {
        "文字识别结果": [
          ""
        ],
        "门朝向": "down"
      }
    },
    {
      "id": 18,
      "type": "box",
      "shape": "rect",
      "coord": [
        [
          969.3237915039062,
          588.1925048828125
        ],
        [
          1139.3237915039062,
          672.1925048828125
        ]
      ],
      "rotate": 0,
      "semantic": {
        "element": "机柜",
        "links": []
      },
      "ext": {
        "文字识别结果": [
          "2"
        ],
        "门朝向": "down",
        "表格匹配结果": [
          "2",
          "NR AAU",
          "AAU5613",
          "860*390*190",
          "台",
          "28",
          "850W-1090W",
          "重量不含外壳"
        ]
      }
    },
    {
      "id": 19,
      "type": "box",
      "shape": "rect",
      "coord": [
        [
          945.3237915039062,
          948.1925048828125
        ],
        [
          1143.3237915039062,
          1068.1925048828125
        ]
      ],
      "rotate": 0,
      "semantic": {
        "element": "机柜",
        "links": []
      },
      "ext": {
        "文字识别结果": [
          "91"
        ],
        "门朝向": "down"
      }
    },
    {
      "id": 20,
      "type": "box",
      "shape": "rect",
      "coord": [
        [
          1143.3237915039062,
          1012.1925048828125
        ],
        [
          1313.3237915039062,
          1068.1925048828125
        ]
      ],
      "rotate": 0,
      "semantic": {
        "element": "机柜",
        "links": []
      },
      "ext": {
        "文字识别结果": [
          ""
        ],
        "门朝向": "down"
      }
    },
    {
      "id": 21,
      "type": "box",
      "shape": "rect",
      "coord": [
        [
          1257.3237915039062,
          548.1925048828125
        ],
        [
          1427.3237915039062,
          672.1925048828125
        ]
      ],
      "rotate": 0,
      "semantic": {
        "element": "机柜",
        "links": []
      },
      "ext": {
        "文字识别结果": [
          "1"
        ],
        "门朝向": "down",
        "表格匹配结果": [
          "1",
          "NRBBU基带单元",
          "BBU5900",
          "86*442*310",
          "台",
          "",
          "1000W",
          ""
        ]
      }
    },
    {
      "id": 22,
      "type": "box",
      "shape": "rect",
      "coord": [
        [
          1336.3237915039062,
          902.1925048828125
        ],
        [
          1511.3237915039062,
          1072.1925048828125
        ]
      ],
      "rotate": 0,
      "semantic": {
        "element": "机柜",
        "links": []
      },
      "ext": {
        "文字识别结果": [
          "4"
        ],
        "门朝向": "down",
        "表格匹配结果": [
          "4",
          "空开",
          "",
          "个",
          "",
          ""
        ]
      }
    },
    {
      "id": 23,
      "type": "box",
      "shape": "rect",
      "coord": [
        [
          1563.3237915039062,
          306.1925048828125
        ],
        [
          1709.3237915039062,
          390.1925048828125
        ]
      ],
      "rotate": 0,
      "semantic": {
        "element": "机柜",
        "links": []
      },
      "ext": {
        "文字识别结果": [
          ""
        ],
        "门朝向": "down"
      }
    },
    {
      "id": 24,
      "type": "box",
      "shape": "rect",
      "coord": [
        [
          578.3237915039062,
          684.1925048828125
        ],
        [
          599.3237915039062,
          766.1925048828125
        ]
      ],
      "rotate": 0,
      "semantic": {
        "element": "普通设备",
        "links": []
      },
      "ext": {
        "文字识别结果": [
          ""
        ]
      }
    },
    {
      "id": 25,
      "type": "box",
      "shape": "rect",
      "coord": [
        [
          594.3237915039062,
          682.1925048828125
        ],
        [
          615.3237915039062,
          766.1925048828125
        ]
      ],
      "rotate": 0,
      "semantic": {
        "element": "普通设备",
        "links": []
      },
      "ext": {
        "文字识别结果": [
          ""
        ]
      }
    },
    {
      "id": 26,
      "type": "box",
      "shape": "rect",
      "coord": [
        [
          777.3237915039062,
          1290.1925048828125
        ],
        [
          849.3237915039062,
          1306.1925048828125
        ]
      ],
      "rotate": 0,
      "semantic": {
        "element": "普通设备",
        "links": []
      },
      "ext": {
        "文字识别结果": [
          ""
        ]
      }
    },
    {
      "id": 27,
      "type": "box",
      "shape": "rect",
      "coord": [
        [
          777.3237915039062,
          1306.1925048828125
        ],
        [
          849.3237915039062,
          1322.1925048828125
        ]
      ],
      "rotate": 0,
      "semantic": {
        "element": "普通设备",
        "links": []
      },
      "ext": {
        "文字识别结果": [
          ""
        ]
      }
    },
    {
      "id": 28,
      "type": "box",
      "shape": "rect",
      "coord": [
        [
          607.3237915039062,
          1142.1925048828125
        ],
        [
          955.3237915039062,
          1154.1925048828125
        ]
      ],
      "rotate": 0,
      "semantic": {
        "element": "普通设备",
        "links": []
      },
      "ext": {
        "文字识别结果": [
          ""
        ]
      }
    },
    {
      "id": 29,
      "type": "box",
      "shape": "rect",
      "coord": [
        [
          849.3237915039062,
          1282.1925048828125
        ],
        [
          955.3237915039062,
          1294.1925048828125
        ]
      ],
      "rotate": 0,
      "semantic": {
        "element": "普通设备",
        "links": []
      },
      "ext": {
        "文字识别结果": [
          ""
        ]
      }
    },
    {
      "id": 30,
      "type": "box",
      "shape": "rect",
      "coord": [
        [
          956.3237915039062,
          1262.1925048828125
        ],
        [
          987.3237915039062,
          1282.1925048828125
        ]
      ],
      "rotate": 0,
      "semantic": {
        "element": "普通设备",
        "links": []
      },
      "ext": {
        "文字识别结果": [
          ""
        ]
      }
    },
    {
      "id": 31,
      "type": "box",
      "shape": "rect",
      "coord": [
        [
          1143.3237915039062,
          936.1925048828125
        ],
        [
          1312.3237915039062,
          1012.1925048828125
        ]
      ],
      "rotate": 0,
      "semantic": {
        "element": "普通设备",
        "links": []
      },
      "ext": {
        "文字识别结果": [
          ""
        ]
      }
    },
    {
      "id": 32,
      "type": "box",
      "shape": "rect",
      "coord": [
        [
          1143.3237915039062,
          902.1925048828125
        ],
        [
          1313.3237915039062,
          936.1925048828125
        ]
      ],
      "rotate": 0,
      "semantic": {
        "element": "普通设备",
        "links": []
      },
      "ext": {
        "文字识别结果": [
          ""
        ]
      }
    },
    {
      "id": 33,
      "type": "box",
      "shape": "rect",
      "coord": [
        [
          1309.3237915039062,
          1294.1925048828125
        ],
        [
          1329.3237915039062,
          1322.1925048828125
        ]
      ],
      "rotate": 0,
      "semantic": {
        "element": "普通设备",
        "links": []
      },
      "ext": {
        "文字识别结果": [
          ""
        ]
      }
    },
    {
      "id": 34,
      "type": "box",
      "shape": "rect",
      "coord": [
        [
          1329.3237915039062,
          1295.1925048828125
        ],
        [
          1353.3237915039062,
          1322.1925048828125
        ]
      ],
      "rotate": 0,
      "semantic": {
        "element": "普通设备",
        "links": []
      },
      "ext": {
        "文字识别结果": [
          ""
        ]
      }
    },
    {
      "id": 35,
      "type": "box",
      "shape": "rect",
      "coord": [
        [
          1349.3237915039062,
          1296.1925048828125
        ],
        [
          1359.3237915039062,
          1322.1925048828125
        ]
      ],
      "rotate": 0,
      "semantic": {
        "element": "普通设备",
        "links": []
      },
      "ext": {
        "文字识别结果": [
          ""
        ]
      }
    },
    {
      "id": 36,
      "type": "box",
      "shape": "rect",
      "coord": [
        [
          1359.3237915039062,
          1296.1925048828125
        ],
        [
          1381.3237915039062,
          1322.1925048828125
        ]
      ],
      "rotate": 0,
      "semantic": {
        "element": "普通设备",
        "links": []
      },
      "ext": {
        "文字识别结果": [
          ""
        ]
      }
    },
    {
      "id": 37,
      "type": "box",
      "shape": "rect",
      "coord": [
        [
          1381.3237915039062,
          1295.1925048828125
        ],
        [
          1411.3237915039062,
          1324.1925048828125
        ]
      ],
      "rotate": 0,
      "semantic": {
        "element": "普通设备",
        "links": []
      },
      "ext": {
        "文字识别结果": [
          ""
        ]
      }
    },
    {
      "id": 38,
      "type": "box",
      "shape": "rect",
      "coord": [
        [
          1447.3237915039062,
          1302.1925048828125
        ],
        [
          1519.3237915039062,
          1322.1925048828125
        ]
      ],
      "rotate": 0,
      "semantic": {
        "element": "普通设备",
        "links": []
      },
      "ext": {
        "文字识别结果": [
          ""
        ]
      }
    },
    {
      "id": 39,
      "type": "box",
      "shape": "rect",
      "coord": [
        [
          1855.3237915039062,
          758.1925048828125
        ],
        [
          1867.3237915039062,
          882.1925048828125
        ]
      ],
      "rotate": 0,
      "semantic": {
        "element": "普通设备",
        "links": []
      },
      "ext": {
        "文字识别结果": [
          ""
        ]
      }
    },
    {
      "id": 40,
      "type": "box",
      "shape": "rect",
      "coord": [
        [
          1839.3237915039062,
          438.1925048828125
        ],
        [
          1879.3237915039062,
          466.1925048828125
        ]
      ],
      "rotate": 0,
      "semantic": {
        "element": "普通设备",
        "links": []
      },
      "ext": {
        "文字识别结果": [
          ""
        ]
      }
    },
    {
      "id": 41,
      "type": "box",
      "shape": "rect",
      "coord": [
        [
          1839.3237915039062,
          486.1925048828125
        ],
        [
          1879.3237915039062,
          507.1925048828125
        ]
      ],
      "rotate": 0,
      "semantic": {
        "element": "普通设备",
        "links": []
      },
      "ext": {
        "文字识别结果": [
          ""
        ]
      }
    },
    {
      "id": 42,
      "type": "box",
      "shape": "rect",
      "coord": [
        [
          1839.3237915039062,
          528.1925048828125
        ],
        [
          1879.3237915039062,
          556.1925048828125
        ]
      ],
      "rotate": 0,
      "semantic": {
        "element": "普通设备",
        "links": []
      },
      "ext": {
        "文字识别结果": [
          ""
        ]
      }
    },
    {
      "id": 43,
      "type": "box",
      "shape": "rect",
      "coord": [
        [
          1867.3237915039062,
          758.1925048828125
        ],
        [
          1879.3237915039062,
          882.1925048828125
        ]
      ],
      "rotate": 0,
      "semantic": {
        "element": "普通设备",
        "links": []
      },
      "ext": {
        "文字识别结果": [
          ""
        ]
      }
    },
    {
      "id": 44,
      "type": "polyline",
      "shape": "polyline",
      "coord": [
        [
          495.32379150390625,
          308.1925048828125
        ],
        [
          495.32379150390625,
          684.1925048828125
        ]
      ],
      "rotate": 0,
      "semantic": {
        "element": "标尺",
        "links": []
      },
      "ext": {
        "文字识别结果": [
          "6te1"
        ]
      }
    },
    {
      "id": 45,
      "type": "polyline",
      "shape": "polyline",
      "coord": [
        [
          439.32379150390625,
          308.1925048828125
        ],
        [
          439.32379150390625,
          1326.1925048828125
        ]
      ],
      "rotate": 0,
      "semantic": {
        "element": "标尺",
        "links": []
      },
      "ext": {
        "文字识别结果": [
          "3600"
        ]
      }
    },
    {
      "id": 46,
      "type": "polyline",
      "shape": "polyline",
      "coord": [
        [
          2003.3237915039062,
          308.1925048828125
        ],
        [
          2003.3237915039062,
          590.1925048828125
        ]
      ],
      "rotate": 0,
      "semantic": {
        "element": "标尺",
        "links": []
      },
      "ext": {
        "文字识别结果": [
          "000I"
        ]
      }
    },
    {
      "id": 47,
      "type": "polyline",
      "shape": "polyline",
      "coord": [
        [
          1294.3237915039062,
          673.1925048828125
        ],
        [
          1294.3237915039062,
          898.1925048828125
        ]
      ],
      "rotate": 0,
      "semantic": {
        "element": "标尺",
        "links": []
      },
      "ext": {
        "文字识别结果": [
          "800"
        ]
      }
    },
    {
      "id": 48,
      "type": "polyline",
      "shape": "polyline",
      "coord": [
        [
          1319.3237915039062,
          1068.1925048828125
        ],
        [
          1319.3237915039062,
          1326.1925048828125
        ]
      ],
      "rotate": 0,
      "semantic": {
        "element": "标尺",
        "links": []
      },
      "ext": {
        "文字识别结果": [
          "006"
        ]
      }
    },
    {
      "id": 49,
      "type": "polyline",
      "shape": "polyline",
      "coord": [
        [
          1717.3237915039062,
          248.1925048828125
        ],
        [
          1717.3237915039062,
          1306.1925048828125
        ]
      ],
      "rotate": 0,
      "semantic": {
        "element": "标尺",
        "links": []
      },
      "ext": {
        "文字识别结果": [
          "4"
        ]
      }
    },
    {
      "id": 50,
      "type": "polyline",
      "shape": "polyline",
      "coord": [
        [
          2039.3237915039062,
          732.1925048828125
        ],
        [
          2039.3237915039062,
          760.1925048828125
        ]
      ],
      "rotate": 0,
      "semantic": {
        "element": "标尺",
        "links": []
      },
      "ext": {
        "文字识别结果": [
          "10"
        ]
      }
    },
    {
      "id": 51,
      "type": "polyline",
      "shape": "polyline",
      "coord": [
        [
          577.3237915039062,
          244.1925048828125
        ],
        [
          815.3237915039062,
          244.1925048828125
        ]
      ],
      "rotate": 0,
      "semantic": {
        "element": "标尺",
        "links": []
      },
      "ext": {
        "文字识别结果": [
          "850"
        ]
      }
    },
    {
      "id": 52,
      "type": "polyline",
      "shape": "polyline",
      "coord": [
        [
          577.3237915039062,
          178.1925048828125
        ],
        [
          1877.3237915039062,
          178.1925048828125
        ]
      ],
      "rotate": 0,
      "semantic": {
        "element": "标尺",
        "links": []
      },
      "ext": {
        "文字识别结果": [
          "4600"
        ]
      }
    },
    {
      "id": 53,
      "type": "polyline",
      "shape": "polyline",
      "coord": [
        [
          1707.3237915039062,
          250.1925048828125
        ],
        [
          1877.3237915039062,
          250.1925048828125
        ]
      ],
      "rotate": 0,
      "semantic": {
        "element": "标尺",
        "links": []
      },
      "ext": {
        "文字识别结果": [
          "600"
        ]
      }
    },
    {
      "id": 54,
      "type": "polyline",
      "shape": "polyline",
      "coord": [
        [
          577.3237915039062,
          902.1925048828125
        ],
        [
          759.3237915039062,
          902.1925048828125
        ]
      ],
      "rotate": 0,
      "semantic": {
        "element": "标尺",
        "links": []
      },
      "ext": {
        "文字识别结果": [
          "650"
        ]
      }
    },
    {
      "id": 55,
      "type": "polyline",
      "shape": "polyline",
      "coord": [
        [
          577.3237915039062,
          1018.1925048828125
        ],
        [
          945.3237915039062,
          1018.1925048828125
        ]
      ],
      "rotate": 0,
      "semantic": {
        "element": "标尺",
        "links": []
      },
      "ext": {
        "文字识别结果": [
          "1300"
        ]
      }
    },
    {
      "id": 56,
      "type": "polyline",
      "shape": "polyline",
      "coord": [
        [
          1511.3237915039062,
          986.1925048828125
        ],
        [
          1877.3237915039062,
          986.1925048828125
        ]
      ],
      "rotate": 0,
      "semantic": {
        "element": "标尺",
        "links": []
      },
      "ext": {
        "文字识别结果": [
          "1300"
        ]
      }
    },
    {
      "id": 57,
      "type": "polyline",
      "shape": "polyline",
      "coord": [
        [
          577.3237915039062,
          1446.1925048828125
        ],
        [
          851.3237915039062,
          1446.1925048828125
        ]
      ],
      "rotate": 0,
      "semantic": {
        "element": "标尺",
        "links": []
      },
      "ext": {
        "文字识别结果": [
          "096"
        ]
      }
    },
    {
      "id": 58,
      "type": "polyline",
      "shape": "polyline",
      "coord": [
        [
          1409.3237915039062,
          1288.1925048828125
        ],
        [
          1437.3237915039062,
          1288.1925048828125
        ]
      ],
      "rotate": 0,
      "semantic": {
        "element": "标尺",
        "links": []
      },
      "ext": {
        "文字识别结果": [
          "安装1008"
        ]
      }
    },
    {
      "id": 59,
      "type": "polyline",
      "shape": "polyline",
      "coord": [
        [
          1437.3237915039062,
          1291.1925048828125
        ],
        [
          1634.3237915039062,
          1291.1925048828125
        ]
      ],
      "rotate": 0,
      "semantic": {
        "element": "标尺",
        "links": []
      },
      "ext": {
        "文字识别结果": [
          ""
        ]
      }
    },
    {
      "id": 60,
      "type": "polyline",
      "shape": "polyline",
      "coord": [
        [
          1663.3237915039062,
          1306.1925048828125
        ],
        [
          1717.3237915039062,
          1306.1925048828125
        ]
      ],
      "rotate": 0,
      "semantic": {
        "element": "标尺",
        "links": []
      },
      "ext": {
        "文字识别结果": [
          "京有综合相6200"
        ]
      }
    },
    {
      "id": 61,
      "type": "box",
      "shape": "rect",
      "coord": [
        [
          605.3237915039062,
          332.1925048828125
        ],
        [
          747.3237915039062,
          680.1925048828125
        ]
      ],
      "rotate": 0,
      "semantic": {
        "element": "机柜",
        "links": []
      },
      "ext": {
        "文字识别结果": [
          "5"
        ],
        "门朝向": "right",
        "表格匹配结果": [
          "5",
          "地线排",
          "",
          "块",
          "",
          ""
        ]
      }
    },
    {
      "id": 62,
      "type": "box",
      "shape": "rect",
      "coord": [
        [
          851.3237915039062,
          1268.1925048828125
        ],
        [
          957.3237915039062,
          1282.1925048828125
        ]
      ],
      "rotate": 0,
      "semantic": {
        "element": "机柜",
        "links": []
      },
      "ext": {
        "文字识别结果": [
          ""
        ],
        "门朝向": "right"
      }
    },
    {
      "id": 63,
      "type": "box",
      "shape": "rect",
      "coord": [
        [
          819.3237915039062,
          308.1925048828125
        ],
        [
          965.3237915039062,
          392.1925048828125
        ]
      ],
      "rotate": 0,
      "semantic": {
        "element": "机柜",
        "links": []
      },
      "ext": {
        "文字识别结果": [
          "7"
        ],
        "门朝向": "down",
        "表格匹配结果": [
          "7",
          "空调室外机",
          "",
          "台",
          "",
          "原有",
          ""
        ]
      }
    },
    {
      "id": 64,
      "type": "box",
      "shape": "rect",
      "coord": [
        [
          969.3237915039062,
          590.1925048828125
        ],
        [
          1139.3237915039062,
          672.1925048828125
        ]
      ],
      "rotate": 0,
      "semantic": {
        "element": "机柜",
        "links": []
      },
      "ext": {
        "文字识别结果": [
          "2"
        ],
        "门朝向": "down",
        "表格匹配结果": [
          "2",
          "NR AAU",
          "AAU5613",
          "860*390*190",
          "台",
          "28",
          "850W-1090W",
          "重量不含外壳"
        ]
      }
    },
    {
      "id": 65,
      "type": "box",
      "shape": "rect",
      "coord": [
        [
          945.3237915039062,
          950.1925048828125
        ],
        [
          1143.3237915039062,
          1068.1925048828125
        ]
      ],
      "rotate": 0,
      "semantic": {
        "element": "机柜",
        "links": []
      },
      "ext": {
        "文字识别结果": [
          "1"
        ],
        "门朝向": "down",
        "表格匹配结果": [
          "1",
          "NRBBU基带单元",
          "BBU5900",
          "86*442*310",
          "台",
          "",
          "1000W",
          ""
        ]
      }
    },
    {
      "id": 66,
      "type": "box",
      "shape": "rect",
      "coord": [
        [
          1143.3237915039062,
          1010.1925048828125
        ],
        [
          1311.3237915039062,
          1068.1925048828125
        ]
      ],
      "rotate": 0,
      "semantic": {
        "element": "机柜",
        "links": []
      },
      "ext": {
        "文字识别结果": [
          ""
        ],
        "门朝向": "down"
      }
    },
    {
      "id": 67,
      "type": "box",
      "shape": "rect",
      "coord": [
        [
          1255.3237915039062,
          546.1925048828125
        ],
        [
          1425.3237915039062,
          672.1925048828125
        ]
      ],
      "rotate": 0,
      "semantic": {
        "element": "机柜",
        "links": []
      },
      "ext": {
        "文字识别结果": [
          "1"
        ],
        "门朝向": "down",
        "表格匹配结果": [
          "1",
          "NRBBU基带单元",
          "BBU5900",
          "86*442*310",
          "台",
          "",
          "1000W",
          ""
        ]
      }
    },
    {
      "id": 68,
      "type": "box",
      "shape": "rect",
      "coord": [
        [
          1336.3237915039062,
          902.1925048828125
        ],
        [
          1509.3237915039062,
          1070.1925048828125
        ]
      ],
      "rotate": 0,
      "semantic": {
        "element": "机柜",
        "links": []
      },
      "ext": {
        "文字识别结果": [
          "4"
        ],
        "门朝向": "down",
        "表格匹配结果": [
          "4",
          "空开",
          "",
          "个",
          "",
          ""
        ]
      }
    },
    {
      "id": 69,
      "type": "box",
      "shape": "rect",
      "coord": [
        [
          1563.3237915039062,
          308.1925048828125
        ],
        [
          1707.3237915039062,
          392.1925048828125
        ]
      ],
      "rotate": 0,
      "semantic": {
        "element": "机柜",
        "links": []
      },
      "ext": {
        "文字识别结果": [
          ""
        ],
        "门朝向": "down"
      }
    },
    {
      "id": 70,
      "type": "box",
      "shape": "rect",
      "coord": [
        [
          775.3237915039062,
          1292.1925048828125
        ],
        [
          847.3237915039062,
          1306.1925048828125
        ]
      ],
      "rotate": 0,
      "semantic": {
        "element": "普通设备",
        "links": []
      },
      "ext": {
        "文字识别结果": [
          ""
        ]
      }
    },
    {
      "id": 71,
      "type": "box",
      "shape": "rect",
      "coord": [
        [
          775.3237915039062,
          1306.1925048828125
        ],
        [
          851.3237915039062,
          1322.1925048828125
        ]
      ],
      "rotate": 0,
      "semantic": {
        "element": "普通设备",
        "links": []
      },
      "ext": {
        "文字识别结果": [
          ""
        ]
      }
    },
    {
      "id": 72,
      "type": "box",
      "shape": "rect",
      "coord": [
        [
          605.3237915039062,
          1140.1925048828125
        ],
        [
          956.3237915039062,
          1156.1925048828125
        ]
      ],
      "rotate": 0,
      "semantic": {
        "element": "普通设备",
        "links": []
      },
      "ext": {
        "文字识别结果": [
          ""
        ]
      }
    },
    {
      "id": 73,
      "type": "box",
      "shape": "rect",
      "coord": [
        [
          847.3237915039062,
          1284.1925048828125
        ],
        [
          957.3237915039062,
          1294.1925048828125
        ]
      ],
      "rotate": 0,
      "semantic": {
        "element": "普通设备",
        "links": []
      },
      "ext": {
        "文字识别结果": [
          ""
        ]
      }
    },
    {
      "id": 74,
      "type": "box",
      "shape": "rect",
      "coord": [
        [
          1143.3237915039062,
          902.1925048828125
        ],
        [
          1311.3237915039062,
          938.1925048828125
        ]
      ],
      "rotate": 0,
      "semantic": {
        "element": "普通设备",
        "links": []
      },
      "ext": {
        "文字识别结果": [
          ""
        ]
      }
    },
    {
      "id": 75,
      "type": "box",
      "shape": "rect",
      "coord": [
        [
          1143.3237915039062,
          938.1925048828125
        ],
        [
          1311.3237915039062,
          1010.1925048828125
        ]
      ],
      "rotate": 0,
      "semantic": {
        "element": "普通设备",
        "links": []
      },
      "ext": {
        "文字识别结果": [
          ""
        ]
      }
    },
    {
      "id": 76,
      "type": "box",
      "shape": "rect",
      "coord": [
        [
          1311.3237915039062,
          1294.1925048828125
        ],
        [
          1327.3237915039062,
          1322.1925048828125
        ]
      ],
      "rotate": 0,
      "semantic": {
        "element": "普通设备",
        "links": []
      },
      "ext": {
        "文字识别结果": [
          ""
        ]
      }
    },
    {
      "id": 77,
      "type": "box",
      "shape": "rect",
      "coord": [
        [
          1327.3237915039062,
          1288.1925048828125
        ],
        [
          1349.3237915039062,
          1322.1925048828125
        ]
      ],
      "rotate": 0,
      "semantic": {
        "element": "普通设备",
        "links": []
      },
      "ext": {
        "文字识别结果": [
          ""
        ]
      }
    },
    {
      "id": 78,
      "type": "box",
      "shape": "rect",
      "coord": [
        [
          1381.3237915039062,
          1294.1925048828125
        ],
        [
          1413.3237915039062,
          1322.1925048828125
        ]
      ],
      "rotate": 0,
      "semantic": {
        "element": "普通设备",
        "links": []
      },
      "ext": {
        "文字识别结果": [
          ""
        ]
      }
    },
    {
      "id": 79,
      "type": "box",
      "shape": "rect",
      "coord": [
        [
          1445.3237915039062,
          1302.1925048828125
        ],
        [
          1521.3237915039062,
          1322.1925048828125
        ]
      ],
      "rotate": 0,
      "semantic": {
        "element": "普通设备",
        "links": []
      },
      "ext": {
        "文字识别结果": [
          ""
        ]
      }
    },
    {
      "id": 80,
      "type": "box",
      "shape": "rect",
      "coord": [
        [
          1853.3237915039062,
          760.1925048828125
        ],
        [
          1865.3237915039062,
          882.1925048828125
        ]
      ],
      "rotate": 0,
      "semantic": {
        "element": "普通设备",
        "links": []
      },
      "ext": {
        "文字识别结果": [
          ""
        ]
      }
    },
    {
      "id": 81,
      "type": "box",
      "shape": "rect",
      "coord": [
        [
          1865.3237915039062,
          760.1925048828125
        ],
        [
          1876.3237915039062,
          886.1925048828125
        ]
      ],
      "rotate": 0,
      "semantic": {
        "element": "普通设备",
        "links": []
      },
      "ext": {
        "文字识别结果": [
          ""
        ]
      }
    },
    {
      "id": 82,
      "type": "box",
      "shape": "rect",
      "coord": [
        [
          1837.3237915039062,
          440.1925048828125
        ],
        [
          1877.3237915039062,
          466.1925048828125
        ]
      ],
      "rotate": 0,
      "semantic": {
        "element": "普通设备",
        "links": []
      },
      "ext": {
        "文字识别结果": [
          ""
        ]
      }
    },
    {
      "id": 83,
      "type": "box",
      "shape": "rect",
      "coord": [
        [
          1837.3237915039062,
          530.1925048828125
        ],
        [
          1880.3237915039062,
          558.1925048828125
        ]
      ],
      "rotate": 0,
      "semantic": {
        "element": "普通设备",
        "links": []
      },
      "ext": {
        "文字识别结果": [
          ""
        ]
      }
    },
    {
      "id": 84,
      "type": "box",
      "shape": "rect",
      "coord": [
        [
          1837.3237915039062,
          486.1925048828125
        ],
        [
          1881.3237915039062,
          514.1925048828125
        ]
      ],
      "rotate": 0,
      "semantic": {
        "element": "普通设备",
        "links": []
      },
      "ext": {
        "文字识别结果": [
          ""
        ]
      }
    },
    {
      "id": 86,
      "type": "other",
      "shape": "rect",
      "coord": [
        [
          1439.3283081054688,
          441.172119140625
        ],
        [
          1770.1089477539062,
          575.347900390625
        ]
      ],
      "rotate": 0,
      "semantic": {
        "element": "带指向性文字",
        "links": []
      },
      "ext": {
        "文字识别结果": [
          "U900",
          "RRU",
          "）",
          "挂墙安装"
        ]
      }
    },
    {
      "id": 87,
      "type": "other",
      "shape": "rect",
      "coord": [
        [
          1500.4186401367188,
          686.0509033203125
        ],
        [
          1839.9229125976562,
          816.3851318359375
        ]
      ],
      "rotate": 0,
      "semantic": {
        "element": "带指向性文字",
        "links": []
      },
      "ext": {
        "文字识别结果": [
          "1800BBU,挂墙",
          "底边离地1.4米"
        ]
      }
    },
    {
      "id": 88,
      "type": "other",
      "shape": "rect",
      "coord": [
        [
          1403.0559692382812,
          1079.64306640625
        ],
        [
          2286.0089721679688,
          1248.8876953125
        ]
      ],
      "rotate": 0,
      "semantic": {
        "element": "带指向性文字",
        "links": []
      },
      "ext": {
        "文字识别结果": [
          "利旧-个DCPD10",
          "新增一台华为5G BBU5900（需安装挡风木",
          "安装于原有综合柜内",
          "1008",
          "6200"
        ]
      }
    },
    {
      "id": 89,
      "type": "other",
      "shape": "rect",
      "coord": [
        [
          1438.4238891601562,
          440.8363037109375
        ],
        [
          1767.8540649414062,
          576.1710205078125
        ]
      ],
      "rotate": 0,
      "semantic": {
        "element": "带指向性文字",
        "links": []
      },
      "ext": {
        "文字识别结果": [
          "U900",
          "RRU",
          "挂墙安装"
        ]
      }
    },
    {
      "id": 90,
      "type": "other",
      "shape": "rect",
      "coord": [
        [
          1504.3342895507812,
          684.0113525390625
        ],
        [
          1836.0178833007812,
          816.4664306640625
        ]
      ],
      "rotate": 0,
      "semantic": {
        "element": "带指向性文字",
        "links": []
      },
      "ext": {
        "文字识别结果": [
          "1800BBU,挂墙",
          "底边离地1.4米"
        ]
      }
    },
    {
      "id": 91,
      "type": "other",
      "shape": "rect",
      "coord": [
        [
          1395.1796264648438,
          1088.1214599609375
        ],
        [
          2335.8696899414062,
          1249.626220703125
        ]
      ],
      "rotate": 0,
      "semantic": {
        "element": "带指向性文字",
        "links": []
      },
      "ext": {
        "文字识别结果": [
          "利-个DCPD10",
          "新增一台华为5G BBU5900（需安装挡风板）",
          "安装于原有综合柜内",
          "1908",
          "6200"
        ]
      }
    },
    {
      "id": 92,
      "type": "other",
      "shape": "rect",
      "coord": [
        [
          852.2244262695312,
          1205.97607421875
        ],
        [
          990.9248657226562,
          1266.0870361328125
        ]
      ],
      "rotate": 0,
      "semantic": {
        "element": "无指向性文字",
        "links": []
      },
      "ext": {
        "文字识别结果": [
          "3/"
        ]
      }
    },
    {
      "id": 93,
      "type": "other",
      "shape": "rect",
      "coord": [
        [
          1473.7449340820312,
          1243.911865234375
        ],
        [
          1513.9453735351562,
          1297.688720703125
        ]
      ],
      "rotate": 0,
      "semantic": {
        "element": "无指向性文字",
        "links": []
      },
      "ext": {
        "文字识别结果": [
          "安装于8"
        ]
      }
    },
    {
      "id": 94,
      "type": "other",
      "shape": "rect",
      "coord": [
        [
          1584.0720825195312,
          1232.792724609375
        ],
        [
          1629.0176391601562,
          1279.61572265625
        ]
      ],
      "rotate": 0,
      "semantic": {
        "element": "无指向性文字",
        "links": []
      },
      "ext": {
        "文字识别结果": [
          "于原有"
        ]
      }
    },
    {
      "id": 95,
      "type": "other",
      "shape": "rect",
      "coord": [
        [
          611.6352233886719,
          687.077880859375
        ],
        [
          680.0831298828125,
          770.5496826171875
        ]
      ],
      "rotate": 0,
      "semantic": {
        "element": "无指向性文字",
        "links": []
      },
      "ext": {
        "文字识别结果": [
          "Y"
        ]
      }
    },
    {
      "id": 96,
      "type": "other",
      "shape": "rect",
      "coord": [
        [
          851.8518676757812,
          1206.173828125
        ],
        [
          988.318115234375,
          1264.6483154296875
        ]
      ],
      "rotate": 0,
      "semantic": {
        "element": "无指向性文字",
        "links": []
      },
      "ext": {
        "文字识别结果": [
          "人"
        ]
      }
    },
    {
      "id": 97,
      "type": "other",
      "shape": "rect",
      "coord": [
        [
          1476.7562866210938,
          1245.6546630859375
        ],
        [
          1512.0359497070312,
          1295.3448486328125
        ]
      ],
      "rotate": 0,
      "semantic": {
        "element": "无指向性文字",
        "links": []
      },
      "ext": {
        "文字识别结果": [
          "安装于8"
        ]
      }
    },
    {
      "id": 98,
      "type": "other",
      "shape": "rect",
      "coord": [
        [
          1586.8735961914062,
          1232.51171875
        ],
        [
          1630.4334106445312,
          1279.3045654296875
        ]
      ],
      "rotate": 0,
      "semantic": {
        "element": "无指向性文字",
        "links": []
      },
      "ext": {
        "文字识别结果": [
          "于原有线"
        ]
      }
    },
    {
      "id": 99,
      "type": "other",
      "shape": "rect",
      "coord": [
        [
          614.8786010742188,
          691.1416015625
        ],
        [
          677.2164611816406,
          766.938720703125
        ]
      ],
      "rotate": 0,
      "semantic": {
        "element": "无指向性文字",
        "links": []
      },
      "ext": {
        "文字识别结果": [
          "3"
        ]
      }
    },
    {
      "id": 100,
      "type": "other",
      "shape": "rect",
      "coord": [
        [
          1720.93408203125,
          1315.28466796875
        ],
        [
          1848.8582763671875,
          1375.85498046875
        ]
      ],
      "rotate": 0,
      "semantic": {
        "element": "门",
        "links": []
      },
      "ext": {}
    },
    {
      "id": 101,
      "type": "other",
      "shape": "rect",
      "coord": [
        [
          2808.40673828125,
          128.2796630859375
        ],
        [
          2893.052734375,
          191.712158203125
        ]
      ],
      "rotate": 0,
      "semantic": {
        "element": "图例小图",
        "links": [
          {
            "pair_id": 111,
            "label": "图例文字",
            "distance": 137.695556640625
          }
        ]
      },
      "ext": {
        "图例归类": "新增设备"
      }
    },
    {
      "id": 102,
      "type": "other",
      "shape": "rect",
      "coord": [
        [
          3443.293701171875,
          133.5330810546875
        ],
        [
          3531.1181640625,
          188.48095703125
        ]
      ],
      "rotate": 0,
      "semantic": {
        "element": "图例小图",
        "links": [
          {
            "pair_id": 113,
            "label": "图例文字",
            "distance": 143.2193603515625
          }
        ]
      },
      "ext": {
        "图例归类": "预留设备"
      }
    },
    {
      "id": 103,
      "type": "other",
      "shape": "rect",
      "coord": [
        [
          3141.755859375,
          134.1485595703125
        ],
        [
          3224.5595703125,
          186.2806396484375
        ]
      ],
      "rotate": 0,
      "semantic": {
        "element": "图例小图",
        "links": [
          {
            "pair_id": 112,
            "label": "图例文字",
            "distance": 111.767578125
          }
        ]
      },
      "ext": {
        "图例归类": "原有设备"
      }
    },
    {
      "id": 104,
      "type": "other",
      "shape": "rect",
      "coord": [
        [
          3805.529296875,
          132.9189453125
        ],
        [
          3890.093994140625,
          185.5509033203125
        ]
      ],
      "rotate": 0,
      "semantic": {
        "element": "图例小图",
        "links": [
          {
            "pair_id": 114,
            "label": "图例文字",
            "distance": 137.6136474609375
          }
        ]
      },
      "ext": {
        "图例归类": "拆除设备"
      }
    },
    {
      "id": 105,
      "type": "other",
      "shape": "rect",
      "coord": [
        [
          844.896484375,
          1480.314208984375
        ],
        [
          1233.958251953125,
          1648.98095703125
        ]
      ],
      "rotate": 0,
      "semantic": {
        "element": "机房标题",
        "links": []
      },
      "ext": {
        "文字识别结果": [
          "阳江那霍朝晖机房无线机房（1层）"
        ]
      }
    },
    {
      "id": 106,
      "type": "table",
      "shape": "rect",
      "coord": [
        [
          2450.06787109375,
          288.7305908203125
        ],
        [
          3891.697509765625,
          1412.537353515625
        ]
      ],
      "rotate": 0,
      "semantic": {
        "element": "物料表",
        "links": []
      },
      "ext": {
        "表格识别结果": [
          [
            "",
            "设备名称",
            "设备型号",
            "单位",
            "数量",
            "分类",
            "备注"
          ],
          [
            "1",
            "GSM900设备",
            "",
            "架",
            "",
            "原有",
            ""
          ],
          [
            "",
            "DCS1800设备",
            "",
            "架",
            "",
            "原有",
            ""
          ],
          [
            "1*",
            "WCDMA设备",
            "",
            "架",
            "",
            "原有",
            ""
          ],
          [
            "2",
            "传输综合柜",
            "",
            "架",
            "",
            "原有",
            "具体以传输专业图纸为准"
          ],
          [
            "2",
            "集成型传输设备",
            "",
            "架",
            "",
            "无",
            "具体以传输专业图纸为准"
          ],
          [
            "3",
            "DF盒",
            "",
            "个",
            "",
            "原有",
            "具体以传输专业图纸为准"
          ],
          [
            "3",
            "OF盒",
            "",
            "个",
            "",
            "原有",
            "具体以传输业图纸为准"
          ],
          [
            "4",
            "开关电源",
            "",
            "架",
            "",
            "原有",
            ""
          ],
          [
            "5",
            "蓄电池组",
            "双登GFM-500",
            "组",
            "",
            "原有",
            "立式2层2列"
          ],
          [
            "6",
            "交流配电箱（AC）",
            "SACSB-I",
            "个",
            "",
            "原有",
            "下沿距地1100mm"
          ],
          [
            "7",
            "柜式空调",
            "",
            "台",
            "",
            "原有",
            ""
          ],
          [
            "7",
            "空调室外机",
            "",
            "台",
            "",
            "原有",
            ""
          ],
          [
            "8",
            "环境控制箱",
            "",
            "个",
            "",
            "原有",
            ""
          ],
          [
            "9",
            "O架",
            "",
            "个",
            "",
            "原有",
            ""
          ],
          [
            "10",
            "综合柜",
            "2200*600*600",
            "架",
            "",
            "原有",
            ""
          ]
        ]
      }
    },
    {
      "id": 107,
      "type": "table",
      "shape": "rect",
      "coord": [
        [
          2381.431640625,
          1466.682373046875
        ],
        [
          3930.310302734375,
          1919.32080078125
        ]
      ],
      "rotate": 0,
      "semantic": {
        "element": "物料表",
        "links": []
      },
      "ext": {
        "表格识别结果": [
          [
            "房号",
            "设备名称",
            "设型号",
            "单位",
            "数量",
            "备注"
          ],
          [
            "1",
            "NR BU",
            "华为5900",
            "台",
            "1",
            "安装原有综合柜内"
          ],
          [
            "2",
            "NR DCDU",
            "DCP10",
            "台",
            "",
            "安装原有综合柜内"
          ],
          [
            "3",
            "直流配电箱",
            "",
            "个",
            "",
            ""
          ],
          [
            "4",
            "空开",
            "",
            "个",
            "",
            ""
          ],
          [
            "5",
            "地线排",
            "",
            "块",
            "",
            ""
          ],
          [
            "6",
            "BU板件",
            "",
            "块",
            "",
            ""
          ]
        ]
      }
    },
    {
      "id": 108,
      "type": "table",
      "shape": "rect",
      "coord": [
        [
          2358.1103515625,
          1951.0517578125
        ],
        [
          4074.53662109375,
          2450.05859375
        ]
      ],
      "rotate": 0,
      "semantic": {
        "element": "物料表",
        "links": []
      },
      "ext": {
        "表格识别结果": [
          [
            "设备安装重量表：",
            "",
            "",
            "",
            "",
            "",
            "",
            ""
          ],
          [
            "序号",
            "设备名称",
            "规格型号",
            "典型设备尽寸",
            "单位",
            "重量(kg)",
            "典型/最大",
            "备注"
          ],
          [
            "1",
            "NRBBU基带单元",
            "BBU5900",
            "86*442*310",
            "台",
            "",
            "1000W",
            ""
          ],
          [
            "2",
            "NR AAU",
            "AAU5613",
            "860*390*190",
            "台",
            "28",
            "850W-1090W",
            "重量不含外壳"
          ],
          [
            "3",
            "流配电单元",
            "DCPD10",
            "442*42*65",
            "台",
            "1.95",
            "",
            "输出10路30A"
          ]
        ]
      }
    },
    {
      "id": 109,
      "type": "table",
      "shape": "rect",
      "coord": [
        [
          2069.446044921875,
          2496.9853515625
        ],
        [
          4111.34912109375,
          2871.51708984375
        ]
      ],
      "rotate": 0,
      "semantic": {
        "element": "标题栏",
        "links": []
      },
      "ext": {
        "表格识别结果": [
          [
            "",
            "",
            "审核人",
            "",
            "中讯电询设计院有限公司",
            ""
          ],
          [
            "处主管",
            "宝發",
            "制图人",
            "林文校",
            "",
            ""
          ],
          [
            "",
            "",
            "",
            "",
            "2021年中国联通东阳江5G基站2C覆盖二期程-阳江工程",
            ""
          ],
          [
            "设计总负责人",
            "",
            "单位",
            "mm",
            "",
            ""
          ],
          [
            "单项负责人",
            "陈",
            "比",
            "1:100",
            "",
            ""
          ],
          [
            "设计人",
            "",
            "期",
            "2021-08",
            "图号",
            "22S（DW2"
          ]
        ]
      }
    },
    {
      "id": 110,
      "type": "other",
      "shape": "rect",
      "coord": [
        [
          2681.42529296875,
          73.1934814453125
        ],
        [
          4150.599609375,
          249.9844970703125
        ]
      ],
      "rotate": 0,
      "semantic": {
        "element": "图例",
        "links": []
      },
      "ext": {}
    },
    {
      "id": 111,
      "type": "other",
      "shape": "rect",
      "coord": [
        [
          2905.42529296875,
          139.1934814453125
        ],
        [
          3071.42529296875,
          180.1934814453125
        ]
      ],
      "rotate": 0,
      "semantic": {
        "element": "图例文字",
        "links": []
      },
      "ext": {
        "文字识别结果": [
          "本期新增设备"
        ],
        "图例归类": "新增设备"
      }
    },
    {
      "id": 112,
      "type": "other",
      "shape": "rect",
      "coord": [
        [
          3237.42529296875,
          141.1934814453125
        ],
        [
          3352.42529296875,
          199.1934814453125
        ]
      ],
      "rotate": 0,
      "semantic": {
        "element": "图例文字",
        "links": []
      },
      "ext": {
        "文字识别结果": [
          "原有设备"
        ],
        "图例归类": "原有设备"
      }
    },
    {
      "id": 113,
      "type": "other",
      "shape": "rect",
      "coord": [
        [
          3545.42529296875,
          144.1934814453125
        ],
        [
          3715.42529296875,
          194.1934814453125
        ]
      ],
      "rotate": 0,
      "semantic": {
        "element": "图例文字",
        "links": []
      },
      "ext": {
        "文字识别结果": [
          "预留设备位置"
        ],
        "图例归类": "预留设备"
      }
    },
    {
      "id": 114,
      "type": "other",
      "shape": "rect",
      "coord": [
        [
          3902.42529296875,
          150.1934814453125
        ],
        [
          4068.42529296875,
          191.1934814453125
        ]
      ],
      "rotate": 0,
      "semantic": {
        "element": "图例文字",
        "links": []
      },
      "ext": {
        "文字识别结果": [
          "本期拆除设备"
        ],
        "图例归类": "拆除设备"
      }
    },
    {
      "id": 115,
      "type": "other",
      "shape": "rect",
      "coord": [
        [
          1883.50634765625,
          1445.34130859375
        ],
        [
          2256.430419921875,
          1638.8779296875
        ]
      ],
      "rotate": 0,
      "semantic": {
        "element": "建北磁北(夹角)",
        "links": []
      },
      "ext": {
        "文字识别结果": [
          "N"
        ],
        "文字位置": [
          [
            [
              1885.50634765625,
              1488.34130859375
            ],
            [
              1958.50634765625,
              1571.34130859375
            ]
          ]
        ],
        "顶点位置": [
          [
            2252.67822265625,
            1637.7775502044883
          ],
          [
            1982.05322265625,
            1481.562785103817
          ],
          [
            1948.22509765625,
            1637.7775502044883
          ]
        ]
      }
    },
    {
      "id": 116,
      "type": "other",
      "shape": "rect",
      "coord": [
        [
          199.89601135253906,
          1679.94921875
        ],
        [
          2277.322021484375,
          2687.340576171875
        ]
      ],
      "rotate": 0,
      "semantic": {
        "element": "说明文字",
        "links": []
      },
      "ext": {
        "文字识别结果": [
          "说明:",
          "1．本站为NR新建站”阳江阳东那味新风”,采用BBU集中放置方式：",
          "上联至”阳江那霍朝晖”基站,无线机房在1层，净高3000mm,满足通信机房建设相关强制性规范",
          "NR使用华为分布式设备，配置为S111（高),系统频段3500MM,设备配置64TR,传输配置GE(100M）；",
          "新建1台NR BBU5900安装于原有综合柜内；",
          "2.施工时机柜预留尺寸为参考尺寸，以实际订货尺寸为准：机柜安装应符合相关的规范要求；",
          "3．本期使用220V市电/48v直流接入电，站点机房无线主设备总功耗峰值约需4KW",
          "[远端]基站地址:阳江市阳东区那味金村山庄旁空地:",
          "经纬度为：E112.025386°,N21.917209°,站址归属于铁塔：",
          "5.后备电情况说明：（站点处于市区，需物业反馈电源情况是否稳定，待动力评审后再考虑配置后备电池）",
          "备注：一台BBU功耗峰值约1000W,一台5G AAU功耗峰值约1090W;",
          "处主管",
          "设计总负责人"
        ]
      }
    },
    {
      "id": 117,
      "type": "other",
      "shape": "rect",
      "coord": [
        [
          206.9759063720703,
          2779.41943359375
        ],
        [
          1530.9893798828125,
          2857.17626953125
        ]
      ],
      "rotate": 0,
      "semantic": {
        "element": "说明文字",
        "links": []
      },
      "ext": {
        "文字识别结果": [
          "注：接电方案需要设计院&联通运维&网建三方评审后方能决定，本次图纸接电仅作参考；"
        ]
      }
    }
  ]
}