{
  "info": {
    "像素面积": {
      "全部面积": 1502056.0,
      "设备面积": 205296.0,
      "剩余面积": 1296760.0
    },
    "图纸信息": {
      "类型": "机房",
      "名称": "123.png"
    }
  },
  "obj": [
    {
      "id": 1,
      "type": "outline",
      "shape": "polyline",
      "coord": [
        [
          588.3063354492188,
          655.647216796875
        ],
        [
          626.3063354492188,
          655.647216796875
        ],
        [
          588.3063354492188,
          347.647216796875
        ],
        [
          1632.3063354492188,
          343.647216796875
        ],
        [
          588.3063354492188,
          1059.647216796875
        ],
        [
          1632.3063354492188,
          1063.647216796875
        ],
        [
          628.3063354492188,
          1021.647216796875
        ],
        [
          1594.3063354492188,
          1023.647216796875
        ],
        [
          592.3063354492188,
          481.647216796875
        ],
        [
          628.3063354492188,
          481.647216796875
        ],
        [
          630.3063354492188,
          385.647216796875
        ],
        [
          1594.3063354492188,
          383.647216796875
        ],
        [
          630.3063354492188,
          387.647216796875
        ],
        [
          1594.3063354492188,
          383.647216796875
        ],
        [
          1422.3063354492188,
          1021.647216796875
        ],
        [
          1670.3063354492188,
          1021.647216796875
        ],
        [
          1632.3063354492188,
          1059.647216796875
        ],
        [
          1634.3063354492188,
          1059.647216796875
        ],
        [
          592.3063354492188,
          343.647216796875
        ],
        [
          588.3063354492188,
          481.647216796875
        ],
        [
          1632.3063354492188,
          347.647216796875
        ],
        [
          1632.3063354492188,
          1059.647216796875
        ],
        [
          629.3063354492188,
          383.647216796875
        ],
        [
          628.3063354492188,
          481.647216796875
        ],
        [
          1594.3063354492188,
          385.647216796875
        ],
        [
          1594.3063354492188,
          1023.647216796875
        ],
        [
          588.3063354492188,
          655.647216796875
        ],
        [
          588.3063354492188,
          1063.647216796875
        ],
        [
          628.3063354492188,
          655.647216796875
        ],
        [
          628.3063354492188,
          1021.647216796875
        ],
        [
          1422.3063354492188,
          1021.647216796875
        ],
        [
          1422.3063354492188,
          1023.647216796875
        ]
      ],
      "rotate": 0,
      "semantic": {
        "element": "墙轮廓",
        "path": [
          "0, 1",
          "2, 3",
          "4, 5",
          "6, 7",
          "8, 9",
          "10, 11",
          "12, 13",
          "14, 15",
          "16, 17",
          "18, 19",
          "20, 21",
          "22, 23",
          "24, 25",
          "26, 27",
          "28, 29",
          "30, 31"
        ],
        "links": []
      },
      "ext": {}
    },
    {
      "id": 2,
      "type": "outline",
      "shape": "polyline",
      "coord": [
        [
          588.3063354492188,
          653.647216796875
        ],
        [
          628.3063354492188,
          653.647216796875
        ],
        [
          628.3063354492188,
          1021.647216796875
        ],
        [
          1594.3063354492188,
          1021.647216796875
        ],
        [
          1596.3063354492188,
          1021.647216796875
        ],
        [
          588.3063354492188,
          1061.647216796875
        ],
        [
          1634.3063354492188,
          1061.647216796875
        ],
        [
          590.3063354492188,
          483.647216796875
        ],
        [
          628.3063354492188,
          483.647216796875
        ],
        [
          590.3063354492188,
          346.647216796875
        ],
        [
          1634.3063354492188,
          346.647216796875
        ],
        [
          628.3063354492188,
          383.647216796875
        ],
        [
          1594.3063354492188,
          383.647216796875
        ],
        [
          1596.3063354492188,
          383.647216796875
        ],
        [
          1634.3063354492188,
          347.647216796875
        ],
        [
          1634.3063354492188,
          1061.647216796875
        ],
        [
          1594.3063354492188,
          383.647216796875
        ],
        [
          1594.3063354492188,
          1021.647216796875
        ],
        [
          628.3063354492188,
          387.647216796875
        ],
        [
          628.3063354492188,
          483.647216796875
        ],
        [
          590.3063354492188,
          347.647216796875
        ],
        [
          590.3063354492188,
          483.647216796875
        ],
        [
          588.3063354492188,
          653.647216796875
        ],
        [
          588.3063354492188,
          1061.647216796875
        ]
      ],
      "rotate": 0,
      "semantic": {
        "element": "墙轮廓",
        "path": [
          "0, 1, 2, 3, 4",
          "5, 6",
          "7, 8",
          "9, 10",
          "11, 12, 13",
          "14, 15",
          "16, 17",
          "18, 19",
          "20, 21",
          "22, 23"
        ],
        "links": []
      },
      "ext": {}
    },
    {
      "id": 2,
      "type": "polyline",
      "shape": "polyline",
      "coord": [
        [
          496.30633544921875,
          383.647216796875
        ],
        [
          496.30633544921875,
          481.647216796875
        ]
      ],
      "rotate": 0,
      "semantic": {
        "element": "标尺",
        "links": []
      },
      "ext": {
        "文字识别结果": [
          "500"
        ]
      }
    },
    {
      "id": 3,
      "type": "polyline",
      "shape": "polyline",
      "coord": [
        [
          1684.3063354492188,
          383.647216796875
        ],
        [
          1684.3063354492188,
          403.647216796875
        ]
      ],
      "rotate": 0,
      "semantic": {
        "element": "标尺",
        "links": []
      },
      "ext": {
        "文字识别结果": [
          ""
        ]
      }
    },
    {
      "id": 4,
      "type": "polyline",
      "shape": "polyline",
      "coord": [
        [
          1752.3063354492188,
          383.647216796875
        ],
        [
          1752.3063354492188,
          1021.647216796875
        ]
      ],
      "rotate": 0,
      "semantic": {
        "element": "标尺",
        "links": []
      },
      "ext": {
        "文字识别结果": [
          "3300"
        ]
      }
    },
    {
      "id": 5,
      "type": "polyline",
      "shape": "polyline",
      "coord": [
        [
          1676.3063354492188,
          631.647216796875
        ],
        [
          1676.3063354492188,
          719.647216796875
        ]
      ],
      "rotate": 0,
      "semantic": {
        "element": "标尺",
        "links": []
      },
      "ext": {
        "文字识别结果": [
          "4504"
        ]
      }
    },
    {
      "id": 6,
      "type": "polyline",
      "shape": "polyline",
      "coord": [
        [
          1684.3063354492188,
          945.647216796875
        ],
        [
          1684.3063354492188,
          1021.647216796875
        ]
      ],
      "rotate": 0,
      "semantic": {
        "element": "标尺",
        "links": []
      },
      "ext": {
        "文字识别结果": [
          "60"
        ]
      }
    },
    {
      "id": 7,
      "type": "polyline",
      "shape": "polyline",
      "coord": [
        [
          496.30633544921875,
          481.647216796875
        ],
        [
          496.30633544921875,
          655.647216796875
        ]
      ],
      "rotate": 0,
      "semantic": {
        "element": "标尺",
        "links": []
      },
      "ext": {
        "文字识别结果": [
          "006"
        ]
      }
    },
    {
      "id": 8,
      "type": "polyline",
      "shape": "polyline",
      "coord": [
        [
          628.3063354492188,
          267.647216796875
        ],
        [
          1594.3063354492188,
          267.647216796875
        ]
      ],
      "rotate": 0,
      "semantic": {
        "element": "标尺",
        "links": []
      },
      "ext": {
        "文字识别结果": [
          "5000"
        ]
      }
    },
    {
      "id": 9,
      "type": "polyline",
      "shape": "polyline",
      "coord": [
        [
          1578.3063354492188,
          327.647216796875
        ],
        [
          1598.3063354492188,
          327.647216796875
        ]
      ],
      "rotate": 0,
      "semantic": {
        "element": "标尺",
        "links": []
      },
      "ext": {
        "文字识别结果": [
          "190"
        ]
      }
    },
    {
      "id": 10,
      "type": "polyline",
      "shape": "polyline",
      "coord": [
        [
          940.3063354492188,
          1119.647216796875
        ],
        [
          996.3063354492188,
          1119.647216796875
        ]
      ],
      "rotate": 0,
      "semantic": {
        "element": "标尺",
        "links": []
      },
      "ext": {
        "文字识别结果": [
          ""
        ]
      }
    },
    {
      "id": 11,
      "type": "polyline",
      "shape": "polyline",
      "coord": [
        [
          1420.3063354492188,
          1107.647216796875
        ],
        [
          1594.3063354492188,
          1107.647216796875
        ]
      ],
      "rotate": 0,
      "semantic": {
        "element": "标尺",
        "links": []
      },
      "ext": {
        "文字识别结果": [
          "900"
        ]
      }
    },
    {
      "id": 12,
      "type": "box",
      "shape": "rect",
      "coord": [
        [
          632.3063354492188,
          849.647216796875
        ],
        [
          654.3063354492188,
          969.647216796875
        ]
      ],
      "rotate": 0,
      "semantic": {
        "element": "普通设备",
        "links": []
      },
      "ext": {
        "文字识别结果": [
          ""
        ]
      }
    },
    {
      "id": 13,
      "type": "box",
      "shape": "rect",
      "coord": [
        [
          1000.3063354492188,
          383.647216796875
        ],
        [
          1236.3063354492188,
          1019.647216796875
        ]
      ],
      "rotate": 0,
      "semantic": {
        "element": "普通设备",
        "links": []
      },
      "ext": {
        "文字识别结果": [
          "010沿墙走线"
        ]
      }
    },
    {
      "id": 14,
      "type": "box",
      "shape": "rect",
      "coord": [
        [
          1316.3063354492188,
          941.647216796875
        ],
        [
          1420.3063354492188,
          953.647216796875
        ]
      ],
      "rotate": 0,
      "semantic": {
        "element": "普通设备",
        "links": []
      },
      "ext": {
        "文字识别结果": [
          ""
        ]
      }
    },
    {
      "id": 15,
      "type": "box",
      "shape": "rect",
      "coord": [
        [
          1400.3063354492188,
          1003.647216796875
        ],
        [
          1424.3063354492188,
          1021.647216796875
        ]
      ],
      "rotate": 0,
      "semantic": {
        "element": "馈线洞",
        "links": []
      },
      "ext": {}
    },
    {
      "id": 16,
      "type": "box",
      "shape": "rect",
      "coord": [
        [
          1400.3063354492188,
          1003.647216796875
        ],
        [
          1424.3063354492188,
          1023.647216796875
        ]
      ],
      "rotate": 0,
      "semantic": {
        "element": "馈线洞",
        "links": []
      },
      "ext": {}
    },
    {
      "id": 17,
      "type": "polyline",
      "shape": "polyline",
      "coord": [
        [
          494.30633544921875,
          383.647216796875
        ],
        [
          494.30633544921875,
          483.647216796875
        ]
      ],
      "rotate": 0,
      "semantic": {
        "element": "标尺",
        "links": []
      },
      "ext": {
        "文字识别结果": [
          "500"
        ]
      }
    },
    {
      "id": 18,
      "type": "polyline",
      "shape": "polyline",
      "coord": [
        [
          1750.3063354492188,
          383.647216796875
        ],
        [
          1750.3063354492188,
          1025.647216796875
        ]
      ],
      "rotate": 0,
      "semantic": {
        "element": "标尺",
        "links": []
      },
      "ext": {
        "文字识别结果": [
          "3300头"
        ]
      }
    },
    {
      "id": 19,
      "type": "polyline",
      "shape": "polyline",
      "coord": [
        [
          1682.3063354492188,
          383.647216796875
        ],
        [
          1682.3063354492188,
          403.647216796875
        ]
      ],
      "rotate": 0,
      "semantic": {
        "element": "标尺",
        "links": []
      },
      "ext": {
        "文字识别结果": [
          ""
        ]
      }
    },
    {
      "id": 20,
      "type": "polyline",
      "shape": "polyline",
      "coord": [
        [
          1678.3063354492188,
          629.647216796875
        ],
        [
          1678.3063354492188,
          717.647216796875
        ]
      ],
      "rotate": 0,
      "semantic": {
        "element": "标尺",
        "links": []
      },
      "ext": {
        "文字识别结果": [
          "50"
        ]
      }
    },
    {
      "id": 21,
      "type": "polyline",
      "shape": "polyline",
      "coord": [
        [
          1682.3063354492188,
          943.647216796875
        ],
        [
          1682.3063354492188,
          1025.647216796875
        ]
      ],
      "rotate": 0,
      "semantic": {
        "element": "标尺",
        "links": []
      },
      "ext": {
        "文字识别结果": [
          "在09"
        ]
      }
    },
    {
      "id": 22,
      "type": "polyline",
      "shape": "polyline",
      "coord": [
        [
          494.30633544921875,
          483.647216796875
        ],
        [
          494.30633544921875,
          657.647216796875
        ]
      ],
      "rotate": 0,
      "semantic": {
        "element": "标尺",
        "links": []
      },
      "ext": {
        "文字识别结果": [
          "006"
        ]
      }
    },
    {
      "id": 23,
      "type": "polyline",
      "shape": "polyline",
      "coord": [
        [
          1682.3063354492188,
          403.647216796875
        ],
        [
          1682.3063354492188,
          717.647216796875
        ]
      ],
      "rotate": 0,
      "semantic": {
        "element": "标尺",
        "links": []
      },
      "ext": {
        "文字识别结果": [
          ""
        ]
      }
    },
    {
      "id": 24,
      "type": "polyline",
      "shape": "polyline",
      "coord": [
        [
          628.3063354492188,
          269.647216796875
        ],
        [
          1594.3063354492188,
          269.647216796875
        ]
      ],
      "rotate": 0,
      "semantic": {
        "element": "标尺",
        "links": []
      },
      "ext": {
        "文字识别结果": [
          "5000"
        ]
      }
    },
    {
      "id": 25,
      "type": "polyline",
      "shape": "polyline",
      "coord": [
        [
          1575.3063354492188,
          325.647216796875
        ],
        [
          1594.3063354492188,
          325.647216796875
        ]
      ],
      "rotate": 0,
      "semantic": {
        "element": "标尺",
        "links": []
      },
      "ext": {
        "文字识别结果": [
          "190"
        ]
      }
    },
    {
      "id": 26,
      "type": "polyline",
      "shape": "polyline",
      "coord": [
        [
          938.3063354492188,
          1117.647216796875
        ],
        [
          996.3063354492188,
          1117.647216796875
        ]
      ],
      "rotate": 0,
      "semantic": {
        "element": "标尺",
        "links": []
      },
      "ext": {
        "文字识别结果": [
          ""
        ]
      }
    },
    {
      "id": 27,
      "type": "polyline",
      "shape": "polyline",
      "coord": [
        [
          1420.3063354492188,
          1105.647216796875
        ],
        [
          1594.3063354492188,
          1105.647216796875
        ]
      ],
      "rotate": 0,
      "semantic": {
        "element": "标尺",
        "links": []
      },
      "ext": {
        "文字识别结果": [
          "900"
        ]
      }
    },
    {
      "id": 28,
      "type": "polyline",
      "shape": "polyline",
      "coord": [
        [
          1576.3063354492188,
          329.647216796875
        ],
        [
          1594.3063354492188,
          329.647216796875
        ]
      ],
      "rotate": 0,
      "semantic": {
        "element": "标尺",
        "links": []
      },
      "ext": {
        "文字识别结果": [
          ""
        ]
      }
    },
    {
      "id": 29,
      "type": "box",
      "shape": "rect",
      "coord": [
        [
          628.3063354492188,
          851.647216796875
        ],
        [
          656.3063354492188,
          967.647216796875
        ]
      ],
      "rotate": 0,
      "semantic": {
        "element": "普通设备",
        "links": []
      },
      "ext": {
        "文字识别结果": [
          ""
        ]
      }
    },
    {
      "id": 30,
      "type": "box",
      "shape": "rect",
      "coord": [
        [
          1314.3063354492188,
          939.647216796875
        ],
        [
          1418.3063354492188,
          950.647216796875
        ]
      ],
      "rotate": 0,
      "semantic": {
        "element": "普通设备",
        "links": []
      },
      "ext": {
        "文字识别结果": [
          ""
        ]
      }
    },
    {
      "id": 31,
      "type": "box",
      "shape": "rect",
      "coord": [
        [
          1382.3063354492188,
          1021.647216796875
        ],
        [
          1398.3063354492188,
          1061.647216796875
        ]
      ],
      "rotate": 0,
      "semantic": {
        "element": "馈线洞",
        "links": []
      },
      "ext": {}
    },
    {
      "id": 32,
      "type": "box",
      "shape": "rect",
      "coord": [
        [
          1382.3063354492188,
          1021.647216796875
        ],
        [
          1400.3063354492188,
          1061.647216796875
        ]
      ],
      "rotate": 0,
      "semantic": {
        "element": "馈线洞",
        "links": []
      },
      "ext": {}
    },
    {
      "id": 34,
      "type": "other",
      "shape": "rect",
      "coord": [
        [
          774.5432434082031,
          731.104736328125
        ],
        [
          938.3739013671875,
          813.6510009765625
        ]
      ],
      "rotate": 0,
      "semantic": {
        "element": "带指向性文字",
        "links": []
      },
      "ext": {
        "文字识别结果": [
          "011",
          "沿走线架走线"
        ]
      }
    },
    {
      "id": 35,
      "type": "other",
      "shape": "rect",
      "coord": [
        [
          1056.5018920898438,
          932.483154296875
        ],
        [
          1180.4232788085938,
          1013.8319091796875
        ]
      ],
      "rotate": 0,
      "semantic": {
        "element": "带指向性文字",
        "links": []
      },
      "ext": {
        "文字识别结果": [
          "010",
          "沿墙走线"
        ]
      }
    },
    {
      "id": 36,
      "type": "other",
      "shape": "rect",
      "coord": [
        [
          1057.688720703125,
          932.6922607421875
        ],
        [
          1179.3713989257812,
          1013.12109375
        ]
      ],
      "rotate": 0,
      "semantic": {
        "element": "带指向性文字",
        "links": []
      },
      "ext": {
        "文字识别结果": [
          "010",
          "沿墙走线"
        ]
      }
    },
    {
      "id": 37,
      "type": "other",
      "shape": "rect",
      "coord": [
        [
          775.9164123535156,
          730.634033203125
        ],
        [
          938.330322265625,
          814.1983642578125
        ]
      ],
      "rotate": 0,
      "semantic": {
        "element": "带指向性文字",
        "links": []
      },
      "ext": {
        "文字识别结果": [
          "011",
          "沿走线架走线"
        ]
      }
    },
    {
      "id": 38,
      "type": "other",
      "shape": "rect",
      "coord": [
        [
          1034.9881591796875,
          1163.655517578125
        ],
        [
          1215.0350952148438,
          1223.4498291015625
        ]
      ],
      "rotate": 0,
      "semantic": {
        "element": "带指向性文字",
        "links": []
      },
      "ext": {
        "文字识别结果": [
          "单层走线架"
        ]
      }
    },
    {
      "id": 39,
      "type": "other",
      "shape": "rect",
      "coord": [
        [
          661.179931640625,
          892.2943115234375
        ],
        [
          696.9074096679688,
          940.790771484375
        ]
      ],
      "rotate": 0,
      "semantic": {
        "element": "无指向性文字",
        "links": []
      },
      "ext": {
        "文字识别结果": [
          "6"
        ]
      }
    },
    {
      "id": 40,
      "type": "other",
      "shape": "rect",
      "coord": [
        [
          526.9873046875,
          470.6844482421875
        ],
        [
          623.2047729492188,
          651.1407470703125
        ]
      ],
      "rotate": 0,
      "semantic": {
        "element": "门",
        "links": []
      },
      "ext": {}
    },
    {
      "id": 41,
      "type": "other",
      "shape": "rect",
      "coord": [
        [
          826.135498046875,
          2529.5791015625
        ],
        [
          981.4813842773438,
          2581.529296875
        ]
      ],
      "rotate": 0,
      "semantic": {
        "element": "图例小图",
        "links": [
          {
            "pair_id": 52,
            "label": "图例文字",
            "distance": 214.33316040039062
          }
        ]
      },
      "ext": {
        "图例归类": "原有走线架"
      }
    },
    {
      "id": 42,
      "type": "other",
      "shape": "rect",
      "coord": [
        [
          1295.1370849609375,
          2526.126953125
        ],
        [
          1441.6187744140625,
          2577.2509765625
        ]
      ],
      "rotate": 0,
      "semantic": {
        "element": "图例小图",
        "links": [
          {
            "pair_id": 53,
            "label": "图例文字",
            "distance": 210.263671875
          }
        ]
      },
      "ext": {
        "图例归类": "新增走线架"
      }
    },
    {
      "id": 43,
      "type": "other",
      "shape": "rect",
      "coord": [
        [
          362.4733581542969,
          2528.368896484375
        ],
        [
          522.7819213867188,
          2574.43017578125
        ]
      ],
      "rotate": 0,
      "semantic": {
        "element": "图例小图",
        "links": [
          {
            "pair_id": 51,
            "label": "图例文字",
            "distance": 216.5139617919922
          }
        ]
      },
      "ext": {
        "图例归类": "信号电缆"
      }
    },
    {
      "id": 44,
      "type": "other",
      "shape": "rect",
      "coord": [
        [
          376.02520751953125,
          2596.976806640625
        ],
        [
          522.423583984375,
          2642.96142578125
        ]
      ],
      "rotate": 0,
      "semantic": {
        "element": "图例小图",
        "links": [
          {
            "pair_id": 54,
            "label": "图例文字",
            "distance": 210.91720581054688
          }
        ]
      },
      "ext": {
        "图例归类": "电力线缆"
      }
    },
    {
      "id": 45,
      "type": "other",
      "shape": "rect",
      "coord": [
        [
          367.501708984375,
          2667.74169921875
        ],
        [
          520.6841430664062,
          2711.50341796875
        ]
      ],
      "rotate": 0,
      "semantic": {
        "element": "图例小图",
        "links": [
          {
            "pair_id": 57,
            "label": "图例文字",
            "distance": 216.04867553710938
          }
        ]
      },
      "ext": {
        "图例归类": "接地线缆"
      }
    },
    {
      "id": 46,
      "type": "other",
      "shape": "rect",
      "coord": [
        [
          1039.2913818359375,
          1163.69775390625
        ],
        [
          1215.56884765625,
          1216.035888671875
        ]
      ],
      "rotate": 0,
      "semantic": {
        "element": "机房标题",
        "links": []
      },
      "ext": {
        "文字识别结果": [
          "单层走线架"
        ]
      }
    },
    {
      "id": 47,
      "type": "table",
      "shape": "rect",
      "coord": [
        [
          339.93072509765625,
          1369.2978515625
        ],
        [
          1910.8896484375,
          2350.76806640625
        ]
      ],
      "rotate": 0,
      "semantic": {
        "element": "物料表",
        "links": []
      },
      "ext": {
        "表格识别结果": [
          [
            "线缆",
            "线缆路由",
            "",
            "线缆",
            "导线规格型号",
            "线缆数量",
            "单根长",
            "设方式"
          ],
          [
            "",
            "",
            "到",
            "类型",
            "(mm)",
            "（条",
            "(米",
            ""
          ],
          [
            "001",
            "蓄电池组",
            "开关电源",
            "电源线",
            "ZA-RVW-2x95",
            "",
            "",
            "沿走线走线"
          ],
          [
            "002",
            "蓄电池组",
            "开关电源",
            "电源线",
            "ZA-RVW-2x95",
            "",
            "",
            "沿走线走线"
          ],
          [
            "003",
            "蓄电池组",
            "接地排",
            "接地线",
            "ZA-RWW-116",
            "",
            "",
            "沿走线走线"
          ],
          [
            "004",
            "蓄电池组",
            "接地排",
            "接地线",
            "ZA-RW-1x16",
            "",
            "",
            "沿走线走线"
          ],
          [
            "005",
            "开关电源",
            "交流配电箱",
            "电源线",
            "ZA-RVW-4x25",
            "",
            "",
            "走线樂走线"
          ],
          [
            "006",
            "开关电源",
            "接地排",
            "工作地线",
            "",
            "",
            "",
            ""
          ],
          [
            "006",
            "开关电源",
            "接地排",
            "保护地线",
            "ZA-RVW-1x35",
            "",
            "",
            "沿走线樂走线"
          ],
          [
            "007",
            "开关电源",
            "原有开关电源",
            "电源线",
            "ZA-RVW-1x95",
            "",
            "",
            "沿走线走线"
          ],
          [
            "008",
            "壁挂电源柜",
            "接地排",
            "保护地线",
            "ZA-RVW-1x35",
            "",
            "",
            "沿走线走线"
          ],
          [
            "600",
            "壁挂电源柜",
            "5G交流配电箱",
            "电源线",
            "ZA-RW-1x10",
            "",
            "",
            "沿墙走线"
          ],
          [
            "010",
            "空调",
            "接地排",
            "接地线",
            "ZA-RW-14",
            "",
            "3",
            "滘墙走线"
          ],
          [
            "011",
            "空调",
            "交流配电箱",
            "电源线",
            "ZA-RW-4x6",
            "1",
            "12",
            "走线樂走线"
          ],
          [
            "012",
            "空调",
            "接地排",
            "接地线",
            "ZA-RW-1X4",
            "",
            "",
            "沿走线走线"
          ],
          [
            "013",
            "空调2",
            "交流配电箱",
            "电源线",
            "ZA-RVW-4x6",
            "",
            "",
            "沿走线走线"
          ]
        ]
      }
    },
    {
      "id": 48,
      "type": "table",
      "shape": "rect",
      "coord": [
        [
          3376.299560546875,
          1239.556884765625
        ],
        [
          4061.015380859375,
          1671.683349609375
        ]
      ],
      "rotate": 0,
      "semantic": {
        "element": "物料表",
        "links": []
      },
      "ext": {
        "表格识别结果": [
          [
            "直电源",
            "",
            "交电源",
            ""
          ],
          [
            "正极",
            "红色",
            "",
            "黄色"
          ],
          [
            "",
            "蓝",
            "13",
            "红"
          ],
          [
            "",
            "",
            "中线",
            "浅蓝色"
          ],
          [
            "",
            "",
            "保护接地线",
            "黄绿色"
          ]
        ]
      }
    },
    {
      "id": 49,
      "type": "table",
      "shape": "rect",
      "coord": [
        [
          2360.14599609375,
          2560.792724609375
        ],
        [
          4097.2822265625,
          2858.60205078125
        ]
      ],
      "rotate": 0,
      "semantic": {
        "element": "标题栏",
        "links": []
      },
      "ext": {
        "表格识别结果": [
          [
            "",
            "",
            "寓核",
            "陈剑",
            "中讯邮电咨询设计院有限公司",
            ""
          ],
          [
            "处主管",
            "",
            "制图",
            "莫晓",
            "",
            ""
          ],
          [
            "",
            "",
            "",
            "",
            "2021年中国联通东佛山5G基站配套一期工程",
            ""
          ],
          [
            "设计总负责人",
            "素",
            "单位",
            "",
            "",
            ""
          ],
          [
            "单项负责人",
            "",
            "比例",
            "1:50",
            "",
            ""
          ],
          [
            "",
            "",
            "",
            "",
            "图粤",
            "2021SJ0234(FSS-YDW-0000-0"
          ],
          [
            "设计",
            "",
            "期",
            "2021.09.10",
            "",
            ""
          ]
        ]
      }
    },
    {
      "id": 50,
      "type": "other",
      "shape": "rect",
      "coord": [
        [
          165.1416015625,
          2457.153076171875
        ],
        [
          1753.047119140625,
          2756.58544921875
        ]
      ],
      "rotate": 0,
      "semantic": {
        "element": "图例",
        "links": []
      },
      "ext": {}
    },
    {
      "id": 51,
      "type": "other",
      "shape": "rect",
      "coord": [
        [
          593.1416015625,
          2517.153076171875
        ],
        [
          725.1416015625,
          2571.153076171875
        ]
      ],
      "rotate": 0,
      "semantic": {
        "element": "图例文字",
        "links": []
      },
      "ext": {
        "文字识别结果": [
          "信号线缆"
        ],
        "图例归类": "信号电缆"
      }
    },
    {
      "id": 52,
      "type": "other",
      "shape": "rect",
      "coord": [
        [
          1010.1416015625,
          2524.153076171875
        ],
        [
          1226.1416015625,
          2573.153076171875
        ]
      ],
      "rotate": 0,
      "semantic": {
        "element": "图例文字",
        "links": []
      },
      "ext": {
        "文字识别结果": [
          "原有水平走线架"
        ],
        "图例归类": "原有走线架"
      }
    },
    {
      "id": 53,
      "type": "other",
      "shape": "rect",
      "coord": [
        [
          1471.1416015625,
          2527.153076171875
        ],
        [
          1686.1416015625,
          2571.153076171875
        ]
      ],
      "rotate": 0,
      "semantic": {
        "element": "图例文字",
        "links": []
      },
      "ext": {
        "文字识别结果": [
          "新增水平走线架"
        ],
        "图例归类": "新增走线架"
      }
    },
    {
      "id": 54,
      "type": "other",
      "shape": "rect",
      "coord": [
        [
          596.1416015625,
          2587.153076171875
        ],
        [
          724.1416015625,
          2639.153076171875
        ]
      ],
      "rotate": 0,
      "semantic": {
        "element": "图例文字",
        "links": []
      },
      "ext": {
        "文字识别结果": [
          "电力线缆"
        ],
        "图例归类": "电力线缆"
      }
    },
    {
      "id": 55,
      "type": "other",
      "shape": "rect",
      "coord": [
        [
          1006.1416015625,
          2594.153076171875
        ],
        [
          1223.1416015625,
          2643.153076171875
        ]
      ],
      "rotate": 0,
      "semantic": {
        "element": "图例文字",
        "links": []
      },
      "ext": {
        "文字识别结果": [
          "原有垂直走线架"
        ],
        "图例归类": "原有垂直走线架"
      }
    },
    {
      "id": 56,
      "type": "other",
      "shape": "rect",
      "coord": [
        [
          1473.1416015625,
          2627.153076171875
        ],
        [
          1688.1416015625,
          2669.153076171875
        ]
      ],
      "rotate": 0,
      "semantic": {
        "element": "图例文字",
        "links": []
      },
      "ext": {
        "文字识别结果": [
          "新增垂直走线架"
        ],
        "图例归类": "新增垂直走线架"
      }
    },
    {
      "id": 57,
      "type": "other",
      "shape": "rect",
      "coord": [
        [
          596.1416015625,
          2660.153076171875
        ],
        [
          724.1416015625,
          2704.153076171875
        ]
      ],
      "rotate": 0,
      "semantic": {
        "element": "图例文字",
        "links": []
      },
      "ext": {
        "文字识别结果": [
          "接地线缆"
        ],
        "图例归类": "接地线缆"
      }
    },
    {
      "id": 58,
      "type": "other",
      "shape": "rect",
      "coord": [
        [
          1006.1416015625,
          2664.153076171875
        ],
        [
          1220.1416015625,
          2706.153076171875
        ]
      ],
      "rotate": 0,
      "semantic": {
        "element": "图例文字",
        "links": []
      },
      "ext": {
        "文字识别结果": [
          "原有垂直地支撑"
        ],
        "图例归类": "未归类成功"
      }
    },
    {
      "id": 59,
      "type": "other",
      "shape": "rect",
      "coord": [
        [
          581.1229858398438,
          653.08935546875
        ],
        [
          1588.5062255859375,
          698.1229248046875
        ]
      ],
      "rotate": 0,
      "semantic": {
        "element": "走线架",
        "links": []
      },
      "ext": {}
    },
    {
      "id": 60,
      "type": "other",
      "shape": "rect",
      "coord": [
        [
          956.3868408203125,
          375.549560546875
        ],
        [
          1002.5200805664062,
          641.6295166015625
        ]
      ],
      "rotate": 0,
      "semantic": {
        "element": "走线架",
        "links": []
      },
      "ext": {}
    },
    {
      "id": 61,
      "type": "other",
      "shape": "rect",
      "coord": [
        [
          960.1489868164062,
          675.5926513671875
        ],
        [
          1006.0216674804688,
          1013.511962890625
        ]
      ],
      "rotate": 0,
      "semantic": {
        "element": "走线架",
        "links": []
      },
      "ext": {}
    },
    {
      "id": 62,
      "type": "other",
      "shape": "rect",
      "coord": [
        [
          1233.7191162109375,
          375.2454833984375
        ],
        [
          1280.4490966796875,
          649.572998046875
        ]
      ],
      "rotate": 0,
      "semantic": {
        "element": "走线架",
        "links": []
      },
      "ext": {}
    },
    {
      "id": 63,
      "type": "other",
      "shape": "rect",
      "coord": [
        [
          1232.1585693359375,
          700.2451171875
        ],
        [
          1278.893798828125,
          970.90185546875
        ]
      ],
      "rotate": 0,
      "semantic": {
        "element": "走线架",
        "links": []
      },
      "ext": {}
    },
    {
      "id": 64,
      "type": "other",
      "shape": "rect",
      "coord": [
        [
          2349.624267578125,
          1387.136474609375
        ],
        [
          4060.491943359375,
          2517.478759765625
        ]
      ],
      "rotate": 0,
      "semantic": {
        "element": "说明文字",
        "links": []
      },
      "ext": {
        "文字识别结果": [
          "说明：",
          "1.表中所列长度为参考长度，施工时按实际截取",
          "2.过电压保护装置集成在交流配电箱内.",
          "3.交流配电箱到空调，照明.环控.插座的电缆线长度由装",
          "4.传输线.尾纤.地线和电源线都沿已有走线架分开布放，绑扎：线缆长度为估列，具体以实测为准",
          "5.机架间电缆的布放符合机房电缆布放设计要求，走线合理整齐，路由清晰，不得交叉且需连接可靠",
          "6.直流与交流电力电缆需分别沿走线架两侧布放，直流电缆与信号线需分别沿走线架两侧布放",
          "7.布线要求固定于走线梯或线槽中，要求走线美观,整齐.牢固",
          "8.同一接地排的接线孔不得接两个线耳",
          "9.380v电源线色谱要正确ABC三相依次是黄，绿.红，零线为蓝",
          "色，直流线的高电位用红色，低电位用蓝色,黄绿线用作接地线"
        ]
      }
    }
  ]
}