{
  "info": {
    "像素面积": {
      "全部面积": 2565072.0,
      "设备面积": 210078.0,
      "剩余面积": 2354994.0
    },
    "图纸信息": {
      "类型": "机房",
      "名称": "130.png"
    }
  },
  "obj": [
    {
      "id": 1,
      "type": "outline",
      "shape": "polyline",
      "coord": [
        [
          1005.38427734375,
          376.1724853515625
        ],
        [
          1631.38427734375,
          376.1724853515625
        ],
        [
          1631.38427734375,
          404.1724853515625
        ],
        [
          1005.38427734375,
          1891.1724853515625
        ],
        [
          1853.38427734375,
          1892.1724853515625
        ],
        [
          1037.38427734375,
          1862.1724853515625
        ],
        [
          1821.38427734375,
          1862.1724853515625
        ],
        [
          1033.38427734375,
          404.1724853515625
        ],
        [
          1631.38427734375,
          404.1724853515625
        ],
        [
          1777.38427734375,
          376.1724853515625
        ],
        [
          1849.38427734375,
          376.1724853515625
        ],
        [
          1777.38427734375,
          404.1724853515625
        ],
        [
          1821.38427734375,
          404.1724853515625
        ],
        [
          1821.38427734375,
          1862.1724853515625
        ],
        [
          1005.38427734375,
          376.1724853515625
        ],
        [
          1005.38427734375,
          1892.1724853515625
        ],
        [
          1777.38427734375,
          376.1724853515625
        ],
        [
          1777.38427734375,
          404.1724853515625
        ],
        [
          1853.38427734375,
          376.1724853515625
        ],
        [
          1853.38427734375,
          1891.1724853515625
        ],
        [
          1037.38427734375,
          404.1724853515625
        ],
        [
          1033.38427734375,
          1862.1724853515625
        ]
      ],
      "rotate": 0,
      "semantic": {
        "element": "墙轮廓",
        "path": [
          "0, 1, 2",
          "3, 4",
          "5, 6",
          "7, 8",
          "9, 10",
          "11, 12, 13",
          "14, 15",
          "16, 17",
          "18, 19",
          "20, 21"
        ],
        "links": []
      },
      "ext": {}
    },
    {
      "id": 2,
      "type": "outline",
      "shape": "polyline",
      "coord": [
        [
          1007.38427734375,
          374.1724853515625
        ],
        [
          1633.38427734375,
          374.1724853515625
        ],
        [
          1633.38427734375,
          406.1724853515625
        ],
        [
          1007.38427734375,
          1890.1724853515625
        ],
        [
          1849.38427734375,
          1890.1724853515625
        ],
        [
          1851.38427734375,
          1890.1724853515625
        ],
        [
          1035.38427734375,
          1860.1724853515625
        ],
        [
          1819.38427734375,
          1860.1724853515625
        ],
        [
          1035.38427734375,
          406.1724853515625
        ],
        [
          1633.38427734375,
          406.1724853515625
        ],
        [
          1035.38427734375,
          404.1724853515625
        ],
        [
          1633.38427734375,
          404.1724853515625
        ],
        [
          1779.38427734375,
          378.1724853515625
        ],
        [
          1849.38427734375,
          374.1724853515625
        ],
        [
          1779.38427734375,
          406.1724853515625
        ],
        [
          1819.38427734375,
          406.1724853515625
        ],
        [
          1819.38427734375,
          1860.1724853515625
        ],
        [
          1819.38427734375,
          1862.1724853515625
        ],
        [
          1823.38427734375,
          1860.1724853515625
        ],
        [
          1007.38427734375,
          374.1724853515625
        ],
        [
          1007.38427734375,
          1890.1724853515625
        ],
        [
          1779.38427734375,
          374.1724853515625
        ],
        [
          1779.38427734375,
          406.1724853515625
        ],
        [
          1849.38427734375,
          378.1724853515625
        ],
        [
          1849.38427734375,
          1890.1724853515625
        ],
        [
          1035.38427734375,
          404.1724853515625
        ],
        [
          1035.38427734375,
          1860.1724853515625
        ]
      ],
      "rotate": 0,
      "semantic": {
        "element": "墙轮廓",
        "path": [
          "0, 1, 2",
          "3, 4, 5",
          "6, 7",
          "8, 9",
          "10, 11",
          "12, 13",
          "14, 15, 16",
          "17, 18",
          "19, 20",
          "21, 22",
          "23, 24",
          "25, 26"
        ],
        "links": []
      },
      "ext": {}
    },
    {
      "id": 2,
      "type": "polyline",
      "shape": "polyline",
      "coord": [
        [
          945.38427734375,
          404.1724853515625
        ],
        [
          945.38427734375,
          1862.1724853515625
        ]
      ],
      "rotate": 0,
      "semantic": {
        "element": "标尺",
        "links": []
      },
      "ext": {
        "文字识别结果": [
          "0000"
        ]
      }
    },
    {
      "id": 3,
      "type": "polyline",
      "shape": "polyline",
      "coord": [
        [
          1517.38427734375,
          404.1724853515625
        ],
        [
          1517.38427734375,
          546.1724853515625
        ]
      ],
      "rotate": 0,
      "semantic": {
        "element": "标尺",
        "links": []
      },
      "ext": {
        "文字识别结果": [
          ""
        ]
      }
    },
    {
      "id": 4,
      "type": "polyline",
      "shape": "polyline",
      "coord": [
        [
          1515.38427734375,
          546.1724853515625
        ],
        [
          1515.38427734375,
          626.1724853515625
        ]
      ],
      "rotate": 0,
      "semantic": {
        "element": "标尺",
        "links": []
      },
      "ext": {
        "文字识别结果": [
          ""
        ]
      }
    },
    {
      "id": 5,
      "type": "polyline",
      "shape": "polyline",
      "coord": [
        [
          1167.38427734375,
          1038.1724853515625
        ],
        [
          1167.38427734375,
          1164.1724853515625
        ]
      ],
      "rotate": 0,
      "semantic": {
        "element": "标尺",
        "links": []
      },
      "ext": {
        "文字识别结果": [
          ""
        ]
      }
    },
    {
      "id": 6,
      "type": "polyline",
      "shape": "polyline",
      "coord": [
        [
          1147.38427734375,
          1208.1724853515625
        ],
        [
          1147.38427734375,
          1350.1724853515625
        ]
      ],
      "rotate": 0,
      "semantic": {
        "element": "标尺",
        "links": []
      },
      "ext": {
        "文字识别结果": [
          ""
        ]
      }
    },
    {
      "id": 7,
      "type": "polyline",
      "shape": "polyline",
      "coord": [
        [
          1517.38427734375,
          626.1724853515625
        ],
        [
          1517.38427734375,
          950.1724853515625
        ]
      ],
      "rotate": 0,
      "semantic": {
        "element": "标尺",
        "links": []
      },
      "ext": {
        "文字识别结果": [
          "2230"
        ]
      }
    },
    {
      "id": 8,
      "type": "polyline",
      "shape": "polyline",
      "coord": [
        [
          1037.38427734375,
          308.1724853515625
        ],
        [
          1821.38427734375,
          308.1724853515625
        ]
      ],
      "rotate": 0,
      "semantic": {
        "element": "标尺",
        "links": []
      },
      "ext": {
        "文字识别结果": [
          "5400"
        ]
      }
    },
    {
      "id": 9,
      "type": "polyline",
      "shape": "polyline",
      "coord": [
        [
          1037.38427734375,
          950.1724853515625
        ],
        [
          1135.38427734375,
          950.1724853515625
        ]
      ],
      "rotate": 0,
      "semantic": {
        "element": "标尺",
        "links": []
      },
      "ext": {
        "文字识别结果": [
          "NoO"
        ]
      }
    },
    {
      "id": 10,
      "type": "polyline",
      "shape": "polyline",
      "coord": [
        [
          1643.38427734375,
          954.1724853515625
        ],
        [
          1821.38427734375,
          954.1724853515625
        ]
      ],
      "rotate": 0,
      "semantic": {
        "element": "标尺",
        "links": []
      },
      "ext": {
        "文字识别结果": [
          "220"
        ]
      }
    },
    {
      "id": 11,
      "type": "polyline",
      "shape": "polyline",
      "coord": [
        [
          1037.38427734375,
          1188.1724853515625
        ],
        [
          1167.38427734375,
          1188.1724853515625
        ]
      ],
      "rotate": 0,
      "semantic": {
        "element": "标尺",
        "links": []
      },
      "ext": {
        "文字识别结果": [
          ""
        ]
      }
    },
    {
      "id": 12,
      "type": "polyline",
      "shape": "polyline",
      "coord": [
        [
          1559.38427734375,
          1354.1724853515625
        ],
        [
          1821.38427734375,
          1354.1724853515625
        ]
      ],
      "rotate": 0,
      "semantic": {
        "element": "标尺",
        "links": []
      },
      "ext": {
        "文字识别结果": [
          "1800"
        ]
      }
    },
    {
      "id": 13,
      "type": "polyline",
      "shape": "polyline",
      "coord": [
        [
          1514.38427734375,
          546.1724853515625
        ],
        [
          1821.38427734375,
          546.1724853515625
        ]
      ],
      "rotate": 0,
      "semantic": {
        "element": "标尺",
        "links": []
      },
      "ext": {
        "文字识别结果": [
          "2100"
        ]
      }
    },
    {
      "id": 14,
      "type": "box",
      "shape": "rect",
      "coord": [
        [
          1484.38427734375,
          953.1724853515625
        ],
        [
          1599.38427734375,
          994.1724853515625
        ]
      ],
      "rotate": 0,
      "semantic": {
        "element": "机柜",
        "links": []
      },
      "ext": {
        "文字识别结果": [
          ""
        ],
        "门朝向": "right"
      }
    },
    {
      "id": 15,
      "type": "box",
      "shape": "rect",
      "coord": [
        [
          1139.38427734375,
          950.1724853515625
        ],
        [
          1223.38427734375,
          1038.1724853515625
        ]
      ],
      "rotate": 0,
      "semantic": {
        "element": "普通设备",
        "links": []
      },
      "ext": {
        "文字识别结果": [
          ""
        ]
      }
    },
    {
      "id": 16,
      "type": "box",
      "shape": "rect",
      "coord": [
        [
          1131.38427734375,
          546.1724853515625
        ],
        [
          1259.38427734375,
          626.1724853515625
        ]
      ],
      "rotate": 0,
      "semantic": {
        "element": "普通设备",
        "links": []
      },
      "ext": {
        "文字识别结果": [
          ""
        ]
      }
    },
    {
      "id": 17,
      "type": "box",
      "shape": "rect",
      "coord": [
        [
          1179.38427734375,
          1354.1724853515625
        ],
        [
          1267.38427734375,
          1438.1724853515625
        ]
      ],
      "rotate": 0,
      "semantic": {
        "element": "普通设备",
        "links": []
      },
      "ext": {
        "文字识别结果": [
          "2"
        ],
        "表格匹配结果": [
          "2",
          "电源柜",
          "2000x600x600",
          "架",
          "1",
          "利旧"
        ]
      }
    },
    {
      "id": 18,
      "type": "box",
      "shape": "rect",
      "coord": [
        [
          1223.38427734375,
          950.1724853515625
        ],
        [
          1311.38427734375,
          1038.1724853515625
        ]
      ],
      "rotate": 0,
      "semantic": {
        "element": "普通设备",
        "links": []
      },
      "ext": {
        "文字识别结果": [
          ""
        ]
      }
    },
    {
      "id": 19,
      "type": "box",
      "shape": "rect",
      "coord": [
        [
          1266.38427734375,
          1354.1724853515625
        ],
        [
          1353.38427734375,
          1438.1724853515625
        ]
      ],
      "rotate": 0,
      "semantic": {
        "element": "普通设备",
        "links": []
      },
      "ext": {
        "文字识别结果": [
          ""
        ]
      }
    },
    {
      "id": 20,
      "type": "box",
      "shape": "rect",
      "coord": [
        [
          1283.38427734375,
          1164.1724853515625
        ],
        [
          1368.38427734375,
          1208.1724853515625
        ]
      ],
      "rotate": 0,
      "semantic": {
        "element": "普通设备",
        "links": []
      },
      "ext": {
        "文字识别结果": [
          ""
        ]
      }
    },
    {
      "id": 21,
      "type": "box",
      "shape": "rect",
      "coord": [
        [
          1259.38427734375,
          546.1724853515625
        ],
        [
          1389.38427734375,
          626.1724853515625
        ]
      ],
      "rotate": 0,
      "semantic": {
        "element": "普通设备",
        "links": []
      },
      "ext": {
        "文字识别结果": [
          ""
        ]
      }
    },
    {
      "id": 22,
      "type": "box",
      "shape": "rect",
      "coord": [
        [
          1311.38427734375,
          954.1724853515625
        ],
        [
          1397.38427734375,
          1030.1724853515625
        ]
      ],
      "rotate": 0,
      "semantic": {
        "element": "普通设备",
        "links": []
      },
      "ext": {
        "文字识别结果": [
          ""
        ]
      }
    },
    {
      "id": 23,
      "type": "box",
      "shape": "rect",
      "coord": [
        [
          1357.38427734375,
          1350.1724853515625
        ],
        [
          1441.38427734375,
          1438.1724853515625
        ]
      ],
      "rotate": 0,
      "semantic": {
        "element": "普通设备",
        "links": []
      },
      "ext": {
        "文字识别结果": [
          ""
        ]
      }
    },
    {
      "id": 24,
      "type": "box",
      "shape": "rect",
      "coord": [
        [
          1369.38427734375,
          1160.1724853515625
        ],
        [
          1453.38427734375,
          1240.1724853515625
        ]
      ],
      "rotate": 0,
      "semantic": {
        "element": "普通设备",
        "links": []
      },
      "ext": {
        "文字识别结果": [
          ""
        ]
      }
    },
    {
      "id": 25,
      "type": "box",
      "shape": "rect",
      "coord": [
        [
          1397.38427734375,
          950.1724853515625
        ],
        [
          1485.38427734375,
          994.1724853515625
        ]
      ],
      "rotate": 0,
      "semantic": {
        "element": "普通设备",
        "links": []
      },
      "ext": {
        "文字识别结果": [
          ""
        ]
      }
    },
    {
      "id": 26,
      "type": "box",
      "shape": "rect",
      "coord": [
        [
          1453.38427734375,
          1164.1724853515625
        ],
        [
          1542.38427734375,
          1207.1724853515625
        ]
      ],
      "rotate": 0,
      "semantic": {
        "element": "普通设备",
        "links": []
      },
      "ext": {
        "文字识别结果": [
          ""
        ]
      }
    },
    {
      "id": 27,
      "type": "box",
      "shape": "rect",
      "coord": [
        [
          1445.38427734375,
          1353.1724853515625
        ],
        [
          1559.38427734375,
          1438.1724853515625
        ]
      ],
      "rotate": 0,
      "semantic": {
        "element": "普通设备",
        "links": []
      },
      "ext": {
        "文字识别结果": [
          ""
        ]
      }
    },
    {
      "id": 28,
      "type": "box",
      "shape": "rect",
      "coord": [
        [
          1542.38427734375,
          1163.1724853515625
        ],
        [
          1631.38427734375,
          1278.1724853515625
        ]
      ],
      "rotate": 0,
      "semantic": {
        "element": "普通设备",
        "links": []
      },
      "ext": {
        "文字识别结果": [
          ""
        ]
      }
    },
    {
      "id": 29,
      "type": "box",
      "shape": "rect",
      "coord": [
        [
          1631.38427734375,
          1164.1724853515625
        ],
        [
          1715.38427734375,
          1248.1724853515625
        ]
      ],
      "rotate": 0,
      "semantic": {
        "element": "普通设备",
        "links": []
      },
      "ext": {
        "文字识别结果": [
          "1"
        ],
        "表格匹配结果": [
          "1",
          "综合柜",
          "2000x600x600",
          "架",
          "1",
          "利旧合柜，新增A1-10GE设备一端"
        ]
      }
    },
    {
      "id": 30,
      "type": "polyline",
      "shape": "polyline",
      "coord": [
        [
          1517.38427734375,
          406.1724853515625
        ],
        [
          1517.38427734375,
          548.1724853515625
        ]
      ],
      "rotate": 0,
      "semantic": {
        "element": "标尺",
        "links": []
      },
      "ext": {
        "文字识别结果": [
          "9709"
        ]
      }
    },
    {
      "id": 31,
      "type": "polyline",
      "shape": "polyline",
      "coord": [
        [
          947.38427734375,
          404.1724853515625
        ],
        [
          947.38427734375,
          1860.1724853515625
        ]
      ],
      "rotate": 0,
      "semantic": {
        "element": "标尺",
        "links": []
      },
      "ext": {
        "文字识别结果": [
          "o000"
        ]
      }
    },
    {
      "id": 32,
      "type": "polyline",
      "shape": "polyline",
      "coord": [
        [
          1165.38427734375,
          1038.1724853515625
        ],
        [
          1165.38427734375,
          1162.1724853515625
        ]
      ],
      "rotate": 0,
      "semantic": {
        "element": "标尺",
        "links": []
      },
      "ext": {
        "文字识别结果": [
          ""
        ]
      }
    },
    {
      "id": 33,
      "type": "polyline",
      "shape": "polyline",
      "coord": [
        [
          1145.38427734375,
          1206.1724853515625
        ],
        [
          1145.38427734375,
          1352.1724853515625
        ]
      ],
      "rotate": 0,
      "semantic": {
        "element": "标尺",
        "links": []
      },
      "ext": {
        "文字识别结果": [
          ""
        ]
      }
    },
    {
      "id": 34,
      "type": "polyline",
      "shape": "polyline",
      "coord": [
        [
          1517.38427734375,
          548.1724853515625
        ],
        [
          1517.38427734375,
          626.1724853515625
        ]
      ],
      "rotate": 0,
      "semantic": {
        "element": "标尺",
        "links": []
      },
      "ext": {
        "文字识别结果": [
          ""
        ]
      }
    },
    {
      "id": 35,
      "type": "polyline",
      "shape": "polyline",
      "coord": [
        [
          1517.38427734375,
          626.1724853515625
        ],
        [
          1517.38427734375,
          952.1724853515625
        ]
      ],
      "rotate": 0,
      "semantic": {
        "element": "标尺",
        "links": []
      },
      "ext": {
        "文字识别结果": [
          "2230"
        ]
      }
    },
    {
      "id": 36,
      "type": "polyline",
      "shape": "polyline",
      "coord": [
        [
          1035.38427734375,
          310.1724853515625
        ],
        [
          1823.38427734375,
          310.1724853515625
        ]
      ],
      "rotate": 0,
      "semantic": {
        "element": "标尺",
        "links": []
      },
      "ext": {
        "文字识别结果": [
          "5400"
        ]
      }
    },
    {
      "id": 37,
      "type": "polyline",
      "shape": "polyline",
      "coord": [
        [
          1035.38427734375,
          952.1724853515625
        ],
        [
          1137.38427734375,
          952.1724853515625
        ]
      ],
      "rotate": 0,
      "semantic": {
        "element": "标尺",
        "links": []
      },
      "ext": {
        "文字识别结果": [
          "Nob"
        ]
      }
    },
    {
      "id": 38,
      "type": "polyline",
      "shape": "polyline",
      "coord": [
        [
          1643.38427734375,
          952.1724853515625
        ],
        [
          1819.38427734375,
          952.1724853515625
        ]
      ],
      "rotate": 0,
      "semantic": {
        "element": "标尺",
        "links": []
      },
      "ext": {
        "文字识别结果": [
          "1220"
        ]
      }
    },
    {
      "id": 39,
      "type": "polyline",
      "shape": "polyline",
      "coord": [
        [
          1035.38427734375,
          1186.1724853515625
        ],
        [
          1165.38427734375,
          1186.1724853515625
        ]
      ],
      "rotate": 0,
      "semantic": {
        "element": "标尺",
        "links": []
      },
      "ext": {
        "文字识别结果": [
          ""
        ]
      }
    },
    {
      "id": 40,
      "type": "polyline",
      "shape": "polyline",
      "coord": [
        [
          1561.38427734375,
          1352.1724853515625
        ],
        [
          1819.38427734375,
          1352.1724853515625
        ]
      ],
      "rotate": 0,
      "semantic": {
        "element": "标尺",
        "links": []
      },
      "ext": {
        "文字识别结果": [
          "1800"
        ]
      }
    },
    {
      "id": 41,
      "type": "polyline",
      "shape": "polyline",
      "coord": [
        [
          1517.38427734375,
          548.1724853515625
        ],
        [
          1819.38427734375,
          548.1724853515625
        ]
      ],
      "rotate": 0,
      "semantic": {
        "element": "标尺",
        "links": []
      },
      "ext": {
        "文字识别结果": [
          "2100"
        ]
      }
    },
    {
      "id": 42,
      "type": "box",
      "shape": "rect",
      "coord": [
        [
          1485.38427734375,
          951.1724853515625
        ],
        [
          1601.38427734375,
          996.1724853515625
        ]
      ],
      "rotate": 0,
      "semantic": {
        "element": "机柜",
        "links": []
      },
      "ext": {
        "文字识别结果": [
          ""
        ],
        "门朝向": "right"
      }
    },
    {
      "id": 43,
      "type": "box",
      "shape": "rect",
      "coord": [
        [
          1137.38427734375,
          952.1724853515625
        ],
        [
          1225.38427734375,
          1036.1724853515625
        ]
      ],
      "rotate": 0,
      "semantic": {
        "element": "普通设备",
        "links": []
      },
      "ext": {
        "文字识别结果": [
          ""
        ]
      }
    },
    {
      "id": 44,
      "type": "box",
      "shape": "rect",
      "coord": [
        [
          1132.38427734375,
          548.1724853515625
        ],
        [
          1257.38427734375,
          626.1724853515625
        ]
      ],
      "rotate": 0,
      "semantic": {
        "element": "普通设备",
        "links": []
      },
      "ext": {
        "文字识别结果": [
          ""
        ]
      }
    },
    {
      "id": 45,
      "type": "box",
      "shape": "rect",
      "coord": [
        [
          1181.38427734375,
          1352.1724853515625
        ],
        [
          1269.38427734375,
          1436.1724853515625
        ]
      ],
      "rotate": 0,
      "semantic": {
        "element": "普通设备",
        "links": []
      },
      "ext": {
        "文字识别结果": [
          "2"
        ],
        "表格匹配结果": [
          "2",
          "电源柜",
          "2000x600x600",
          "架",
          "1",
          "利旧"
        ]
      }
    },
    {
      "id": 46,
      "type": "box",
      "shape": "rect",
      "coord": [
        [
          1165.38427734375,
          1162.1724853515625
        ],
        [
          1283.38427734375,
          1206.1724853515625
        ]
      ],
      "rotate": 0,
      "semantic": {
        "element": "普通设备",
        "links": []
      },
      "ext": {
        "文字识别结果": [
          ""
        ]
      }
    },
    {
      "id": 47,
      "type": "box",
      "shape": "rect",
      "coord": [
        [
          1269.38427734375,
          1351.1724853515625
        ],
        [
          1355.38427734375,
          1438.1724853515625
        ]
      ],
      "rotate": 0,
      "semantic": {
        "element": "普通设备",
        "links": []
      },
      "ext": {
        "文字识别结果": [
          ""
        ]
      }
    },
    {
      "id": 48,
      "type": "box",
      "shape": "rect",
      "coord": [
        [
          1282.38427734375,
          1166.1724853515625
        ],
        [
          1371.38427734375,
          1205.1724853515625
        ]
      ],
      "rotate": 0,
      "semantic": {
        "element": "普通设备",
        "links": []
      },
      "ext": {
        "文字识别结果": [
          ""
        ]
      }
    },
    {
      "id": 49,
      "type": "box",
      "shape": "rect",
      "coord": [
        [
          1355.38427734375,
          1352.1724853515625
        ],
        [
          1442.38427734375,
          1440.1724853515625
        ]
      ],
      "rotate": 0,
      "semantic": {
        "element": "普通设备",
        "links": []
      },
      "ext": {
        "文字识别结果": [
          ""
        ]
      }
    },
    {
      "id": 50,
      "type": "box",
      "shape": "rect",
      "coord": [
        [
          1371.38427734375,
          1162.1724853515625
        ],
        [
          1455.38427734375,
          1240.1724853515625
        ]
      ],
      "rotate": 0,
      "semantic": {
        "element": "普通设备",
        "links": []
      },
      "ext": {
        "文字识别结果": [
          ""
        ]
      }
    },
    {
      "id": 51,
      "type": "box",
      "shape": "rect",
      "coord": [
        [
          1395.38427734375,
          952.1724853515625
        ],
        [
          1484.38427734375,
          996.1724853515625
        ]
      ],
      "rotate": 0,
      "semantic": {
        "element": "普通设备",
        "links": []
      },
      "ext": {
        "文字识别结果": [
          ""
        ]
      }
    },
    {
      "id": 52,
      "type": "box",
      "shape": "rect",
      "coord": [
        [
          1455.38427734375,
          1162.1724853515625
        ],
        [
          1541.38427734375,
          1206.1724853515625
        ]
      ],
      "rotate": 0,
      "semantic": {
        "element": "普通设备",
        "links": []
      },
      "ext": {
        "文字识别结果": [
          ""
        ]
      }
    },
    {
      "id": 53,
      "type": "box",
      "shape": "rect",
      "coord": [
        [
          1443.38427734375,
          1352.1724853515625
        ],
        [
          1561.38427734375,
          1438.1724853515625
        ]
      ],
      "rotate": 0,
      "semantic": {
        "element": "普通设备",
        "links": []
      },
      "ext": {
        "文字识别结果": [
          ""
        ]
      }
    },
    {
      "id": 54,
      "type": "box",
      "shape": "rect",
      "coord": [
        [
          1541.38427734375,
          1162.1724853515625
        ],
        [
          1629.38427734375,
          1280.1724853515625
        ]
      ],
      "rotate": 0,
      "semantic": {
        "element": "普通设备",
        "links": []
      },
      "ext": {
        "文字识别结果": [
          ""
        ]
      }
    },
    {
      "id": 55,
      "type": "box",
      "shape": "rect",
      "coord": [
        [
          1629.38427734375,
          1162.1724853515625
        ],
        [
          1714.38427734375,
          1250.1724853515625
        ]
      ],
      "rotate": 0,
      "semantic": {
        "element": "普通设备",
        "links": []
      },
      "ext": {
        "文字识别结果": [
          "1"
        ],
        "表格匹配结果": [
          "1",
          "综合柜",
          "2000x600x600",
          "架",
          "1",
          "利旧合柜，新增A1-10GE设备一端"
        ]
      }
    },
    {
      "id": 57,
      "type": "other",
      "shape": "rect",
      "coord": [
        [
          1619.408447265625,
          361.6155700683594
        ],
        [
          1774.0439453125,
          406.1776428222656
        ]
      ],
      "rotate": 0,
      "semantic": {
        "element": "门",
        "links": []
      },
      "ext": {}
    },
    {
      "id": 58,
      "type": "other",
      "shape": "rect",
      "coord": [
        [
          561.8572998046875,
          3207.02001953125
        ],
        [
          730.5181884765625,
          3277.87890625
        ]
      ],
      "rotate": 0,
      "semantic": {
        "element": "图例小图",
        "links": [
          {
            "pair_id": 68,
            "label": "图例文字",
            "distance": 351.9554443359375
          }
        ]
      },
      "ext": {
        "图例归类": "新增设备"
      }
    },
    {
      "id": 59,
      "type": "other",
      "shape": "rect",
      "coord": [
        [
          1387.3681640625,
          3347.7294921875
        ],
        [
          1550.625244140625,
          3411.269775390625
        ]
      ],
      "rotate": 0,
      "semantic": {
        "element": "图例小图",
        "links": [
          {
            "pair_id": 69,
            "label": "图例文字",
            "distance": 312.146484375
          }
        ]
      },
      "ext": {
        "图例归类": "穿墙洞"
      }
    },
    {
      "id": 60,
      "type": "other",
      "shape": "rect",
      "coord": [
        [
          564.08740234375,
          3356.454833984375
        ],
        [
          727.0047607421875,
          3421.40283203125
        ]
      ],
      "rotate": 0,
      "semantic": {
        "element": "图例小图",
        "links": [
          {
            "pair_id": 70,
            "label": "图例文字",
            "distance": 305.59710693359375
          }
        ]
      },
      "ext": {
        "图例归类": "原有设备"
      }
    },
    {
      "id": 61,
      "type": "other",
      "shape": "rect",
      "coord": [
        [
          1450.592041015625,
          3215.89501953125
        ],
        [
          1607.9287109375,
          3277.502197265625
        ]
      ],
      "rotate": 0,
      "semantic": {
        "element": "图例小图",
        "links": [
          {
            "pair_id": 66,
            "label": "图例文字",
            "distance": 272.3828125
          }
        ]
      },
      "ext": {
        "图例归类": "未归类成功"
      }
    },
    {
      "id": 62,
      "type": "other",
      "shape": "rect",
      "coord": [
        [
          1982.298828125,
          3206.724365234375
        ],
        [
          2206.686279296875,
          3276.857666015625
        ]
      ],
      "rotate": 0,
      "semantic": {
        "element": "图例小图",
        "links": [
          {
            "pair_id": 67,
            "label": "图例文字",
            "distance": 282.650634765625
          }
        ]
      },
      "ext": {
        "图例归类": "电力电缆"
      }
    },
    {
      "id": 63,
      "type": "table",
      "shape": "rect",
      "coord": [
        [
          246.44677734375,
          2651.0341796875
        ],
        [
          2767.3046875,
          3005.76171875
        ]
      ],
      "rotate": 0,
      "semantic": {
        "element": "物料表",
        "links": []
      },
      "ext": {
        "表格识别结果": [
          [
            "序号",
            "设备名称",
            "规格型号",
            "单位",
            "数量",
            "备注"
          ],
          [
            "1",
            "综合柜",
            "2000x600x600",
            "架",
            "1",
            "利旧合柜，新增A1-10GE设备一端"
          ],
          [
            "2",
            "电源柜",
            "2000x600x600",
            "架",
            "1",
            "利旧"
          ]
        ]
      }
    },
    {
      "id": 64,
      "type": "table",
      "shape": "rect",
      "coord": [
        [
          164.9644775390625,
          3715.912353515625
        ],
        [
          2840.74853515625,
          4161.76513671875
        ]
      ],
      "rotate": 0,
      "semantic": {
        "element": "标题栏",
        "links": []
      },
      "ext": {
        "表格识别结果": [
          [
            "处主管",
            "审核人",
            "mm",
            "中讯邮电咨询设计院有限公司"
          ],
          [
            "单负责人",
            "比",
            "1：100",
            ""
          ],
          [
            "设计人",
            "",
            "2020.03",
            "图号"
          ]
        ]
      }
    },
    {
      "id": 65,
      "type": "other",
      "shape": "rect",
      "coord": [
        [
          235.6431884765625,
          3151.57958984375
        ],
        [
          2496.80908203125,
          3470.141845703125
        ]
      ],
      "rotate": 0,
      "semantic": {
        "element": "图例",
        "links": []
      },
      "ext": {}
    },
    {
      "id": 66,
      "type": "other",
      "shape": "rect",
      "coord": [
        [
          1676.6431884765625,
          3204.57958984375
        ],
        [
          1926.6431884765625,
          3283.57958984375
        ]
      ],
      "rotate": 0,
      "semantic": {
        "element": "图例文字",
        "links": []
      },
      "ext": {
        "文字识别结果": [
          "设备正面"
        ],
        "图例归类": "未归类成功"
      }
    },
    {
      "id": 67,
      "type": "other",
      "shape": "rect",
      "coord": [
        [
          2260.6431884765625,
          3204.57958984375
        ],
        [
          2493.6431884765625,
          3267.57958984375
        ]
      ],
      "rotate": 0,
      "semantic": {
        "element": "图例文字",
        "links": []
      },
      "ext": {
        "文字识别结果": [
          "电力电缆"
        ],
        "图例归类": "电力电缆"
      }
    },
    {
      "id": 68,
      "type": "other",
      "shape": "rect",
      "coord": [
        [
          816.6431884765625,
          3214.57958984375
        ],
        [
          1179.6431884765625,
          3273.57958984375
        ]
      ],
      "rotate": 0,
      "semantic": {
        "element": "图例文字",
        "links": []
      },
      "ext": {
        "文字识别结果": [
          "本期安装设备"
        ],
        "图例归类": "新增设备"
      }
    },
    {
      "id": 69,
      "type": "other",
      "shape": "rect",
      "coord": [
        [
          1690.6431884765625,
          3337.57958984375
        ],
        [
          1871.6431884765625,
          3400.57958984375
        ]
      ],
      "rotate": 0,
      "semantic": {
        "element": "图例文字",
        "links": []
      },
      "ext": {
        "文字识别结果": [
          "穿墙洞"
        ],
        "图例归类": "穿墙洞"
      }
    },
    {
      "id": 70,
      "type": "other",
      "shape": "rect",
      "coord": [
        [
          830.6431884765625,
          3353.57958984375
        ],
        [
          1071.6431884765625,
          3416.57958984375
        ]
      ],
      "rotate": 0,
      "semantic": {
        "element": "图例文字",
        "links": []
      },
      "ext": {
        "文字识别结果": [
          "原有设备"
        ],
        "图例归类": "原有设备"
      }
    },
    {
      "id": 71,
      "type": "other",
      "shape": "rect",
      "coord": [
        [
          2451.089599609375,
          144.43746948242188
        ],
        [
          2638.7646484375,
          415.4694519042969
        ]
      ],
      "rotate": 0,
      "semantic": {
        "element": "建北磁北(夹角)",
        "links": []
      },
      "ext": {
        "文字识别结果": [],
        "文字位置": [],
        "顶点位置": [
          [
            2550.4089713371236,
            192.01559448242188
          ],
          [
            2550.4089713371236,
            300.6249694824219
          ]
        ]
      }
    }
  ]
}