{
  "info": {
    "像素面积": {
      "全部面积": 5074480.0,
      "设备面积": 768616.0,
      "剩余面积": 4305864.0
    },
    "图纸信息": {
      "类型": "机房",
      "名称": "137.png"
    }
  },
  "obj": [
    {
      "id": 1,
      "type": "outline",
      "shape": "polyline",
      "coord": [
        [
          683.4317626953125,
          348.7771911621094
        ],
        [
          2050.4317626953125,
          352.7771911621094
        ],
        [
          684.4317626953125,
          2072.7771911621094
        ],
        [
          740.4317626953125,
          2072.7771911621094
        ],
        [
          740.4317626953125,
          2140.7771911621094
        ],
        [
          1994.4317626953125,
          2140.7771911621094
        ],
        [
          684.4317626953125,
          2198.7771911621094
        ],
        [
          2050.4317626953125,
          2198.7771911621094
        ],
        [
          740.4317626953125,
          2138.7771911621094
        ],
        [
          1992.4317626953125,
          2138.7771911621094
        ],
        [
          680.4317626953125,
          1926.7771911621094
        ],
        [
          740.4317626953125,
          1926.7771911621094
        ],
        [
          740.4317626953125,
          408.7771911621094
        ],
        [
          1994.4317626953125,
          408.7771911621094
        ],
        [
          2050.4317626953125,
          348.7771911621094
        ],
        [
          2050.4317626953125,
          2198.7771911621094
        ],
        [
          680.4317626953125,
          352.7771911621094
        ],
        [
          683.4317626953125,
          1926.7771911621094
        ],
        [
          1992.4317626953125,
          408.7771911621094
        ],
        [
          1992.4317626953125,
          2138.7771911621094
        ],
        [
          740.4317626953125,
          408.7771911621094
        ],
        [
          740.4317626953125,
          1926.7771911621094
        ],
        [
          684.4317626953125,
          2072.7771911621094
        ],
        [
          684.4317626953125,
          2198.7771911621094
        ]
      ],
      "rotate": 0,
      "semantic": {
        "element": "墙轮廓",
        "path": [
          "0, 1",
          "2, 3, 4, 5",
          "6, 7",
          "8, 9",
          "10, 11",
          "12, 13",
          "14, 15",
          "16, 17",
          "18, 19",
          "20, 21",
          "22, 23"
        ],
        "links": []
      },
      "ext": {}
    },
    {
      "id": 2,
      "type": "outline",
      "shape": "polyline",
      "coord": [
        [
          682.4317626953125,
          2070.7771911621094
        ],
        [
          740.4317626953125,
          2074.7771911621094
        ],
        [
          682.4317626953125,
          346.7771911621094
        ],
        [
          2052.4317626953125,
          350.7771911621094
        ],
        [
          682.4317626953125,
          2196.7771911621094
        ],
        [
          2052.4317626953125,
          2200.7771911621094
        ],
        [
          682.4317626953125,
          1924.7771911621094
        ],
        [
          740.4317626953125,
          1924.7771911621094
        ],
        [
          742.4317626953125,
          2140.7771911621094
        ],
        [
          1992.4317626953125,
          2140.7771911621094
        ],
        [
          742.4317626953125,
          406.7771911621094
        ],
        [
          1992.4317626953125,
          410.7771911621094
        ],
        [
          2052.4317626953125,
          346.7771911621094
        ],
        [
          2052.4317626953125,
          2196.7771911621094
        ],
        [
          682.4317626953125,
          350.7771911621094
        ],
        [
          682.4317626953125,
          1924.7771911621094
        ],
        [
          1992.4317626953125,
          406.7771911621094
        ],
        [
          1992.4317626953125,
          2140.7771911621094
        ],
        [
          740.4317626953125,
          410.7771911621094
        ],
        [
          742.4317626953125,
          1924.7771911621094
        ],
        [
          742.4317626953125,
          2070.7771911621094
        ],
        [
          740.4317626953125,
          2073.7771911621094
        ],
        [
          682.4317626953125,
          2074.7771911621094
        ],
        [
          682.4317626953125,
          2200.7771911621094
        ],
        [
          742.4317626953125,
          2073.7771911621094
        ],
        [
          742.4317626953125,
          2140.7771911621094
        ]
      ],
      "rotate": 0,
      "semantic": {
        "element": "墙轮廓",
        "path": [
          "0, 1",
          "2, 3",
          "4, 5",
          "6, 7",
          "8, 9",
          "10, 11",
          "12, 13",
          "14, 15",
          "16, 17",
          "18, 19",
          "20, 21",
          "22, 23",
          "24, 25"
        ],
        "links": []
      },
      "ext": {}
    },
    {
      "id": 2,
      "type": "polyline",
      "shape": "polyline",
      "coord": [
        [
          1452.4317626953125,
          408.7771911621094
        ],
        [
          1452.4317626953125,
          610.7771911621094
        ]
      ],
      "rotate": 0,
      "semantic": {
        "element": "标尺",
        "links": []
      },
      "ext": {
        "文字识别结果": [
          "700"
        ]
      }
    },
    {
      "id": 3,
      "type": "polyline",
      "shape": "polyline",
      "coord": [
        [
          1000.4317626953125,
          1874.7771911621094
        ],
        [
          1000.4317626953125,
          2140.7771911621094
        ]
      ],
      "rotate": 0,
      "semantic": {
        "element": "标尺",
        "links": []
      },
      "ext": {
        "文字识别结果": [
          "006"
        ]
      }
    },
    {
      "id": 4,
      "type": "polyline",
      "shape": "polyline",
      "coord": [
        [
          740.4317626953125,
          1006.7771911621094
        ],
        [
          914.4317626953125,
          1006.7771911621094
        ]
      ],
      "rotate": 0,
      "semantic": {
        "element": "标尺",
        "links": []
      },
      "ext": {
        "文字识别结果": [
          ""
        ]
      }
    },
    {
      "id": 5,
      "type": "polyline",
      "shape": "polyline",
      "coord": [
        [
          1092.4317626953125,
          1002.7771911621094
        ],
        [
          1556.4317626953125,
          1002.7771911621094
        ]
      ],
      "rotate": 0,
      "semantic": {
        "element": "标尺",
        "links": []
      },
      "ext": {
        "文字识别结果": [
          "1600"
        ]
      }
    },
    {
      "id": 6,
      "type": "polyline",
      "shape": "polyline",
      "coord": [
        [
          1730.4317626953125,
          1002.7771911621094
        ],
        [
          1992.4317626953125,
          1002.7771911621094
        ]
      ],
      "rotate": 0,
      "semantic": {
        "element": "标尺",
        "links": []
      },
      "ext": {
        "文字识别结果": [
          "OC"
        ]
      }
    },
    {
      "id": 7,
      "type": "box",
      "shape": "rect",
      "coord": [
        [
          914.4317626953125,
          1704.7771911621094
        ],
        [
          1059.4317626953125,
          1878.7771911621094
        ]
      ],
      "rotate": 0,
      "semantic": {
        "element": "机柜",
        "links": []
      },
      "ext": {
        "文字识别结果": [
          "3"
        ],
        "门朝向": "right"
      }
    },
    {
      "id": 8,
      "type": "box",
      "shape": "rect",
      "coord": [
        [
          914.4317626953125,
          744.7771911621094
        ],
        [
          1060.4317626953125,
          914.7771911621094
        ]
      ],
      "rotate": 0,
      "semantic": {
        "element": "机柜",
        "links": []
      },
      "ext": {
        "文字识别结果": [
          "4"
        ],
        "门朝向": "right",
        "表格匹配结果": [
          "4",
          "电源柜",
          "2000x600x600",
          "",
          "1",
          "利"
        ]
      }
    },
    {
      "id": 9,
      "type": "box",
      "shape": "rect",
      "coord": [
        [
          914.4317626953125,
          916.7771911621094
        ],
        [
          1060.4317626953125,
          1090.7771911621094
        ]
      ],
      "rotate": 0,
      "semantic": {
        "element": "机柜",
        "links": []
      },
      "ext": {
        "文字识别结果": [
          ""
        ],
        "门朝向": "right"
      }
    },
    {
      "id": 10,
      "type": "box",
      "shape": "rect",
      "coord": [
        [
          914.4317626953125,
          1090.7771911621094
        ],
        [
          1060.4317626953125,
          1264.7771911621094
        ]
      ],
      "rotate": 0,
      "semantic": {
        "element": "机柜",
        "links": []
      },
      "ext": {
        "文字识别结果": [
          ""
        ],
        "门朝向": "right"
      }
    },
    {
      "id": 11,
      "type": "box",
      "shape": "rect",
      "coord": [
        [
          913.4317626953125,
          1268.7771911621094
        ],
        [
          1060.4317626953125,
          1526.7771911621094
        ]
      ],
      "rotate": 0,
      "semantic": {
        "element": "机柜",
        "links": []
      },
      "ext": {
        "文字识别结果": [
          "1"
        ],
        "门朝向": "right"
      }
    },
    {
      "id": 12,
      "type": "box",
      "shape": "rect",
      "coord": [
        [
          914.4317626953125,
          1530.7771911621094
        ],
        [
          1060.4317626953125,
          1700.7771911621094
        ]
      ],
      "rotate": 0,
      "semantic": {
        "element": "机柜",
        "links": []
      },
      "ext": {
        "文字识别结果": [
          "2"
        ],
        "门朝向": "right"
      }
    },
    {
      "id": 13,
      "type": "box",
      "shape": "rect",
      "coord": [
        [
          1584.4317626953125,
          916.7771911621094
        ],
        [
          1729.4317626953125,
          1094.7771911621094
        ]
      ],
      "rotate": 0,
      "semantic": {
        "element": "机柜",
        "links": []
      },
      "ext": {
        "文字识别结果": [
          ""
        ],
        "门朝向": "left"
      }
    },
    {
      "id": 14,
      "type": "box",
      "shape": "rect",
      "coord": [
        [
          1584.4317626953125,
          740.7771911621094
        ],
        [
          1730.4317626953125,
          916.7771911621094
        ]
      ],
      "rotate": 0,
      "semantic": {
        "element": "机柜",
        "links": []
      },
      "ext": {
        "文字识别结果": [
          ""
        ],
        "门朝向": "left"
      }
    },
    {
      "id": 15,
      "type": "box",
      "shape": "rect",
      "coord": [
        [
          1584.4317626953125,
          916.7771911621094
        ],
        [
          1730.4317626953125,
          1616.7771911621094
        ]
      ],
      "rotate": 0,
      "semantic": {
        "element": "机柜",
        "links": []
      },
      "ext": {
        "文字识别结果": [
          ""
        ],
        "门朝向": "up"
      }
    },
    {
      "id": 16,
      "type": "box",
      "shape": "rect",
      "coord": [
        [
          772.4317626953125,
          444.7771911621094
        ],
        [
          926.4317626953125,
          532.7771911621094
        ]
      ],
      "rotate": 0,
      "semantic": {
        "element": "普通设备",
        "links": []
      },
      "ext": {
        "文字识别结果": [
          "空调"
        ]
      }
    },
    {
      "id": 17,
      "type": "box",
      "shape": "rect",
      "coord": [
        [
          1203.4317626953125,
          614.7771911621094
        ],
        [
          1694.4317626953125,
          718.7771911621094
        ]
      ],
      "rotate": 0,
      "semantic": {
        "element": "普通设备",
        "links": []
      },
      "ext": {
        "文字识别结果": [
          ""
        ]
      }
    },
    {
      "id": 18,
      "type": "polyline",
      "shape": "polyline",
      "coord": [
        [
          1454.4317626953125,
          410.7771911621094
        ],
        [
          1454.4317626953125,
          612.7771911621094
        ]
      ],
      "rotate": 0,
      "semantic": {
        "element": "标尺",
        "links": []
      },
      "ext": {
        "文字识别结果": [
          "700"
        ]
      }
    },
    {
      "id": 19,
      "type": "polyline",
      "shape": "polyline",
      "coord": [
        [
          1002.4317626953125,
          1876.7771911621094
        ],
        [
          1002.4317626953125,
          2140.7771911621094
        ]
      ],
      "rotate": 0,
      "semantic": {
        "element": "标尺",
        "links": []
      },
      "ext": {
        "文字识别结果": [
          "900"
        ]
      }
    },
    {
      "id": 20,
      "type": "polyline",
      "shape": "polyline",
      "coord": [
        [
          740.4317626953125,
          1004.7771911621094
        ],
        [
          914.4317626953125,
          1004.7771911621094
        ]
      ],
      "rotate": 0,
      "semantic": {
        "element": "标尺",
        "links": []
      },
      "ext": {
        "文字识别结果": [
          "600"
        ]
      }
    },
    {
      "id": 21,
      "type": "polyline",
      "shape": "polyline",
      "coord": [
        [
          1090.4317626953125,
          1004.7771911621094
        ],
        [
          1554.4317626953125,
          1004.7771911621094
        ]
      ],
      "rotate": 0,
      "semantic": {
        "element": "标尺",
        "links": []
      },
      "ext": {
        "文字识别结果": [
          "1600"
        ]
      }
    },
    {
      "id": 22,
      "type": "polyline",
      "shape": "polyline",
      "coord": [
        [
          1732.4317626953125,
          1004.7771911621094
        ],
        [
          1990.4317626953125,
          1004.7771911621094
        ]
      ],
      "rotate": 0,
      "semantic": {
        "element": "标尺",
        "links": []
      },
      "ext": {
        "文字识别结果": [
          ""
        ]
      }
    },
    {
      "id": 23,
      "type": "box",
      "shape": "rect",
      "coord": [
        [
          916.4317626953125,
          742.7771911621094
        ],
        [
          1058.4317626953125,
          916.7771911621094
        ]
      ],
      "rotate": 0,
      "semantic": {
        "element": "机柜",
        "links": []
      },
      "ext": {
        "文字识别结果": [
          "4"
        ],
        "门朝向": "right",
        "表格匹配结果": [
          "4",
          "电源柜",
          "2000x600x600",
          "",
          "1",
          "利"
        ]
      }
    },
    {
      "id": 24,
      "type": "box",
      "shape": "rect",
      "coord": [
        [
          916.4317626953125,
          916.7771911621094
        ],
        [
          1058.4317626953125,
          1090.7771911621094
        ]
      ],
      "rotate": 0,
      "semantic": {
        "element": "机柜",
        "links": []
      },
      "ext": {
        "文字识别结果": [
          ""
        ],
        "门朝向": "right"
      }
    },
    {
      "id": 25,
      "type": "box",
      "shape": "rect",
      "coord": [
        [
          916.4317626953125,
          1092.7771911621094
        ],
        [
          1058.4317626953125,
          1264.7771911621094
        ]
      ],
      "rotate": 0,
      "semantic": {
        "element": "机柜",
        "links": []
      },
      "ext": {
        "文字识别结果": [
          ""
        ],
        "门朝向": "right"
      }
    },
    {
      "id": 26,
      "type": "box",
      "shape": "rect",
      "coord": [
        [
          916.4317626953125,
          1266.7771911621094
        ],
        [
          1062.4317626953125,
          1526.7771911621094
        ]
      ],
      "rotate": 0,
      "semantic": {
        "element": "机柜",
        "links": []
      },
      "ext": {
        "文字识别结果": [
          "1"
        ],
        "门朝向": "right"
      }
    },
    {
      "id": 27,
      "type": "box",
      "shape": "rect",
      "coord": [
        [
          916.4317626953125,
          1702.7771911621094
        ],
        [
          1062.4317626953125,
          1876.7771911621094
        ]
      ],
      "rotate": 0,
      "semantic": {
        "element": "机柜",
        "links": []
      },
      "ext": {
        "文字识别结果": [
          "3"
        ],
        "门朝向": "right"
      }
    },
    {
      "id": 28,
      "type": "box",
      "shape": "rect",
      "coord": [
        [
          1584.4317626953125,
          916.7771911621094
        ],
        [
          1728.4317626953125,
          1090.7771911621094
        ]
      ],
      "rotate": 0,
      "semantic": {
        "element": "机柜",
        "links": []
      },
      "ext": {
        "文字识别结果": [
          ""
        ],
        "门朝向": "left"
      }
    },
    {
      "id": 29,
      "type": "box",
      "shape": "rect",
      "coord": [
        [
          1584.4317626953125,
          742.7771911621094
        ],
        [
          1732.4317626953125,
          916.7771911621094
        ]
      ],
      "rotate": 0,
      "semantic": {
        "element": "机柜",
        "links": []
      },
      "ext": {
        "文字识别结果": [
          ""
        ],
        "门朝向": "left"
      }
    },
    {
      "id": 30,
      "type": "box",
      "shape": "rect",
      "coord": [
        [
          1584.4317626953125,
          916.7771911621094
        ],
        [
          1732.4317626953125,
          1614.7771911621094
        ]
      ],
      "rotate": 0,
      "semantic": {
        "element": "机柜",
        "links": []
      },
      "ext": {
        "文字识别结果": [
          ""
        ],
        "门朝向": "up"
      }
    },
    {
      "id": 31,
      "type": "box",
      "shape": "rect",
      "coord": [
        [
          768.4317626953125,
          442.7771911621094
        ],
        [
          924.4317626953125,
          532.7771911621094
        ]
      ],
      "rotate": 0,
      "semantic": {
        "element": "普通设备",
        "links": []
      },
      "ext": {
        "文字识别结果": [
          "空调"
        ]
      }
    },
    {
      "id": 32,
      "type": "box",
      "shape": "rect",
      "coord": [
        [
          915.4317626953125,
          1530.7771911621094
        ],
        [
          1058.4317626953125,
          1700.7771911621094
        ]
      ],
      "rotate": 0,
      "semantic": {
        "element": "普通设备",
        "links": []
      },
      "ext": {
        "文字识别结果": [
          "2"
        ]
      }
    },
    {
      "id": 33,
      "type": "box",
      "shape": "rect",
      "coord": [
        [
          1062.4317626953125,
          1526.7771911621094
        ],
        [
          1090.4317626953125,
          1700.7771911621094
        ]
      ],
      "rotate": 0,
      "semantic": {
        "element": "普通设备",
        "links": []
      },
      "ext": {
        "文字识别结果": [
          ""
        ]
      }
    },
    {
      "id": 34,
      "type": "box",
      "shape": "rect",
      "coord": [
        [
          1204.4317626953125,
          612.7771911621094
        ],
        [
          1696.4317626953125,
          718.7771911621094
        ]
      ],
      "rotate": 0,
      "semantic": {
        "element": "普通设备",
        "links": []
      },
      "ext": {
        "文字识别结果": [
          ""
        ]
      }
    },
    {
      "id": 36,
      "type": "other",
      "shape": "rect",
      "coord": [
        [
          602.4176025390625,
          1918.8741455078125
        ],
        [
          740.567138671875,
          2073.663818359375
        ]
      ],
      "rotate": 0,
      "semantic": {
        "element": "门",
        "links": []
      },
      "ext": {}
    },
    {
      "id": 37,
      "type": "other",
      "shape": "rect",
      "coord": [
        [
          561.806640625,
          3206.8720703125
        ],
        [
          730.4556884765625,
          3278.0458984375
        ]
      ],
      "rotate": 0,
      "semantic": {
        "element": "图例小图",
        "links": [
          {
            "pair_id": 46,
            "label": "图例文字",
            "distance": 352.17327880859375
          }
        ]
      },
      "ext": {
        "图例归类": "新增设备"
      }
    },
    {
      "id": 38,
      "type": "other",
      "shape": "rect",
      "coord": [
        [
          1387.393310546875,
          3347.7099609375
        ],
        [
          1550.725830078125,
          3411.15234375
        ]
      ],
      "rotate": 0,
      "semantic": {
        "element": "图例小图",
        "links": [
          {
            "pair_id": 48,
            "label": "图例文字",
            "distance": 312.744873046875
          }
        ]
      },
      "ext": {
        "图例归类": "穿墙洞"
      }
    },
    {
      "id": 39,
      "type": "other",
      "shape": "rect",
      "coord": [
        [
          563.9183349609375,
          3356.589111328125
        ],
        [
          726.9429931640625,
          3421.398193359375
        ]
      ],
      "rotate": 0,
      "semantic": {
        "element": "图例小图",
        "links": [
          {
            "pair_id": 49,
            "label": "图例文字",
            "distance": 305.373779296875
          }
        ]
      },
      "ext": {
        "图例归类": "原有设备"
      }
    },
    {
      "id": 40,
      "type": "other",
      "shape": "rect",
      "coord": [
        [
          1450.353271484375,
          3215.73291015625
        ],
        [
          1607.6396484375,
          3277.35400390625
        ]
      ],
      "rotate": 0,
      "semantic": {
        "element": "图例小图",
        "links": [
          {
            "pair_id": 45,
            "label": "图例文字",
            "distance": 274.8079833984375
          }
        ]
      },
      "ext": {
        "图例归类": "未归类成功"
      }
    },
    {
      "id": 41,
      "type": "other",
      "shape": "rect",
      "coord": [
        [
          1981.792236328125,
          3206.674560546875
        ],
        [
          2206.471923828125,
          3276.68505859375
        ]
      ],
      "rotate": 0,
      "semantic": {
        "element": "图例小图",
        "links": [
          {
            "pair_id": 47,
            "label": "图例文字",
            "distance": 287.17236328125
          }
        ]
      },
      "ext": {
        "图例归类": "电力电缆"
      }
    },
    {
      "id": 42,
      "type": "table",
      "shape": "rect",
      "coord": [
        [
          215.141357421875,
          2562.046142578125
        ],
        [
          2786.55712890625,
          2912.139404296875
        ]
      ],
      "rotate": 0,
      "semantic": {
        "element": "物料表",
        "links": []
      },
      "ext": {
        "表格识别结果": [
          [
            "序号",
            "设备名称",
            "规格型号",
            "单位数量",
            "",
            "备注"
          ],
          [
            "1-3",
            "综合柜",
            "2000x600x600",
            "架",
            "3",
            "利合柜，每架新增A1-10GE设备各一端"
          ],
          [
            "4",
            "电源柜",
            "2000x600x600",
            "",
            "1",
            "利"
          ]
        ]
      }
    },
    {
      "id": 43,
      "type": "table",
      "shape": "rect",
      "coord": [
        [
          164.36669921875,
          3716.127197265625
        ],
        [
          2842.181884765625,
          4161.36767578125
        ]
      ],
      "rotate": 0,
      "semantic": {
        "element": "标题栏",
        "links": []
      },
      "ext": {
        "表格识别结果": [
          [
            "处主管",
            "审核人",
            "mm",
            "中讯邮电咨询设计院有限公司",
            ""
          ],
          [
            "单责人",
            "比",
            "",
            "",
            ""
          ],
          [
            "设计人",
            "目",
            "2020.03",
            "图",
            "（ZS-GSF-55"
          ]
        ]
      }
    },
    {
      "id": 44,
      "type": "other",
      "shape": "rect",
      "coord": [
        [
          237.804443359375,
          3159.101806640625
        ],
        [
          2538.435546875,
          3475.22607421875
        ]
      ],
      "rotate": 0,
      "semantic": {
        "element": "图例",
        "links": []
      },
      "ext": {}
    },
    {
      "id": 45,
      "type": "other",
      "shape": "rect",
      "coord": [
        [
          1682.804443359375,
          3211.101806640625
        ],
        [
          1924.804443359375,
          3274.101806640625
        ]
      ],
      "rotate": 0,
      "semantic": {
        "element": "图例文字",
        "links": []
      },
      "ext": {
        "文字识别结果": [
          "设备正面"
        ],
        "图例归类": "未归类成功"
      }
    },
    {
      "id": 46,
      "type": "other",
      "shape": "rect",
      "coord": [
        [
          817.804443359375,
          3214.101806640625
        ],
        [
          1178.804443359375,
          3274.101806640625
        ]
      ],
      "rotate": 0,
      "semantic": {
        "element": "图例文字",
        "links": []
      },
      "ext": {
        "文字识别结果": [
          "本期安装设备"
        ],
        "图例归类": "新增设备"
      }
    },
    {
      "id": 47,
      "type": "other",
      "shape": "rect",
      "coord": [
        [
          2259.804443359375,
          3205.101806640625
        ],
        [
          2502.804443359375,
          3267.101806640625
        ]
      ],
      "rotate": 0,
      "semantic": {
        "element": "图例文字",
        "links": []
      },
      "ext": {
        "文字识别结果": [
          "电力电缆"
        ],
        "图例归类": "电力电缆"
      }
    },
    {
      "id": 48,
      "type": "other",
      "shape": "rect",
      "coord": [
        [
          1691.804443359375,
          3336.101806640625
        ],
        [
          1871.804443359375,
          3399.101806640625
        ]
      ],
      "rotate": 0,
      "semantic": {
        "element": "图例文字",
        "links": []
      },
      "ext": {
        "文字识别结果": [
          "穿墙洞"
        ],
        "图例归类": "穿墙洞"
      }
    },
    {
      "id": 49,
      "type": "other",
      "shape": "rect",
      "coord": [
        [
          829.804443359375,
          3353.101806640625
        ],
        [
          1071.804443359375,
          3415.101806640625
        ]
      ],
      "rotate": 0,
      "semantic": {
        "element": "图例文字",
        "links": []
      },
      "ext": {
        "文字识别结果": [
          "原有设备"
        ],
        "图例归类": "原有设备"
      }
    },
    {
      "id": 50,
      "type": "other",
      "shape": "rect",
      "coord": [
        [
          2450.443603515625,
          144.14984130859375
        ],
        [
          2639.675048828125,
          415.7066955566406
        ]
      ],
      "rotate": 0,
      "semantic": {
        "element": "建北磁北(夹角)",
        "links": []
      },
      "ext": {
        "文字识别结果": [],
        "文字位置": [],
        "顶点位置": [
          [
            2555.318603515625,
            191.72796630859375
          ],
          [
            2550.131103515625,
            300.33734130859375
          ]
        ]
      }
    }
  ]
}