{
  "info": {
    "像素面积": {
      "全部面积": 3941080.0,
      "设备面积": 425500.0,
      "剩余面积": 3515580.0
    },
    "图纸信息": {
      "类型": "机房",
      "名称": "140.png"
    }
  },
  "obj": [
    {
      "id": 1,
      "type": "outline",
      "shape": "polyline",
      "coord": [
        [
          614.6649169921875,
          585.8545532226562
        ],
        [
          2044.6649169921875,
          581.8545532226562
        ],
        [
          614.6649169921875,
          1959.8545532226562
        ],
        [
          2044.6649169921875,
          1959.8545532226562
        ],
        [
          672.6649169921875,
          1903.8545532226562
        ],
        [
          1984.6649169921875,
          1903.8545532226562
        ],
        [
          673.6649169921875,
          642.8545532226562
        ],
        [
          1984.6649169921875,
          642.8545532226562
        ],
        [
          675.6649169921875,
          641.8545532226562
        ],
        [
          1984.6649169921875,
          642.8545532226562
        ],
        [
          1984.6649169921875,
          1777.8545532226562
        ],
        [
          2044.6649169921875,
          1781.8545532226562
        ],
        [
          1984.6649169921875,
          1543.8545532226562
        ],
        [
          2044.6649169921875,
          1547.8545532226562
        ],
        [
          614.6649169921875,
          581.8545532226562
        ],
        [
          614.6649169921875,
          1959.8545532226562
        ],
        [
          1984.6649169921875,
          641.8545532226562
        ],
        [
          1984.6649169921875,
          1547.8545532226562
        ],
        [
          674.6649169921875,
          643.8545532226562
        ],
        [
          673.6649169921875,
          1903.8545532226562
        ],
        [
          2044.6649169921875,
          585.8545532226562
        ],
        [
          2044.6649169921875,
          1543.8545532226562
        ],
        [
          2044.6649169921875,
          1777.8545532226562
        ],
        [
          2044.6649169921875,
          1959.8545532226562
        ],
        [
          1984.6649169921875,
          1781.8545532226562
        ],
        [
          1984.6649169921875,
          1903.8545532226562
        ]
      ],
      "rotate": 0,
      "semantic": {
        "element": "墙轮廓",
        "path": [
          "0, 1",
          "2, 3",
          "4, 5",
          "6, 7",
          "8, 9",
          "10, 11",
          "12, 13",
          "14, 15",
          "16, 17",
          "18, 19",
          "20, 21",
          "22, 23",
          "24, 25"
        ],
        "links": []
      },
      "ext": {}
    },
    {
      "id": 2,
      "type": "outline",
      "shape": "polyline",
      "coord": [
        [
          614.6649169921875,
          585.8545532226562
        ],
        [
          2040.6649169921875,
          585.8545532226562
        ],
        [
          2042.6649169921875,
          585.8545532226562
        ],
        [
          2040.6649169921875,
          1545.8545532226562
        ],
        [
          614.6649169921875,
          1961.8545532226562
        ],
        [
          2042.6649169921875,
          1961.8545532226562
        ],
        [
          2044.6649169921875,
          1961.8545532226562
        ],
        [
          674.6649169921875,
          1901.8545532226562
        ],
        [
          1986.6649169921875,
          1901.8545532226562
        ],
        [
          674.6649169921875,
          641.8545532226562
        ],
        [
          1986.6649169921875,
          641.8545532226562
        ],
        [
          1986.6649169921875,
          1545.8545532226562
        ],
        [
          2042.6649169921875,
          1545.8545532226562
        ],
        [
          1986.6649169921875,
          1779.8545532226562
        ],
        [
          2042.6649169921875,
          1779.8545532226562
        ],
        [
          2044.6649169921875,
          1779.8545532226562
        ],
        [
          2042.6649169921875,
          1961.8545532226562
        ],
        [
          614.6649169921875,
          585.8545532226562
        ],
        [
          614.6649169921875,
          1961.8545532226562
        ],
        [
          1986.6649169921875,
          1779.8545532226562
        ],
        [
          1986.6649169921875,
          1901.8545532226562
        ],
        [
          674.6649169921875,
          641.8545532226562
        ],
        [
          674.6649169921875,
          1901.8545532226562
        ]
      ],
      "rotate": 0,
      "semantic": {
        "element": "墙轮廓",
        "path": [
          "0, 1, 2, 3",
          "4, 5, 6",
          "7, 8",
          "9, 10, 11, 12",
          "13, 14, 15, 16",
          "17, 18",
          "19, 20",
          "21, 22"
        ],
        "links": []
      },
      "ext": {}
    },
    {
      "id": 2,
      "type": "polyline",
      "shape": "polyline",
      "coord": [
        [
          542.6649169921875,
          641.8545532226562
        ],
        [
          542.6649169921875,
          1903.8545532226562
        ]
      ],
      "rotate": 0,
      "semantic": {
        "element": "标尺",
        "links": []
      },
      "ext": {
        "文字识别结果": [
          "4330"
        ]
      }
    },
    {
      "id": 3,
      "type": "polyline",
      "shape": "polyline",
      "coord": [
        [
          2146.6649169921875,
          641.8545532226562
        ],
        [
          2146.6649169921875,
          1049.8545532226562
        ]
      ],
      "rotate": 0,
      "semantic": {
        "element": "标尺",
        "links": []
      },
      "ext": {
        "文字识别结果": [
          "1400"
        ]
      }
    },
    {
      "id": 4,
      "type": "polyline",
      "shape": "polyline",
      "coord": [
        [
          1132.6649169921875,
          679.8545532226562
        ],
        [
          1132.6649169921875,
          857.8545532226562
        ]
      ],
      "rotate": 0,
      "semantic": {
        "element": "标尺",
        "links": []
      },
      "ext": {
        "文字识别结果": [
          "009"
        ]
      }
    },
    {
      "id": 5,
      "type": "polyline",
      "shape": "polyline",
      "coord": [
        [
          2100.6649169921875,
          1049.8545532226562
        ],
        [
          2100.6649169921875,
          1139.8545532226562
        ]
      ],
      "rotate": 0,
      "semantic": {
        "element": "标尺",
        "links": []
      },
      "ext": {
        "文字识别结果": [
          ""
        ]
      }
    },
    {
      "id": 6,
      "type": "polyline",
      "shape": "polyline",
      "coord": [
        [
          1358.6649169921875,
          1059.8545532226562
        ],
        [
          1358.6649169921875,
          1321.8545532226562
        ]
      ],
      "rotate": 0,
      "semantic": {
        "element": "标尺",
        "links": []
      },
      "ext": {
        "文字识别结果": [
          "006"
        ]
      }
    },
    {
      "id": 7,
      "type": "polyline",
      "shape": "polyline",
      "coord": [
        [
          1164.6649169921875,
          1555.8545532226562
        ],
        [
          1164.6649169921875,
          1903.8545532226562
        ]
      ],
      "rotate": 0,
      "semantic": {
        "element": "标尺",
        "links": []
      },
      "ext": {
        "文字识别结果": [
          "1200"
        ]
      }
    },
    {
      "id": 8,
      "type": "polyline",
      "shape": "polyline",
      "coord": [
        [
          2146.6649169921875,
          1547.8545532226562
        ],
        [
          2146.6649169921875,
          1777.8545532226562
        ]
      ],
      "rotate": 0,
      "semantic": {
        "element": "标尺",
        "links": []
      },
      "ext": {
        "文字识别结果": [
          "810"
        ]
      }
    },
    {
      "id": 9,
      "type": "polyline",
      "shape": "polyline",
      "coord": [
        [
          1132.6649169921875,
          1029.8545532226562
        ],
        [
          1132.6649169921875,
          1203.8545532226562
        ]
      ],
      "rotate": 0,
      "semantic": {
        "element": "标尺",
        "links": []
      },
      "ext": {
        "文字识别结果": [
          "009"
        ]
      }
    },
    {
      "id": 10,
      "type": "polyline",
      "shape": "polyline",
      "coord": [
        [
          1132.6649169921875,
          857.8545532226562
        ],
        [
          1132.6649169921875,
          1029.8545532226562
        ]
      ],
      "rotate": 0,
      "semantic": {
        "element": "标尺",
        "links": []
      },
      "ext": {
        "文字识别结果": [
          "009"
        ]
      }
    },
    {
      "id": 11,
      "type": "polyline",
      "shape": "polyline",
      "coord": [
        [
          1128.6649169921875,
          1203.8545532226562
        ],
        [
          1128.6649169921875,
          1381.8545532226562
        ]
      ],
      "rotate": 0,
      "semantic": {
        "element": "标尺",
        "links": []
      },
      "ext": {
        "文字识别结果": [
          "009"
        ]
      }
    },
    {
      "id": 12,
      "type": "polyline",
      "shape": "polyline",
      "coord": [
        [
          1128.6649169921875,
          1381.8545532226562
        ],
        [
          1128.6649169921875,
          1555.8545532226562
        ]
      ],
      "rotate": 0,
      "semantic": {
        "element": "标尺",
        "links": []
      },
      "ext": {
        "文字识别结果": [
          "009"
        ]
      }
    },
    {
      "id": 13,
      "type": "polyline",
      "shape": "polyline",
      "coord": [
        [
          1358.6649169921875,
          1321.8545532226562
        ],
        [
          1358.6649169921875,
          1903.8545532226562
        ]
      ],
      "rotate": 0,
      "semantic": {
        "element": "标尺",
        "links": []
      },
      "ext": {
        "文字识别结果": [
          "2000"
        ]
      }
    },
    {
      "id": 14,
      "type": "polyline",
      "shape": "polyline",
      "coord": [
        [
          2146.6649169921875,
          1777.8545532226562
        ],
        [
          2146.6649169921875,
          1903.8545532226562
        ]
      ],
      "rotate": 0,
      "semantic": {
        "element": "标尺",
        "links": []
      },
      "ext": {
        "文字识别结果": [
          "420"
        ]
      }
    },
    {
      "id": 15,
      "type": "polyline",
      "shape": "polyline",
      "coord": [
        [
          674.6649169921875,
          481.85455322265625
        ],
        [
          1052.6649169921875,
          481.85455322265625
        ]
      ],
      "rotate": 0,
      "semantic": {
        "element": "标尺",
        "links": []
      },
      "ext": {
        "文字识别结果": [
          "1300"
        ]
      }
    },
    {
      "id": 16,
      "type": "polyline",
      "shape": "polyline",
      "coord": [
        [
          674.6649169921875,
          549.8545532226562
        ],
        [
          878.6649169921875,
          549.8545532226562
        ]
      ],
      "rotate": 0,
      "semantic": {
        "element": "标尺",
        "links": []
      },
      "ext": {
        "文字识别结果": [
          "700"
        ]
      }
    },
    {
      "id": 17,
      "type": "polyline",
      "shape": "polyline",
      "coord": [
        [
          674.6649169921875,
          2055.8545532226562
        ],
        [
          1980.6649169921875,
          2055.8545532226562
        ]
      ],
      "rotate": 0,
      "semantic": {
        "element": "标尺",
        "links": []
      },
      "ext": {
        "文字识别结果": [
          "4500"
        ]
      }
    },
    {
      "id": 18,
      "type": "polyline",
      "shape": "polyline",
      "coord": [
        [
          1054.6649169921875,
          485.85455322265625
        ],
        [
          1488.6649169921875,
          485.85455322265625
        ]
      ],
      "rotate": 0,
      "semantic": {
        "element": "标尺",
        "links": []
      },
      "ext": {
        "文字识别结果": [
          ""
        ]
      }
    },
    {
      "id": 19,
      "type": "polyline",
      "shape": "polyline",
      "coord": [
        [
          1052.6649169921875,
          481.85455322265625
        ],
        [
          1488.6649169921875,
          481.85455322265625
        ]
      ],
      "rotate": 0,
      "semantic": {
        "element": "标尺",
        "links": []
      },
      "ext": {
        "文字识别结果": [
          "1500"
        ]
      }
    },
    {
      "id": 20,
      "type": "box",
      "shape": "rect",
      "coord": [
        [
          922.6649169921875,
          679.8545532226562
        ],
        [
          1038.6649169921875,
          853.8545532226562
        ]
      ],
      "rotate": 0,
      "semantic": {
        "element": "机柜",
        "links": []
      },
      "ext": {
        "文字识别结果": [
          ""
        ],
        "门朝向": "right"
      }
    },
    {
      "id": 21,
      "type": "box",
      "shape": "rect",
      "coord": [
        [
          922.6649169921875,
          853.8545532226562
        ],
        [
          1038.6649169921875,
          1027.8545532226562
        ]
      ],
      "rotate": 0,
      "semantic": {
        "element": "机柜",
        "links": []
      },
      "ext": {
        "文字识别结果": [
          ""
        ],
        "门朝向": "right"
      }
    },
    {
      "id": 22,
      "type": "box",
      "shape": "rect",
      "coord": [
        [
          922.6649169921875,
          1029.8545532226562
        ],
        [
          1038.6649169921875,
          1203.8545532226562
        ]
      ],
      "rotate": 0,
      "semantic": {
        "element": "机柜",
        "links": []
      },
      "ext": {
        "文字识别结果": [
          ""
        ],
        "门朝向": "right"
      }
    },
    {
      "id": 23,
      "type": "box",
      "shape": "rect",
      "coord": [
        [
          880.6649169921875,
          1203.8545532226562
        ],
        [
          1038.6649169921875,
          1377.8545532226562
        ]
      ],
      "rotate": 0,
      "semantic": {
        "element": "机柜",
        "links": []
      },
      "ext": {
        "文字识别结果": [
          "1"
        ],
        "门朝向": "right",
        "表格匹配结果": [
          "1",
          "综合柜",
          "2000x600x600",
          "架",
          "",
          "利合柜，新增A1-10GE设备一端"
        ]
      }
    },
    {
      "id": 24,
      "type": "box",
      "shape": "rect",
      "coord": [
        [
          880.6649169921875,
          1377.8545532226562
        ],
        [
          1038.6649169921875,
          1551.8545532226562
        ]
      ],
      "rotate": 0,
      "semantic": {
        "element": "机柜",
        "links": []
      },
      "ext": {
        "文字识别结果": [
          "2"
        ],
        "门朝向": "right",
        "表格匹配结果": [
          "2",
          "开关电源",
          "2000x600x600",
          "架",
          "1",
          "利旧"
        ]
      }
    },
    {
      "id": 25,
      "type": "box",
      "shape": "rect",
      "coord": [
        [
          788.6649169921875,
          1845.8545532226562
        ],
        [
          934.6649169921875,
          1903.8545532226562
        ]
      ],
      "rotate": 0,
      "semantic": {
        "element": "普通设备",
        "links": []
      },
      "ext": {
        "文字识别结果": [
          ""
        ]
      }
    },
    {
      "id": 26,
      "type": "box",
      "shape": "rect",
      "coord": [
        [
          962.6649169921875,
          1861.8545532226562
        ],
        [
          1034.6649169921875,
          1887.8545532226562
        ]
      ],
      "rotate": 0,
      "semantic": {
        "element": "普通设备",
        "links": []
      },
      "ext": {
        "文字识别结果": [
          ""
        ]
      }
    },
    {
      "id": 27,
      "type": "box",
      "shape": "rect",
      "coord": [
        [
          962.6649169921875,
          1887.8545532226562
        ],
        [
          1034.6649169921875,
          1903.8545532226562
        ]
      ],
      "rotate": 0,
      "semantic": {
        "element": "普通设备",
        "links": []
      },
      "ext": {
        "文字识别结果": [
          ""
        ]
      }
    },
    {
      "id": 28,
      "type": "box",
      "shape": "rect",
      "coord": [
        [
          1402.6649169921875,
          1059.8545532226562
        ],
        [
          1488.6649169921875,
          1321.8545532226562
        ]
      ],
      "rotate": 0,
      "semantic": {
        "element": "普通设备",
        "links": []
      },
      "ext": {
        "文字识别结果": [
          ""
        ]
      }
    },
    {
      "id": 29,
      "type": "box",
      "shape": "rect",
      "coord": [
        [
          1826.6649169921875,
          655.8545532226562
        ],
        [
          1968.6649169921875,
          1047.8545532226562
        ]
      ],
      "rotate": 0,
      "semantic": {
        "element": "普通设备",
        "links": []
      },
      "ext": {
        "文字识别结果": [
          ""
        ]
      }
    },
    {
      "id": 30,
      "type": "box",
      "shape": "rect",
      "coord": [
        [
          1890.6649169921875,
          1135.8545532226562
        ],
        [
          1968.6649169921875,
          1265.8545532226562
        ]
      ],
      "rotate": 0,
      "semantic": {
        "element": "普通设备",
        "links": []
      },
      "ext": {
        "文字识别结果": [
          ""
        ]
      }
    },
    {
      "id": 31,
      "type": "polyline",
      "shape": "polyline",
      "coord": [
        [
          544.6649169921875,
          645.8545532226562
        ],
        [
          544.6649169921875,
          1901.8545532226562
        ]
      ],
      "rotate": 0,
      "semantic": {
        "element": "标尺",
        "links": []
      },
      "ext": {
        "文字识别结果": [
          "4330"
        ]
      }
    },
    {
      "id": 32,
      "type": "polyline",
      "shape": "polyline",
      "coord": [
        [
          1130.6649169921875,
          681.8545532226562
        ],
        [
          1130.6649169921875,
          855.8545532226562
        ]
      ],
      "rotate": 0,
      "semantic": {
        "element": "标尺",
        "links": []
      },
      "ext": {
        "文字识别结果": [
          "009"
        ]
      }
    },
    {
      "id": 33,
      "type": "polyline",
      "shape": "polyline",
      "coord": [
        [
          2144.6649169921875,
          645.8545532226562
        ],
        [
          2144.6649169921875,
          1049.8545532226562
        ]
      ],
      "rotate": 0,
      "semantic": {
        "element": "标尺",
        "links": []
      },
      "ext": {
        "文字识别结果": [
          "1400"
        ]
      }
    },
    {
      "id": 34,
      "type": "polyline",
      "shape": "polyline",
      "coord": [
        [
          1360.6649169921875,
          1061.8545532226562
        ],
        [
          1360.6649169921875,
          1319.8545532226562
        ]
      ],
      "rotate": 0,
      "semantic": {
        "element": "标尺",
        "links": []
      },
      "ext": {
        "文字识别结果": [
          "006"
        ]
      }
    },
    {
      "id": 35,
      "type": "polyline",
      "shape": "polyline",
      "coord": [
        [
          2100.6649169921875,
          1053.8545532226562
        ],
        [
          2100.6649169921875,
          1137.8545532226562
        ]
      ],
      "rotate": 0,
      "semantic": {
        "element": "标尺",
        "links": []
      },
      "ext": {
        "文字识别结果": [
          ""
        ]
      }
    },
    {
      "id": 36,
      "type": "polyline",
      "shape": "polyline",
      "coord": [
        [
          1162.6649169921875,
          1553.8545532226562
        ],
        [
          1162.6649169921875,
          1901.8545532226562
        ]
      ],
      "rotate": 0,
      "semantic": {
        "element": "标尺",
        "links": []
      },
      "ext": {
        "文字识别结果": [
          "1200"
        ]
      }
    },
    {
      "id": 37,
      "type": "polyline",
      "shape": "polyline",
      "coord": [
        [
          2144.6649169921875,
          1545.8545532226562
        ],
        [
          2144.6649169921875,
          1779.8545532226562
        ]
      ],
      "rotate": 0,
      "semantic": {
        "element": "标尺",
        "links": []
      },
      "ext": {
        "文字识别结果": [
          "810"
        ]
      }
    },
    {
      "id": 38,
      "type": "polyline",
      "shape": "polyline",
      "coord": [
        [
          1130.6649169921875,
          855.8545532226562
        ],
        [
          1130.6649169921875,
          1029.8545532226562
        ]
      ],
      "rotate": 0,
      "semantic": {
        "element": "标尺",
        "links": []
      },
      "ext": {
        "文字识别结果": [
          "009"
        ]
      }
    },
    {
      "id": 39,
      "type": "polyline",
      "shape": "polyline",
      "coord": [
        [
          1130.6649169921875,
          1029.8545532226562
        ],
        [
          1130.6649169921875,
          1202.8545532226562
        ]
      ],
      "rotate": 0,
      "semantic": {
        "element": "标尺",
        "links": []
      },
      "ext": {
        "文字识别结果": [
          "009"
        ]
      }
    },
    {
      "id": 40,
      "type": "polyline",
      "shape": "polyline",
      "coord": [
        [
          1126.6649169921875,
          1379.8545532226562
        ],
        [
          1126.6649169921875,
          1553.8545532226562
        ]
      ],
      "rotate": 0,
      "semantic": {
        "element": "标尺",
        "links": []
      },
      "ext": {
        "文字识别结果": [
          "009"
        ]
      }
    },
    {
      "id": 41,
      "type": "polyline",
      "shape": "polyline",
      "coord": [
        [
          1130.6649169921875,
          1202.8545532226562
        ],
        [
          1130.6649169921875,
          1379.8545532226562
        ]
      ],
      "rotate": 0,
      "semantic": {
        "element": "标尺",
        "links": []
      },
      "ext": {
        "文字识别结果": [
          "009"
        ]
      }
    },
    {
      "id": 42,
      "type": "polyline",
      "shape": "polyline",
      "coord": [
        [
          1356.6649169921875,
          1319.8545532226562
        ],
        [
          1356.6649169921875,
          1901.8545532226562
        ]
      ],
      "rotate": 0,
      "semantic": {
        "element": "标尺",
        "links": []
      },
      "ext": {
        "文字识别结果": [
          "2000"
        ]
      }
    },
    {
      "id": 43,
      "type": "polyline",
      "shape": "polyline",
      "coord": [
        [
          2144.6649169921875,
          1779.8545532226562
        ],
        [
          2144.6649169921875,
          1901.8545532226562
        ]
      ],
      "rotate": 0,
      "semantic": {
        "element": "标尺",
        "links": []
      },
      "ext": {
        "文字识别结果": [
          "420"
        ]
      }
    },
    {
      "id": 44,
      "type": "polyline",
      "shape": "polyline",
      "coord": [
        [
          674.6649169921875,
          547.8545532226562
        ],
        [
          880.6649169921875,
          547.8545532226562
        ]
      ],
      "rotate": 0,
      "semantic": {
        "element": "标尺",
        "links": []
      },
      "ext": {
        "文字识别结果": [
          "700"
        ]
      }
    },
    {
      "id": 45,
      "type": "polyline",
      "shape": "polyline",
      "coord": [
        [
          674.6649169921875,
          483.85455322265625
        ],
        [
          1054.6649169921875,
          483.85455322265625
        ]
      ],
      "rotate": 0,
      "semantic": {
        "element": "标尺",
        "links": []
      },
      "ext": {
        "文字识别结果": [
          "1300"
        ]
      }
    },
    {
      "id": 46,
      "type": "polyline",
      "shape": "polyline",
      "coord": [
        [
          674.6649169921875,
          2055.8545532226562
        ],
        [
          1986.6649169921875,
          2055.8545532226562
        ]
      ],
      "rotate": 0,
      "semantic": {
        "element": "标尺",
        "links": []
      },
      "ext": {
        "文字识别结果": [
          "4500"
        ]
      }
    },
    {
      "id": 47,
      "type": "polyline",
      "shape": "polyline",
      "coord": [
        [
          1054.6649169921875,
          483.85455322265625
        ],
        [
          1490.6649169921875,
          483.85455322265625
        ]
      ],
      "rotate": 0,
      "semantic": {
        "element": "标尺",
        "links": []
      },
      "ext": {
        "文字识别结果": [
          "1500"
        ]
      }
    },
    {
      "id": 48,
      "type": "box",
      "shape": "rect",
      "coord": [
        [
          920.6649169921875,
          855.8545532226562
        ],
        [
          1038.6649169921875,
          1029.8545532226562
        ]
      ],
      "rotate": 0,
      "semantic": {
        "element": "机柜",
        "links": []
      },
      "ext": {
        "文字识别结果": [
          ""
        ],
        "门朝向": "right"
      }
    },
    {
      "id": 49,
      "type": "box",
      "shape": "rect",
      "coord": [
        [
          920.6649169921875,
          1029.8545532226562
        ],
        [
          1038.6649169921875,
          1203.8545532226562
        ]
      ],
      "rotate": 0,
      "semantic": {
        "element": "机柜",
        "links": []
      },
      "ext": {
        "文字识别结果": [
          ""
        ],
        "门朝向": "right"
      }
    },
    {
      "id": 50,
      "type": "box",
      "shape": "rect",
      "coord": [
        [
          879.6649169921875,
          1205.8545532226562
        ],
        [
          1038.6649169921875,
          1377.8545532226562
        ]
      ],
      "rotate": 0,
      "semantic": {
        "element": "机柜",
        "links": []
      },
      "ext": {
        "文字识别结果": [
          ""
        ],
        "门朝向": "right"
      }
    },
    {
      "id": 51,
      "type": "box",
      "shape": "rect",
      "coord": [
        [
          876.6649169921875,
          1379.8545532226562
        ],
        [
          1038.6649169921875,
          1553.8545532226562
        ]
      ],
      "rotate": 0,
      "semantic": {
        "element": "机柜",
        "links": []
      },
      "ext": {
        "文字识别结果": [
          "2"
        ],
        "门朝向": "right",
        "表格匹配结果": [
          "2",
          "开关电源",
          "2000x600x600",
          "架",
          "1",
          "利旧"
        ]
      }
    },
    {
      "id": 52,
      "type": "box",
      "shape": "rect",
      "coord": [
        [
          786.6649169921875,
          1845.8545532226562
        ],
        [
          932.6649169921875,
          1901.8545532226562
        ]
      ],
      "rotate": 0,
      "semantic": {
        "element": "普通设备",
        "links": []
      },
      "ext": {
        "文字识别结果": [
          ""
        ]
      }
    },
    {
      "id": 53,
      "type": "box",
      "shape": "rect",
      "coord": [
        [
          960.6649169921875,
          1885.8545532226562
        ],
        [
          1032.6649169921875,
          1901.8545532226562
        ]
      ],
      "rotate": 0,
      "semantic": {
        "element": "普通设备",
        "links": []
      },
      "ext": {
        "文字识别结果": [
          ""
        ]
      }
    },
    {
      "id": 54,
      "type": "box",
      "shape": "rect",
      "coord": [
        [
          960.6649169921875,
          1861.8545532226562
        ],
        [
          1034.6649169921875,
          1885.8545532226562
        ]
      ],
      "rotate": 0,
      "semantic": {
        "element": "普通设备",
        "links": []
      },
      "ext": {
        "文字识别结果": [
          ""
        ]
      }
    },
    {
      "id": 55,
      "type": "box",
      "shape": "rect",
      "coord": [
        [
          920.6649169921875,
          681.8545532226562
        ],
        [
          1036.6649169921875,
          851.8545532226562
        ]
      ],
      "rotate": 0,
      "semantic": {
        "element": "普通设备",
        "links": []
      },
      "ext": {
        "文字识别结果": [
          ""
        ]
      }
    },
    {
      "id": 56,
      "type": "box",
      "shape": "rect",
      "coord": [
        [
          1040.6649169921875,
          680.8545532226562
        ],
        [
          1054.6649169921875,
          855.8545532226562
        ]
      ],
      "rotate": 0,
      "semantic": {
        "element": "普通设备",
        "links": []
      },
      "ext": {
        "文字识别结果": [
          ""
        ]
      }
    },
    {
      "id": 57,
      "type": "box",
      "shape": "rect",
      "coord": [
        [
          1404.6649169921875,
          1057.8545532226562
        ],
        [
          1490.6649169921875,
          1318.8545532226562
        ]
      ],
      "rotate": 0,
      "semantic": {
        "element": "普通设备",
        "links": []
      },
      "ext": {
        "文字识别结果": [
          ""
        ]
      }
    },
    {
      "id": 58,
      "type": "box",
      "shape": "rect",
      "coord": [
        [
          1824.6649169921875,
          653.8545532226562
        ],
        [
          1970.6649169921875,
          1049.8545532226562
        ]
      ],
      "rotate": 0,
      "semantic": {
        "element": "普通设备",
        "links": []
      },
      "ext": {
        "文字识别结果": [
          ""
        ]
      }
    },
    {
      "id": 60,
      "type": "other",
      "shape": "rect",
      "coord": [
        [
          1462.2510986328125,
          905.6697387695312
        ],
        [
          1705.1085205078125,
          992.5811157226562
        ]
      ],
      "rotate": 0,
      "semantic": {
        "element": "带指向性文字",
        "links": []
      },
      "ext": {
        "文字识别结果": [
          "光纤配线架"
        ]
      }
    },
    {
      "id": 61,
      "type": "other",
      "shape": "rect",
      "coord": [
        [
          1462.687255859375,
          904.9700927734375
        ],
        [
          1703.2957763671875,
          989.4853515625
        ]
      ],
      "rotate": 0,
      "semantic": {
        "element": "带指向性文字",
        "links": []
      },
      "ext": {
        "文字识别结果": [
          "光纤配线架"
        ]
      }
    },
    {
      "id": 62,
      "type": "other",
      "shape": "rect",
      "coord": [
        [
          1677.2728271484375,
          1660.7163696289062
        ],
        [
          1874.9930419921875,
          1744.9127807617188
        ]
      ],
      "rotate": 0,
      "semantic": {
        "element": "无指向性文字",
        "links": []
      },
      "ext": {
        "文字识别结果": [
          "四层机房"
        ]
      }
    },
    {
      "id": 63,
      "type": "other",
      "shape": "rect",
      "coord": [
        [
          1679.640380859375,
          1661.2754516601562
        ],
        [
          1872.79736328125,
          1745.5010375976562
        ]
      ],
      "rotate": 0,
      "semantic": {
        "element": "无指向性文字",
        "links": []
      },
      "ext": {
        "文字识别结果": [
          "四层机房"
        ]
      }
    },
    {
      "id": 64,
      "type": "other",
      "shape": "rect",
      "coord": [
        [
          1978.1904296875,
          1547.7501220703125
        ],
        [
          2080.726318359375,
          1776.2784423828125
        ]
      ],
      "rotate": 0,
      "semantic": {
        "element": "门",
        "links": []
      },
      "ext": {}
    },
    {
      "id": 65,
      "type": "other",
      "shape": "rect",
      "coord": [
        [
          1457.11328125,
          3320.69677734375
        ],
        [
          1621.76806640625,
          3383.511962890625
        ]
      ],
      "rotate": 0,
      "semantic": {
        "element": "图例小图",
        "links": [
          {
            "pair_id": 76,
            "label": "图例文字",
            "distance": 306.2684326171875
          }
        ]
      },
      "ext": {
        "图例归类": "穿墙洞"
      }
    },
    {
      "id": 66,
      "type": "other",
      "shape": "rect",
      "coord": [
        [
          629.2996826171875,
          3328.781982421875
        ],
        [
          790.873046875,
          3392.71142578125
        ]
      ],
      "rotate": 0,
      "semantic": {
        "element": "图例小图",
        "links": [
          {
            "pair_id": 77,
            "label": "图例文字",
            "distance": 305.12274169921875
          }
        ]
      },
      "ext": {
        "图例归类": "原有设备"
      }
    },
    {
      "id": 67,
      "type": "other",
      "shape": "rect",
      "coord": [
        [
          624.4490966796875,
          3178.350830078125
        ],
        [
          797.37548828125,
          3249.92919921875
        ]
      ],
      "rotate": 0,
      "semantic": {
        "element": "图例小图",
        "links": [
          {
            "pair_id": 74,
            "label": "图例文字",
            "distance": 351.29681396484375
          }
        ]
      },
      "ext": {
        "图例归类": "新增设备"
      }
    },
    {
      "id": 68,
      "type": "other",
      "shape": "rect",
      "coord": [
        [
          1511.716552734375,
          3191.235107421875
        ],
        [
          1668.123046875,
          3247.3486328125
        ]
      ],
      "rotate": 0,
      "semantic": {
        "element": "图例小图",
        "links": [
          {
            "pair_id": 75,
            "label": "图例文字",
            "distance": 276.789306640625
          }
        ]
      },
      "ext": {
        "图例归类": "未归类成功"
      }
    },
    {
      "id": 69,
      "type": "other",
      "shape": "rect",
      "coord": [
        [
          2046.41552734375,
          3186.618896484375
        ],
        [
          2267.854736328125,
          3247.46923828125
        ]
      ],
      "rotate": 0,
      "semantic": {
        "element": "图例小图",
        "links": [
          {
            "pair_id": 73,
            "label": "图例文字",
            "distance": 288.573974609375
          }
        ]
      },
      "ext": {
        "图例归类": "电力电缆"
      }
    },
    {
      "id": 70,
      "type": "table",
      "shape": "rect",
      "coord": [
        [
          218.9954833984375,
          2504.06494140625
        ],
        [
          2788.336181640625,
          2860.33154296875
        ]
      ],
      "rotate": 0,
      "semantic": {
        "element": "物料表",
        "links": []
      },
      "ext": {
        "表格识别结果": [
          [
            "序号",
            "设备名称",
            "规格型号",
            "单位",
            "数量",
            "备注"
          ],
          [
            "1",
            "综合柜",
            "2000x600x600",
            "架",
            "",
            "利合柜，新增A1-10GE设备一端"
          ],
          [
            "2",
            "开关电源",
            "2000x600x600",
            "架",
            "1",
            "利旧"
          ]
        ]
      }
    },
    {
      "id": 71,
      "type": "table",
      "shape": "rect",
      "coord": [
        [
          159.9676513671875,
          3716.587646484375
        ],
        [
          2839.33154296875,
          4164.6513671875
        ]
      ],
      "rotate": 0,
      "semantic": {
        "element": "标题栏",
        "links": []
      },
      "ext": {
        "表格识别结果": [
          [
            "处主管",
            "审核人",
            "mm",
            "中讯邮电咨询设计院有限公司",
            ""
          ],
          [
            "总负责人",
            "单位",
            "",
            "",
            ""
          ],
          [
            "",
            "",
            "",
            "港区富土康E12机房设备布置平面图",
            ""
          ],
          [
            "单责人",
            "比",
            "1:50",
            "",
            ""
          ],
          [
            "设计人",
            "目",
            "2020.3",
            "图号",
            "（ZS-GSF-58"
          ]
        ]
      }
    },
    {
      "id": 72,
      "type": "other",
      "shape": "rect",
      "coord": [
        [
          300.2091064453125,
          3125.80126953125
        ],
        [
          2632.282470703125,
          3447.497802734375
        ]
      ],
      "rotate": 0,
      "semantic": {
        "element": "图例",
        "links": []
      },
      "ext": {}
    },
    {
      "id": 73,
      "type": "other",
      "shape": "rect",
      "coord": [
        [
          2325.2091064453125,
          3175.80126953125
        ],
        [
          2566.2091064453125,
          3239.80126953125
        ]
      ],
      "rotate": 0,
      "semantic": {
        "element": "图例文字",
        "links": []
      },
      "ext": {
        "文字识别结果": [
          "电力电缆"
        ],
        "图例归类": "电力电缆"
      }
    },
    {
      "id": 74,
      "type": "other",
      "shape": "rect",
      "coord": [
        [
          880.2091064453125,
          3185.80126953125
        ],
        [
          1244.2091064453125,
          3245.80126953125
        ]
      ],
      "rotate": 0,
      "semantic": {
        "element": "图例文字",
        "links": []
      },
      "ext": {
        "文字识别结果": [
          "本期安装设备"
        ],
        "图例归类": "新增设备"
      }
    },
    {
      "id": 75,
      "type": "other",
      "shape": "rect",
      "coord": [
        [
          1745.2091064453125,
          3185.80126953125
        ],
        [
          1988.2091064453125,
          3249.80126953125
        ]
      ],
      "rotate": 0,
      "semantic": {
        "element": "图例文字",
        "links": []
      },
      "ext": {
        "文字识别结果": [
          "设备正面"
        ],
        "图例归类": "未归类成功"
      }
    },
    {
      "id": 76,
      "type": "other",
      "shape": "rect",
      "coord": [
        [
          1752.2091064453125,
          3302.80126953125
        ],
        [
          1939.2091064453125,
          3376.80126953125
        ]
      ],
      "rotate": 0,
      "semantic": {
        "element": "图例文字",
        "links": []
      },
      "ext": {
        "文字识别结果": [
          "穿墙洞"
        ],
        "图例归类": "穿墙洞"
      }
    },
    {
      "id": 77,
      "type": "other",
      "shape": "rect",
      "coord": [
        [
          895.2091064453125,
          3322.80126953125
        ],
        [
          1135.2091064453125,
          3386.80126953125
        ]
      ],
      "rotate": 0,
      "semantic": {
        "element": "图例文字",
        "links": []
      },
      "ext": {
        "文字识别结果": [
          "原有设备"
        ],
        "图例归类": "原有设备"
      }
    },
    {
      "id": 78,
      "type": "other",
      "shape": "rect",
      "coord": [
        [
          2351.17529296875,
          315.88031005859375
        ],
        [
          2541.729736328125,
          593.7821044921875
        ]
      ],
      "rotate": 0,
      "semantic": {
        "element": "建北磁北(夹角)",
        "links": []
      },
      "ext": {
        "文字识别结果": [],
        "文字位置": [],
        "顶点位置": [
          [
            2452.1276739211307,
            359.81781005859375
          ],
          [
            2452.1276739211307,
            481.28656005859375
          ]
        ]
      }
    }
  ]
}