{
  "info": {
    "像素面积": {
      "全部面积": 3935568.0,
      "设备面积": 508354.0,
      "剩余面积": 3427214.0
    },
    "图纸信息": {
      "类型": "机房",
      "名称": "141.png"
    }
  },
  "obj": [
    {
      "id": 1,
      "type": "outline",
      "shape": "polyline",
      "coord": [
        [
          615.0919189453125,
          584.1694030761719
        ],
        [
          2041.0919189453125,
          584.1694030761719
        ],
        [
          2041.0919189453125,
          1546.1694030761719
        ],
        [
          615.0919189453125,
          1962.1694030761719
        ],
        [
          2041.0919189453125,
          1962.1694030761719
        ],
        [
          675.0919189453125,
          1902.1694030761719
        ],
        [
          1985.0919189453125,
          1902.1694030761719
        ],
        [
          675.0919189453125,
          642.1694030761719
        ],
        [
          1985.0919189453125,
          642.1694030761719
        ],
        [
          1985.0919189453125,
          1546.1694030761719
        ],
        [
          2041.0919189453125,
          1546.1694030761719
        ],
        [
          1985.0919189453125,
          1780.1694030761719
        ],
        [
          2041.0919189453125,
          1780.1694030761719
        ],
        [
          2041.0919189453125,
          1962.1694030761719
        ],
        [
          615.0919189453125,
          584.1694030761719
        ],
        [
          615.0919189453125,
          1962.1694030761719
        ],
        [
          1985.0919189453125,
          1780.1694030761719
        ],
        [
          1985.0919189453125,
          1902.1694030761719
        ],
        [
          675.0919189453125,
          642.1694030761719
        ],
        [
          675.0919189453125,
          1902.1694030761719
        ]
      ],
      "rotate": 0,
      "semantic": {
        "element": "墙轮廓",
        "path": [
          "0, 1, 2",
          "3, 4",
          "5, 6",
          "7, 8, 9, 10",
          "11, 12, 13",
          "14, 15",
          "16, 17",
          "18, 19"
        ],
        "links": []
      },
      "ext": {}
    },
    {
      "id": 2,
      "type": "outline",
      "shape": "polyline",
      "coord": [
        [
          615.0919189453125,
          1960.1694030761719
        ],
        [
          2041.0919189453125,
          1960.1694030761719
        ],
        [
          2043.0919189453125,
          1960.1694030761719
        ],
        [
          617.0919189453125,
          584.1694030761719
        ],
        [
          2041.0919189453125,
          584.1694030761719
        ],
        [
          2041.0919189453125,
          1544.1694030761719
        ],
        [
          675.0919189453125,
          1904.1694030761719
        ],
        [
          1983.0919189453125,
          1904.1694030761719
        ],
        [
          674.0919189453125,
          640.1694030761719
        ],
        [
          1983.0919189453125,
          644.1694030761719
        ],
        [
          1987.0919189453125,
          1778.1694030761719
        ],
        [
          2043.0919189453125,
          1778.1694030761719
        ],
        [
          617.0919189453125,
          586.1694030761719
        ],
        [
          2041.0919189453125,
          584.1694030761719
        ],
        [
          1983.0919189453125,
          1544.1694030761719
        ],
        [
          2043.0919189453125,
          1544.1694030761719
        ],
        [
          616.0919189453125,
          584.1694030761719
        ],
        [
          616.0919189453125,
          1960.1694030761719
        ],
        [
          1983.0919189453125,
          640.1694030761719
        ],
        [
          1983.0919189453125,
          1544.1694030761719
        ],
        [
          1983.0919189453125,
          1778.1694030761719
        ],
        [
          1987.0919189453125,
          1904.1694030761719
        ],
        [
          2041.0919189453125,
          1778.1694030761719
        ],
        [
          2043.0919189453125,
          1960.1694030761719
        ],
        [
          675.0919189453125,
          644.1694030761719
        ],
        [
          674.0919189453125,
          1904.1694030761719
        ]
      ],
      "rotate": 0,
      "semantic": {
        "element": "墙轮廓",
        "path": [
          "0, 1, 2",
          "3, 4, 5",
          "6, 7",
          "8, 9",
          "10, 11",
          "12, 13",
          "14, 15",
          "16, 17",
          "18, 19",
          "20, 21",
          "22, 23",
          "24, 25"
        ],
        "links": []
      },
      "ext": {}
    },
    {
      "id": 2,
      "type": "polyline",
      "shape": "polyline",
      "coord": [
        [
          543.0919189453125,
          640.1694030761719
        ],
        [
          543.0919189453125,
          1902.1694030761719
        ]
      ],
      "rotate": 0,
      "semantic": {
        "element": "标尺",
        "links": []
      },
      "ext": {
        "文字识别结果": [
          "4330"
        ]
      }
    },
    {
      "id": 3,
      "type": "polyline",
      "shape": "polyline",
      "coord": [
        [
          1129.0919189453125,
          682.1694030761719
        ],
        [
          1129.0919189453125,
          856.1694030761719
        ]
      ],
      "rotate": 0,
      "semantic": {
        "element": "标尺",
        "links": []
      },
      "ext": {
        "文字识别结果": [
          "009"
        ]
      }
    },
    {
      "id": 4,
      "type": "polyline",
      "shape": "polyline",
      "coord": [
        [
          2143.0919189453125,
          642.1694030761719
        ],
        [
          2143.0919189453125,
          1048.1694030761719
        ]
      ],
      "rotate": 0,
      "semantic": {
        "element": "标尺",
        "links": []
      },
      "ext": {
        "文字识别结果": [
          "1400"
        ]
      }
    },
    {
      "id": 5,
      "type": "polyline",
      "shape": "polyline",
      "coord": [
        [
          2101.0919189453125,
          1048.1694030761719
        ],
        [
          2101.0919189453125,
          1138.1694030761719
        ]
      ],
      "rotate": 0,
      "semantic": {
        "element": "标尺",
        "links": []
      },
      "ext": {
        "文字识别结果": [
          ""
        ]
      }
    },
    {
      "id": 6,
      "type": "polyline",
      "shape": "polyline",
      "coord": [
        [
          1359.0919189453125,
          1058.1694030761719
        ],
        [
          1359.0919189453125,
          1320.1694030761719
        ]
      ],
      "rotate": 0,
      "semantic": {
        "element": "标尺",
        "links": []
      },
      "ext": {
        "文字识别结果": [
          "006"
        ]
      }
    },
    {
      "id": 7,
      "type": "polyline",
      "shape": "polyline",
      "coord": [
        [
          1165.0919189453125,
          1554.1694030761719
        ],
        [
          1165.0919189453125,
          1902.1694030761719
        ]
      ],
      "rotate": 0,
      "semantic": {
        "element": "标尺",
        "links": []
      },
      "ext": {
        "文字识别结果": [
          "1200"
        ]
      }
    },
    {
      "id": 8,
      "type": "polyline",
      "shape": "polyline",
      "coord": [
        [
          2147.0919189453125,
          1546.1694030761719
        ],
        [
          2147.0919189453125,
          1779.1694030761719
        ]
      ],
      "rotate": 0,
      "semantic": {
        "element": "标尺",
        "links": []
      },
      "ext": {
        "文字识别结果": [
          "810"
        ]
      }
    },
    {
      "id": 9,
      "type": "polyline",
      "shape": "polyline",
      "coord": [
        [
          1129.0919189453125,
          856.1694030761719
        ],
        [
          1129.0919189453125,
          1028.1694030761719
        ]
      ],
      "rotate": 0,
      "semantic": {
        "element": "标尺",
        "links": []
      },
      "ext": {
        "文字识别结果": [
          "009"
        ]
      }
    },
    {
      "id": 10,
      "type": "polyline",
      "shape": "polyline",
      "coord": [
        [
          1129.0919189453125,
          1028.1694030761719
        ],
        [
          1129.0919189453125,
          1206.1694030761719
        ]
      ],
      "rotate": 0,
      "semantic": {
        "element": "标尺",
        "links": []
      },
      "ext": {
        "文字识别结果": [
          "009"
        ]
      }
    },
    {
      "id": 11,
      "type": "polyline",
      "shape": "polyline",
      "coord": [
        [
          1129.0919189453125,
          1206.1694030761719
        ],
        [
          1129.0919189453125,
          1380.1694030761719
        ]
      ],
      "rotate": 0,
      "semantic": {
        "element": "标尺",
        "links": []
      },
      "ext": {
        "文字识别结果": [
          "009"
        ]
      }
    },
    {
      "id": 12,
      "type": "polyline",
      "shape": "polyline",
      "coord": [
        [
          1129.0919189453125,
          1380.1694030761719
        ],
        [
          1129.0919189453125,
          1554.1694030761719
        ]
      ],
      "rotate": 0,
      "semantic": {
        "element": "标尺",
        "links": []
      },
      "ext": {
        "文字识别结果": [
          "009"
        ]
      }
    },
    {
      "id": 13,
      "type": "polyline",
      "shape": "polyline",
      "coord": [
        [
          1359.0919189453125,
          1320.1694030761719
        ],
        [
          1359.0919189453125,
          1902.1694030761719
        ]
      ],
      "rotate": 0,
      "semantic": {
        "element": "标尺",
        "links": []
      },
      "ext": {
        "文字识别结果": [
          "2000"
        ]
      }
    },
    {
      "id": 14,
      "type": "polyline",
      "shape": "polyline",
      "coord": [
        [
          2147.0919189453125,
          1779.1694030761719
        ],
        [
          2147.0919189453125,
          1902.1694030761719
        ]
      ],
      "rotate": 0,
      "semantic": {
        "element": "标尺",
        "links": []
      },
      "ext": {
        "文字识别结果": [
          "420"
        ]
      }
    },
    {
      "id": 15,
      "type": "polyline",
      "shape": "polyline",
      "coord": [
        [
          673.0919189453125,
          548.1694030761719
        ],
        [
          877.0919189453125,
          548.1694030761719
        ]
      ],
      "rotate": 0,
      "semantic": {
        "element": "标尺",
        "links": []
      },
      "ext": {
        "文字识别结果": [
          "700"
        ]
      }
    },
    {
      "id": 16,
      "type": "polyline",
      "shape": "polyline",
      "coord": [
        [
          673.0919189453125,
          484.1694030761719
        ],
        [
          1053.0919189453125,
          484.1694030761719
        ]
      ],
      "rotate": 0,
      "semantic": {
        "element": "标尺",
        "links": []
      },
      "ext": {
        "文字识别结果": [
          "1300"
        ]
      }
    },
    {
      "id": 17,
      "type": "polyline",
      "shape": "polyline",
      "coord": [
        [
          675.0919189453125,
          2056.169403076172
        ],
        [
          1981.0919189453125,
          2056.169403076172
        ]
      ],
      "rotate": 0,
      "semantic": {
        "element": "标尺",
        "links": []
      },
      "ext": {
        "文字识别结果": [
          ""
        ]
      }
    },
    {
      "id": 18,
      "type": "polyline",
      "shape": "polyline",
      "coord": [
        [
          673.0919189453125,
          2052.169403076172
        ],
        [
          1981.0919189453125,
          2052.169403076172
        ]
      ],
      "rotate": 0,
      "semantic": {
        "element": "标尺",
        "links": []
      },
      "ext": {
        "文字识别结果": [
          "4500"
        ]
      }
    },
    {
      "id": 19,
      "type": "polyline",
      "shape": "polyline",
      "coord": [
        [
          1053.0919189453125,
          484.1694030761719
        ],
        [
          1489.0919189453125,
          484.1694030761719
        ]
      ],
      "rotate": 0,
      "semantic": {
        "element": "标尺",
        "links": []
      },
      "ext": {
        "文字识别结果": [
          "1500"
        ]
      }
    },
    {
      "id": 20,
      "type": "box",
      "shape": "rect",
      "coord": [
        [
          877.0919189453125,
          1206.1694030761719
        ],
        [
          1038.0919189453125,
          1380.1694030761719
        ]
      ],
      "rotate": 0,
      "semantic": {
        "element": "机柜",
        "links": []
      },
      "ext": {
        "文字识别结果": [
          "1"
        ],
        "门朝向": "right"
      }
    },
    {
      "id": 21,
      "type": "box",
      "shape": "rect",
      "coord": [
        [
          876.0919189453125,
          1380.1694030761719
        ],
        [
          1038.0919189453125,
          1554.1694030761719
        ]
      ],
      "rotate": 0,
      "semantic": {
        "element": "机柜",
        "links": []
      },
      "ext": {
        "文字识别结果": [
          "2"
        ],
        "门朝向": "right"
      }
    },
    {
      "id": 22,
      "type": "box",
      "shape": "rect",
      "coord": [
        [
          923.0919189453125,
          678.1694030761719
        ],
        [
          1039.0919189453125,
          852.1694030761719
        ]
      ],
      "rotate": 0,
      "semantic": {
        "element": "机柜",
        "links": []
      },
      "ext": {
        "文字识别结果": [
          ""
        ],
        "门朝向": "right"
      }
    },
    {
      "id": 23,
      "type": "box",
      "shape": "rect",
      "coord": [
        [
          923.0919189453125,
          851.1694030761719
        ],
        [
          1039.0919189453125,
          1028.1694030761719
        ]
      ],
      "rotate": 0,
      "semantic": {
        "element": "机柜",
        "links": []
      },
      "ext": {
        "文字识别结果": [
          ""
        ],
        "门朝向": "right"
      }
    },
    {
      "id": 24,
      "type": "box",
      "shape": "rect",
      "coord": [
        [
          923.0919189453125,
          1028.1694030761719
        ],
        [
          1039.0919189453125,
          1202.1694030761719
        ]
      ],
      "rotate": 0,
      "semantic": {
        "element": "机柜",
        "links": []
      },
      "ext": {
        "文字识别结果": [
          ""
        ],
        "门朝向": "right"
      }
    },
    {
      "id": 25,
      "type": "box",
      "shape": "rect",
      "coord": [
        [
          876.0919189453125,
          1554.1694030761719
        ],
        [
          1039.0919189453125,
          1728.1694030761719
        ]
      ],
      "rotate": 0,
      "semantic": {
        "element": "机柜",
        "links": []
      },
      "ext": {
        "文字识别结果": [
          "3"
        ],
        "门朝向": "right",
        "表格匹配结果": [
          "3",
          "开关电源",
          "2000x600x600",
          "",
          "",
          "利"
        ]
      }
    },
    {
      "id": 26,
      "type": "box",
      "shape": "rect",
      "coord": [
        [
          785.0919189453125,
          1844.1694030761719
        ],
        [
          935.0919189453125,
          1902.1694030761719
        ]
      ],
      "rotate": 0,
      "semantic": {
        "element": "普通设备",
        "links": []
      },
      "ext": {
        "文字识别结果": [
          ""
        ]
      }
    },
    {
      "id": 27,
      "type": "box",
      "shape": "rect",
      "coord": [
        [
          963.0919189453125,
          1860.1694030761719
        ],
        [
          1035.0919189453125,
          1886.1694030761719
        ]
      ],
      "rotate": 0,
      "semantic": {
        "element": "普通设备",
        "links": []
      },
      "ext": {
        "文字识别结果": [
          ""
        ]
      }
    },
    {
      "id": 28,
      "type": "box",
      "shape": "rect",
      "coord": [
        [
          963.0919189453125,
          1886.1694030761719
        ],
        [
          1035.0919189453125,
          1902.1694030761719
        ]
      ],
      "rotate": 0,
      "semantic": {
        "element": "普通设备",
        "links": []
      },
      "ext": {
        "文字识别结果": [
          ""
        ]
      }
    },
    {
      "id": 29,
      "type": "box",
      "shape": "rect",
      "coord": [
        [
          1403.0919189453125,
          1058.1694030761719
        ],
        [
          1489.0919189453125,
          1320.1694030761719
        ]
      ],
      "rotate": 0,
      "semantic": {
        "element": "普通设备",
        "links": []
      },
      "ext": {
        "文字识别结果": [
          ""
        ]
      }
    },
    {
      "id": 30,
      "type": "box",
      "shape": "rect",
      "coord": [
        [
          1569.0919189453125,
          642.1694030761719
        ],
        [
          1743.0919189453125,
          714.1694030761719
        ]
      ],
      "rotate": 0,
      "semantic": {
        "element": "普通设备",
        "links": []
      },
      "ext": {
        "文字识别结果": [
          ""
        ]
      }
    },
    {
      "id": 31,
      "type": "box",
      "shape": "rect",
      "coord": [
        [
          1891.0919189453125,
          1134.1694030761719
        ],
        [
          1968.0919189453125,
          1268.1694030761719
        ]
      ],
      "rotate": 0,
      "semantic": {
        "element": "普通设备",
        "links": []
      },
      "ext": {
        "文字识别结果": [
          ""
        ]
      }
    },
    {
      "id": 32,
      "type": "box",
      "shape": "rect",
      "coord": [
        [
          1823.0919189453125,
          654.1694030761719
        ],
        [
          1969.0919189453125,
          1048.1694030761719
        ]
      ],
      "rotate": 0,
      "semantic": {
        "element": "普通设备",
        "links": []
      },
      "ext": {
        "文字识别结果": [
          ""
        ]
      }
    },
    {
      "id": 33,
      "type": "polyline",
      "shape": "polyline",
      "coord": [
        [
          545.0919189453125,
          644.1694030761719
        ],
        [
          545.0919189453125,
          1900.1694030761719
        ]
      ],
      "rotate": 0,
      "semantic": {
        "element": "标尺",
        "links": []
      },
      "ext": {
        "文字识别结果": [
          "4330"
        ]
      }
    },
    {
      "id": 34,
      "type": "polyline",
      "shape": "polyline",
      "coord": [
        [
          1131.0919189453125,
          680.1694030761719
        ],
        [
          1131.0919189453125,
          854.1694030761719
        ]
      ],
      "rotate": 0,
      "semantic": {
        "element": "标尺",
        "links": []
      },
      "ext": {
        "文字识别结果": [
          "009"
        ]
      }
    },
    {
      "id": 35,
      "type": "polyline",
      "shape": "polyline",
      "coord": [
        [
          2145.0919189453125,
          644.1694030761719
        ],
        [
          2145.0919189453125,
          1048.1694030761719
        ]
      ],
      "rotate": 0,
      "semantic": {
        "element": "标尺",
        "links": []
      },
      "ext": {
        "文字识别结果": [
          "1400"
        ]
      }
    },
    {
      "id": 36,
      "type": "polyline",
      "shape": "polyline",
      "coord": [
        [
          1357.0919189453125,
          1060.1694030761719
        ],
        [
          1357.0919189453125,
          1318.1694030761719
        ]
      ],
      "rotate": 0,
      "semantic": {
        "element": "标尺",
        "links": []
      },
      "ext": {
        "文字识别结果": [
          "006"
        ]
      }
    },
    {
      "id": 37,
      "type": "polyline",
      "shape": "polyline",
      "coord": [
        [
          2101.0919189453125,
          1052.1694030761719
        ],
        [
          2101.0919189453125,
          1136.1694030761719
        ]
      ],
      "rotate": 0,
      "semantic": {
        "element": "标尺",
        "links": []
      },
      "ext": {
        "文字识别结果": [
          ""
        ]
      }
    },
    {
      "id": 38,
      "type": "polyline",
      "shape": "polyline",
      "coord": [
        [
          1163.0919189453125,
          1552.1694030761719
        ],
        [
          1163.0919189453125,
          1900.1694030761719
        ]
      ],
      "rotate": 0,
      "semantic": {
        "element": "标尺",
        "links": []
      },
      "ext": {
        "文字识别结果": [
          "1200"
        ]
      }
    },
    {
      "id": 39,
      "type": "polyline",
      "shape": "polyline",
      "coord": [
        [
          2145.0919189453125,
          1548.1694030761719
        ],
        [
          2145.0919189453125,
          1778.1694030761719
        ]
      ],
      "rotate": 0,
      "semantic": {
        "element": "标尺",
        "links": []
      },
      "ext": {
        "文字识别结果": [
          "810"
        ]
      }
    },
    {
      "id": 40,
      "type": "polyline",
      "shape": "polyline",
      "coord": [
        [
          1131.0919189453125,
          854.1694030761719
        ],
        [
          1131.0919189453125,
          1028.1694030761719
        ]
      ],
      "rotate": 0,
      "semantic": {
        "element": "标尺",
        "links": []
      },
      "ext": {
        "文字识别结果": [
          "009"
        ]
      }
    },
    {
      "id": 41,
      "type": "polyline",
      "shape": "polyline",
      "coord": [
        [
          1131.0919189453125,
          1028.1694030761719
        ],
        [
          1131.0919189453125,
          1204.1694030761719
        ]
      ],
      "rotate": 0,
      "semantic": {
        "element": "标尺",
        "links": []
      },
      "ext": {
        "文字识别结果": [
          "009"
        ]
      }
    },
    {
      "id": 42,
      "type": "polyline",
      "shape": "polyline",
      "coord": [
        [
          1127.0919189453125,
          1204.1694030761719
        ],
        [
          1127.0919189453125,
          1378.1694030761719
        ]
      ],
      "rotate": 0,
      "semantic": {
        "element": "标尺",
        "links": []
      },
      "ext": {
        "文字识别结果": [
          "009"
        ]
      }
    },
    {
      "id": 43,
      "type": "polyline",
      "shape": "polyline",
      "coord": [
        [
          1127.0919189453125,
          1378.1694030761719
        ],
        [
          1127.0919189453125,
          1552.1694030761719
        ]
      ],
      "rotate": 0,
      "semantic": {
        "element": "标尺",
        "links": []
      },
      "ext": {
        "文字识别结果": [
          "009"
        ]
      }
    },
    {
      "id": 44,
      "type": "polyline",
      "shape": "polyline",
      "coord": [
        [
          1357.0919189453125,
          1318.1694030761719
        ],
        [
          1357.0919189453125,
          1900.1694030761719
        ]
      ],
      "rotate": 0,
      "semantic": {
        "element": "标尺",
        "links": []
      },
      "ext": {
        "文字识别结果": [
          "2000"
        ]
      }
    },
    {
      "id": 45,
      "type": "polyline",
      "shape": "polyline",
      "coord": [
        [
          2145.0919189453125,
          1778.1694030761719
        ],
        [
          2145.0919189453125,
          1904.1694030761719
        ]
      ],
      "rotate": 0,
      "semantic": {
        "element": "标尺",
        "links": []
      },
      "ext": {
        "文字识别结果": [
          "420"
        ]
      }
    },
    {
      "id": 46,
      "type": "polyline",
      "shape": "polyline",
      "coord": [
        [
          675.0919189453125,
          546.1694030761719
        ],
        [
          877.0919189453125,
          546.1694030761719
        ]
      ],
      "rotate": 0,
      "semantic": {
        "element": "标尺",
        "links": []
      },
      "ext": {
        "文字识别结果": [
          "700"
        ]
      }
    },
    {
      "id": 47,
      "type": "polyline",
      "shape": "polyline",
      "coord": [
        [
          675.0919189453125,
          482.1694030761719
        ],
        [
          1055.0919189453125,
          482.1694030761719
        ]
      ],
      "rotate": 0,
      "semantic": {
        "element": "标尺",
        "links": []
      },
      "ext": {
        "文字识别结果": [
          "1300"
        ]
      }
    },
    {
      "id": 48,
      "type": "polyline",
      "shape": "polyline",
      "coord": [
        [
          675.0919189453125,
          2054.169403076172
        ],
        [
          1983.0919189453125,
          2054.169403076172
        ]
      ],
      "rotate": 0,
      "semantic": {
        "element": "标尺",
        "links": []
      },
      "ext": {
        "文字识别结果": [
          "4500"
        ]
      }
    },
    {
      "id": 49,
      "type": "polyline",
      "shape": "polyline",
      "coord": [
        [
          1055.0919189453125,
          482.1694030761719
        ],
        [
          1487.0919189453125,
          482.1694030761719
        ]
      ],
      "rotate": 0,
      "semantic": {
        "element": "标尺",
        "links": []
      },
      "ext": {
        "文字识别结果": [
          "1500"
        ]
      }
    },
    {
      "id": 50,
      "type": "box",
      "shape": "rect",
      "coord": [
        [
          921.0919189453125,
          680.1694030761719
        ],
        [
          1037.0919189453125,
          854.1694030761719
        ]
      ],
      "rotate": 0,
      "semantic": {
        "element": "机柜",
        "links": []
      },
      "ext": {
        "文字识别结果": [
          ""
        ],
        "门朝向": "right"
      }
    },
    {
      "id": 51,
      "type": "box",
      "shape": "rect",
      "coord": [
        [
          921.0919189453125,
          854.1694030761719
        ],
        [
          1037.0919189453125,
          1028.1694030761719
        ]
      ],
      "rotate": 0,
      "semantic": {
        "element": "机柜",
        "links": []
      },
      "ext": {
        "文字识别结果": [
          ""
        ],
        "门朝向": "right"
      }
    },
    {
      "id": 52,
      "type": "box",
      "shape": "rect",
      "coord": [
        [
          921.0919189453125,
          1028.1694030761719
        ],
        [
          1037.0919189453125,
          1202.1694030761719
        ]
      ],
      "rotate": 0,
      "semantic": {
        "element": "机柜",
        "links": []
      },
      "ext": {
        "文字识别结果": [
          ""
        ],
        "门朝向": "right"
      }
    },
    {
      "id": 53,
      "type": "box",
      "shape": "rect",
      "coord": [
        [
          877.0919189453125,
          1204.1694030761719
        ],
        [
          1037.0919189453125,
          1378.1694030761719
        ]
      ],
      "rotate": 0,
      "semantic": {
        "element": "机柜",
        "links": []
      },
      "ext": {
        "文字识别结果": [
          ""
        ],
        "门朝向": "right"
      }
    },
    {
      "id": 54,
      "type": "box",
      "shape": "rect",
      "coord": [
        [
          877.0919189453125,
          1378.1694030761719
        ],
        [
          1037.0919189453125,
          1552.1694030761719
        ]
      ],
      "rotate": 0,
      "semantic": {
        "element": "机柜",
        "links": []
      },
      "ext": {
        "文字识别结果": [
          "2"
        ],
        "门朝向": "right"
      }
    },
    {
      "id": 55,
      "type": "box",
      "shape": "rect",
      "coord": [
        [
          877.0919189453125,
          1552.1694030761719
        ],
        [
          1037.0919189453125,
          1726.1694030761719
        ]
      ],
      "rotate": 0,
      "semantic": {
        "element": "机柜",
        "links": []
      },
      "ext": {
        "文字识别结果": [
          "3"
        ],
        "门朝向": "right",
        "表格匹配结果": [
          "3",
          "开关电源",
          "2000x600x600",
          "",
          "",
          "利"
        ]
      }
    },
    {
      "id": 56,
      "type": "box",
      "shape": "rect",
      "coord": [
        [
          787.0919189453125,
          1844.1694030761719
        ],
        [
          932.0919189453125,
          1904.1694030761719
        ]
      ],
      "rotate": 0,
      "semantic": {
        "element": "普通设备",
        "links": []
      },
      "ext": {
        "文字识别结果": [
          ""
        ]
      }
    },
    {
      "id": 57,
      "type": "box",
      "shape": "rect",
      "coord": [
        [
          961.0919189453125,
          1888.1694030761719
        ],
        [
          1032.0919189453125,
          1904.1694030761719
        ]
      ],
      "rotate": 0,
      "semantic": {
        "element": "普通设备",
        "links": []
      },
      "ext": {
        "文字识别结果": [
          ""
        ]
      }
    },
    {
      "id": 58,
      "type": "box",
      "shape": "rect",
      "coord": [
        [
          961.0919189453125,
          1860.1694030761719
        ],
        [
          1033.0919189453125,
          1888.1694030761719
        ]
      ],
      "rotate": 0,
      "semantic": {
        "element": "普通设备",
        "links": []
      },
      "ext": {
        "文字识别结果": [
          ""
        ]
      }
    },
    {
      "id": 59,
      "type": "box",
      "shape": "rect",
      "coord": [
        [
          1401.0919189453125,
          1060.1694030761719
        ],
        [
          1487.0919189453125,
          1318.1694030761719
        ]
      ],
      "rotate": 0,
      "semantic": {
        "element": "普通设备",
        "links": []
      },
      "ext": {
        "文字识别结果": [
          ""
        ]
      }
    },
    {
      "id": 60,
      "type": "box",
      "shape": "rect",
      "coord": [
        [
          1571.0919189453125,
          640.1694030761719
        ],
        [
          1745.0919189453125,
          712.1694030761719
        ]
      ],
      "rotate": 0,
      "semantic": {
        "element": "普通设备",
        "links": []
      },
      "ext": {
        "文字识别结果": [
          ""
        ]
      }
    },
    {
      "id": 61,
      "type": "box",
      "shape": "rect",
      "coord": [
        [
          1824.0919189453125,
          656.1694030761719
        ],
        [
          1971.0919189453125,
          1048.1694030761719
        ]
      ],
      "rotate": 0,
      "semantic": {
        "element": "普通设备",
        "links": []
      },
      "ext": {
        "文字识别结果": [
          ""
        ]
      }
    },
    {
      "id": 63,
      "type": "other",
      "shape": "rect",
      "coord": [
        [
          1460.778564453125,
          904.7734680175781
        ],
        [
          1703.268310546875,
          994.4969177246094
        ]
      ],
      "rotate": 0,
      "semantic": {
        "element": "带指向性文字",
        "links": []
      },
      "ext": {
        "文字识别结果": [
          "光纤配线架"
        ]
      }
    },
    {
      "id": 64,
      "type": "other",
      "shape": "rect",
      "coord": [
        [
          1463.0474853515625,
          906.2971496582031
        ],
        [
          1702.43359375,
          987.1794128417969
        ]
      ],
      "rotate": 0,
      "semantic": {
        "element": "带指向性文字",
        "links": []
      },
      "ext": {
        "文字识别结果": [
          "光纤配线架"
        ]
      }
    },
    {
      "id": 65,
      "type": "other",
      "shape": "rect",
      "coord": [
        [
          1677.295166015625,
          1659.8836364746094
        ],
        [
          1873.4666748046875,
          1743.9721374511719
        ]
      ],
      "rotate": 0,
      "semantic": {
        "element": "无指向性文字",
        "links": []
      },
      "ext": {
        "文字识别结果": [
          "四层机房"
        ]
      }
    },
    {
      "id": 66,
      "type": "other",
      "shape": "rect",
      "coord": [
        [
          1679.1981201171875,
          1660.5837097167969
        ],
        [
          1873.1912841796875,
          1745.3777770996094
        ]
      ],
      "rotate": 0,
      "semantic": {
        "element": "无指向性文字",
        "links": []
      },
      "ext": {
        "文字识别结果": [
          "四层机房"
        ]
      }
    },
    {
      "id": 67,
      "type": "other",
      "shape": "rect",
      "coord": [
        [
          1978.04736328125,
          1547.4969482421875
        ],
        [
          2080.763427734375,
          1776.3319091796875
        ]
      ],
      "rotate": 0,
      "semantic": {
        "element": "门",
        "links": []
      },
      "ext": {}
    },
    {
      "id": 68,
      "type": "other",
      "shape": "rect",
      "coord": [
        [
          1457.123046875,
          3320.698974609375
        ],
        [
          1621.779296875,
          3383.539794921875
        ]
      ],
      "rotate": 0,
      "semantic": {
        "element": "图例小图",
        "links": [
          {
            "pair_id": 79,
            "label": "图例文字",
            "distance": 305.70361328125
          }
        ]
      },
      "ext": {
        "图例归类": "穿墙洞"
      }
    },
    {
      "id": 69,
      "type": "other",
      "shape": "rect",
      "coord": [
        [
          629.308837890625,
          3328.778564453125
        ],
        [
          790.86181640625,
          3392.699951171875
        ]
      ],
      "rotate": 0,
      "semantic": {
        "element": "图例小图",
        "links": [
          {
            "pair_id": 80,
            "label": "图例文字",
            "distance": 304.5694580078125
          }
        ]
      },
      "ext": {
        "图例归类": "原有设备"
      }
    },
    {
      "id": 70,
      "type": "other",
      "shape": "rect",
      "coord": [
        [
          624.4302978515625,
          3178.35107421875
        ],
        [
          797.3404541015625,
          3249.92626953125
        ]
      ],
      "rotate": 0,
      "semantic": {
        "element": "图例小图",
        "links": [
          {
            "pair_id": 78,
            "label": "图例文字",
            "distance": 351.7694091796875
          }
        ]
      },
      "ext": {
        "图例归类": "新增设备"
      }
    },
    {
      "id": 71,
      "type": "other",
      "shape": "rect",
      "coord": [
        [
          1511.7568359375,
          3191.2333984375
        ],
        [
          1668.11181640625,
          3247.334228515625
        ]
      ],
      "rotate": 0,
      "semantic": {
        "element": "图例小图",
        "links": [
          {
            "pair_id": 76,
            "label": "图例文字",
            "distance": 277.720458984375
          }
        ]
      },
      "ext": {
        "图例归类": "未归类成功"
      }
    },
    {
      "id": 72,
      "type": "other",
      "shape": "rect",
      "coord": [
        [
          2046.059814453125,
          3186.683349609375
        ],
        [
          2268.238525390625,
          3247.559814453125
        ]
      ],
      "rotate": 0,
      "semantic": {
        "element": "图例小图",
        "links": [
          {
            "pair_id": 77,
            "label": "图例文字",
            "distance": 288.005615234375
          }
        ]
      },
      "ext": {
        "图例归类": "电力电缆"
      }
    },
    {
      "id": 73,
      "type": "table",
      "shape": "rect",
      "coord": [
        [
          222.2109375,
          2503.941162109375
        ],
        [
          2792.917724609375,
          2860.922119140625
        ]
      ],
      "rotate": 0,
      "semantic": {
        "element": "物料表",
        "links": []
      },
      "ext": {
        "表格识别结果": [
          [
            "序号",
            "设备名称",
            "规格型号",
            "单位数量",
            "",
            "备注"
          ],
          [
            "1-2",
            "综合柜",
            "2000x600x600",
            "架",
            "2",
            "利合柜，每架新增A1-10GE设备各一端"
          ],
          [
            "3",
            "开关电源",
            "2000x600x600",
            "",
            "",
            "利"
          ]
        ]
      }
    },
    {
      "id": 74,
      "type": "table",
      "shape": "rect",
      "coord": [
        [
          155.99853515625,
          3716.583251953125
        ],
        [
          2840.9140625,
          4164.49267578125
        ]
      ],
      "rotate": 0,
      "semantic": {
        "element": "标题栏",
        "links": []
      },
      "ext": {
        "表格识别结果": [
          [
            "处主管",
            "",
            "",
            "中讯邮电咨询设院有限公司",
            ""
          ],
          [
            "总负责人",
            "",
            "mm",
            "",
            ""
          ],
          [
            "",
            "",
            "",
            "港区富主康D11机房设备布置平面",
            ""
          ],
          [
            "单负责人",
            "比",
            "1:50",
            "",
            ""
          ],
          [
            "设计人",
            "目",
            "2020.3",
            "图",
            "2019S1599"
          ]
        ]
      }
    },
    {
      "id": 75,
      "type": "other",
      "shape": "rect",
      "coord": [
        [
          300.65478515625,
          3126.033447265625
        ],
        [
          2631.9912109375,
          3447.648681640625
        ]
      ],
      "rotate": 0,
      "semantic": {
        "element": "图例",
        "links": []
      },
      "ext": {}
    },
    {
      "id": 76,
      "type": "other",
      "shape": "rect",
      "coord": [
        [
          1743.65478515625,
          3179.033447265625
        ],
        [
          1991.65478515625,
          3253.033447265625
        ]
      ],
      "rotate": 0,
      "semantic": {
        "element": "图例文字",
        "links": []
      },
      "ext": {
        "文字识别结果": [
          "设备正面"
        ],
        "图例归类": "未归类成功"
      }
    },
    {
      "id": 77,
      "type": "other",
      "shape": "rect",
      "coord": [
        [
          2324.65478515625,
          3176.033447265625
        ],
        [
          2565.65478515625,
          3236.033447265625
        ]
      ],
      "rotate": 0,
      "semantic": {
        "element": "图例文字",
        "links": []
      },
      "ext": {
        "文字识别结果": [
          "电力电缆"
        ],
        "图例归类": "电力电缆"
      }
    },
    {
      "id": 78,
      "type": "other",
      "shape": "rect",
      "coord": [
        [
          880.65478515625,
          3186.033447265625
        ],
        [
          1244.65478515625,
          3246.033447265625
        ]
      ],
      "rotate": 0,
      "semantic": {
        "element": "图例文字",
        "links": []
      },
      "ext": {
        "文字识别结果": [
          "本期安装设备"
        ],
        "图例归类": "新增设备"
      }
    },
    {
      "id": 79,
      "type": "other",
      "shape": "rect",
      "coord": [
        [
          1751.65478515625,
          3303.033447265625
        ],
        [
          1938.65478515625,
          3376.033447265625
        ]
      ],
      "rotate": 0,
      "semantic": {
        "element": "图例文字",
        "links": []
      },
      "ext": {
        "文字识别结果": [
          "穿墙洞"
        ],
        "图例归类": "穿墙洞"
      }
    },
    {
      "id": 80,
      "type": "other",
      "shape": "rect",
      "coord": [
        [
          893.65478515625,
          3323.033447265625
        ],
        [
          1135.65478515625,
          3386.033447265625
        ]
      ],
      "rotate": 0,
      "semantic": {
        "element": "图例文字",
        "links": []
      },
      "ext": {
        "文字识别结果": [
          "原有设备"
        ],
        "图例归类": "原有设备"
      }
    },
    {
      "id": 81,
      "type": "other",
      "shape": "rect",
      "coord": [
        [
          2351.2177734375,
          315.8817138671875
        ],
        [
          2541.7138671875,
          593.7833862304688
        ]
      ],
      "rotate": 0,
      "semantic": {
        "element": "建北磁北(夹角)",
        "links": []
      },
      "ext": {
        "文字识别结果": [],
        "文字位置": [],
        "顶点位置": [
          [
            2452.1701543898807,
            359.8192138671875
          ],
          [
            2452.1701543898807,
            481.2879638671875
          ]
        ]
      }
    }
  ]
}