{
  "info": {
    "像素面积": {
      "全部面积": 3564352.0,
      "设备面积": 245235.0,
      "剩余面积": 3319117.0
    },
    "图纸信息": {
      "类型": "机房",
      "名称": "142.png"
    }
  },
  "obj": [
    {
      "id": 1,
      "type": "outline",
      "shape": "polyline",
      "coord": [
        [
          685.0225830078125,
          291.74363708496094
        ],
        [
          1661.0225830078125,
          291.74363708496094
        ],
        [
          745.0225830078125,
          2057.743637084961
        ],
        [
          1601.0225830078125,
          2061.743637084961
        ],
        [
          745.0225830078125,
          351.74363708496094
        ],
        [
          1601.0225830078125,
          351.74363708496094
        ],
        [
          1601.0225830078125,
          1793.743637084961
        ],
        [
          1661.0225830078125,
          1793.743637084961
        ],
        [
          1601.0225830078125,
          2007.743637084961
        ],
        [
          1605.0225830078125,
          2009.743637084961
        ],
        [
          1605.0225830078125,
          2007.743637084961
        ],
        [
          1663.0225830078125,
          2007.743637084961
        ],
        [
          685.0225830078125,
          291.74363708496094
        ],
        [
          685.0225830078125,
          2117.743637084961
        ],
        [
          1659.0225830078125,
          291.74363708496094
        ],
        [
          1661.0225830078125,
          1793.743637084961
        ],
        [
          1601.0225830078125,
          2009.743637084961
        ],
        [
          1601.0225830078125,
          2057.743637084961
        ],
        [
          745.0225830078125,
          351.74363708496094
        ],
        [
          745.0225830078125,
          2061.743637084961
        ]
      ],
      "rotate": 0,
      "semantic": {
        "element": "墙轮廓",
        "path": [
          "0, 1",
          "2, 3",
          "4, 5, 6, 7",
          "8, 9",
          "10, 11",
          "12, 13",
          "14, 15",
          "16, 17",
          "18, 19"
        ],
        "links": []
      },
      "ext": {}
    },
    {
      "id": 2,
      "type": "outline",
      "shape": "polyline",
      "coord": [
        [
          687.0225830078125,
          291.74363708496094
        ],
        [
          1661.0225830078125,
          291.74363708496094
        ],
        [
          1661.0225830078125,
          2007.743637084961
        ],
        [
          743.0225830078125,
          2059.743637084961
        ],
        [
          1603.0225830078125,
          2059.743637084961
        ],
        [
          1605.0225830078125,
          2059.743637084961
        ],
        [
          743.0225830078125,
          351.74363708496094
        ],
        [
          1603.0225830078125,
          351.74363708496094
        ],
        [
          1603.0225830078125,
          1793.743637084961
        ],
        [
          1661.0225830078125,
          1793.743637084961
        ],
        [
          687.0225830078125,
          293.74363708496094
        ],
        [
          1661.0225830078125,
          291.74363708496094
        ],
        [
          1603.0225830078125,
          2007.743637084961
        ],
        [
          1661.0225830078125,
          2007.743637084961
        ],
        [
          687.0225830078125,
          289.74363708496094
        ],
        [
          687.0225830078125,
          2115.743637084961
        ],
        [
          1603.0225830078125,
          2007.743637084961
        ],
        [
          1603.0225830078125,
          2059.743637084961
        ],
        [
          743.0225830078125,
          351.74363708496094
        ],
        [
          743.0225830078125,
          2059.743637084961
        ]
      ],
      "rotate": 0,
      "semantic": {
        "element": "墙轮廓",
        "path": [
          "0, 1, 2",
          "3, 4, 5",
          "6, 7, 8, 9",
          "10, 11",
          "12, 13",
          "14, 15",
          "16, 17",
          "18, 19"
        ],
        "links": []
      },
      "ext": {}
    },
    {
      "id": 2,
      "type": "polyline",
      "shape": "polyline",
      "coord": [
        [
          879.0225830078125,
          349.74363708496094
        ],
        [
          879.0225830078125,
          591.7436370849609
        ]
      ],
      "rotate": 0,
      "semantic": {
        "element": "标尺",
        "links": []
      },
      "ext": {
        "文字识别结果": [
          "830"
        ]
      }
    },
    {
      "id": 3,
      "type": "polyline",
      "shape": "polyline",
      "coord": [
        [
          1701.0225830078125,
          349.74363708496094
        ],
        [
          1701.0225830078125,
          611.7436370849609
        ]
      ],
      "rotate": 0,
      "semantic": {
        "element": "标尺",
        "links": []
      },
      "ext": {
        "文字识别结果": [
          "006"
        ]
      }
    },
    {
      "id": 4,
      "type": "polyline",
      "shape": "polyline",
      "coord": [
        [
          1811.0225830078125,
          349.74363708496094
        ],
        [
          1811.0225830078125,
          2057.743637084961
        ]
      ],
      "rotate": 0,
      "semantic": {
        "element": "标尺",
        "links": []
      },
      "ext": {
        "文字识别结果": [
          ""
        ]
      }
    },
    {
      "id": 5,
      "type": "polyline",
      "shape": "polyline",
      "coord": [
        [
          1185.0225830078125,
          941.7436370849609
        ],
        [
          1185.0225830078125,
          1195.743637084961
        ]
      ],
      "rotate": 0,
      "semantic": {
        "element": "标尺",
        "links": []
      },
      "ext": {
        "文字识别结果": [
          "880"
        ]
      }
    },
    {
      "id": 6,
      "type": "polyline",
      "shape": "polyline",
      "coord": [
        [
          1719.0225830078125,
          1793.743637084961
        ],
        [
          1719.0225830078125,
          2005.743637084961
        ]
      ],
      "rotate": 0,
      "semantic": {
        "element": "标尺",
        "links": []
      },
      "ext": {
        "文字识别结果": [
          ""
        ]
      }
    },
    {
      "id": 7,
      "type": "polyline",
      "shape": "polyline",
      "coord": [
        [
          1703.0225830078125,
          611.7436370849609
        ],
        [
          1703.0225830078125,
          916.7436370849609
        ]
      ],
      "rotate": 0,
      "semantic": {
        "element": "标尺",
        "links": []
      },
      "ext": {
        "文字识别结果": [
          "050"
        ]
      }
    },
    {
      "id": 8,
      "type": "polyline",
      "shape": "polyline",
      "coord": [
        [
          1703.0225830078125,
          916.7436370849609
        ],
        [
          1703.0225830078125,
          1127.743637084961
        ]
      ],
      "rotate": 0,
      "semantic": {
        "element": "标尺",
        "links": []
      },
      "ext": {
        "文字识别结果": [
          "720"
        ]
      }
    },
    {
      "id": 9,
      "type": "polyline",
      "shape": "polyline",
      "coord": [
        [
          1719.0225830078125,
          2005.743637084961
        ],
        [
          1719.0225830078125,
          2057.743637084961
        ]
      ],
      "rotate": 0,
      "semantic": {
        "element": "标尺",
        "links": []
      },
      "ext": {
        "文字识别结果": [
          "8"
        ]
      }
    },
    {
      "id": 10,
      "type": "polyline",
      "shape": "polyline",
      "coord": [
        [
          745.0225830078125,
          243.74363708496094
        ],
        [
          1601.0225830078125,
          243.74363708496094
        ]
      ],
      "rotate": 0,
      "semantic": {
        "element": "标尺",
        "links": []
      },
      "ext": {
        "文字识别结果": [
          ""
        ]
      }
    },
    {
      "id": 11,
      "type": "polyline",
      "shape": "polyline",
      "coord": [
        [
          745.0225830078125,
          1435.743637084961
        ],
        [
          1121.0225830078125,
          1435.743637084961
        ]
      ],
      "rotate": 0,
      "semantic": {
        "element": "标尺",
        "links": []
      },
      "ext": {
        "文字识别结果": [
          ""
        ]
      }
    },
    {
      "id": 12,
      "type": "polyline",
      "shape": "polyline",
      "coord": [
        [
          745.0225830078125,
          2173.743637084961
        ],
        [
          971.0225830078125,
          2173.743637084961
        ]
      ],
      "rotate": 0,
      "semantic": {
        "element": "标尺",
        "links": []
      },
      "ext": {
        "文字识别结果": [
          "780"
        ]
      }
    },
    {
      "id": 13,
      "type": "box",
      "shape": "rect",
      "coord": [
        [
          947.0225830078125,
          591.7436370849609
        ],
        [
          1109.0225830078125,
          763.7436370849609
        ]
      ],
      "rotate": 0,
      "semantic": {
        "element": "机柜",
        "links": []
      },
      "ext": {
        "文字识别结果": [
          "2"
        ],
        "门朝向": "right",
        "表格匹配结果": [
          "2",
          "电源柜",
          "架",
          "",
          "1",
          "利"
        ]
      }
    },
    {
      "id": 14,
      "type": "box",
      "shape": "rect",
      "coord": [
        [
          947.0225830078125,
          767.7436370849609
        ],
        [
          1109.0225830078125,
          941.7436370849609
        ]
      ],
      "rotate": 0,
      "semantic": {
        "element": "机柜",
        "links": []
      },
      "ext": {
        "文字识别结果": [
          ""
        ],
        "门朝向": "right"
      }
    },
    {
      "id": 15,
      "type": "box",
      "shape": "rect",
      "coord": [
        [
          991.0225830078125,
          1199.743637084961
        ],
        [
          1109.0225830078125,
          1371.743637084961
        ]
      ],
      "rotate": 0,
      "semantic": {
        "element": "机柜",
        "links": []
      },
      "ext": {
        "文字识别结果": [
          ""
        ],
        "门朝向": "right"
      }
    },
    {
      "id": 16,
      "type": "box",
      "shape": "rect",
      "coord": [
        [
          745.0225830078125,
          1971.743637084961
        ],
        [
          887.0225830078125,
          2057.743637084961
        ]
      ],
      "rotate": 0,
      "semantic": {
        "element": "普通设备",
        "links": []
      },
      "ext": {
        "文字识别结果": [
          ""
        ]
      }
    },
    {
      "id": 17,
      "type": "box",
      "shape": "rect",
      "coord": [
        [
          1089.0225830078125,
          351.74363708496094
        ],
        [
          1177.0225830078125,
          361.74363708496094
        ]
      ],
      "rotate": 0,
      "semantic": {
        "element": "普通设备",
        "links": []
      },
      "ext": {
        "文字识别结果": [
          ""
        ]
      }
    },
    {
      "id": 18,
      "type": "box",
      "shape": "rect",
      "coord": [
        [
          1209.0225830078125,
          351.74363708496094
        ],
        [
          1281.0225830078125,
          379.74363708496094
        ]
      ],
      "rotate": 0,
      "semantic": {
        "element": "普通设备",
        "links": []
      },
      "ext": {
        "文字识别结果": [
          ""
        ]
      }
    },
    {
      "id": 19,
      "type": "box",
      "shape": "rect",
      "coord": [
        [
          1311.0225830078125,
          350.74363708496094
        ],
        [
          1453.0225830078125,
          405.74363708496094
        ]
      ],
      "rotate": 0,
      "semantic": {
        "element": "普通设备",
        "links": []
      },
      "ext": {
        "文字识别结果": [
          ""
        ]
      }
    },
    {
      "id": 20,
      "type": "box",
      "shape": "rect",
      "coord": [
        [
          1517.0225830078125,
          771.7436370849609
        ],
        [
          1601.0225830078125,
          917.7436370849609
        ]
      ],
      "rotate": 0,
      "semantic": {
        "element": "普通设备",
        "links": []
      },
      "ext": {
        "文字识别结果": [
          ""
        ]
      }
    },
    {
      "id": 21,
      "type": "box",
      "shape": "rect",
      "coord": [
        [
          1513.0225830078125,
          1127.743637084961
        ],
        [
          1604.0225830078125,
          1256.743637084961
        ]
      ],
      "rotate": 0,
      "semantic": {
        "element": "普通设备",
        "links": []
      },
      "ext": {
        "文字识别结果": [
          ""
        ]
      }
    },
    {
      "id": 22,
      "type": "polyline",
      "shape": "polyline",
      "coord": [
        [
          881.0225830078125,
          351.74363708496094
        ],
        [
          881.0225830078125,
          589.7436370849609
        ]
      ],
      "rotate": 0,
      "semantic": {
        "element": "标尺",
        "links": []
      },
      "ext": {
        "文字识别结果": [
          "830"
        ]
      }
    },
    {
      "id": 23,
      "type": "polyline",
      "shape": "polyline",
      "coord": [
        [
          1809.0225830078125,
          351.74363708496094
        ],
        [
          1809.0225830078125,
          2059.743637084961
        ]
      ],
      "rotate": 0,
      "semantic": {
        "element": "标尺",
        "links": []
      },
      "ext": {
        "文字识别结果": [
          ""
        ]
      }
    },
    {
      "id": 24,
      "type": "polyline",
      "shape": "polyline",
      "coord": [
        [
          1701.0225830078125,
          351.74363708496094
        ],
        [
          1701.0225830078125,
          613.7436370849609
        ]
      ],
      "rotate": 0,
      "semantic": {
        "element": "标尺",
        "links": []
      },
      "ext": {
        "文字识别结果": [
          "006"
        ]
      }
    },
    {
      "id": 25,
      "type": "polyline",
      "shape": "polyline",
      "coord": [
        [
          1183.0225830078125,
          941.7436370849609
        ],
        [
          1183.0225830078125,
          1195.743637084961
        ]
      ],
      "rotate": 0,
      "semantic": {
        "element": "标尺",
        "links": []
      },
      "ext": {
        "文字识别结果": [
          "880"
        ]
      }
    },
    {
      "id": 26,
      "type": "polyline",
      "shape": "polyline",
      "coord": [
        [
          1721.0225830078125,
          1793.743637084961
        ],
        [
          1721.0225830078125,
          2007.743637084961
        ]
      ],
      "rotate": 0,
      "semantic": {
        "element": "标尺",
        "links": []
      },
      "ext": {
        "文字识别结果": [
          "<"
        ]
      }
    },
    {
      "id": 27,
      "type": "polyline",
      "shape": "polyline",
      "coord": [
        [
          1701.0225830078125,
          613.7436370849609
        ],
        [
          1701.0225830078125,
          917.7436370849609
        ]
      ],
      "rotate": 0,
      "semantic": {
        "element": "标尺",
        "links": []
      },
      "ext": {
        "文字识别结果": [
          "1050"
        ]
      }
    },
    {
      "id": 28,
      "type": "polyline",
      "shape": "polyline",
      "coord": [
        [
          1701.0225830078125,
          917.7436370849609
        ],
        [
          1701.0225830078125,
          1125.743637084961
        ]
      ],
      "rotate": 0,
      "semantic": {
        "element": "标尺",
        "links": []
      },
      "ext": {
        "文字识别结果": [
          "720"
        ]
      }
    },
    {
      "id": 29,
      "type": "polyline",
      "shape": "polyline",
      "coord": [
        [
          1721.0225830078125,
          2007.743637084961
        ],
        [
          1721.0225830078125,
          2059.743637084961
        ]
      ],
      "rotate": 0,
      "semantic": {
        "element": "标尺",
        "links": []
      },
      "ext": {
        "文字识别结果": [
          "8"
        ]
      }
    },
    {
      "id": 30,
      "type": "polyline",
      "shape": "polyline",
      "coord": [
        [
          747.0225830078125,
          241.74363708496094
        ],
        [
          1603.0225830078125,
          241.74363708496094
        ]
      ],
      "rotate": 0,
      "semantic": {
        "element": "标尺",
        "links": []
      },
      "ext": {
        "文字识别结果": [
          "2950"
        ]
      }
    },
    {
      "id": 31,
      "type": "polyline",
      "shape": "polyline",
      "coord": [
        [
          743.0225830078125,
          1437.743637084961
        ],
        [
          1123.0225830078125,
          1437.743637084961
        ]
      ],
      "rotate": 0,
      "semantic": {
        "element": "标尺",
        "links": []
      },
      "ext": {
        "文字识别结果": [
          ""
        ]
      }
    },
    {
      "id": 32,
      "type": "polyline",
      "shape": "polyline",
      "coord": [
        [
          743.0225830078125,
          2171.743637084961
        ],
        [
          969.0225830078125,
          2171.743637084961
        ]
      ],
      "rotate": 0,
      "semantic": {
        "element": "标尺",
        "links": []
      },
      "ext": {
        "文字识别结果": [
          "780"
        ]
      }
    },
    {
      "id": 33,
      "type": "box",
      "shape": "rect",
      "coord": [
        [
          949.0225830078125,
          593.7436370849609
        ],
        [
          1106.0225830078125,
          767.7436370849609
        ]
      ],
      "rotate": 0,
      "semantic": {
        "element": "机柜",
        "links": []
      },
      "ext": {
        "文字识别结果": [
          "2"
        ],
        "门朝向": "right",
        "表格匹配结果": [
          "2",
          "电源柜",
          "架",
          "",
          "1",
          "利"
        ]
      }
    },
    {
      "id": 34,
      "type": "box",
      "shape": "rect",
      "coord": [
        [
          993.0225830078125,
          1199.743637084961
        ],
        [
          1106.0225830078125,
          1373.743637084961
        ]
      ],
      "rotate": 0,
      "semantic": {
        "element": "机柜",
        "links": []
      },
      "ext": {
        "文字识别结果": [
          ""
        ],
        "门朝向": "right"
      }
    },
    {
      "id": 35,
      "type": "box",
      "shape": "rect",
      "coord": [
        [
          949.0225830078125,
          767.7436370849609
        ],
        [
          1107.0225830078125,
          939.7436370849609
        ]
      ],
      "rotate": 0,
      "semantic": {
        "element": "机柜",
        "links": []
      },
      "ext": {
        "文字识别结果": [
          ""
        ],
        "门朝向": "right"
      }
    },
    {
      "id": 36,
      "type": "box",
      "shape": "rect",
      "coord": [
        [
          743.0225830078125,
          1973.743637084961
        ],
        [
          888.0225830078125,
          2059.743637084961
        ]
      ],
      "rotate": 0,
      "semantic": {
        "element": "普通设备",
        "links": []
      },
      "ext": {
        "文字识别结果": [
          ""
        ]
      }
    },
    {
      "id": 37,
      "type": "box",
      "shape": "rect",
      "coord": [
        [
          1090.0225830078125,
          351.74363708496094
        ],
        [
          1179.0225830078125,
          363.74363708496094
        ]
      ],
      "rotate": 0,
      "semantic": {
        "element": "普通设备",
        "links": []
      },
      "ext": {
        "文字识别结果": [
          ""
        ]
      }
    },
    {
      "id": 38,
      "type": "box",
      "shape": "rect",
      "coord": [
        [
          1207.0225830078125,
          351.74363708496094
        ],
        [
          1281.0225830078125,
          379.74363708496094
        ]
      ],
      "rotate": 0,
      "semantic": {
        "element": "普通设备",
        "links": []
      },
      "ext": {
        "文字识别结果": [
          ""
        ]
      }
    },
    {
      "id": 39,
      "type": "box",
      "shape": "rect",
      "coord": [
        [
          1309.0225830078125,
          351.74363708496094
        ],
        [
          1455.0225830078125,
          407.74363708496094
        ]
      ],
      "rotate": 0,
      "semantic": {
        "element": "普通设备",
        "links": []
      },
      "ext": {
        "文字识别结果": [
          ""
        ]
      }
    },
    {
      "id": 40,
      "type": "box",
      "shape": "rect",
      "coord": [
        [
          1515.0225830078125,
          771.7436370849609
        ],
        [
          1603.0225830078125,
          917.7436370849609
        ]
      ],
      "rotate": 0,
      "semantic": {
        "element": "普通设备",
        "links": []
      },
      "ext": {
        "文字识别结果": [
          ""
        ]
      }
    },
    {
      "id": 41,
      "type": "box",
      "shape": "rect",
      "coord": [
        [
          1515.0225830078125,
          1128.743637084961
        ],
        [
          1603.0225830078125,
          1255.743637084961
        ]
      ],
      "rotate": 0,
      "semantic": {
        "element": "普通设备",
        "links": []
      },
      "ext": {
        "文字识别结果": [
          ""
        ]
      }
    },
    {
      "id": 43,
      "type": "other",
      "shape": "rect",
      "coord": [
        [
          1200.599853515625,
          1327.016586303711
        ],
        [
          1402.01904296875,
          1414.4459075927734
        ]
      ],
      "rotate": 0,
      "semantic": {
        "element": "无指向性文字",
        "links": []
      },
      "ext": {
        "文字识别结果": [
          "三层机房"
        ]
      }
    },
    {
      "id": 44,
      "type": "other",
      "shape": "rect",
      "coord": [
        [
          1199.3199462890625,
          1325.7239837646484
        ],
        [
          1404.5748291015625,
          1412.562728881836
        ]
      ],
      "rotate": 0,
      "semantic": {
        "element": "无指向性文字",
        "links": []
      },
      "ext": {
        "文字识别结果": [
          "三层机房"
        ]
      }
    },
    {
      "id": 45,
      "type": "other",
      "shape": "rect",
      "coord": [
        [
          1600.156005859375,
          1794.628173828125
        ],
        [
          1697.942138671875,
          1995.8865966796875
        ]
      ],
      "rotate": 0,
      "semantic": {
        "element": "门",
        "links": []
      },
      "ext": {}
    },
    {
      "id": 46,
      "type": "other",
      "shape": "rect",
      "coord": [
        [
          562.2933349609375,
          3207.498046875
        ],
        [
          728.93310546875,
          3277.546875
        ]
      ],
      "rotate": 0,
      "semantic": {
        "element": "图例小图",
        "links": [
          {
            "pair_id": 56,
            "label": "图例文字",
            "distance": 351.86419677734375
          }
        ]
      },
      "ext": {
        "图例归类": "新增设备"
      }
    },
    {
      "id": 47,
      "type": "other",
      "shape": "rect",
      "coord": [
        [
          1387.922607421875,
          3348.267578125
        ],
        [
          1550.200439453125,
          3411.299072265625
        ]
      ],
      "rotate": 0,
      "semantic": {
        "element": "图例小图",
        "links": [
          {
            "pair_id": 57,
            "label": "图例文字",
            "distance": 310.9158935546875
          }
        ]
      },
      "ext": {
        "图例归类": "穿墙洞"
      }
    },
    {
      "id": 48,
      "type": "other",
      "shape": "rect",
      "coord": [
        [
          563.4189453125,
          3356.81494140625
        ],
        [
          726.76318359375,
          3421.140625
        ]
      ],
      "rotate": 0,
      "semantic": {
        "element": "图例小图",
        "links": [
          {
            "pair_id": 58,
            "label": "图例文字",
            "distance": 305.3863525390625
          }
        ]
      },
      "ext": {
        "图例归类": "原有设备"
      }
    },
    {
      "id": 49,
      "type": "other",
      "shape": "rect",
      "coord": [
        [
          1450.965576171875,
          3216.8896484375
        ],
        [
          1611.0693359375,
          3277.717529296875
        ]
      ],
      "rotate": 0,
      "semantic": {
        "element": "图例小图",
        "links": [
          {
            "pair_id": 54,
            "label": "图例文字",
            "distance": 272.9599609375
          }
        ]
      },
      "ext": {
        "图例归类": "未归类成功"
      }
    },
    {
      "id": 50,
      "type": "other",
      "shape": "rect",
      "coord": [
        [
          1986.4609375,
          3212.615234375
        ],
        [
          2207.180908203125,
          3273.592529296875
        ]
      ],
      "rotate": 0,
      "semantic": {
        "element": "图例小图",
        "links": [
          {
            "pair_id": 55,
            "label": "图例文字",
            "distance": 283.656494140625
          }
        ]
      },
      "ext": {
        "图例归类": "电力电缆"
      }
    },
    {
      "id": 51,
      "type": "table",
      "shape": "rect",
      "coord": [
        [
          235.96875,
          2815.821044921875
        ],
        [
          2763.601318359375,
          3165.16357421875
        ]
      ],
      "rotate": 0,
      "semantic": {
        "element": "物料表",
        "links": []
      },
      "ext": {
        "表格识别结果": [
          [
            "序号",
            "设备名称",
            "规格型号",
            "单位",
            "数量",
            "备注"
          ],
          [
            "1",
            "综合柜",
            "2000x600x600",
            "架",
            "1",
            "利合柜，新增A1-10GE设备一端"
          ],
          [
            "2",
            "电源柜",
            "架",
            "",
            "1",
            "利"
          ]
        ]
      }
    },
    {
      "id": 52,
      "type": "table",
      "shape": "rect",
      "coord": [
        [
          146.0198974609375,
          3716.2333984375
        ],
        [
          2858.88720703125,
          4161.2021484375
        ]
      ],
      "rotate": 0,
      "semantic": {
        "element": "标题栏",
        "links": []
      },
      "ext": {
        "表格识别结果": [
          [
            "处主管",
            "",
            "",
            "中讯邮电咨询设计院有限公司",
            ""
          ],
          [
            "",
            "",
            "ww",
            "",
            ""
          ],
          [
            "",
            "",
            "1:50",
            "",
            ""
          ],
          [
            "",
            "目",
            "2020.03",
            "图",
            "2019S1599"
          ]
        ]
      }
    },
    {
      "id": 53,
      "type": "other",
      "shape": "rect",
      "coord": [
        [
          238.4774169921875,
          3150.705078125
        ],
        [
          2549.580078125,
          3474.2861328125
        ]
      ],
      "rotate": 0,
      "semantic": {
        "element": "图例",
        "links": []
      },
      "ext": {}
    },
    {
      "id": 54,
      "type": "other",
      "shape": "rect",
      "coord": [
        [
          1684.4774169921875,
          3210.705078125
        ],
        [
          1923.4774169921875,
          3274.705078125
        ]
      ],
      "rotate": 0,
      "semantic": {
        "element": "图例文字",
        "links": []
      },
      "ext": {
        "文字识别结果": [
          "设备正面"
        ],
        "图例归类": "未归类成功"
      }
    },
    {
      "id": 55,
      "type": "other",
      "shape": "rect",
      "coord": [
        [
          2257.4774169921875,
          3204.705078125
        ],
        [
          2503.4774169921875,
          3264.705078125
        ]
      ],
      "rotate": 0,
      "semantic": {
        "element": "图例文字",
        "links": []
      },
      "ext": {
        "文字识别结果": [
          "电力电缆"
        ],
        "图例归类": "电力电缆"
      }
    },
    {
      "id": 56,
      "type": "other",
      "shape": "rect",
      "coord": [
        [
          815.4774169921875,
          3214.705078125
        ],
        [
          1179.4774169921875,
          3274.705078125
        ]
      ],
      "rotate": 0,
      "semantic": {
        "element": "图例文字",
        "links": []
      },
      "ext": {
        "文字识别结果": [
          "本期安装设备"
        ],
        "图例归类": "新增设备"
      }
    },
    {
      "id": 57,
      "type": "other",
      "shape": "rect",
      "coord": [
        [
          1689.4774169921875,
          3335.705078125
        ],
        [
          1870.4774169921875,
          3399.705078125
        ]
      ],
      "rotate": 0,
      "semantic": {
        "element": "图例文字",
        "links": []
      },
      "ext": {
        "文字识别结果": [
          "穿墙洞"
        ],
        "图例归类": "穿墙洞"
      }
    },
    {
      "id": 58,
      "type": "other",
      "shape": "rect",
      "coord": [
        [
          830.4774169921875,
          3352.705078125
        ],
        [
          1070.4774169921875,
          3416.705078125
        ]
      ],
      "rotate": 0,
      "semantic": {
        "element": "图例文字",
        "links": []
      },
      "ext": {
        "文字识别结果": [
          "原有设备"
        ],
        "图例归类": "原有设备"
      }
    },
    {
      "id": 59,
      "type": "other",
      "shape": "rect",
      "coord": [
        [
          2555.73486328125,
          142.71595764160156
        ],
        [
          2742.245849609375,
          414.5380859375
        ]
      ],
      "rotate": 0,
      "semantic": {
        "element": "建北磁北(夹角)",
        "links": []
      },
      "ext": {
        "文字识别结果": [],
        "文字位置": [],
        "顶点位置": [
          [
            2659.63486328125,
            185.34095764160156
          ],
          [
            2654.43486328125,
            304.65345764160156
          ]
        ]
      }
    }
  ]
}