{
  "info": {
    "像素面积": {
      "全部面积": 2863584.0,
      "设备面积": 844345.0,
      "剩余面积": 2019239.0
    },
    "图纸信息": {
      "类型": "机房",
      "名称": "151.png"
    }
  },
  "obj": [
    {
      "id": 1,
      "type": "outline",
      "shape": "polyline",
      "coord": [
        [
          744.1033935546875,
          1268.251708984375
        ],
        [
          760.1033935546875,
          1268.251708984375
        ],
        [
          2048.1033935546875,
          1268.251708984375
        ],
        [
          2048.1033935546875,
          2366.251708984375
        ],
        [
          744.1033935546875,
          2366.251708984375
        ],
        [
          1410.1033935546875,
          2366.251708984375
        ],
        [
          744.1033935546875,
          2346.251708984375
        ],
        [
          760.1033935546875,
          2346.251708984375
        ],
        [
          1410.1033935546875,
          2346.251708984375
        ],
        [
          1410.1033935546875,
          2366.251708984375
        ],
        [
          760.1033935546875,
          1288.251708984375
        ],
        [
          2028.1033935546875,
          1288.251708984375
        ],
        [
          2028.1033935546875,
          2346.251708984375
        ],
        [
          1536.1033935546875,
          2366.251708984375
        ],
        [
          2048.1033935546875,
          2366.251708984375
        ],
        [
          1535.1033935546875,
          2346.251708984375
        ],
        [
          2028.1033935546875,
          2349.251708984375
        ],
        [
          744.1033935546875,
          1268.251708984375
        ],
        [
          744.1033935546875,
          2366.251708984375
        ],
        [
          760.1033935546875,
          1268.251708984375
        ],
        [
          760.1033935546875,
          2346.251708984375
        ],
        [
          1536.1033935546875,
          2349.251708984375
        ],
        [
          1535.1033935546875,
          2366.251708984375
        ]
      ],
      "rotate": 0,
      "semantic": {
        "element": "墙轮廓",
        "path": [
          "0, 1, 2, 3",
          "4, 5",
          "6, 7, 8, 9",
          "10, 11, 12",
          "13, 14",
          "15, 16",
          "17, 18",
          "19, 20",
          "21, 22"
        ],
        "links": []
      },
      "ext": {}
    },
    {
      "id": 2,
      "type": "outline",
      "shape": "polyline",
      "coord": [
        [
          742.1033935546875,
          2365.251708984375
        ],
        [
          746.1033935546875,
          2368.251708984375
        ],
        [
          742.1033935546875,
          1270.251708984375
        ],
        [
          762.1033935546875,
          1270.251708984375
        ],
        [
          2046.1033935546875,
          1270.251708984375
        ],
        [
          742.1033935546875,
          2348.251708984375
        ],
        [
          762.1033935546875,
          2348.251708984375
        ],
        [
          1412.1033935546875,
          2348.251708984375
        ],
        [
          1412.1033935546875,
          2366.251708984375
        ],
        [
          746.1033935546875,
          2366.251708984375
        ],
        [
          1412.1033935546875,
          2365.251708984375
        ],
        [
          762.1033935546875,
          1286.251708984375
        ],
        [
          2030.1033935546875,
          1286.251708984375
        ],
        [
          746.1033935546875,
          2364.251708984375
        ],
        [
          1412.1033935546875,
          2365.251708984375
        ],
        [
          1534.1033935546875,
          2364.251708984375
        ],
        [
          2044.1033935546875,
          2364.251708984375
        ],
        [
          1534.1033935546875,
          2348.251708984375
        ],
        [
          2026.1033935546875,
          2348.251708984375
        ],
        [
          1534.1033935546875,
          2366.251708984375
        ],
        [
          2046.1033935546875,
          2366.251708984375
        ],
        [
          742.1033935546875,
          1270.251708984375
        ],
        [
          742.1033935546875,
          2365.251708984375
        ],
        [
          2044.1033935546875,
          1270.251708984375
        ],
        [
          2044.1033935546875,
          2364.251708984375
        ],
        [
          762.1033935546875,
          1270.251708984375
        ],
        [
          762.1033935546875,
          2348.251708984375
        ],
        [
          2026.1033935546875,
          1286.251708984375
        ],
        [
          2030.1033935546875,
          2348.251708984375
        ],
        [
          1534.1033935546875,
          2348.251708984375
        ],
        [
          1534.1033935546875,
          2366.251708984375
        ]
      ],
      "rotate": 0,
      "semantic": {
        "element": "墙轮廓",
        "path": [
          "0, 1",
          "2, 3, 4",
          "5, 6, 7, 8",
          "9, 10",
          "11, 12",
          "13, 14",
          "15, 16",
          "17, 18",
          "19, 20",
          "21, 22",
          "23, 24",
          "25, 26",
          "27, 28",
          "29, 30"
        ],
        "links": []
      },
      "ext": {}
    },
    {
      "id": 2,
      "type": "polyline",
      "shape": "polyline",
      "coord": [
        [
          724.1033935546875,
          1288.251708984375
        ],
        [
          724.1033935546875,
          2350.251708984375
        ]
      ],
      "rotate": 0,
      "semantic": {
        "element": "标尺",
        "links": []
      },
      "ext": {
        "文字识别结果": [
          "14,350"
        ]
      }
    },
    {
      "id": 3,
      "type": "polyline",
      "shape": "polyline",
      "coord": [
        [
          1818.1033935546875,
          1392.251708984375
        ],
        [
          1818.1033935546875,
          1458.251708984375
        ]
      ],
      "rotate": 0,
      "semantic": {
        "element": "标尺",
        "links": []
      },
      "ext": {
        "文字识别结果": [
          ""
        ]
      }
    },
    {
      "id": 4,
      "type": "polyline",
      "shape": "polyline",
      "coord": [
        [
          1818.1033935546875,
          1502.251708984375
        ],
        [
          1818.1033935546875,
          1570.251708984375
        ]
      ],
      "rotate": 0,
      "semantic": {
        "element": "标尺",
        "links": []
      },
      "ext": {
        "文字识别结果": [
          ""
        ]
      }
    },
    {
      "id": 5,
      "type": "polyline",
      "shape": "polyline",
      "coord": [
        [
          760.1033935546875,
          1248.251708984375
        ],
        [
          2028.1033935546875,
          1248.251708984375
        ]
      ],
      "rotate": 0,
      "semantic": {
        "element": "标尺",
        "links": []
      },
      "ext": {
        "文字识别结果": [
          "17,120"
        ]
      }
    },
    {
      "id": 6,
      "type": "polyline",
      "shape": "polyline",
      "coord": [
        [
          1794.1033935546875,
          1376.251708984375
        ],
        [
          1898.1033935546875,
          1376.251708984375
        ]
      ],
      "rotate": 0,
      "semantic": {
        "element": "标尺",
        "links": []
      },
      "ext": {
        "文字识别结果": [
          "1,400"
        ]
      }
    },
    {
      "id": 7,
      "type": "polyline",
      "shape": "polyline",
      "coord": [
        [
          1506.1033935546875,
          1644.251708984375
        ],
        [
          1552.1033935546875,
          1644.251708984375
        ]
      ],
      "rotate": 0,
      "semantic": {
        "element": "标尺",
        "links": []
      },
      "ext": {
        "文字识别结果": [
          "2600L600"
        ]
      }
    },
    {
      "id": 8,
      "type": "polyline",
      "shape": "polyline",
      "coord": [
        [
          1640.1033935546875,
          1644.251708984375
        ],
        [
          1684.1033935546875,
          1644.251708984375
        ]
      ],
      "rotate": 0,
      "semantic": {
        "element": "标尺",
        "links": []
      },
      "ext": {
        "文字识别结果": [
          "600600600"
        ]
      }
    },
    {
      "id": 9,
      "type": "polyline",
      "shape": "polyline",
      "coord": [
        [
          1684.1033935546875,
          1644.251708984375
        ],
        [
          1730.1033935546875,
          1644.251708984375
        ]
      ],
      "rotate": 0,
      "semantic": {
        "element": "标尺",
        "links": []
      },
      "ext": {
        "文字识别结果": [
          "600600600"
        ]
      }
    },
    {
      "id": 10,
      "type": "polyline",
      "shape": "polyline",
      "coord": [
        [
          1552.1033935546875,
          1644.251708984375
        ],
        [
          1596.1033935546875,
          1644.251708984375
        ]
      ],
      "rotate": 0,
      "semantic": {
        "element": "标尺",
        "links": []
      },
      "ext": {
        "文字识别结果": [
          "2600600600"
        ]
      }
    },
    {
      "id": 11,
      "type": "polyline",
      "shape": "polyline",
      "coord": [
        [
          1596.1033935546875,
          1644.251708984375
        ],
        [
          1640.1033935546875,
          1644.251708984375
        ]
      ],
      "rotate": 0,
      "semantic": {
        "element": "标尺",
        "links": []
      },
      "ext": {
        "文字识别结果": [
          "600600600"
        ]
      }
    },
    {
      "id": 12,
      "type": "polyline",
      "shape": "polyline",
      "coord": [
        [
          1730.1033935546875,
          1644.251708984375
        ],
        [
          1774.1033935546875,
          1644.251708984375
        ]
      ],
      "rotate": 0,
      "semantic": {
        "element": "标尺",
        "links": []
      },
      "ext": {
        "文字识别结果": [
          "600l600"
        ]
      }
    },
    {
      "id": 13,
      "type": "polyline",
      "shape": "polyline",
      "coord": [
        [
          1774.1033935546875,
          1644.251708984375
        ],
        [
          1794.1033935546875,
          1644.251708984375
        ]
      ],
      "rotate": 0,
      "semantic": {
        "element": "标尺",
        "links": []
      },
      "ext": {
        "文字识别结果": [
          ""
        ]
      }
    },
    {
      "id": 14,
      "type": "box",
      "shape": "rect",
      "coord": [
        [
          804.1033935546875,
          1288.251708984375
        ],
        [
          860.1033935546875,
          1316.251708984375
        ]
      ],
      "rotate": 0,
      "semantic": {
        "element": "柱子",
        "links": []
      },
      "ext": {}
    },
    {
      "id": 15,
      "type": "box",
      "shape": "rect",
      "coord": [
        [
          1422.1033935546875,
          1288.251708984375
        ],
        [
          1476.1033935546875,
          1316.251708984375
        ]
      ],
      "rotate": 0,
      "semantic": {
        "element": "柱子",
        "links": []
      },
      "ext": {}
    },
    {
      "id": 16,
      "type": "box",
      "shape": "rect",
      "coord": [
        [
          1972.1033935546875,
          1288.251708984375
        ],
        [
          2028.1033935546875,
          1316.251708984375
        ]
      ],
      "rotate": 0,
      "semantic": {
        "element": "柱子",
        "links": []
      },
      "ext": {}
    },
    {
      "id": 17,
      "type": "box",
      "shape": "rect",
      "coord": [
        [
          1422.1033935546875,
          1798.251708984375
        ],
        [
          1478.1033935546875,
          1838.251708984375
        ]
      ],
      "rotate": 0,
      "semantic": {
        "element": "柱子",
        "links": []
      },
      "ext": {}
    },
    {
      "id": 18,
      "type": "box",
      "shape": "rect",
      "coord": [
        [
          926.1033935546875,
          1458.251708984375
        ],
        [
          946.1033935546875,
          1506.251708984375
        ]
      ],
      "rotate": 0,
      "semantic": {
        "element": "普通设备",
        "links": []
      },
      "ext": {
        "文字识别结果": [
          ""
        ]
      }
    },
    {
      "id": 19,
      "type": "box",
      "shape": "rect",
      "coord": [
        [
          926.1033935546875,
          1570.251708984375
        ],
        [
          970.1033935546875,
          1614.251708984375
        ]
      ],
      "rotate": 0,
      "semantic": {
        "element": "普通设备",
        "links": []
      },
      "ext": {
        "文字识别结果": [
          ""
        ]
      }
    },
    {
      "id": 20,
      "type": "box",
      "shape": "rect",
      "coord": [
        [
          949.1033935546875,
          1482.251708984375
        ],
        [
          1013.1033935546875,
          1506.251708984375
        ]
      ],
      "rotate": 0,
      "semantic": {
        "element": "普通设备",
        "links": []
      },
      "ext": {
        "文字识别结果": [
          ""
        ]
      }
    },
    {
      "id": 21,
      "type": "box",
      "shape": "rect",
      "coord": [
        [
          1014.1033935546875,
          1458.251708984375
        ],
        [
          1058.1033935546875,
          1502.251708984375
        ]
      ],
      "rotate": 0,
      "semantic": {
        "element": "普通设备",
        "links": []
      },
      "ext": {
        "文字识别结果": [
          ""
        ]
      }
    },
    {
      "id": 22,
      "type": "box",
      "shape": "rect",
      "coord": [
        [
          926.1033935546875,
          1348.251708984375
        ],
        [
          1256.1033935546875,
          1392.251708984375
        ]
      ],
      "rotate": 0,
      "semantic": {
        "element": "普通设备",
        "links": []
      },
      "ext": {
        "文字识别结果": [
          ""
        ]
      }
    },
    {
      "id": 23,
      "type": "box",
      "shape": "rect",
      "coord": [
        [
          925.1033935546875,
          1712.251708984375
        ],
        [
          1346.1033935546875,
          1756.251708984375
        ]
      ],
      "rotate": 0,
      "semantic": {
        "element": "普通设备",
        "links": []
      },
      "ext": {
        "文字识别结果": [
          ""
        ]
      }
    },
    {
      "id": 24,
      "type": "box",
      "shape": "rect",
      "coord": [
        [
          926.1033935546875,
          1800.251708984375
        ],
        [
          1346.1033935546875,
          1842.251708984375
        ]
      ],
      "rotate": 0,
      "semantic": {
        "element": "普通设备",
        "links": []
      },
      "ext": {
        "文字识别结果": [
          ""
        ]
      }
    },
    {
      "id": 25,
      "type": "box",
      "shape": "rect",
      "coord": [
        [
          744.1033935546875,
          2346.251708984375
        ],
        [
          1410.1033935546875,
          2366.251708984375
        ]
      ],
      "rotate": 0,
      "semantic": {
        "element": "普通设备",
        "links": []
      },
      "ext": {
        "文字识别结果": [
          ""
        ]
      }
    },
    {
      "id": 26,
      "type": "box",
      "shape": "rect",
      "coord": [
        [
          1506.1033935546875,
          1570.251708984375
        ],
        [
          1552.1033935546875,
          1614.251708984375
        ]
      ],
      "rotate": 0,
      "semantic": {
        "element": "普通设备",
        "links": []
      },
      "ext": {
        "文字识别结果": [
          "2"
        ],
        "表格匹配结果": [
          "2",
          "综合柜",
          "2000x600x600",
          "架",
          "",
          "利综合柜，新增A1-10GE设备一端"
        ]
      }
    },
    {
      "id": 27,
      "type": "box",
      "shape": "rect",
      "coord": [
        [
          1552.1033935546875,
          1570.251708984375
        ],
        [
          1596.1033935546875,
          1614.251708984375
        ]
      ],
      "rotate": 0,
      "semantic": {
        "element": "普通设备",
        "links": []
      },
      "ext": {
        "文字识别结果": [
          ""
        ]
      }
    },
    {
      "id": 28,
      "type": "box",
      "shape": "rect",
      "coord": [
        [
          1596.1033935546875,
          1569.251708984375
        ],
        [
          1640.1033935546875,
          1614.251708984375
        ]
      ],
      "rotate": 0,
      "semantic": {
        "element": "普通设备",
        "links": []
      },
      "ext": {
        "文字识别结果": [
          ""
        ]
      }
    },
    {
      "id": 29,
      "type": "box",
      "shape": "rect",
      "coord": [
        [
          1640.1033935546875,
          1570.251708984375
        ],
        [
          1681.1033935546875,
          1614.251708984375
        ]
      ],
      "rotate": 0,
      "semantic": {
        "element": "普通设备",
        "links": []
      },
      "ext": {
        "文字识别结果": [
          ""
        ]
      }
    },
    {
      "id": 30,
      "type": "box",
      "shape": "rect",
      "coord": [
        [
          1684.1033935546875,
          1570.251708984375
        ],
        [
          1730.1033935546875,
          1614.251708984375
        ]
      ],
      "rotate": 0,
      "semantic": {
        "element": "普通设备",
        "links": []
      },
      "ext": {
        "文字识别结果": [
          ""
        ]
      }
    },
    {
      "id": 31,
      "type": "box",
      "shape": "rect",
      "coord": [
        [
          1708.1033935546875,
          1458.251708984375
        ],
        [
          1750.1033935546875,
          1502.251708984375
        ]
      ],
      "rotate": 0,
      "semantic": {
        "element": "普通设备",
        "links": []
      },
      "ext": {
        "文字识别结果": [
          ""
        ]
      }
    },
    {
      "id": 32,
      "type": "box",
      "shape": "rect",
      "coord": [
        [
          1730.1033935546875,
          1569.251708984375
        ],
        [
          1774.1033935546875,
          1614.251708984375
        ]
      ],
      "rotate": 0,
      "semantic": {
        "element": "普通设备",
        "links": []
      },
      "ext": {
        "文字识别结果": [
          ""
        ]
      }
    },
    {
      "id": 33,
      "type": "box",
      "shape": "rect",
      "coord": [
        [
          1422.1033935546875,
          1348.251708984375
        ],
        [
          1794.1033935546875,
          1392.251708984375
        ]
      ],
      "rotate": 0,
      "semantic": {
        "element": "普通设备",
        "links": []
      },
      "ext": {
        "文字识别结果": [
          ""
        ]
      }
    },
    {
      "id": 34,
      "type": "box",
      "shape": "rect",
      "coord": [
        [
          1750.1033935546875,
          1458.251708984375
        ],
        [
          1794.1033935546875,
          1502.251708984375
        ]
      ],
      "rotate": 0,
      "semantic": {
        "element": "普通设备",
        "links": []
      },
      "ext": {
        "文字识别结果": [
          ""
        ]
      }
    },
    {
      "id": 35,
      "type": "box",
      "shape": "rect",
      "coord": [
        [
          1774.1033935546875,
          1570.251708984375
        ],
        [
          1794.1033935546875,
          1612.251708984375
        ]
      ],
      "rotate": 0,
      "semantic": {
        "element": "普通设备",
        "links": []
      },
      "ext": {
        "文字识别结果": [
          ""
        ]
      }
    },
    {
      "id": 36,
      "type": "box",
      "shape": "rect",
      "coord": [
        [
          1898.1033935546875,
          1352.251708984375
        ],
        [
          1956.1033935546875,
          1537.251708984375
        ]
      ],
      "rotate": 0,
      "semantic": {
        "element": "普通设备",
        "links": []
      },
      "ext": {
        "文字识别结果": [
          "空调"
        ]
      }
    },
    {
      "id": 37,
      "type": "box",
      "shape": "rect",
      "coord": [
        [
          1898.1033935546875,
          1574.251708984375
        ],
        [
          1956.1033935546875,
          1759.251708984375
        ]
      ],
      "rotate": 0,
      "semantic": {
        "element": "普通设备",
        "links": []
      },
      "ext": {
        "文字识别结果": [
          "空调"
        ]
      }
    },
    {
      "id": 38,
      "type": "box",
      "shape": "rect",
      "coord": [
        [
          1898.1033935546875,
          1800.251708984375
        ],
        [
          1956.1033935546875,
          1982.251708984375
        ]
      ],
      "rotate": 0,
      "semantic": {
        "element": "普通设备",
        "links": []
      },
      "ext": {
        "文字识别结果": [
          "调"
        ]
      }
    },
    {
      "id": 39,
      "type": "box",
      "shape": "rect",
      "coord": [
        [
          760.1033935546875,
          2124.251708984375
        ],
        [
          2028.1033935546875,
          2346.251708984375
        ]
      ],
      "rotate": 0,
      "semantic": {
        "element": "普通设备",
        "links": []
      },
      "ext": {
        "文字识别结果": [
          ""
        ]
      }
    },
    {
      "id": 40,
      "type": "box",
      "shape": "rect",
      "coord": [
        [
          1902.1033935546875,
          2334.251708984375
        ],
        [
          1928.1033935546875,
          2346.251708984375
        ]
      ],
      "rotate": 0,
      "semantic": {
        "element": "馈线洞",
        "links": []
      },
      "ext": {}
    },
    {
      "id": 41,
      "type": "box",
      "shape": "rect",
      "coord": [
        [
          1900.1033935546875,
          2334.251708984375
        ],
        [
          1928.1033935546875,
          2346.251708984375
        ]
      ],
      "rotate": 0,
      "semantic": {
        "element": "馈线洞",
        "links": []
      },
      "ext": {}
    },
    {
      "id": 42,
      "type": "polyline",
      "shape": "polyline",
      "coord": [
        [
          726.1033935546875,
          1286.251708984375
        ],
        [
          726.1033935546875,
          2348.251708984375
        ]
      ],
      "rotate": 0,
      "semantic": {
        "element": "标尺",
        "links": []
      },
      "ext": {
        "文字识别结果": [
          "14,350"
        ]
      }
    },
    {
      "id": 43,
      "type": "polyline",
      "shape": "polyline",
      "coord": [
        [
          1820.1033935546875,
          1392.251708984375
        ],
        [
          1820.1033935546875,
          1460.251708984375
        ]
      ],
      "rotate": 0,
      "semantic": {
        "element": "标尺",
        "links": []
      },
      "ext": {
        "文字识别结果": [
          ""
        ]
      }
    },
    {
      "id": 44,
      "type": "polyline",
      "shape": "polyline",
      "coord": [
        [
          1820.1033935546875,
          1504.251708984375
        ],
        [
          1820.1033935546875,
          1568.251708984375
        ]
      ],
      "rotate": 0,
      "semantic": {
        "element": "标尺",
        "links": []
      },
      "ext": {
        "文字识别结果": [
          "006"
        ]
      }
    },
    {
      "id": 45,
      "type": "polyline",
      "shape": "polyline",
      "coord": [
        [
          762.1033935546875,
          1250.251708984375
        ],
        [
          2026.1033935546875,
          1250.251708984375
        ]
      ],
      "rotate": 0,
      "semantic": {
        "element": "标尺",
        "links": []
      },
      "ext": {
        "文字识别结果": [
          "17,120"
        ]
      }
    },
    {
      "id": 46,
      "type": "polyline",
      "shape": "polyline",
      "coord": [
        [
          1796.1033935546875,
          1374.251708984375
        ],
        [
          1898.1033935546875,
          1374.251708984375
        ]
      ],
      "rotate": 0,
      "semantic": {
        "element": "标尺",
        "links": []
      },
      "ext": {
        "文字识别结果": [
          "1,400"
        ]
      }
    },
    {
      "id": 47,
      "type": "polyline",
      "shape": "polyline",
      "coord": [
        [
          1506.1033935546875,
          1642.251708984375
        ],
        [
          1550.1033935546875,
          1642.251708984375
        ]
      ],
      "rotate": 0,
      "semantic": {
        "element": "标尺",
        "links": []
      },
      "ext": {
        "文字识别结果": [
          "20091009"
        ]
      }
    },
    {
      "id": 48,
      "type": "polyline",
      "shape": "polyline",
      "coord": [
        [
          1594.1033935546875,
          1642.251708984375
        ],
        [
          1638.1033935546875,
          1642.251708984375
        ]
      ],
      "rotate": 0,
      "semantic": {
        "element": "标尺",
        "links": []
      },
      "ext": {
        "文字识别结果": [
          "600600600"
        ]
      }
    },
    {
      "id": 49,
      "type": "polyline",
      "shape": "polyline",
      "coord": [
        [
          1550.1033935546875,
          1642.251708984375
        ],
        [
          1594.1033935546875,
          1642.251708984375
        ]
      ],
      "rotate": 0,
      "semantic": {
        "element": "标尺",
        "links": []
      },
      "ext": {
        "文字识别结果": [
          "2600L600L600"
        ]
      }
    },
    {
      "id": 50,
      "type": "polyline",
      "shape": "polyline",
      "coord": [
        [
          1638.1033935546875,
          1642.251708984375
        ],
        [
          1684.1033935546875,
          1642.251708984375
        ]
      ],
      "rotate": 0,
      "semantic": {
        "element": "标尺",
        "links": []
      },
      "ext": {
        "文字识别结果": [
          "600"
        ]
      }
    },
    {
      "id": 51,
      "type": "polyline",
      "shape": "polyline",
      "coord": [
        [
          1728.1033935546875,
          1642.251708984375
        ],
        [
          1772.1033935546875,
          1642.251708984375
        ]
      ],
      "rotate": 0,
      "semantic": {
        "element": "标尺",
        "links": []
      },
      "ext": {
        "文字识别结果": [
          ""
        ]
      }
    },
    {
      "id": 52,
      "type": "polyline",
      "shape": "polyline",
      "coord": [
        [
          1684.1033935546875,
          1642.251708984375
        ],
        [
          1728.1033935546875,
          1642.251708984375
        ]
      ],
      "rotate": 0,
      "semantic": {
        "element": "标尺",
        "links": []
      },
      "ext": {
        "文字识别结果": [
          "600S0600"
        ]
      }
    },
    {
      "id": 53,
      "type": "polyline",
      "shape": "polyline",
      "coord": [
        [
          1772.1033935546875,
          1642.251708984375
        ],
        [
          1796.1033935546875,
          1642.251708984375
        ]
      ],
      "rotate": 0,
      "semantic": {
        "element": "标尺",
        "links": []
      },
      "ext": {
        "文字识别结果": [
          "00"
        ]
      }
    },
    {
      "id": 54,
      "type": "box",
      "shape": "rect",
      "coord": [
        [
          804.1033935546875,
          1286.251708984375
        ],
        [
          860.1033935546875,
          1318.251708984375
        ]
      ],
      "rotate": 0,
      "semantic": {
        "element": "柱子",
        "links": []
      },
      "ext": {}
    },
    {
      "id": 55,
      "type": "box",
      "shape": "rect",
      "coord": [
        [
          1422.1033935546875,
          1286.251708984375
        ],
        [
          1478.1033935546875,
          1318.251708984375
        ]
      ],
      "rotate": 0,
      "semantic": {
        "element": "柱子",
        "links": []
      },
      "ext": {}
    },
    {
      "id": 56,
      "type": "box",
      "shape": "rect",
      "coord": [
        [
          1974.1033935546875,
          1286.251708984375
        ],
        [
          2030.1033935546875,
          1314.251708984375
        ]
      ],
      "rotate": 0,
      "semantic": {
        "element": "柱子",
        "links": []
      },
      "ext": {}
    },
    {
      "id": 57,
      "type": "box",
      "shape": "rect",
      "coord": [
        [
          1422.1033935546875,
          1800.251708984375
        ],
        [
          1478.1033935546875,
          1840.251708984375
        ]
      ],
      "rotate": 0,
      "semantic": {
        "element": "柱子",
        "links": []
      },
      "ext": {}
    },
    {
      "id": 58,
      "type": "box",
      "shape": "rect",
      "coord": [
        [
          924.1033935546875,
          1460.251708984375
        ],
        [
          948.1033935546875,
          1504.251708984375
        ]
      ],
      "rotate": 0,
      "semantic": {
        "element": "普通设备",
        "links": []
      },
      "ext": {
        "文字识别结果": [
          ""
        ]
      }
    },
    {
      "id": 59,
      "type": "box",
      "shape": "rect",
      "coord": [
        [
          924.1033935546875,
          1568.251708984375
        ],
        [
          968.1033935546875,
          1614.251708984375
        ]
      ],
      "rotate": 0,
      "semantic": {
        "element": "普通设备",
        "links": []
      },
      "ext": {
        "文字识别结果": [
          ""
        ]
      }
    },
    {
      "id": 60,
      "type": "box",
      "shape": "rect",
      "coord": [
        [
          948.1033935546875,
          1480.251708984375
        ],
        [
          1014.1033935546875,
          1504.251708984375
        ]
      ],
      "rotate": 0,
      "semantic": {
        "element": "普通设备",
        "links": []
      },
      "ext": {
        "文字识别结果": [
          ""
        ]
      }
    },
    {
      "id": 61,
      "type": "box",
      "shape": "rect",
      "coord": [
        [
          1015.1033935546875,
          1460.251708984375
        ],
        [
          1058.1033935546875,
          1504.251708984375
        ]
      ],
      "rotate": 0,
      "semantic": {
        "element": "普通设备",
        "links": []
      },
      "ext": {
        "文字识别结果": [
          ""
        ]
      }
    },
    {
      "id": 62,
      "type": "box",
      "shape": "rect",
      "coord": [
        [
          928.1033935546875,
          1346.251708984375
        ],
        [
          1256.1033935546875,
          1392.251708984375
        ]
      ],
      "rotate": 0,
      "semantic": {
        "element": "普通设备",
        "links": []
      },
      "ext": {
        "文字识别结果": [
          ""
        ]
      }
    },
    {
      "id": 63,
      "type": "box",
      "shape": "rect",
      "coord": [
        [
          924.1033935546875,
          1710.251708984375
        ],
        [
          1348.1033935546875,
          1754.251708984375
        ]
      ],
      "rotate": 0,
      "semantic": {
        "element": "普通设备",
        "links": []
      },
      "ext": {
        "文字识别结果": [
          ""
        ]
      }
    },
    {
      "id": 64,
      "type": "box",
      "shape": "rect",
      "coord": [
        [
          927.1033935546875,
          1799.251708984375
        ],
        [
          1348.1033935546875,
          1844.251708984375
        ]
      ],
      "rotate": 0,
      "semantic": {
        "element": "普通设备",
        "links": []
      },
      "ext": {
        "文字识别结果": [
          ""
        ]
      }
    },
    {
      "id": 65,
      "type": "box",
      "shape": "rect",
      "coord": [
        [
          742.1033935546875,
          2348.251708984375
        ],
        [
          1412.1033935546875,
          2364.251708984375
        ]
      ],
      "rotate": 0,
      "semantic": {
        "element": "普通设备",
        "links": []
      },
      "ext": {
        "文字识别结果": [
          ""
        ]
      }
    },
    {
      "id": 66,
      "type": "box",
      "shape": "rect",
      "coord": [
        [
          1505.1033935546875,
          1572.251708984375
        ],
        [
          1550.1033935546875,
          1614.251708984375
        ]
      ],
      "rotate": 0,
      "semantic": {
        "element": "普通设备",
        "links": []
      },
      "ext": {
        "文字识别结果": [
          "2"
        ],
        "表格匹配结果": [
          "2",
          "综合柜",
          "2000x600x600",
          "架",
          "",
          "利综合柜，新增A1-10GE设备一端"
        ]
      }
    },
    {
      "id": 67,
      "type": "box",
      "shape": "rect",
      "coord": [
        [
          1549.1033935546875,
          1572.251708984375
        ],
        [
          1594.1033935546875,
          1614.251708984375
        ]
      ],
      "rotate": 0,
      "semantic": {
        "element": "普通设备",
        "links": []
      },
      "ext": {
        "文字识别结果": [
          ""
        ]
      }
    },
    {
      "id": 68,
      "type": "box",
      "shape": "rect",
      "coord": [
        [
          1594.1033935546875,
          1572.251708984375
        ],
        [
          1637.1033935546875,
          1614.251708984375
        ]
      ],
      "rotate": 0,
      "semantic": {
        "element": "普通设备",
        "links": []
      },
      "ext": {
        "文字识别结果": [
          ""
        ]
      }
    },
    {
      "id": 69,
      "type": "box",
      "shape": "rect",
      "coord": [
        [
          1642.1033935546875,
          1568.251708984375
        ],
        [
          1684.1033935546875,
          1614.251708984375
        ]
      ],
      "rotate": 0,
      "semantic": {
        "element": "普通设备",
        "links": []
      },
      "ext": {
        "文字识别结果": [
          ""
        ]
      }
    },
    {
      "id": 70,
      "type": "box",
      "shape": "rect",
      "coord": [
        [
          1683.1033935546875,
          1572.251708984375
        ],
        [
          1728.1033935546875,
          1614.251708984375
        ]
      ],
      "rotate": 0,
      "semantic": {
        "element": "普通设备",
        "links": []
      },
      "ext": {
        "文字识别结果": [
          ""
        ]
      }
    },
    {
      "id": 71,
      "type": "box",
      "shape": "rect",
      "coord": [
        [
          1708.1033935546875,
          1459.251708984375
        ],
        [
          1752.1033935546875,
          1504.251708984375
        ]
      ],
      "rotate": 0,
      "semantic": {
        "element": "普通设备",
        "links": []
      },
      "ext": {
        "文字识别结果": [
          ""
        ]
      }
    },
    {
      "id": 72,
      "type": "box",
      "shape": "rect",
      "coord": [
        [
          1728.1033935546875,
          1568.251708984375
        ],
        [
          1772.1033935546875,
          1614.251708984375
        ]
      ],
      "rotate": 0,
      "semantic": {
        "element": "普通设备",
        "links": []
      },
      "ext": {
        "文字识别结果": [
          ""
        ]
      }
    },
    {
      "id": 73,
      "type": "box",
      "shape": "rect",
      "coord": [
        [
          1420.1033935546875,
          1350.251708984375
        ],
        [
          1796.1033935546875,
          1392.251708984375
        ]
      ],
      "rotate": 0,
      "semantic": {
        "element": "普通设备",
        "links": []
      },
      "ext": {
        "文字识别结果": [
          ""
        ]
      }
    },
    {
      "id": 74,
      "type": "box",
      "shape": "rect",
      "coord": [
        [
          1752.1033935546875,
          1460.251708984375
        ],
        [
          1796.1033935546875,
          1500.251708984375
        ]
      ],
      "rotate": 0,
      "semantic": {
        "element": "普通设备",
        "links": []
      },
      "ext": {
        "文字识别结果": [
          ""
        ]
      }
    },
    {
      "id": 75,
      "type": "box",
      "shape": "rect",
      "coord": [
        [
          1772.1033935546875,
          1568.251708984375
        ],
        [
          1796.1033935546875,
          1614.251708984375
        ]
      ],
      "rotate": 0,
      "semantic": {
        "element": "普通设备",
        "links": []
      },
      "ext": {
        "文字识别结果": [
          "1"
        ],
        "表格匹配结果": [
          "1",
          "列头柜",
          "2000x600x300",
          "架",
          "1",
          "利旧"
        ]
      }
    },
    {
      "id": 76,
      "type": "box",
      "shape": "rect",
      "coord": [
        [
          1898.1033935546875,
          1354.251708984375
        ],
        [
          1954.1033935546875,
          1538.251708984375
        ]
      ],
      "rotate": 0,
      "semantic": {
        "element": "普通设备",
        "links": []
      },
      "ext": {
        "文字识别结果": [
          "控调"
        ]
      }
    },
    {
      "id": 77,
      "type": "box",
      "shape": "rect",
      "coord": [
        [
          1898.1033935546875,
          1576.251708984375
        ],
        [
          1954.1033935546875,
          1758.251708984375
        ]
      ],
      "rotate": 0,
      "semantic": {
        "element": "普通设备",
        "links": []
      },
      "ext": {
        "文字识别结果": [
          "控调"
        ]
      }
    },
    {
      "id": 78,
      "type": "box",
      "shape": "rect",
      "coord": [
        [
          1898.1033935546875,
          1796.251708984375
        ],
        [
          1954.1033935546875,
          1980.251708984375
        ]
      ],
      "rotate": 0,
      "semantic": {
        "element": "普通设备",
        "links": []
      },
      "ext": {
        "文字识别结果": [
          "空调"
        ]
      }
    },
    {
      "id": 79,
      "type": "box",
      "shape": "rect",
      "coord": [
        [
          762.1033935546875,
          2126.251708984375
        ],
        [
          2026.1033935546875,
          2348.251708984375
        ]
      ],
      "rotate": 0,
      "semantic": {
        "element": "普通设备",
        "links": []
      },
      "ext": {
        "文字识别结果": [
          "下线绸"
        ]
      }
    },
    {
      "id": 80,
      "type": "box",
      "shape": "rect",
      "coord": [
        [
          1902.1033935546875,
          2332.251708984375
        ],
        [
          1930.1033935546875,
          2348.251708984375
        ]
      ],
      "rotate": 0,
      "semantic": {
        "element": "馈线洞",
        "links": []
      },
      "ext": {}
    },
    {
      "id": 82,
      "type": "other",
      "shape": "rect",
      "coord": [
        [
          1798.1446533203125,
          2294.0130615234375
        ],
        [
          1857.3094482421875,
          2332.544189453125
        ]
      ],
      "rotate": 0,
      "semantic": {
        "element": "带指向性文字",
        "links": []
      },
      "ext": {
        "文字识别结果": [
          "下线洞"
        ]
      }
    },
    {
      "id": 83,
      "type": "other",
      "shape": "rect",
      "coord": [
        [
          1799.3602294921875,
          2294.0765380859375
        ],
        [
          1850.9581298828125,
          2329.478759765625
        ]
      ],
      "rotate": 0,
      "semantic": {
        "element": "带指向性文字",
        "links": []
      },
      "ext": {
        "文字识别结果": [
          "下线润"
        ]
      }
    },
    {
      "id": 84,
      "type": "other",
      "shape": "rect",
      "coord": [
        [
          1305.1890258789062,
          1950.75
        ],
        [
          1422.6486206054688,
          2001.29833984375
        ]
      ],
      "rotate": 0,
      "semantic": {
        "element": "无指向性文字",
        "links": []
      },
      "ext": {
        "文字识别结果": [
          "层交换机房"
        ]
      }
    },
    {
      "id": 85,
      "type": "other",
      "shape": "rect",
      "coord": [
        [
          1401.929443359375,
          2340.849853515625
        ],
        [
          1531.615478515625,
          2416.048583984375
        ]
      ],
      "rotate": 0,
      "semantic": {
        "element": "门",
        "links": []
      },
      "ext": {}
    },
    {
      "id": 86,
      "type": "other",
      "shape": "rect",
      "coord": [
        [
          519.2686767578125,
          2928.269775390625
        ],
        [
          607.9056396484375,
          2964.027587890625
        ]
      ],
      "rotate": 0,
      "semantic": {
        "element": "图例小图",
        "links": [
          {
            "pair_id": 95,
            "label": "图例文字",
            "distance": 177.7508544921875
          }
        ]
      },
      "ext": {
        "图例归类": "新增设备"
      }
    },
    {
      "id": 87,
      "type": "other",
      "shape": "rect",
      "coord": [
        [
          520.5606689453125,
          3001.635498046875
        ],
        [
          603.45166015625,
          3036.50634765625
        ]
      ],
      "rotate": 0,
      "semantic": {
        "element": "图例小图",
        "links": [
          {
            "pair_id": 99,
            "label": "图例文字",
            "distance": 154.83184814453125
          }
        ]
      },
      "ext": {
        "图例归类": "原有设备"
      }
    },
    {
      "id": 88,
      "type": "other",
      "shape": "rect",
      "coord": [
        [
          1242.018798828125,
          2929.19140625
        ],
        [
          1356.71533203125,
          2961.593017578125
        ]
      ],
      "rotate": 0,
      "semantic": {
        "element": "图例小图",
        "links": [
          {
            "pair_id": 97,
            "label": "图例文字",
            "distance": 144.970947265625
          }
        ]
      },
      "ext": {
        "图例归类": "电力电缆"
      }
    },
    {
      "id": 89,
      "type": "other",
      "shape": "rect",
      "coord": [
        [
          936.269775390625,
          2999.239013671875
        ],
        [
          1020.438232421875,
          3033.139404296875
        ]
      ],
      "rotate": 0,
      "semantic": {
        "element": "图例小图",
        "links": [
          {
            "pair_id": 98,
            "label": "图例文字",
            "distance": 160.9840087890625
          }
        ]
      },
      "ext": {
        "图例归类": "穿墙洞"
      }
    },
    {
      "id": 90,
      "type": "other",
      "shape": "rect",
      "coord": [
        [
          969.121826171875,
          2937.662353515625
        ],
        [
          1040.367431640625,
          2967.099609375
        ]
      ],
      "rotate": 0,
      "semantic": {
        "element": "图例小图",
        "links": [
          {
            "pair_id": 96,
            "label": "图例文字",
            "distance": 145.5933837890625
          }
        ]
      },
      "ext": {
        "图例归类": "未归类成功"
      }
    },
    {
      "id": 91,
      "type": "other",
      "shape": "rect",
      "coord": [
        [
          1303.556640625,
          1958.926025390625
        ],
        [
          1496.849365234375,
          2017.9063720703125
        ]
      ],
      "rotate": 0,
      "semantic": {
        "element": "机房标题",
        "links": []
      },
      "ext": {
        "文字识别结果": [
          "层交换机房"
        ]
      }
    },
    {
      "id": 92,
      "type": "table",
      "shape": "rect",
      "coord": [
        [
          947.33642578125,
          2664.427490234375
        ],
        [
          2228.498291015625,
          2838.620361328125
        ]
      ],
      "rotate": 0,
      "semantic": {
        "element": "物料表",
        "links": []
      },
      "ext": {
        "表格识别结果": [
          [
            "序号",
            "设备名称",
            "规格型号",
            "单位",
            "数量",
            "备"
          ],
          [
            "1",
            "列头柜",
            "2000x600x300",
            "架",
            "1",
            "利旧"
          ],
          [
            "2",
            "综合柜",
            "2000x600x600",
            "架",
            "",
            "利综合柜，新增A1-10GE设备一端"
          ]
        ]
      }
    },
    {
      "id": 93,
      "type": "table",
      "shape": "rect",
      "coord": [
        [
          1592.668701171875,
          2926.639892578125
        ],
        [
          2929.3662109375,
          3150.7919921875
        ]
      ],
      "rotate": 0,
      "semantic": {
        "element": "标题栏",
        "links": []
      },
      "ext": {
        "表格识别结果": [
          [
            "处主管",
            "审核人",
            "",
            "中讯邮电询设计院有限公司",
            ""
          ],
          [
            "总负责人",
            "单位",
            "mm",
            "",
            ""
          ],
          [
            "",
            "",
            "",
            "再路局机房设备布置平面图",
            ""
          ],
          [
            "单责人",
            "比例",
            "1:100",
            "",
            ""
          ],
          [
            "设计人",
            "目期",
            "2020.03",
            "图号",
            "2019S1599（SG-11"
          ]
        ]
      }
    },
    {
      "id": 94,
      "type": "other",
      "shape": "rect",
      "coord": [
        [
          326.3380126953125,
          2869.26904296875
        ],
        [
          1553.373046875,
          3090.39453125
        ]
      ],
      "rotate": 0,
      "semantic": {
        "element": "图例",
        "links": []
      },
      "ext": {}
    },
    {
      "id": 95,
      "type": "other",
      "shape": "rect",
      "coord": [
        [
          649.3380126953125,
          2932.26904296875
        ],
        [
          833.3380126953125,
          2963.26904296875
        ]
      ],
      "rotate": 0,
      "semantic": {
        "element": "图例文字",
        "links": []
      },
      "ext": {
        "文字识别结果": [
          "本期安装设备"
        ],
        "图例归类": "新增设备"
      }
    },
    {
      "id": 96,
      "type": "other",
      "shape": "rect",
      "coord": [
        [
          1089.3380126953125,
          2932.26904296875
        ],
        [
          1211.3380126953125,
          2965.26904296875
        ]
      ],
      "rotate": 0,
      "semantic": {
        "element": "图例文字",
        "links": []
      },
      "ext": {
        "文字识别结果": [
          "设备正面"
        ],
        "图例归类": "未归类成功"
      }
    },
    {
      "id": 97,
      "type": "other",
      "shape": "rect",
      "coord": [
        [
          1383.3380126953125,
          2925.26904296875
        ],
        [
          1505.3380126953125,
          2958.26904296875
        ]
      ],
      "rotate": 0,
      "semantic": {
        "element": "图例文字",
        "links": []
      },
      "ext": {
        "文字识别结果": [
          "电力电缆"
        ],
        "图例归类": "电力电缆"
      }
    },
    {
      "id": 98,
      "type": "other",
      "shape": "rect",
      "coord": [
        [
          1091.3380126953125,
          2993.26904296875
        ],
        [
          1187.3380126953125,
          3031.26904296875
        ]
      ],
      "rotate": 0,
      "semantic": {
        "element": "图例文字",
        "links": []
      },
      "ext": {
        "文字识别结果": [
          "穿墙洞"
        ],
        "图例归类": "穿墙洞"
      }
    },
    {
      "id": 99,
      "type": "other",
      "shape": "rect",
      "coord": [
        [
          655.3380126953125,
          3003.26904296875
        ],
        [
          778.3380126953125,
          3036.26904296875
        ]
      ],
      "rotate": 0,
      "semantic": {
        "element": "图例文字",
        "links": []
      },
      "ext": {
        "文字识别结果": [
          "原有设备"
        ],
        "图例归类": "原有设备"
      }
    },
    {
      "id": 100,
      "type": "other",
      "shape": "rect",
      "coord": [
        [
          2745.33544921875,
          1131.961669921875
        ],
        [
          2829.97216796875,
          1272.5028076171875
        ]
      ],
      "rotate": 0,
      "semantic": {
        "element": "建北磁北(夹角)",
        "links": []
      },
      "ext": {
        "文字识别结果": [
          "N"
        ],
        "文字位置": [
          [
            [
              2776.33544921875,
              1138.961669921875
            ],
            [
              2797.33544921875,
              1160.961669921875
            ]
          ]
        ],
        "顶点位置": [
          [
            2790.8764328253073,
            1161.633544921875
          ],
          [
            2787.7288918417007,
            1224.446044921875
          ]
        ]
      }
    }
  ]
}