{
  "info": {
    "像素面积": {
      "全部面积": 1425520.0,
      "设备面积": 257307.0,
      "剩余面积": 1168213.0
    },
    "图纸信息": {
      "类型": "机房",
      "名称": "157.png"
    }
  },
  "obj": [
    {
      "id": 1,
      "type": "outline",
      "shape": "polyline",
      "coord": [
        [
          727.038818359375,
          1551.6881103515625
        ],
        [
          1991.038818359375,
          1551.6881103515625
        ],
        [
          1991.038818359375,
          1861.6881103515625
        ],
        [
          727.038818359375,
          2115.6881103515625
        ],
        [
          1995.038818359375,
          2115.6881103515625
        ],
        [
          759.038818359375,
          2083.6881103515625
        ],
        [
          1963.038818359375,
          2083.6881103515625
        ],
        [
          759.038818359375,
          1579.6881103515625
        ],
        [
          1963.038818359375,
          1579.6881103515625
        ],
        [
          1963.038818359375,
          1861.6881103515625
        ],
        [
          1991.038818359375,
          1861.6881103515625
        ],
        [
          1963.038818359375,
          1979.6881103515625
        ],
        [
          1991.038818359375,
          1979.6881103515625
        ],
        [
          759.038818359375,
          2081.6881103515625
        ],
        [
          1963.038818359375,
          2083.6881103515625
        ],
        [
          727.038818359375,
          1551.6881103515625
        ],
        [
          727.038818359375,
          2113.6881103515625
        ],
        [
          1963.038818359375,
          1979.6881103515625
        ],
        [
          1963.038818359375,
          2083.6881103515625
        ],
        [
          759.038818359375,
          1579.6881103515625
        ],
        [
          759.038818359375,
          2083.6881103515625
        ],
        [
          1995.038818359375,
          1979.6881103515625
        ],
        [
          1991.038818359375,
          2113.6881103515625
        ]
      ],
      "rotate": 0,
      "semantic": {
        "element": "墙轮廓",
        "path": [
          "0, 1, 2",
          "3, 4",
          "5, 6",
          "7, 8, 9, 10",
          "11, 12",
          "13, 14",
          "15, 16",
          "17, 18",
          "19, 20",
          "21, 22"
        ],
        "links": []
      },
      "ext": {}
    },
    {
      "id": 2,
      "type": "outline",
      "shape": "polyline",
      "coord": [
        [
          729.038818359375,
          1549.6881103515625
        ],
        [
          1993.038818359375,
          1549.6881103515625
        ],
        [
          1993.038818359375,
          1861.6881103515625
        ],
        [
          729.038818359375,
          2111.6881103515625
        ],
        [
          1993.038818359375,
          2111.6881103515625
        ],
        [
          757.038818359375,
          2082.6881103515625
        ],
        [
          1965.038818359375,
          2083.6881103515625
        ],
        [
          757.038818359375,
          1581.6881103515625
        ],
        [
          1961.038818359375,
          1581.6881103515625
        ],
        [
          1964.038818359375,
          1981.6881103515625
        ],
        [
          1993.038818359375,
          1980.6881103515625
        ],
        [
          1965.038818359375,
          1861.6881103515625
        ],
        [
          1993.038818359375,
          1861.6881103515625
        ],
        [
          729.038818359375,
          1549.6881103515625
        ],
        [
          729.038818359375,
          2111.6881103515625
        ],
        [
          1965.038818359375,
          1581.6881103515625
        ],
        [
          1961.038818359375,
          1861.6881103515625
        ],
        [
          1965.038818359375,
          1980.6881103515625
        ],
        [
          1964.038818359375,
          2082.6881103515625
        ],
        [
          1993.038818359375,
          1981.6881103515625
        ],
        [
          1993.038818359375,
          2111.6881103515625
        ],
        [
          757.038818359375,
          1581.6881103515625
        ],
        [
          757.038818359375,
          2083.6881103515625
        ]
      ],
      "rotate": 0,
      "semantic": {
        "element": "墙轮廓",
        "path": [
          "0, 1, 2",
          "3, 4",
          "5, 6",
          "7, 8",
          "9, 10",
          "11, 12",
          "13, 14",
          "15, 16",
          "17, 18",
          "19, 20",
          "21, 22"
        ],
        "links": []
      },
      "ext": {}
    },
    {
      "id": 2,
      "type": "polyline",
      "shape": "polyline",
      "coord": [
        [
          811.038818359375,
          1579.6881103515625
        ],
        [
          811.038818359375,
          1675.6881103515625
        ]
      ],
      "rotate": 0,
      "semantic": {
        "element": "标尺",
        "links": []
      },
      "ext": {
        "文字识别结果": [
          "650"
        ]
      }
    },
    {
      "id": 3,
      "type": "polyline",
      "shape": "polyline",
      "coord": [
        [
          2059.038818359375,
          1579.6881103515625
        ],
        [
          2059.038818359375,
          2081.6881103515625
        ]
      ],
      "rotate": 0,
      "semantic": {
        "element": "标尺",
        "links": []
      },
      "ext": {
        "文字识别结果": [
          ""
        ]
      }
    },
    {
      "id": 4,
      "type": "polyline",
      "shape": "polyline",
      "coord": [
        [
          859.038818359375,
          1765.6881103515625
        ],
        [
          859.038818359375,
          1869.6881103515625
        ]
      ],
      "rotate": 0,
      "semantic": {
        "element": "标尺",
        "links": []
      },
      "ext": {
        "文字识别结果": [
          ""
        ]
      }
    },
    {
      "id": 5,
      "type": "polyline",
      "shape": "polyline",
      "coord": [
        [
          1929.038818359375,
          1861.6881103515625
        ],
        [
          1929.038818359375,
          1979.6881103515625
        ]
      ],
      "rotate": 0,
      "semantic": {
        "element": "标尺",
        "links": []
      },
      "ext": {
        "文字识别结果": [
          ""
        ]
      }
    },
    {
      "id": 6,
      "type": "polyline",
      "shape": "polyline",
      "coord": [
        [
          865.038818359375,
          1955.6881103515625
        ],
        [
          865.038818359375,
          2081.6881103515625
        ]
      ],
      "rotate": 0,
      "semantic": {
        "element": "标尺",
        "links": []
      },
      "ext": {
        "文字识别结果": [
          "5"
        ]
      }
    },
    {
      "id": 7,
      "type": "polyline",
      "shape": "polyline",
      "coord": [
        [
          965.038818359375,
          1647.6881103515625
        ],
        [
          965.038818359375,
          1995.6881103515625
        ]
      ],
      "rotate": 0,
      "semantic": {
        "element": "标尺",
        "links": []
      },
      "ext": {
        "文字识别结果": [
          ""
        ]
      }
    },
    {
      "id": 8,
      "type": "polyline",
      "shape": "polyline",
      "coord": [
        [
          1053.038818359375,
          1647.6881103515625
        ],
        [
          1053.038818359375,
          1995.6881103515625
        ]
      ],
      "rotate": 0,
      "semantic": {
        "element": "标尺",
        "links": []
      },
      "ext": {
        "文字识别结果": [
          ""
        ]
      }
    },
    {
      "id": 9,
      "type": "polyline",
      "shape": "polyline",
      "coord": [
        [
          1929.038818359375,
          1979.6881103515625
        ],
        [
          1929.038818359375,
          2083.6881103515625
        ]
      ],
      "rotate": 0,
      "semantic": {
        "element": "标尺",
        "links": []
      },
      "ext": {
        "文字识别结果": [
          ""
        ]
      }
    },
    {
      "id": 10,
      "type": "polyline",
      "shape": "polyline",
      "coord": [
        [
          811.038818359375,
          1675.6881103515625
        ],
        [
          811.038818359375,
          1765.6881103515625
        ]
      ],
      "rotate": 0,
      "semantic": {
        "element": "标尺",
        "links": []
      },
      "ext": {
        "文字识别结果": [
          "009"
        ]
      }
    },
    {
      "id": 11,
      "type": "polyline",
      "shape": "polyline",
      "coord": [
        [
          875.038818359375,
          1647.6881103515625
        ],
        [
          965.038818359375,
          1647.6881103515625
        ]
      ],
      "rotate": 0,
      "semantic": {
        "element": "标尺",
        "links": []
      },
      "ext": {
        "文字识别结果": [
          "6006"
        ]
      }
    },
    {
      "id": 12,
      "type": "polyline",
      "shape": "polyline",
      "coord": [
        [
          1571.038818359375,
          1535.6881103515625
        ],
        [
          1963.038818359375,
          1535.6881103515625
        ]
      ],
      "rotate": 0,
      "semantic": {
        "element": "标尺",
        "links": []
      },
      "ext": {
        "文字识别结果": [
          "2650"
        ]
      }
    },
    {
      "id": 13,
      "type": "polyline",
      "shape": "polyline",
      "coord": [
        [
          759.038818359375,
          1935.6881103515625
        ],
        [
          875.038818359375,
          1935.6881103515625
        ]
      ],
      "rotate": 0,
      "semantic": {
        "element": "标尺",
        "links": []
      },
      "ext": {
        "文字识别结果": [
          "800"
        ]
      }
    },
    {
      "id": 14,
      "type": "polyline",
      "shape": "polyline",
      "coord": [
        [
          875.038818359375,
          1995.6881103515625
        ],
        [
          965.038818359375,
          1995.6881103515625
        ]
      ],
      "rotate": 0,
      "semantic": {
        "element": "标尺",
        "links": []
      },
      "ext": {
        "文字识别结果": [
          "600~6"
        ]
      }
    },
    {
      "id": 15,
      "type": "polyline",
      "shape": "polyline",
      "coord": [
        [
          759.038818359375,
          2197.6881103515625
        ],
        [
          1963.038818359375,
          2197.6881103515625
        ]
      ],
      "rotate": 0,
      "semantic": {
        "element": "标尺",
        "links": []
      },
      "ext": {
        "文字识别结果": [
          "8150"
        ]
      }
    },
    {
      "id": 16,
      "type": "polyline",
      "shape": "polyline",
      "coord": [
        [
          1409.038818359375,
          2153.6881103515625
        ],
        [
          1963.038818359375,
          2153.6881103515625
        ]
      ],
      "rotate": 0,
      "semantic": {
        "element": "标尺",
        "links": []
      },
      "ext": {
        "文字识别结果": [
          "3750"
        ]
      }
    },
    {
      "id": 17,
      "type": "polyline",
      "shape": "polyline",
      "coord": [
        [
          965.038818359375,
          1647.6881103515625
        ],
        [
          1053.038818359375,
          1647.6881103515625
        ]
      ],
      "rotate": 0,
      "semantic": {
        "element": "标尺",
        "links": []
      },
      "ext": {
        "文字识别结果": [
          "0600-5"
        ]
      }
    },
    {
      "id": 18,
      "type": "polyline",
      "shape": "polyline",
      "coord": [
        [
          1053.038818359375,
          1647.6881103515625
        ],
        [
          1127.038818359375,
          1647.6881103515625
        ]
      ],
      "rotate": 0,
      "semantic": {
        "element": "标尺",
        "links": []
      },
      "ext": {
        "文字识别结果": [
          "0050060"
        ]
      }
    },
    {
      "id": 19,
      "type": "polyline",
      "shape": "polyline",
      "coord": [
        [
          1127.038818359375,
          1647.6881103515625
        ],
        [
          1215.038818359375,
          1647.6881103515625
        ]
      ],
      "rotate": 0,
      "semantic": {
        "element": "标尺",
        "links": []
      },
      "ext": {
        "文字识别结果": [
          "00600"
        ]
      }
    },
    {
      "id": 20,
      "type": "polyline",
      "shape": "polyline",
      "coord": [
        [
          1215.038818359375,
          1647.6881103515625
        ],
        [
          1305.038818359375,
          1647.6881103515625
        ]
      ],
      "rotate": 0,
      "semantic": {
        "element": "标尺",
        "links": []
      },
      "ext": {
        "文字识别结果": [
          "06006"
        ]
      }
    },
    {
      "id": 21,
      "type": "polyline",
      "shape": "polyline",
      "coord": [
        [
          1393.038818359375,
          1647.6881103515625
        ],
        [
          1481.038818359375,
          1647.6881103515625
        ]
      ],
      "rotate": 0,
      "semantic": {
        "element": "标尺",
        "links": []
      },
      "ext": {
        "文字识别结果": [
          "00600-6"
        ]
      }
    },
    {
      "id": 22,
      "type": "polyline",
      "shape": "polyline",
      "coord": [
        [
          1481.038818359375,
          1647.6881103515625
        ],
        [
          1571.038818359375,
          1647.6881103515625
        ]
      ],
      "rotate": 0,
      "semantic": {
        "element": "标尺",
        "links": []
      },
      "ext": {
        "文字识别结果": [
          "0.6006"
        ]
      }
    },
    {
      "id": 23,
      "type": "polyline",
      "shape": "polyline",
      "coord": [
        [
          1305.038818359375,
          1647.6881103515625
        ],
        [
          1393.038818359375,
          1647.6881103515625
        ]
      ],
      "rotate": 0,
      "semantic": {
        "element": "标尺",
        "links": []
      },
      "ext": {
        "文字识别结果": [
          "0~6006"
        ]
      }
    },
    {
      "id": 24,
      "type": "polyline",
      "shape": "polyline",
      "coord": [
        [
          1571.038818359375,
          1647.6881103515625
        ],
        [
          1659.038818359375,
          1647.6881103515625
        ]
      ],
      "rotate": 0,
      "semantic": {
        "element": "标尺",
        "links": []
      },
      "ext": {
        "文字识别结果": [
          "P6006"
        ]
      }
    },
    {
      "id": 25,
      "type": "polyline",
      "shape": "polyline",
      "coord": [
        [
          1659.038818359375,
          1647.6881103515625
        ],
        [
          1749.038818359375,
          1647.6881103515625
        ]
      ],
      "rotate": 0,
      "semantic": {
        "element": "标尺",
        "links": []
      },
      "ext": {
        "文字识别结果": [
          "0600"
        ]
      }
    },
    {
      "id": 26,
      "type": "polyline",
      "shape": "polyline",
      "coord": [
        [
          1837.038818359375,
          1647.6881103515625
        ],
        [
          1963.038818359375,
          1647.6881103515625
        ]
      ],
      "rotate": 0,
      "semantic": {
        "element": "标尺",
        "links": []
      },
      "ext": {
        "文字识别结果": [
          "850"
        ]
      }
    },
    {
      "id": 27,
      "type": "polyline",
      "shape": "polyline",
      "coord": [
        [
          1749.038818359375,
          1647.6881103515625
        ],
        [
          1837.038818359375,
          1647.6881103515625
        ]
      ],
      "rotate": 0,
      "semantic": {
        "element": "标尺",
        "links": []
      },
      "ext": {
        "文字识别结果": [
          "0~600"
        ]
      }
    },
    {
      "id": 28,
      "type": "polyline",
      "shape": "polyline",
      "coord": [
        [
          965.038818359375,
          1995.6881103515625
        ],
        [
          1053.038818359375,
          1995.6881103515625
        ]
      ],
      "rotate": 0,
      "semantic": {
        "element": "标尺",
        "links": []
      },
      "ext": {
        "文字识别结果": [
          "006006"
        ]
      }
    },
    {
      "id": 29,
      "type": "polyline",
      "shape": "polyline",
      "coord": [
        [
          1053.038818359375,
          1995.6881103515625
        ],
        [
          1143.038818359375,
          1995.6881103515625
        ]
      ],
      "rotate": 0,
      "semantic": {
        "element": "标尺",
        "links": []
      },
      "ext": {
        "文字识别结果": [
          "06006"
        ]
      }
    },
    {
      "id": 30,
      "type": "polyline",
      "shape": "polyline",
      "coord": [
        [
          1143.038818359375,
          1995.6881103515625
        ],
        [
          1231.038818359375,
          1995.6881103515625
        ]
      ],
      "rotate": 0,
      "semantic": {
        "element": "标尺",
        "links": []
      },
      "ext": {
        "文字识别结果": [
          "0600"
        ]
      }
    },
    {
      "id": 31,
      "type": "polyline",
      "shape": "polyline",
      "coord": [
        [
          1231.038818359375,
          1995.6881103515625
        ],
        [
          1318.038818359375,
          1995.6881103515625
        ]
      ],
      "rotate": 0,
      "semantic": {
        "element": "标尺",
        "links": []
      },
      "ext": {
        "文字识别结果": [
          "006006"
        ]
      }
    },
    {
      "id": 32,
      "type": "polyline",
      "shape": "polyline",
      "coord": [
        [
          1319.038818359375,
          1995.6881103515625
        ],
        [
          1409.038818359375,
          1995.6881103515625
        ]
      ],
      "rotate": 0,
      "semantic": {
        "element": "标尺",
        "links": []
      },
      "ext": {
        "文字识别结果": [
          "0600"
        ]
      }
    },
    {
      "id": 33,
      "type": "box",
      "shape": "rect",
      "coord": [
        [
          875.038818359375,
          1675.6881103515625
        ],
        [
          965.038818359375,
          1765.6881103515625
        ]
      ],
      "rotate": 0,
      "semantic": {
        "element": "机柜",
        "links": []
      },
      "ext": {
        "文字识别结果": [
          "1"
        ],
        "门朝向": "down",
        "表格匹配结果": [
          "1",
          "列头柜",
          "2000x600x600",
          "架",
          "1",
          "利旧"
        ]
      }
    },
    {
      "id": 34,
      "type": "box",
      "shape": "rect",
      "coord": [
        [
          875.038818359375,
          1869.6881103515625
        ],
        [
          965.038818359375,
          1959.6881103515625
        ]
      ],
      "rotate": 0,
      "semantic": {
        "element": "机柜",
        "links": []
      },
      "ext": {
        "文字识别结果": [
          ""
        ],
        "门朝向": "down"
      }
    },
    {
      "id": 35,
      "type": "box",
      "shape": "rect",
      "coord": [
        [
          965.038818359375,
          1675.6881103515625
        ],
        [
          1053.038818359375,
          1765.6881103515625
        ]
      ],
      "rotate": 0,
      "semantic": {
        "element": "机柜",
        "links": []
      },
      "ext": {
        "文字识别结果": [
          ""
        ],
        "门朝向": "down"
      }
    },
    {
      "id": 36,
      "type": "box",
      "shape": "rect",
      "coord": [
        [
          965.038818359375,
          1869.6881103515625
        ],
        [
          1053.038818359375,
          1959.6881103515625
        ]
      ],
      "rotate": 0,
      "semantic": {
        "element": "机柜",
        "links": []
      },
      "ext": {
        "文字识别结果": [
          ""
        ],
        "门朝向": "down"
      }
    },
    {
      "id": 37,
      "type": "box",
      "shape": "rect",
      "coord": [
        [
          1053.038818359375,
          1675.6881103515625
        ],
        [
          1127.038818359375,
          1765.6881103515625
        ]
      ],
      "rotate": 0,
      "semantic": {
        "element": "机柜",
        "links": []
      },
      "ext": {
        "文字识别结果": [
          ""
        ],
        "门朝向": "down"
      }
    },
    {
      "id": 38,
      "type": "box",
      "shape": "rect",
      "coord": [
        [
          1127.038818359375,
          1675.6881103515625
        ],
        [
          1219.038818359375,
          1765.6881103515625
        ]
      ],
      "rotate": 0,
      "semantic": {
        "element": "机柜",
        "links": []
      },
      "ext": {
        "文字识别结果": [
          ""
        ],
        "门朝向": "down"
      }
    },
    {
      "id": 39,
      "type": "box",
      "shape": "rect",
      "coord": [
        [
          1215.038818359375,
          1675.6881103515625
        ],
        [
          1305.038818359375,
          1765.6881103515625
        ]
      ],
      "rotate": 0,
      "semantic": {
        "element": "机柜",
        "links": []
      },
      "ext": {
        "文字识别结果": [
          ""
        ],
        "门朝向": "down"
      }
    },
    {
      "id": 40,
      "type": "box",
      "shape": "rect",
      "coord": [
        [
          1307.038818359375,
          1675.6881103515625
        ],
        [
          1393.038818359375,
          1765.6881103515625
        ]
      ],
      "rotate": 0,
      "semantic": {
        "element": "机柜",
        "links": []
      },
      "ext": {
        "文字识别结果": [
          ""
        ],
        "门朝向": "down"
      }
    },
    {
      "id": 41,
      "type": "box",
      "shape": "rect",
      "coord": [
        [
          1321.038818359375,
          1868.6881103515625
        ],
        [
          1409.038818359375,
          1959.6881103515625
        ]
      ],
      "rotate": 0,
      "semantic": {
        "element": "机柜",
        "links": []
      },
      "ext": {
        "文字识别结果": [
          ""
        ],
        "门朝向": "down"
      }
    },
    {
      "id": 42,
      "type": "box",
      "shape": "rect",
      "coord": [
        [
          1393.038818359375,
          1675.6881103515625
        ],
        [
          1481.038818359375,
          1765.6881103515625
        ]
      ],
      "rotate": 0,
      "semantic": {
        "element": "机柜",
        "links": []
      },
      "ext": {
        "文字识别结果": [
          "2"
        ],
        "门朝向": "down",
        "表格匹配结果": [
          "2",
          "综合柜",
          "2000x600x600",
          "架",
          "",
          ""
        ]
      }
    },
    {
      "id": 43,
      "type": "box",
      "shape": "rect",
      "coord": [
        [
          1409.038818359375,
          1869.6881103515625
        ],
        [
          1495.038818359375,
          1955.6881103515625
        ]
      ],
      "rotate": 0,
      "semantic": {
        "element": "机柜",
        "links": []
      },
      "ext": {
        "文字识别结果": [
          ""
        ],
        "门朝向": "down"
      }
    },
    {
      "id": 44,
      "type": "box",
      "shape": "rect",
      "coord": [
        [
          1481.038818359375,
          1675.6881103515625
        ],
        [
          1571.038818359375,
          1765.6881103515625
        ]
      ],
      "rotate": 0,
      "semantic": {
        "element": "机柜",
        "links": []
      },
      "ext": {
        "文字识别结果": [
          ""
        ],
        "门朝向": "down"
      }
    },
    {
      "id": 45,
      "type": "box",
      "shape": "rect",
      "coord": [
        [
          1571.038818359375,
          1675.6881103515625
        ],
        [
          1659.038818359375,
          1765.6881103515625
        ]
      ],
      "rotate": 0,
      "semantic": {
        "element": "机柜",
        "links": []
      },
      "ext": {
        "文字识别结果": [
          ""
        ],
        "门朝向": "down"
      }
    },
    {
      "id": 46,
      "type": "box",
      "shape": "rect",
      "coord": [
        [
          1659.038818359375,
          1675.6881103515625
        ],
        [
          1749.038818359375,
          1765.6881103515625
        ]
      ],
      "rotate": 0,
      "semantic": {
        "element": "机柜",
        "links": []
      },
      "ext": {
        "文字识别结果": [
          ""
        ],
        "门朝向": "down"
      }
    },
    {
      "id": 47,
      "type": "box",
      "shape": "rect",
      "coord": [
        [
          1749.038818359375,
          1675.6881103515625
        ],
        [
          1837.038818359375,
          1765.6881103515625
        ]
      ],
      "rotate": 0,
      "semantic": {
        "element": "机柜",
        "links": []
      },
      "ext": {
        "文字识别结果": [
          ""
        ],
        "门朝向": "down"
      }
    },
    {
      "id": 48,
      "type": "box",
      "shape": "rect",
      "coord": [
        [
          759.038818359375,
          1793.6881103515625
        ],
        [
          799.038818359375,
          1845.6881103515625
        ]
      ],
      "rotate": 0,
      "semantic": {
        "element": "普通设备",
        "links": []
      },
      "ext": {
        "文字识别结果": [
          "12"
        ]
      }
    },
    {
      "id": 49,
      "type": "box",
      "shape": "rect",
      "coord": [
        [
          1053.038818359375,
          1943.6881103515625
        ],
        [
          1143.038818359375,
          1955.6881103515625
        ]
      ],
      "rotate": 0,
      "semantic": {
        "element": "普通设备",
        "links": []
      },
      "ext": {
        "文字识别结果": [
          ""
        ]
      }
    },
    {
      "id": 50,
      "type": "box",
      "shape": "rect",
      "coord": [
        [
          1143.038818359375,
          1943.6881103515625
        ],
        [
          1231.038818359375,
          1959.6881103515625
        ]
      ],
      "rotate": 0,
      "semantic": {
        "element": "普通设备",
        "links": []
      },
      "ext": {
        "文字识别结果": [
          ""
        ]
      }
    },
    {
      "id": 51,
      "type": "box",
      "shape": "rect",
      "coord": [
        [
          1231.038818359375,
          1943.6881103515625
        ],
        [
          1319.038818359375,
          1959.6881103515625
        ]
      ],
      "rotate": 0,
      "semantic": {
        "element": "普通设备",
        "links": []
      },
      "ext": {
        "文字识别结果": [
          ""
        ]
      }
    },
    {
      "id": 52,
      "type": "polyline",
      "shape": "polyline",
      "coord": [
        [
          809.038818359375,
          1581.6881103515625
        ],
        [
          809.038818359375,
          1675.6881103515625
        ]
      ],
      "rotate": 0,
      "semantic": {
        "element": "标尺",
        "links": []
      },
      "ext": {
        "文字识别结果": [
          "650"
        ]
      }
    },
    {
      "id": 53,
      "type": "polyline",
      "shape": "polyline",
      "coord": [
        [
          2061.038818359375,
          1581.6881103515625
        ],
        [
          2061.038818359375,
          2083.6881103515625
        ]
      ],
      "rotate": 0,
      "semantic": {
        "element": "标尺",
        "links": []
      },
      "ext": {
        "文字识别结果": [
          ""
        ]
      }
    },
    {
      "id": 54,
      "type": "polyline",
      "shape": "polyline",
      "coord": [
        [
          857.038818359375,
          1763.6881103515625
        ],
        [
          857.038818359375,
          1865.6881103515625
        ]
      ],
      "rotate": 0,
      "semantic": {
        "element": "标尺",
        "links": []
      },
      "ext": {
        "文字识别结果": [
          ""
        ]
      }
    },
    {
      "id": 55,
      "type": "polyline",
      "shape": "polyline",
      "coord": [
        [
          863.038818359375,
          1957.6881103515625
        ],
        [
          863.038818359375,
          2083.6881103515625
        ]
      ],
      "rotate": 0,
      "semantic": {
        "element": "标尺",
        "links": []
      },
      "ext": {
        "文字识别结果": [
          "850"
        ]
      }
    },
    {
      "id": 56,
      "type": "polyline",
      "shape": "polyline",
      "coord": [
        [
          1929.038818359375,
          1861.6881103515625
        ],
        [
          1929.038818359375,
          1981.6881103515625
        ]
      ],
      "rotate": 0,
      "semantic": {
        "element": "标尺",
        "links": []
      },
      "ext": {
        "文字识别结果": [
          ""
        ]
      }
    },
    {
      "id": 57,
      "type": "polyline",
      "shape": "polyline",
      "coord": [
        [
          1055.038818359375,
          1645.6881103515625
        ],
        [
          1055.038818359375,
          1993.6881103515625
        ]
      ],
      "rotate": 0,
      "semantic": {
        "element": "标尺",
        "links": []
      },
      "ext": {
        "文字识别结果": [
          ""
        ]
      }
    },
    {
      "id": 58,
      "type": "polyline",
      "shape": "polyline",
      "coord": [
        [
          809.038818359375,
          1675.6881103515625
        ],
        [
          809.038818359375,
          1763.6881103515625
        ]
      ],
      "rotate": 0,
      "semantic": {
        "element": "标尺",
        "links": []
      },
      "ext": {
        "文字识别结果": [
          "600"
        ]
      }
    },
    {
      "id": 59,
      "type": "polyline",
      "shape": "polyline",
      "coord": [
        [
          963.038818359375,
          1643.6881103515625
        ],
        [
          963.038818359375,
          1993.6881103515625
        ]
      ],
      "rotate": 0,
      "semantic": {
        "element": "标尺",
        "links": []
      },
      "ext": {
        "文字识别结果": [
          ""
        ]
      }
    },
    {
      "id": 60,
      "type": "polyline",
      "shape": "polyline",
      "coord": [
        [
          863.038818359375,
          1866.6881103515625
        ],
        [
          863.038818359375,
          2083.6881103515625
        ]
      ],
      "rotate": 0,
      "semantic": {
        "element": "标尺",
        "links": []
      },
      "ext": {
        "文字识别结果": [
          "850"
        ]
      }
    },
    {
      "id": 61,
      "type": "polyline",
      "shape": "polyline",
      "coord": [
        [
          1929.038818359375,
          1981.6881103515625
        ],
        [
          1929.038818359375,
          2083.6881103515625
        ]
      ],
      "rotate": 0,
      "semantic": {
        "element": "标尺",
        "links": []
      },
      "ext": {
        "文字识别结果": [
          ""
        ]
      }
    },
    {
      "id": 62,
      "type": "polyline",
      "shape": "polyline",
      "coord": [
        [
          875.038818359375,
          1645.6881103515625
        ],
        [
          963.038818359375,
          1645.6881103515625
        ]
      ],
      "rotate": 0,
      "semantic": {
        "element": "标尺",
        "links": []
      },
      "ext": {
        "文字识别结果": [
          "*600k6"
        ]
      }
    },
    {
      "id": 63,
      "type": "polyline",
      "shape": "polyline",
      "coord": [
        [
          1573.038818359375,
          1537.6881103515625
        ],
        [
          1964.038818359375,
          1537.6881103515625
        ]
      ],
      "rotate": 0,
      "semantic": {
        "element": "标尺",
        "links": []
      },
      "ext": {
        "文字识别结果": [
          "2650"
        ]
      }
    },
    {
      "id": 64,
      "type": "polyline",
      "shape": "polyline",
      "coord": [
        [
          757.038818359375,
          1937.6881103515625
        ],
        [
          875.038818359375,
          1937.6881103515625
        ]
      ],
      "rotate": 0,
      "semantic": {
        "element": "标尺",
        "links": []
      },
      "ext": {
        "文字识别结果": [
          "800"
        ]
      }
    },
    {
      "id": 65,
      "type": "polyline",
      "shape": "polyline",
      "coord": [
        [
          875.038818359375,
          1993.6881103515625
        ],
        [
          963.038818359375,
          1993.6881103515625
        ]
      ],
      "rotate": 0,
      "semantic": {
        "element": "标尺",
        "links": []
      },
      "ext": {
        "文字识别结果": [
          "600~6"
        ]
      }
    },
    {
      "id": 66,
      "type": "polyline",
      "shape": "polyline",
      "coord": [
        [
          757.038818359375,
          2199.6881103515625
        ],
        [
          1965.038818359375,
          2199.6881103515625
        ]
      ],
      "rotate": 0,
      "semantic": {
        "element": "标尺",
        "links": []
      },
      "ext": {
        "文字识别结果": [
          "8150"
        ]
      }
    },
    {
      "id": 67,
      "type": "polyline",
      "shape": "polyline",
      "coord": [
        [
          1411.038818359375,
          2155.6881103515625
        ],
        [
          1965.038818359375,
          2155.6881103515625
        ]
      ],
      "rotate": 0,
      "semantic": {
        "element": "标尺",
        "links": []
      },
      "ext": {
        "文字识别结果": [
          "3750"
        ]
      }
    },
    {
      "id": 68,
      "type": "polyline",
      "shape": "polyline",
      "coord": [
        [
          963.038818359375,
          1645.6881103515625
        ],
        [
          1053.038818359375,
          1645.6881103515625
        ]
      ],
      "rotate": 0,
      "semantic": {
        "element": "标尺",
        "links": []
      },
      "ext": {
        "文字识别结果": [
          "06005"
        ]
      }
    },
    {
      "id": 69,
      "type": "polyline",
      "shape": "polyline",
      "coord": [
        [
          1053.038818359375,
          1645.6881103515625
        ],
        [
          1129.038818359375,
          1645.6881103515625
        ]
      ],
      "rotate": 0,
      "semantic": {
        "element": "标尺",
        "links": []
      },
      "ext": {
        "文字识别结果": [
          "005006（"
        ]
      }
    },
    {
      "id": 70,
      "type": "polyline",
      "shape": "polyline",
      "coord": [
        [
          1217.038818359375,
          1645.6881103515625
        ],
        [
          1307.038818359375,
          1645.6881103515625
        ]
      ],
      "rotate": 0,
      "semantic": {
        "element": "标尺",
        "links": []
      },
      "ext": {
        "文字识别结果": [
          "06006"
        ]
      }
    },
    {
      "id": 71,
      "type": "polyline",
      "shape": "polyline",
      "coord": [
        [
          1129.038818359375,
          1645.6881103515625
        ],
        [
          1217.038818359375,
          1645.6881103515625
        ]
      ],
      "rotate": 0,
      "semantic": {
        "element": "标尺",
        "links": []
      },
      "ext": {
        "文字识别结果": [
          "0600"
        ]
      }
    },
    {
      "id": 72,
      "type": "polyline",
      "shape": "polyline",
      "coord": [
        [
          1307.038818359375,
          1647.6881103515625
        ],
        [
          1394.038818359375,
          1647.6881103515625
        ]
      ],
      "rotate": 0,
      "semantic": {
        "element": "标尺",
        "links": []
      },
      "ext": {
        "文字识别结果": [
          "P600-6"
        ]
      }
    },
    {
      "id": 73,
      "type": "polyline",
      "shape": "polyline",
      "coord": [
        [
          1481.038818359375,
          1645.6881103515625
        ],
        [
          1573.038818359375,
          1645.6881103515625
        ]
      ],
      "rotate": 0,
      "semantic": {
        "element": "标尺",
        "links": []
      },
      "ext": {
        "文字识别结果": [
          "06006"
        ]
      }
    },
    {
      "id": 74,
      "type": "polyline",
      "shape": "polyline",
      "coord": [
        [
          1573.038818359375,
          1645.6881103515625
        ],
        [
          1659.038818359375,
          1645.6881103515625
        ]
      ],
      "rotate": 0,
      "semantic": {
        "element": "标尺",
        "links": []
      },
      "ext": {
        "文字识别结果": [
          "0600b"
        ]
      }
    },
    {
      "id": 75,
      "type": "polyline",
      "shape": "polyline",
      "coord": [
        [
          1659.038818359375,
          1645.6881103515625
        ],
        [
          1747.038818359375,
          1645.6881103515625
        ]
      ],
      "rotate": 0,
      "semantic": {
        "element": "标尺",
        "links": []
      },
      "ext": {
        "文字识别结果": [
          "06006"
        ]
      }
    },
    {
      "id": 76,
      "type": "polyline",
      "shape": "polyline",
      "coord": [
        [
          1839.038818359375,
          1645.6881103515625
        ],
        [
          1965.038818359375,
          1645.6881103515625
        ]
      ],
      "rotate": 0,
      "semantic": {
        "element": "标尺",
        "links": []
      },
      "ext": {
        "文字识别结果": [
          "850"
        ]
      }
    },
    {
      "id": 77,
      "type": "polyline",
      "shape": "polyline",
      "coord": [
        [
          1747.038818359375,
          1645.6881103515625
        ],
        [
          1839.038818359375,
          1645.6881103515625
        ]
      ],
      "rotate": 0,
      "semantic": {
        "element": "标尺",
        "links": []
      },
      "ext": {
        "文字识别结果": [
          "（2600"
        ]
      }
    },
    {
      "id": 78,
      "type": "polyline",
      "shape": "polyline",
      "coord": [
        [
          1394.038818359375,
          1647.6881103515625
        ],
        [
          1481.038818359375,
          1647.6881103515625
        ]
      ],
      "rotate": 0,
      "semantic": {
        "element": "标尺",
        "links": []
      },
      "ext": {
        "文字识别结果": [
          "0-600-6"
        ]
      }
    },
    {
      "id": 79,
      "type": "polyline",
      "shape": "polyline",
      "coord": [
        [
          963.038818359375,
          1993.6881103515625
        ],
        [
          1053.038818359375,
          1993.6881103515625
        ]
      ],
      "rotate": 0,
      "semantic": {
        "element": "标尺",
        "links": []
      },
      "ext": {
        "文字识别结果": [
          "06006"
        ]
      }
    },
    {
      "id": 80,
      "type": "polyline",
      "shape": "polyline",
      "coord": [
        [
          1053.038818359375,
          1997.6881103515625
        ],
        [
          1141.038818359375,
          1997.6881103515625
        ]
      ],
      "rotate": 0,
      "semantic": {
        "element": "标尺",
        "links": []
      },
      "ext": {
        "文字识别结果": [
          "06006"
        ]
      }
    },
    {
      "id": 81,
      "type": "polyline",
      "shape": "polyline",
      "coord": [
        [
          1141.038818359375,
          1997.6881103515625
        ],
        [
          1229.038818359375,
          1997.6881103515625
        ]
      ],
      "rotate": 0,
      "semantic": {
        "element": "标尺",
        "links": []
      },
      "ext": {
        "文字识别结果": [
          "06006"
        ]
      }
    },
    {
      "id": 82,
      "type": "polyline",
      "shape": "polyline",
      "coord": [
        [
          1229.038818359375,
          1993.6881103515625
        ],
        [
          1319.038818359375,
          1993.6881103515625
        ]
      ],
      "rotate": 0,
      "semantic": {
        "element": "标尺",
        "links": []
      },
      "ext": {
        "文字识别结果": [
          "06006"
        ]
      }
    },
    {
      "id": 83,
      "type": "polyline",
      "shape": "polyline",
      "coord": [
        [
          1319.038818359375,
          1997.6881103515625
        ],
        [
          1407.038818359375,
          1997.6881103515625
        ]
      ],
      "rotate": 0,
      "semantic": {
        "element": "标尺",
        "links": []
      },
      "ext": {
        "文字识别结果": [
          "0600"
        ]
      }
    },
    {
      "id": 84,
      "type": "box",
      "shape": "rect",
      "coord": [
        [
          875.038818359375,
          1867.6881103515625
        ],
        [
          963.038818359375,
          1957.6881103515625
        ]
      ],
      "rotate": 0,
      "semantic": {
        "element": "机柜",
        "links": []
      },
      "ext": {
        "文字识别结果": [
          ""
        ],
        "门朝向": "down"
      }
    },
    {
      "id": 85,
      "type": "box",
      "shape": "rect",
      "coord": [
        [
          967.038818359375,
          1869.6881103515625
        ],
        [
          1053.038818359375,
          1957.6881103515625
        ]
      ],
      "rotate": 0,
      "semantic": {
        "element": "机柜",
        "links": []
      },
      "ext": {
        "文字识别结果": [
          ""
        ],
        "门朝向": "down"
      }
    },
    {
      "id": 86,
      "type": "box",
      "shape": "rect",
      "coord": [
        [
          1055.038818359375,
          1869.6881103515625
        ],
        [
          1141.038818359375,
          1957.6881103515625
        ]
      ],
      "rotate": 0,
      "semantic": {
        "element": "机柜",
        "links": []
      },
      "ext": {
        "文字识别结果": [
          ""
        ],
        "门朝向": "down"
      }
    },
    {
      "id": 87,
      "type": "box",
      "shape": "rect",
      "coord": [
        [
          1141.038818359375,
          1869.6881103515625
        ],
        [
          1229.038818359375,
          1957.6881103515625
        ]
      ],
      "rotate": 0,
      "semantic": {
        "element": "机柜",
        "links": []
      },
      "ext": {
        "文字识别结果": [
          ""
        ],
        "门朝向": "down"
      }
    },
    {
      "id": 88,
      "type": "box",
      "shape": "rect",
      "coord": [
        [
          1233.038818359375,
          1869.6881103515625
        ],
        [
          1319.038818359375,
          1957.6881103515625
        ]
      ],
      "rotate": 0,
      "semantic": {
        "element": "机柜",
        "links": []
      },
      "ext": {
        "文字识别结果": [
          ""
        ],
        "门朝向": "down"
      }
    },
    {
      "id": 89,
      "type": "box",
      "shape": "rect",
      "coord": [
        [
          1319.038818359375,
          1869.6881103515625
        ],
        [
          1406.038818359375,
          1957.6881103515625
        ]
      ],
      "rotate": 0,
      "semantic": {
        "element": "机柜",
        "links": []
      },
      "ext": {
        "文字识别结果": [
          ""
        ],
        "门朝向": "down"
      }
    },
    {
      "id": 90,
      "type": "box",
      "shape": "rect",
      "coord": [
        [
          1411.038818359375,
          1868.6881103515625
        ],
        [
          1497.038818359375,
          1957.6881103515625
        ]
      ],
      "rotate": 0,
      "semantic": {
        "element": "机柜",
        "links": []
      },
      "ext": {
        "文字识别结果": [
          ""
        ],
        "门朝向": "down"
      }
    },
    {
      "id": 91,
      "type": "box",
      "shape": "rect",
      "coord": [
        [
          1481.038818359375,
          1675.6881103515625
        ],
        [
          1569.038818359375,
          1767.6881103515625
        ]
      ],
      "rotate": 0,
      "semantic": {
        "element": "机柜",
        "links": []
      },
      "ext": {
        "文字识别结果": [
          ""
        ],
        "门朝向": "down"
      }
    },
    {
      "id": 92,
      "type": "box",
      "shape": "rect",
      "coord": [
        [
          1661.038818359375,
          1675.6881103515625
        ],
        [
          1747.038818359375,
          1763.6881103515625
        ]
      ],
      "rotate": 0,
      "semantic": {
        "element": "机柜",
        "links": []
      },
      "ext": {
        "文字识别结果": [
          ""
        ],
        "门朝向": "down"
      }
    },
    {
      "id": 93,
      "type": "box",
      "shape": "rect",
      "coord": [
        [
          757.038818359375,
          1791.6881103515625
        ],
        [
          801.038818359375,
          1843.6881103515625
        ]
      ],
      "rotate": 0,
      "semantic": {
        "element": "普通设备",
        "links": []
      },
      "ext": {
        "文字识别结果": [
          "12"
        ]
      }
    },
    {
      "id": 94,
      "type": "box",
      "shape": "rect",
      "coord": [
        [
          875.038818359375,
          1675.6881103515625
        ],
        [
          963.038818359375,
          1755.6881103515625
        ]
      ],
      "rotate": 0,
      "semantic": {
        "element": "普通设备",
        "links": []
      },
      "ext": {
        "文字识别结果": [
          ""
        ]
      }
    },
    {
      "id": 95,
      "type": "box",
      "shape": "rect",
      "coord": [
        [
          967.038818359375,
          1675.6881103515625
        ],
        [
          1054.038818359375,
          1754.6881103515625
        ]
      ],
      "rotate": 0,
      "semantic": {
        "element": "普通设备",
        "links": []
      },
      "ext": {
        "文字识别结果": [
          ""
        ]
      }
    },
    {
      "id": 96,
      "type": "box",
      "shape": "rect",
      "coord": [
        [
          1055.038818359375,
          1675.6881103515625
        ],
        [
          1128.038818359375,
          1755.6881103515625
        ]
      ],
      "rotate": 0,
      "semantic": {
        "element": "普通设备",
        "links": []
      },
      "ext": {
        "文字识别结果": [
          ""
        ]
      }
    },
    {
      "id": 97,
      "type": "box",
      "shape": "rect",
      "coord": [
        [
          1129.038818359375,
          1675.6881103515625
        ],
        [
          1217.038818359375,
          1755.6881103515625
        ]
      ],
      "rotate": 0,
      "semantic": {
        "element": "普通设备",
        "links": []
      },
      "ext": {
        "文字识别结果": [
          ""
        ]
      }
    },
    {
      "id": 98,
      "type": "box",
      "shape": "rect",
      "coord": [
        [
          1217.038818359375,
          1675.6881103515625
        ],
        [
          1307.038818359375,
          1751.6881103515625
        ]
      ],
      "rotate": 0,
      "semantic": {
        "element": "普通设备",
        "links": []
      },
      "ext": {
        "文字识别结果": [
          ""
        ]
      }
    },
    {
      "id": 99,
      "type": "box",
      "shape": "rect",
      "coord": [
        [
          1307.038818359375,
          1675.6881103515625
        ],
        [
          1394.038818359375,
          1755.6881103515625
        ]
      ],
      "rotate": 0,
      "semantic": {
        "element": "普通设备",
        "links": []
      },
      "ext": {
        "文字识别结果": [
          ""
        ]
      }
    },
    {
      "id": 100,
      "type": "box",
      "shape": "rect",
      "coord": [
        [
          1395.038818359375,
          1674.6881103515625
        ],
        [
          1481.038818359375,
          1751.6881103515625
        ]
      ],
      "rotate": 0,
      "semantic": {
        "element": "普通设备",
        "links": []
      },
      "ext": {
        "文字识别结果": [
          "2"
        ],
        "表格匹配结果": [
          "2",
          "综合柜",
          "2000x600x600",
          "架",
          "",
          ""
        ]
      }
    },
    {
      "id": 101,
      "type": "box",
      "shape": "rect",
      "coord": [
        [
          1573.038818359375,
          1674.6881103515625
        ],
        [
          1659.038818359375,
          1751.6881103515625
        ]
      ],
      "rotate": 0,
      "semantic": {
        "element": "普通设备",
        "links": []
      },
      "ext": {
        "文字识别结果": [
          ""
        ]
      }
    },
    {
      "id": 102,
      "type": "box",
      "shape": "rect",
      "coord": [
        [
          1569.038818359375,
          1755.6881103515625
        ],
        [
          1659.038818359375,
          1763.6881103515625
        ]
      ],
      "rotate": 0,
      "semantic": {
        "element": "普通设备",
        "links": []
      },
      "ext": {
        "文字识别结果": [
          ""
        ]
      }
    },
    {
      "id": 103,
      "type": "box",
      "shape": "rect",
      "coord": [
        [
          1751.038818359375,
          1675.6881103515625
        ],
        [
          1838.038818359375,
          1755.6881103515625
        ]
      ],
      "rotate": 0,
      "semantic": {
        "element": "普通设备",
        "links": []
      },
      "ext": {
        "文字识别结果": [
          ""
        ]
      }
    },
    {
      "id": 105,
      "type": "other",
      "shape": "rect",
      "coord": [
        [
          1950.630859375,
          1858.3582763671875
        ],
        [
          2034.652099609375,
          1970.079833984375
        ]
      ],
      "rotate": 0,
      "semantic": {
        "element": "门",
        "links": []
      },
      "ext": {}
    },
    {
      "id": 106,
      "type": "other",
      "shape": "rect",
      "coord": [
        [
          519.3179931640625,
          2928.74951171875
        ],
        [
          607.7255859375,
          2963.618408203125
        ]
      ],
      "rotate": 0,
      "semantic": {
        "element": "图例小图",
        "links": [
          {
            "pair_id": 115,
            "label": "图例文字",
            "distance": 177.84295654296875
          }
        ]
      },
      "ext": {
        "图例归类": "新增设备"
      }
    },
    {
      "id": 107,
      "type": "other",
      "shape": "rect",
      "coord": [
        [
          1241.79150390625,
          2928.9765625
        ],
        [
          1356.89501953125,
          2961.4873046875
        ]
      ],
      "rotate": 0,
      "semantic": {
        "element": "图例小图",
        "links": [
          {
            "pair_id": 116,
            "label": "图例文字",
            "distance": 144.521484375
          }
        ]
      },
      "ext": {
        "图例归类": "电力电缆"
      }
    },
    {
      "id": 108,
      "type": "other",
      "shape": "rect",
      "coord": [
        [
          520.68505859375,
          3001.79931640625
        ],
        [
          603.1387939453125,
          3036.15380859375
        ]
      ],
      "rotate": 0,
      "semantic": {
        "element": "图例小图",
        "links": [
          {
            "pair_id": 117,
            "label": "图例文字",
            "distance": 155.45281982421875
          }
        ]
      },
      "ext": {
        "图例归类": "原有设备"
      }
    },
    {
      "id": 109,
      "type": "other",
      "shape": "rect",
      "coord": [
        [
          936.51318359375,
          2999.51123046875
        ],
        [
          1020.06884765625,
          3032.789306640625
        ]
      ],
      "rotate": 0,
      "semantic": {
        "element": "图例小图",
        "links": [
          {
            "pair_id": 118,
            "label": "图例文字",
            "distance": 161.07373046875
          }
        ]
      },
      "ext": {
        "图例归类": "穿墙洞"
      }
    },
    {
      "id": 110,
      "type": "other",
      "shape": "rect",
      "coord": [
        [
          969.533935546875,
          2937.405517578125
        ],
        [
          1040.607421875,
          2966.875732421875
        ]
      ],
      "rotate": 0,
      "semantic": {
        "element": "图例小图",
        "links": [
          {
            "pair_id": 114,
            "label": "图例文字",
            "distance": 145.7940673828125
          }
        ]
      },
      "ext": {
        "图例归类": "未归类成功"
      }
    },
    {
      "id": 111,
      "type": "table",
      "shape": "rect",
      "coord": [
        [
          948.134521484375,
          2664.149658203125
        ],
        [
          2230.288818359375,
          2837.79296875
        ]
      ],
      "rotate": 0,
      "semantic": {
        "element": "物料表",
        "links": []
      },
      "ext": {
        "表格识别结果": [
          [
            "序号",
            "设备名称",
            "规格型号",
            "单位",
            "数量",
            "备"
          ],
          [
            "1",
            "列头柜",
            "2000x600x600",
            "架",
            "1",
            "利旧"
          ],
          [
            "2",
            "综合柜",
            "2000x600x600",
            "架",
            "",
            ""
          ]
        ]
      }
    },
    {
      "id": 112,
      "type": "table",
      "shape": "rect",
      "coord": [
        [
          1591.024658203125,
          2926.1748046875
        ],
        [
          2931.3916015625,
          3150.822265625
        ]
      ],
      "rotate": 0,
      "semantic": {
        "element": "标题栏",
        "links": []
      },
      "ext": {
        "表格识别结果": [
          [
            "处主管",
            "审核人",
            "",
            "中讯邮电询设计院有限公司",
            ""
          ],
          [
            "总负责人",
            "单位",
            "mm",
            "",
            ""
          ],
          [
            "",
            "",
            "",
            "刘胡局机房设备布置平面图",
            ""
          ],
          [
            "单负责人",
            "比例",
            "1:50",
            "",
            ""
          ],
          [
            "设计人",
            "目期",
            "2020.03",
            "图号",
            "2019S1599（SGS68"
          ]
        ]
      }
    },
    {
      "id": 113,
      "type": "other",
      "shape": "rect",
      "coord": [
        [
          324.36474609375,
          2871.697021484375
        ],
        [
          1550.721435546875,
          3090.18798828125
        ]
      ],
      "rotate": 0,
      "semantic": {
        "element": "图例",
        "links": []
      },
      "ext": {}
    },
    {
      "id": 114,
      "type": "other",
      "shape": "rect",
      "coord": [
        [
          1090.36474609375,
          2932.697021484375
        ],
        [
          1211.36474609375,
          2965.697021484375
        ]
      ],
      "rotate": 0,
      "semantic": {
        "element": "图例文字",
        "links": []
      },
      "ext": {
        "文字识别结果": [
          "设备正面"
        ],
        "图例归类": "未归类成功"
      }
    },
    {
      "id": 115,
      "type": "other",
      "shape": "rect",
      "coord": [
        [
          649.36474609375,
          2934.697021484375
        ],
        [
          833.36474609375,
          2965.697021484375
        ]
      ],
      "rotate": 0,
      "semantic": {
        "element": "图例文字",
        "links": []
      },
      "ext": {
        "文字识别结果": [
          "本期安装设备"
        ],
        "图例归类": "新增设备"
      }
    },
    {
      "id": 116,
      "type": "other",
      "shape": "rect",
      "coord": [
        [
          1382.36474609375,
          2929.697021484375
        ],
        [
          1505.36474609375,
          2961.697021484375
        ]
      ],
      "rotate": 0,
      "semantic": {
        "element": "图例文字",
        "links": []
      },
      "ext": {
        "文字识别结果": [
          "电力电缆"
        ],
        "图例归类": "电力电缆"
      }
    },
    {
      "id": 117,
      "type": "other",
      "shape": "rect",
      "coord": [
        [
          656.36474609375,
          3004.697021484375
        ],
        [
          778.36474609375,
          3036.697021484375
        ]
      ],
      "rotate": 0,
      "semantic": {
        "element": "图例文字",
        "links": []
      },
      "ext": {
        "文字识别结果": [
          "原有设备"
        ],
        "图例归类": "原有设备"
      }
    },
    {
      "id": 118,
      "type": "other",
      "shape": "rect",
      "coord": [
        [
          1092.36474609375,
          2995.697021484375
        ],
        [
          1186.36474609375,
          3028.697021484375
        ]
      ],
      "rotate": 0,
      "semantic": {
        "element": "图例文字",
        "links": []
      },
      "ext": {
        "文字识别结果": [
          "穿墙洞"
        ],
        "图例归类": "穿墙洞"
      }
    },
    {
      "id": 119,
      "type": "other",
      "shape": "rect",
      "coord": [
        [
          2744.9912109375,
          1132.218017578125
        ],
        [
          2828.96484375,
          1272.2703857421875
        ]
      ],
      "rotate": 0,
      "semantic": {
        "element": "建北磁北(夹角)",
        "links": []
      },
      "ext": {
        "文字识别结果": [
          "N"
        ],
        "文字位置": [
          [
            [
              2774.9912109375,
              1135.218017578125
            ],
            [
              2802.9912109375,
              1162.218017578125
            ]
          ]
        ],
        "顶点位置": [
          [
            2790.1216457201085,
            1161.593017578125
          ],
          [
            2790.1216457201085,
            1220.968017578125
          ]
        ]
      }
    }
  ]
}