{
  "info": {
    "像素面积": {
      "全部面积": 1197128.0,
      "设备面积": 222989.0,
      "剩余面积": 974139.0
    },
    "图纸信息": {
      "类型": "机房",
      "名称": "175.png"
    }
  },
  "obj": [
    {
      "id": 1,
      "type": "outline",
      "shape": "polyline",
      "coord": [
        [
          1309.3994140625,
          1203.7373046875
        ],
        [
          1741.3994140625,
          1200.7373046875
        ],
        [
          1309.3994140625,
          2594.7373046875
        ],
        [
          1457.3994140625,
          2594.7373046875
        ],
        [
          1737.3994140625,
          2594.7373046875
        ],
        [
          1309.3994140625,
          2562.7373046875
        ],
        [
          1457.3994140625,
          2562.7373046875
        ],
        [
          1457.3994140625,
          2594.7373046875
        ],
        [
          1309.3994140625,
          2564.7373046875
        ],
        [
          1457.3994140625,
          2564.7373046875
        ],
        [
          1641.3994140625,
          2560.7373046875
        ],
        [
          1668.3994140625,
          2560.7373046875
        ],
        [
          1643.3994140625,
          2552.7373046875
        ],
        [
          1677.3994140625,
          2550.7373046875
        ],
        [
          1679.3994140625,
          2562.7373046875
        ],
        [
          1709.3994140625,
          2562.7373046875
        ],
        [
          1341.3994140625,
          1232.7373046875
        ],
        [
          1709.3994140625,
          1232.7373046875
        ],
        [
          1709.3994140625,
          2564.7373046875
        ],
        [
          1309.3994140625,
          1200.7373046875
        ],
        [
          1309.3994140625,
          2594.7373046875
        ],
        [
          1681.3994140625,
          2552.7373046875
        ],
        [
          1677.3994140625,
          2559.7373046875
        ],
        [
          1642.3994140625,
          2550.7373046875
        ],
        [
          1642.3994140625,
          2560.7373046875
        ],
        [
          1679.3994140625,
          2559.7373046875
        ],
        [
          1681.3994140625,
          2562.7373046875
        ],
        [
          1737.3994140625,
          1203.7373046875
        ],
        [
          1741.3994140625,
          2594.7373046875
        ]
      ],
      "rotate": 0,
      "semantic": {
        "element": "墙轮廓",
        "path": [
          "0, 1",
          "2, 3, 4",
          "5, 6, 7",
          "8, 9",
          "10, 11",
          "12, 13",
          "14, 15",
          "16, 17, 18",
          "19, 20",
          "21, 22",
          "23, 24",
          "25, 26",
          "27, 28"
        ],
        "links": []
      },
      "ext": {}
    },
    {
      "id": 2,
      "type": "outline",
      "shape": "polyline",
      "coord": [
        [
          1311.3994140625,
          1202.7373046875
        ],
        [
          1739.3994140625,
          1202.7373046875
        ],
        [
          1739.3994140625,
          2592.7373046875
        ],
        [
          1311.3994140625,
          2592.7373046875
        ],
        [
          1457.3994140625,
          2592.7373046875
        ],
        [
          1739.3994140625,
          2592.7373046875
        ],
        [
          1307.3994140625,
          2564.7373046875
        ],
        [
          1457.3994140625,
          2564.7373046875
        ],
        [
          1457.3994140625,
          2592.7373046875
        ],
        [
          1643.3994140625,
          2564.7373046875
        ],
        [
          1707.3994140625,
          2564.7373046875
        ],
        [
          1339.3994140625,
          1230.7373046875
        ],
        [
          1711.3994140625,
          1234.7373046875
        ],
        [
          1307.3994140625,
          1202.7373046875
        ],
        [
          1307.3994140625,
          2592.7373046875
        ],
        [
          1707.3994140625,
          1230.7373046875
        ],
        [
          1711.3994140625,
          2564.7373046875
        ],
        [
          1643.3994140625,
          2551.7373046875
        ],
        [
          1642.3994140625,
          2560.7373046875
        ],
        [
          1679.3994140625,
          2560.7373046875
        ],
        [
          1679.3994140625,
          2564.7373046875
        ]
      ],
      "rotate": 0,
      "semantic": {
        "element": "墙轮廓",
        "path": [
          "0, 1, 2",
          "3, 4, 5",
          "6, 7, 8",
          "9, 10",
          "11, 12",
          "13, 14",
          "15, 16",
          "17, 18",
          "19, 20"
        ],
        "links": []
      },
      "ext": {}
    },
    {
      "id": 2,
      "type": "polyline",
      "shape": "polyline",
      "coord": [
        [
          1551.3994140625,
          1232.7373046875
        ],
        [
          1551.3994140625,
          1347.7373046875
        ]
      ],
      "rotate": 0,
      "semantic": {
        "element": "标尺",
        "links": []
      },
      "ext": {
        "文字识别结果": [
          "800"
        ]
      }
    },
    {
      "id": 3,
      "type": "polyline",
      "shape": "polyline",
      "coord": [
        [
          1797.3994140625,
          1248.7373046875
        ],
        [
          1797.3994140625,
          2576.7373046875
        ]
      ],
      "rotate": 0,
      "semantic": {
        "element": "标尺",
        "links": []
      },
      "ext": {
        "文字识别结果": [
          "9000"
        ]
      }
    },
    {
      "id": 4,
      "type": "polyline",
      "shape": "polyline",
      "coord": [
        [
          1777.3994140625,
          1231.7373046875
        ],
        [
          1777.3994140625,
          1260.7373046875
        ]
      ],
      "rotate": 0,
      "semantic": {
        "element": "标尺",
        "links": []
      },
      "ext": {
        "文字识别结果": [
          ""
        ]
      }
    },
    {
      "id": 5,
      "type": "polyline",
      "shape": "polyline",
      "coord": [
        [
          1777.3994140625,
          2096.7373046875
        ],
        [
          1777.3994140625,
          2194.7373046875
        ]
      ],
      "rotate": 0,
      "semantic": {
        "element": "标尺",
        "links": []
      },
      "ext": {
        "文字识别结果": [
          ""
        ]
      }
    },
    {
      "id": 6,
      "type": "polyline",
      "shape": "polyline",
      "coord": [
        [
          1293.3994140625,
          2325.7373046875
        ],
        [
          1293.3994140625,
          2562.7373046875
        ]
      ],
      "rotate": 0,
      "semantic": {
        "element": "标尺",
        "links": []
      },
      "ext": {
        "文字识别结果": [
          "16op"
        ]
      }
    },
    {
      "id": 7,
      "type": "polyline",
      "shape": "polyline",
      "coord": [
        [
          1551.3994140625,
          1347.7373046875
        ],
        [
          1551.3994140625,
          1418.7373046875
        ]
      ],
      "rotate": 0,
      "semantic": {
        "element": "标尺",
        "links": []
      },
      "ext": {
        "文字识别结果": [
          "450i*"
        ]
      }
    },
    {
      "id": 8,
      "type": "polyline",
      "shape": "polyline",
      "coord": [
        [
          1777.3994140625,
          1260.7373046875
        ],
        [
          1777.3994140625,
          1675.7373046875
        ]
      ],
      "rotate": 0,
      "semantic": {
        "element": "标尺",
        "links": []
      },
      "ext": {
        "文字识别结果": [
          "280p"
        ]
      }
    },
    {
      "id": 9,
      "type": "polyline",
      "shape": "polyline",
      "coord": [
        [
          1777.3994140625,
          1232.7373046875
        ],
        [
          1777.3994140625,
          1260.7373046875
        ]
      ],
      "rotate": 0,
      "semantic": {
        "element": "标尺",
        "links": []
      },
      "ext": {
        "文字识别结果": [
          ""
        ]
      }
    },
    {
      "id": 10,
      "type": "polyline",
      "shape": "polyline",
      "coord": [
        [
          1551.3994140625,
          1506.7373046875
        ],
        [
          1551.3994140625,
          1592.7373046875
        ]
      ],
      "rotate": 0,
      "semantic": {
        "element": "标尺",
        "links": []
      },
      "ext": {
        "文字识别结果": [
          "600"
        ]
      }
    },
    {
      "id": 11,
      "type": "polyline",
      "shape": "polyline",
      "coord": [
        [
          1551.3994140625,
          1418.7373046875
        ],
        [
          1551.3994140625,
          1506.7373046875
        ]
      ],
      "rotate": 0,
      "semantic": {
        "element": "标尺",
        "links": []
      },
      "ext": {
        "文字识别结果": [
          "600"
        ]
      }
    },
    {
      "id": 12,
      "type": "polyline",
      "shape": "polyline",
      "coord": [
        [
          1551.3994140625,
          1592.7373046875
        ],
        [
          1551.3994140625,
          1676.7373046875
        ]
      ],
      "rotate": 0,
      "semantic": {
        "element": "标尺",
        "links": []
      },
      "ext": {
        "文字识别结果": [
          "550*"
        ]
      }
    },
    {
      "id": 13,
      "type": "polyline",
      "shape": "polyline",
      "coord": [
        [
          1551.3994140625,
          1676.7373046875
        ],
        [
          1551.3994140625,
          1762.7373046875
        ]
      ],
      "rotate": 0,
      "semantic": {
        "element": "标尺",
        "links": []
      },
      "ext": {
        "文字识别结果": [
          "600"
        ]
      }
    },
    {
      "id": 14,
      "type": "polyline",
      "shape": "polyline",
      "coord": [
        [
          1773.3994140625,
          1675.7373046875
        ],
        [
          1773.3994140625,
          1720.7373046875
        ]
      ],
      "rotate": 0,
      "semantic": {
        "element": "标尺",
        "links": []
      },
      "ext": {
        "文字识别结果": [
          ""
        ]
      }
    },
    {
      "id": 15,
      "type": "polyline",
      "shape": "polyline",
      "coord": [
        [
          1551.3994140625,
          1854.7373046875
        ],
        [
          1551.3994140625,
          1940.7373046875
        ]
      ],
      "rotate": 0,
      "semantic": {
        "element": "标尺",
        "links": []
      },
      "ext": {
        "文字识别结果": [
          "600"
        ]
      }
    },
    {
      "id": 16,
      "type": "polyline",
      "shape": "polyline",
      "coord": [
        [
          1551.3994140625,
          1762.7373046875
        ],
        [
          1551.3994140625,
          1854.7373046875
        ]
      ],
      "rotate": 0,
      "semantic": {
        "element": "标尺",
        "links": []
      },
      "ext": {
        "文字识别结果": [
          "600"
        ]
      }
    },
    {
      "id": 17,
      "type": "polyline",
      "shape": "polyline",
      "coord": [
        [
          1551.3994140625,
          2076.7373046875
        ],
        [
          1551.3994140625,
          2104.7373046875
        ]
      ],
      "rotate": 0,
      "semantic": {
        "element": "标尺",
        "links": []
      },
      "ext": {
        "文字识别结果": [
          ""
        ]
      }
    },
    {
      "id": 18,
      "type": "polyline",
      "shape": "polyline",
      "coord": [
        [
          1551.3994140625,
          2104.7373046875
        ],
        [
          1551.3994140625,
          2194.7373046875
        ]
      ],
      "rotate": 0,
      "semantic": {
        "element": "标尺",
        "links": []
      },
      "ext": {
        "文字识别结果": [
          "600"
        ]
      }
    },
    {
      "id": 19,
      "type": "polyline",
      "shape": "polyline",
      "coord": [
        [
          1551.3994140625,
          1940.7373046875
        ],
        [
          1551.3994140625,
          2076.7373046875
        ]
      ],
      "rotate": 0,
      "semantic": {
        "element": "标尺",
        "links": []
      },
      "ext": {
        "文字识别结果": [
          "900"
        ]
      }
    },
    {
      "id": 20,
      "type": "polyline",
      "shape": "polyline",
      "coord": [
        [
          1551.3994140625,
          2194.7373046875
        ],
        [
          1551.3994140625,
          2282.7373046875
        ]
      ],
      "rotate": 0,
      "semantic": {
        "element": "标尺",
        "links": []
      },
      "ext": {
        "文字识别结果": [
          "600"
        ]
      }
    },
    {
      "id": 21,
      "type": "polyline",
      "shape": "polyline",
      "coord": [
        [
          1777.3994140625,
          2194.7373046875
        ],
        [
          1777.3994140625,
          2562.7373046875
        ]
      ],
      "rotate": 0,
      "semantic": {
        "element": "标尺",
        "links": []
      },
      "ext": {
        "文字识别结果": [
          "25ob"
        ]
      }
    },
    {
      "id": 22,
      "type": "polyline",
      "shape": "polyline",
      "coord": [
        [
          1341.3994140625,
          1336.7373046875
        ],
        [
          1515.3994140625,
          1336.7373046875
        ]
      ],
      "rotate": 0,
      "semantic": {
        "element": "标尺",
        "links": []
      },
      "ext": {
        "文字识别结果": [
          "-1200"
        ]
      }
    },
    {
      "id": 23,
      "type": "polyline",
      "shape": "polyline",
      "coord": [
        [
          1341.3994140625,
          1160.7373046875
        ],
        [
          1709.3994140625,
          1160.7373046875
        ]
      ],
      "rotate": 0,
      "semantic": {
        "element": "标尺",
        "links": []
      },
      "ext": {
        "文字识别结果": [
          "2500"
        ]
      }
    },
    {
      "id": 24,
      "type": "polyline",
      "shape": "polyline",
      "coord": [
        [
          1671.3994140625,
          1192.7373046875
        ],
        [
          1709.3994140625,
          1192.7373046875
        ]
      ],
      "rotate": 0,
      "semantic": {
        "element": "标尺",
        "links": []
      },
      "ext": {
        "文字识别结果": [
          ""
        ]
      }
    },
    {
      "id": 25,
      "type": "polyline",
      "shape": "polyline",
      "coord": [
        [
          1679.3994140625,
          2250.7373046875
        ],
        [
          1709.3994140625,
          2250.7373046875
        ]
      ],
      "rotate": 0,
      "semantic": {
        "element": "标尺",
        "links": []
      },
      "ext": {
        "文字识别结果": [
          "20D"
        ]
      }
    },
    {
      "id": 26,
      "type": "polyline",
      "shape": "polyline",
      "coord": [
        [
          1457.3994140625,
          2638.7373046875
        ],
        [
          1679.3994140625,
          2638.7373046875
        ]
      ],
      "rotate": 0,
      "semantic": {
        "element": "标尺",
        "links": []
      },
      "ext": {
        "文字识别结果": [
          "1500"
        ]
      }
    },
    {
      "id": 27,
      "type": "polyline",
      "shape": "polyline",
      "coord": [
        [
          1679.3994140625,
          2638.7373046875
        ],
        [
          1709.3994140625,
          2638.7373046875
        ]
      ],
      "rotate": 0,
      "semantic": {
        "element": "标尺",
        "links": []
      },
      "ext": {
        "文字识别结果": [
          "200I*T*"
        ]
      }
    },
    {
      "id": 28,
      "type": "polyline",
      "shape": "polyline",
      "coord": [
        [
          1551.3994140625,
          1676.7373046875
        ],
        [
          1773.3994140625,
          1676.7373046875
        ]
      ],
      "rotate": 0,
      "semantic": {
        "element": "标尺",
        "links": []
      },
      "ext": {
        "文字识别结果": [
          ""
        ]
      }
    },
    {
      "id": 29,
      "type": "polyline",
      "shape": "polyline",
      "coord": [
        [
          1551.3994140625,
          2194.7373046875
        ],
        [
          1777.3994140625,
          2194.7373046875
        ]
      ],
      "rotate": 0,
      "semantic": {
        "element": "标尺",
        "links": []
      },
      "ext": {
        "文字识别结果": [
          ""
        ]
      }
    },
    {
      "id": 30,
      "type": "box",
      "shape": "rect",
      "coord": [
        [
          1673.3994140625,
          1232.7373046875
        ],
        [
          1709.3994140625,
          1260.7373046875
        ]
      ],
      "rotate": 0,
      "semantic": {
        "element": "柱子",
        "links": []
      },
      "ext": {}
    },
    {
      "id": 31,
      "type": "box",
      "shape": "rect",
      "coord": [
        [
          1681.3994140625,
          2096.7373046875
        ],
        [
          1709.3994140625,
          2194.7373046875
        ]
      ],
      "rotate": 0,
      "semantic": {
        "element": "柱子",
        "links": []
      },
      "ext": {}
    },
    {
      "id": 32,
      "type": "box",
      "shape": "rect",
      "coord": [
        [
          1428.3994140625,
          1506.7373046875
        ],
        [
          1507.3994140625,
          1592.7373046875
        ]
      ],
      "rotate": 0,
      "semantic": {
        "element": "机柜",
        "links": []
      },
      "ext": {
        "文字识别结果": [
          ""
        ],
        "门朝向": "right"
      }
    },
    {
      "id": 33,
      "type": "box",
      "shape": "rect",
      "coord": [
        [
          1428.3994140625,
          1854.7373046875
        ],
        [
          1507.3994140625,
          1940.7373046875
        ]
      ],
      "rotate": 0,
      "semantic": {
        "element": "机柜",
        "links": []
      },
      "ext": {
        "文字识别结果": [
          ""
        ],
        "门朝向": "right"
      }
    },
    {
      "id": 34,
      "type": "box",
      "shape": "rect",
      "coord": [
        [
          1340.3994140625,
          2253.7373046875
        ],
        [
          1373.3994140625,
          2326.7373046875
        ]
      ],
      "rotate": 0,
      "semantic": {
        "element": "普通设备",
        "links": []
      },
      "ext": {
        "文字识别结果": [
          ""
        ]
      }
    },
    {
      "id": 35,
      "type": "box",
      "shape": "rect",
      "coord": [
        [
          1377.3994140625,
          1232.7373046875
        ],
        [
          1413.3994140625,
          1244.7373046875
        ]
      ],
      "rotate": 0,
      "semantic": {
        "element": "普通设备",
        "links": []
      },
      "ext": {
        "文字识别结果": [
          ""
        ]
      }
    },
    {
      "id": 36,
      "type": "box",
      "shape": "rect",
      "coord": [
        [
          1309.3994140625,
          2564.7373046875
        ],
        [
          1457.3994140625,
          2594.7373046875
        ]
      ],
      "rotate": 0,
      "semantic": {
        "element": "普通设备",
        "links": []
      },
      "ext": {
        "文字识别结果": [
          ""
        ]
      }
    },
    {
      "id": 37,
      "type": "box",
      "shape": "rect",
      "coord": [
        [
          1429.3994140625,
          1232.7373046875
        ],
        [
          1459.3994140625,
          1252.7373046875
        ]
      ],
      "rotate": 0,
      "semantic": {
        "element": "普通设备",
        "links": []
      },
      "ext": {
        "文字识别结果": [
          ""
        ]
      }
    },
    {
      "id": 38,
      "type": "box",
      "shape": "rect",
      "coord": [
        [
          1429.3994140625,
          1766.7373046875
        ],
        [
          1506.3994140625,
          1854.7373046875
        ]
      ],
      "rotate": 0,
      "semantic": {
        "element": "普通设备",
        "links": []
      },
      "ext": {
        "文字识别结果": [
          ""
        ]
      }
    },
    {
      "id": 39,
      "type": "box",
      "shape": "rect",
      "coord": [
        [
          1449.3994140625,
          1350.7373046875
        ],
        [
          1507.3994140625,
          1418.7373046875
        ]
      ],
      "rotate": 0,
      "semantic": {
        "element": "普通设备",
        "links": []
      },
      "ext": {
        "文字识别结果": [
          "3"
        ],
        "表格匹配结果": [
          "3",
          "电源柜",
          "2000x450x450",
          "架",
          "1",
          "利"
        ]
      }
    },
    {
      "id": 40,
      "type": "box",
      "shape": "rect",
      "coord": [
        [
          1428.3994140625,
          1418.7373046875
        ],
        [
          1507.3994140625,
          1506.7373046875
        ]
      ],
      "rotate": 0,
      "semantic": {
        "element": "普通设备",
        "links": []
      },
      "ext": {
        "文字识别结果": [
          ""
        ]
      }
    },
    {
      "id": 41,
      "type": "box",
      "shape": "rect",
      "coord": [
        [
          1429.3994140625,
          1676.7373046875
        ],
        [
          1507.3994140625,
          1766.7373046875
        ]
      ],
      "rotate": 0,
      "semantic": {
        "element": "普通设备",
        "links": []
      },
      "ext": {
        "文字识别结果": [
          ""
        ]
      }
    },
    {
      "id": 42,
      "type": "box",
      "shape": "rect",
      "coord": [
        [
          1429.3994140625,
          1942.7373046875
        ],
        [
          1507.3994140625,
          2076.7373046875
        ]
      ],
      "rotate": 0,
      "semantic": {
        "element": "普通设备",
        "links": []
      },
      "ext": {
        "文字识别结果": [
          ""
        ]
      }
    },
    {
      "id": 43,
      "type": "box",
      "shape": "rect",
      "coord": [
        [
          1465.3994140625,
          1232.7373046875
        ],
        [
          1539.3994140625,
          1260.7373046875
        ]
      ],
      "rotate": 0,
      "semantic": {
        "element": "普通设备",
        "links": []
      },
      "ext": {
        "文字识别结果": [
          ""
        ]
      }
    },
    {
      "id": 44,
      "type": "box",
      "shape": "rect",
      "coord": [
        [
          1607.3994140625,
          1260.7373046875
        ],
        [
          1679.3994140625,
          1676.7373046875
        ]
      ],
      "rotate": 0,
      "semantic": {
        "element": "普通设备",
        "links": []
      },
      "ext": {
        "文字识别结果": [
          ""
        ]
      }
    },
    {
      "id": 45,
      "type": "box",
      "shape": "rect",
      "coord": [
        [
          1642.3994140625,
          2552.7373046875
        ],
        [
          1679.3994140625,
          2562.7373046875
        ]
      ],
      "rotate": 0,
      "semantic": {
        "element": "普通设备",
        "links": []
      },
      "ext": {
        "文字识别结果": [
          ""
        ]
      }
    },
    {
      "id": 46,
      "type": "box",
      "shape": "rect",
      "coord": [
        [
          1607.3994140625,
          1720.7373046875
        ],
        [
          1682.3994140625,
          2131.7373046875
        ]
      ],
      "rotate": 0,
      "semantic": {
        "element": "普通设备",
        "links": []
      },
      "ext": {
        "文字识别结果": [
          ""
        ]
      }
    },
    {
      "id": 47,
      "type": "box",
      "shape": "rect",
      "coord": [
        [
          1685.3994140625,
          1756.7373046875
        ],
        [
          1709.3994140625,
          1846.7373046875
        ]
      ],
      "rotate": 0,
      "semantic": {
        "element": "普通设备",
        "links": []
      },
      "ext": {
        "文字识别结果": [
          ""
        ]
      }
    },
    {
      "id": 48,
      "type": "box",
      "shape": "rect",
      "coord": [
        [
          1671.3994140625,
          2564.7373046875
        ],
        [
          1701.3994140625,
          2594.7373046875
        ]
      ],
      "rotate": 0,
      "semantic": {
        "element": "馈线洞",
        "links": []
      },
      "ext": {}
    },
    {
      "id": 49,
      "type": "box",
      "shape": "rect",
      "coord": [
        [
          1671.3994140625,
          2562.7373046875
        ],
        [
          1701.3994140625,
          2594.7373046875
        ]
      ],
      "rotate": 0,
      "semantic": {
        "element": "馈线洞",
        "links": []
      },
      "ext": {}
    },
    {
      "id": 50,
      "type": "polyline",
      "shape": "polyline",
      "coord": [
        [
          1553.3994140625,
          1230.7373046875
        ],
        [
          1553.3994140625,
          1348.7373046875
        ]
      ],
      "rotate": 0,
      "semantic": {
        "element": "标尺",
        "links": []
      },
      "ext": {
        "文字识别结果": [
          "800"
        ]
      }
    },
    {
      "id": 51,
      "type": "polyline",
      "shape": "polyline",
      "coord": [
        [
          1799.3994140625,
          1246.7373046875
        ],
        [
          1799.3994140625,
          2576.7373046875
        ]
      ],
      "rotate": 0,
      "semantic": {
        "element": "标尺",
        "links": []
      },
      "ext": {
        "文字识别结果": [
          "9000"
        ]
      }
    },
    {
      "id": 52,
      "type": "polyline",
      "shape": "polyline",
      "coord": [
        [
          1291.3994140625,
          2324.7373046875
        ],
        [
          1291.3994140625,
          2564.7373046875
        ]
      ],
      "rotate": 0,
      "semantic": {
        "element": "标尺",
        "links": []
      },
      "ext": {
        "文字识别结果": [
          "160p"
        ]
      }
    },
    {
      "id": 53,
      "type": "polyline",
      "shape": "polyline",
      "coord": [
        [
          1775.3994140625,
          2096.7373046875
        ],
        [
          1775.3994140625,
          2192.7373046875
        ]
      ],
      "rotate": 0,
      "semantic": {
        "element": "标尺",
        "links": []
      },
      "ext": {
        "文字识别结果": [
          "65"
        ]
      }
    },
    {
      "id": 54,
      "type": "polyline",
      "shape": "polyline",
      "coord": [
        [
          1775.3994140625,
          1230.7373046875
        ],
        [
          1775.3994140625,
          1260.7373046875
        ]
      ],
      "rotate": 0,
      "semantic": {
        "element": "标尺",
        "links": []
      },
      "ext": {
        "文字识别结果": [
          ""
        ]
      }
    },
    {
      "id": 55,
      "type": "polyline",
      "shape": "polyline",
      "coord": [
        [
          1553.3994140625,
          1348.7373046875
        ],
        [
          1553.3994140625,
          1416.7373046875
        ]
      ],
      "rotate": 0,
      "semantic": {
        "element": "标尺",
        "links": []
      },
      "ext": {
        "文字识别结果": [
          "450"
        ]
      }
    },
    {
      "id": 56,
      "type": "polyline",
      "shape": "polyline",
      "coord": [
        [
          1553.3994140625,
          1416.7373046875
        ],
        [
          1553.3994140625,
          1503.7373046875
        ]
      ],
      "rotate": 0,
      "semantic": {
        "element": "标尺",
        "links": []
      },
      "ext": {
        "文字识别结果": [
          "600"
        ]
      }
    },
    {
      "id": 57,
      "type": "polyline",
      "shape": "polyline",
      "coord": [
        [
          1553.3994140625,
          1503.7373046875
        ],
        [
          1553.3994140625,
          1594.7373046875
        ]
      ],
      "rotate": 0,
      "semantic": {
        "element": "标尺",
        "links": []
      },
      "ext": {
        "文字识别结果": [
          "600"
        ]
      }
    },
    {
      "id": 58,
      "type": "polyline",
      "shape": "polyline",
      "coord": [
        [
          1775.3994140625,
          1260.7373046875
        ],
        [
          1775.3994140625,
          1674.7373046875
        ]
      ],
      "rotate": 0,
      "semantic": {
        "element": "标尺",
        "links": []
      },
      "ext": {
        "文字识别结果": [
          "280p"
        ]
      }
    },
    {
      "id": 59,
      "type": "polyline",
      "shape": "polyline",
      "coord": [
        [
          1553.3994140625,
          1674.7373046875
        ],
        [
          1553.3994140625,
          1764.7373046875
        ]
      ],
      "rotate": 0,
      "semantic": {
        "element": "标尺",
        "links": []
      },
      "ext": {
        "文字识别结果": [
          "600"
        ]
      }
    },
    {
      "id": 60,
      "type": "polyline",
      "shape": "polyline",
      "coord": [
        [
          1553.3994140625,
          1594.7373046875
        ],
        [
          1553.3994140625,
          1674.7373046875
        ]
      ],
      "rotate": 0,
      "semantic": {
        "element": "标尺",
        "links": []
      },
      "ext": {
        "文字识别结果": [
          "550"
        ]
      }
    },
    {
      "id": 61,
      "type": "polyline",
      "shape": "polyline",
      "coord": [
        [
          1775.3994140625,
          1674.7373046875
        ],
        [
          1775.3994140625,
          1720.7373046875
        ]
      ],
      "rotate": 0,
      "semantic": {
        "element": "标尺",
        "links": []
      },
      "ext": {
        "文字识别结果": [
          ""
        ]
      }
    },
    {
      "id": 62,
      "type": "polyline",
      "shape": "polyline",
      "coord": [
        [
          1553.3994140625,
          1764.7373046875
        ],
        [
          1553.3994140625,
          1852.7373046875
        ]
      ],
      "rotate": 0,
      "semantic": {
        "element": "标尺",
        "links": []
      },
      "ext": {
        "文字识别结果": [
          "?600"
        ]
      }
    },
    {
      "id": 63,
      "type": "polyline",
      "shape": "polyline",
      "coord": [
        [
          1553.3994140625,
          1852.7373046875
        ],
        [
          1553.3994140625,
          1942.7373046875
        ]
      ],
      "rotate": 0,
      "semantic": {
        "element": "标尺",
        "links": []
      },
      "ext": {
        "文字识别结果": [
          "600"
        ]
      }
    },
    {
      "id": 64,
      "type": "polyline",
      "shape": "polyline",
      "coord": [
        [
          1553.3994140625,
          2074.7373046875
        ],
        [
          1553.3994140625,
          2103.7373046875
        ]
      ],
      "rotate": 0,
      "semantic": {
        "element": "标尺",
        "links": []
      },
      "ext": {
        "文字识别结果": [
          ""
        ]
      }
    },
    {
      "id": 65,
      "type": "polyline",
      "shape": "polyline",
      "coord": [
        [
          1553.3994140625,
          1942.7373046875
        ],
        [
          1553.3994140625,
          2074.7373046875
        ]
      ],
      "rotate": 0,
      "semantic": {
        "element": "标尺",
        "links": []
      },
      "ext": {
        "文字识别结果": [
          "900"
        ]
      }
    },
    {
      "id": 66,
      "type": "polyline",
      "shape": "polyline",
      "coord": [
        [
          1553.3994140625,
          2192.7373046875
        ],
        [
          1553.3994140625,
          2280.7373046875
        ]
      ],
      "rotate": 0,
      "semantic": {
        "element": "标尺",
        "links": []
      },
      "ext": {
        "文字识别结果": [
          "600"
        ]
      }
    },
    {
      "id": 67,
      "type": "polyline",
      "shape": "polyline",
      "coord": [
        [
          1553.3994140625,
          2103.7373046875
        ],
        [
          1553.3994140625,
          2192.7373046875
        ]
      ],
      "rotate": 0,
      "semantic": {
        "element": "标尺",
        "links": []
      },
      "ext": {
        "文字识别结果": [
          "600"
        ]
      }
    },
    {
      "id": 68,
      "type": "polyline",
      "shape": "polyline",
      "coord": [
        [
          1775.3994140625,
          2192.7373046875
        ],
        [
          1775.3994140625,
          2564.7373046875
        ]
      ],
      "rotate": 0,
      "semantic": {
        "element": "标尺",
        "links": []
      },
      "ext": {
        "文字识别结果": [
          "250p"
        ]
      }
    },
    {
      "id": 69,
      "type": "polyline",
      "shape": "polyline",
      "coord": [
        [
          1339.3994140625,
          1158.7373046875
        ],
        [
          1707.3994140625,
          1158.7373046875
        ]
      ],
      "rotate": 0,
      "semantic": {
        "element": "标尺",
        "links": []
      },
      "ext": {
        "文字识别结果": [
          "2500"
        ]
      }
    },
    {
      "id": 70,
      "type": "polyline",
      "shape": "polyline",
      "coord": [
        [
          1671.3994140625,
          1190.7373046875
        ],
        [
          1711.3994140625,
          1190.7373046875
        ]
      ],
      "rotate": 0,
      "semantic": {
        "element": "标尺",
        "links": []
      },
      "ext": {
        "文字识别结果": [
          ""
        ]
      }
    },
    {
      "id": 71,
      "type": "polyline",
      "shape": "polyline",
      "coord": [
        [
          1339.3994140625,
          1336.7373046875
        ],
        [
          1517.3994140625,
          1336.7373046875
        ]
      ],
      "rotate": 0,
      "semantic": {
        "element": "标尺",
        "links": []
      },
      "ext": {
        "文字识别结果": [
          "-1200"
        ]
      }
    },
    {
      "id": 72,
      "type": "polyline",
      "shape": "polyline",
      "coord": [
        [
          1679.3994140625,
          2252.7373046875
        ],
        [
          1707.3994140625,
          2252.7373046875
        ]
      ],
      "rotate": 0,
      "semantic": {
        "element": "标尺",
        "links": []
      },
      "ext": {
        "文字识别结果": [
          "20P"
        ]
      }
    },
    {
      "id": 73,
      "type": "polyline",
      "shape": "polyline",
      "coord": [
        [
          1457.3994140625,
          2636.7373046875
        ],
        [
          1679.3994140625,
          2636.7373046875
        ]
      ],
      "rotate": 0,
      "semantic": {
        "element": "标尺",
        "links": []
      },
      "ext": {
        "文字识别结果": [
          "1500"
        ]
      }
    },
    {
      "id": 74,
      "type": "polyline",
      "shape": "polyline",
      "coord": [
        [
          1679.3994140625,
          2640.7373046875
        ],
        [
          1710.3994140625,
          2640.7373046875
        ]
      ],
      "rotate": 0,
      "semantic": {
        "element": "标尺",
        "links": []
      },
      "ext": {
        "文字识别结果": [
          "200*T*"
        ]
      }
    },
    {
      "id": 75,
      "type": "polyline",
      "shape": "polyline",
      "coord": [
        [
          1553.3994140625,
          1674.7373046875
        ],
        [
          1775.3994140625,
          1674.7373046875
        ]
      ],
      "rotate": 0,
      "semantic": {
        "element": "标尺",
        "links": []
      },
      "ext": {
        "文字识别结果": [
          ""
        ]
      }
    },
    {
      "id": 76,
      "type": "polyline",
      "shape": "polyline",
      "coord": [
        [
          1553.3994140625,
          2192.7373046875
        ],
        [
          1775.3994140625,
          2192.7373046875
        ]
      ],
      "rotate": 0,
      "semantic": {
        "element": "标尺",
        "links": []
      },
      "ext": {
        "文字识别结果": [
          ""
        ]
      }
    },
    {
      "id": 77,
      "type": "box",
      "shape": "rect",
      "coord": [
        [
          1675.3994140625,
          1234.7373046875
        ],
        [
          1711.3994140625,
          1260.7373046875
        ]
      ],
      "rotate": 0,
      "semantic": {
        "element": "柱子",
        "links": []
      },
      "ext": {}
    },
    {
      "id": 78,
      "type": "box",
      "shape": "rect",
      "coord": [
        [
          1679.3994140625,
          2100.7373046875
        ],
        [
          1707.3994140625,
          2192.7373046875
        ]
      ],
      "rotate": 0,
      "semantic": {
        "element": "柱子",
        "links": []
      },
      "ext": {}
    },
    {
      "id": 79,
      "type": "box",
      "shape": "rect",
      "coord": [
        [
          1427.3994140625,
          2106.7373046875
        ],
        [
          1496.3994140625,
          2192.7373046875
        ]
      ],
      "rotate": 0,
      "semantic": {
        "element": "机柜",
        "links": []
      },
      "ext": {
        "文字识别结果": [
          "1"
        ],
        "门朝向": "right"
      }
    },
    {
      "id": 80,
      "type": "box",
      "shape": "rect",
      "coord": [
        [
          1429.3994140625,
          2192.7373046875
        ],
        [
          1497.3994140625,
          2280.7373046875
        ]
      ],
      "rotate": 0,
      "semantic": {
        "element": "机柜",
        "links": []
      },
      "ext": {
        "文字识别结果": [
          ""
        ],
        "门朝向": "right"
      }
    },
    {
      "id": 81,
      "type": "box",
      "shape": "rect",
      "coord": [
        [
          1449.3994140625,
          1348.7373046875
        ],
        [
          1505.3994140625,
          1416.7373046875
        ]
      ],
      "rotate": 0,
      "semantic": {
        "element": "机柜",
        "links": []
      },
      "ext": {
        "文字识别结果": [
          "3"
        ],
        "门朝向": "right",
        "表格匹配结果": [
          "3",
          "电源柜",
          "2000x450x450",
          "架",
          "1",
          "利"
        ]
      }
    },
    {
      "id": 82,
      "type": "box",
      "shape": "rect",
      "coord": [
        [
          1427.3994140625,
          1674.7373046875
        ],
        [
          1505.3994140625,
          1764.7373046875
        ]
      ],
      "rotate": 0,
      "semantic": {
        "element": "机柜",
        "links": []
      },
      "ext": {
        "文字识别结果": [
          ""
        ],
        "门朝向": "right"
      }
    },
    {
      "id": 83,
      "type": "box",
      "shape": "rect",
      "coord": [
        [
          1429.3994140625,
          1764.7373046875
        ],
        [
          1505.3994140625,
          1852.7373046875
        ]
      ],
      "rotate": 0,
      "semantic": {
        "element": "机柜",
        "links": []
      },
      "ext": {
        "文字识别结果": [
          ""
        ],
        "门朝向": "right"
      }
    },
    {
      "id": 84,
      "type": "box",
      "shape": "rect",
      "coord": [
        [
          1429.3994140625,
          1852.7373046875
        ],
        [
          1505.3994140625,
          1942.7373046875
        ]
      ],
      "rotate": 0,
      "semantic": {
        "element": "机柜",
        "links": []
      },
      "ext": {
        "文字识别结果": [
          ""
        ],
        "门朝向": "right"
      }
    },
    {
      "id": 85,
      "type": "box",
      "shape": "rect",
      "coord": [
        [
          1310.3994140625,
          2328.7373046875
        ],
        [
          1338.3994140625,
          2564.7373046875
        ]
      ],
      "rotate": 0,
      "semantic": {
        "element": "普通设备",
        "links": []
      },
      "ext": {
        "文字识别结果": [
          ""
        ]
      }
    },
    {
      "id": 86,
      "type": "box",
      "shape": "rect",
      "coord": [
        [
          1339.3994140625,
          2252.7373046875
        ],
        [
          1371.3994140625,
          2326.7373046875
        ]
      ],
      "rotate": 0,
      "semantic": {
        "element": "普通设备",
        "links": []
      },
      "ext": {
        "文字识别结果": [
          ""
        ]
      }
    },
    {
      "id": 87,
      "type": "box",
      "shape": "rect",
      "coord": [
        [
          1307.3994140625,
          2564.7373046875
        ],
        [
          1457.3994140625,
          2592.7373046875
        ]
      ],
      "rotate": 0,
      "semantic": {
        "element": "普通设备",
        "links": []
      },
      "ext": {
        "文字识别结果": [
          ""
        ]
      }
    },
    {
      "id": 88,
      "type": "box",
      "shape": "rect",
      "coord": [
        [
          1423.3994140625,
          1229.7373046875
        ],
        [
          1461.3994140625,
          1256.7373046875
        ]
      ],
      "rotate": 0,
      "semantic": {
        "element": "普通设备",
        "links": []
      },
      "ext": {
        "文字识别结果": [
          ""
        ]
      }
    },
    {
      "id": 89,
      "type": "box",
      "shape": "rect",
      "coord": [
        [
          1428.3994140625,
          1504.7373046875
        ],
        [
          1497.3994140625,
          1594.7373046875
        ]
      ],
      "rotate": 0,
      "semantic": {
        "element": "普通设备",
        "links": []
      },
      "ext": {
        "文字识别结果": [
          ""
        ]
      }
    },
    {
      "id": 90,
      "type": "box",
      "shape": "rect",
      "coord": [
        [
          1504.3994140625,
          1504.7373046875
        ],
        [
          1517.3994140625,
          1594.7373046875
        ]
      ],
      "rotate": 0,
      "semantic": {
        "element": "普通设备",
        "links": []
      },
      "ext": {
        "文字识别结果": [
          ""
        ]
      }
    },
    {
      "id": 91,
      "type": "box",
      "shape": "rect",
      "coord": [
        [
          1505.3994140625,
          1416.7373046875
        ],
        [
          1520.3994140625,
          1504.7373046875
        ]
      ],
      "rotate": 0,
      "semantic": {
        "element": "普通设备",
        "links": []
      },
      "ext": {
        "文字识别结果": [
          ""
        ]
      }
    },
    {
      "id": 92,
      "type": "box",
      "shape": "rect",
      "coord": [
        [
          1465.3994140625,
          1234.7373046875
        ],
        [
          1541.3994140625,
          1260.7373046875
        ]
      ],
      "rotate": 0,
      "semantic": {
        "element": "普通设备",
        "links": []
      },
      "ext": {
        "文字识别结果": [
          ""
        ]
      }
    },
    {
      "id": 93,
      "type": "box",
      "shape": "rect",
      "coord": [
        [
          1605.3994140625,
          1262.7373046875
        ],
        [
          1679.3994140625,
          1674.7373046875
        ]
      ],
      "rotate": 0,
      "semantic": {
        "element": "普通设备",
        "links": []
      },
      "ext": {
        "文字识别结果": [
          ""
        ]
      }
    },
    {
      "id": 94,
      "type": "box",
      "shape": "rect",
      "coord": [
        [
          1642.3994140625,
          2551.7373046875
        ],
        [
          1679.3994140625,
          2560.7373046875
        ]
      ],
      "rotate": 0,
      "semantic": {
        "element": "普通设备",
        "links": []
      },
      "ext": {
        "文字识别结果": [
          ""
        ]
      }
    },
    {
      "id": 95,
      "type": "box",
      "shape": "rect",
      "coord": [
        [
          1687.3994140625,
          1756.7373046875
        ],
        [
          1707.3994140625,
          1844.7373046875
        ]
      ],
      "rotate": 0,
      "semantic": {
        "element": "普通设备",
        "links": []
      },
      "ext": {
        "文字识别结果": [
          ""
        ]
      }
    },
    {
      "id": 96,
      "type": "box",
      "shape": "rect",
      "coord": [
        [
          1671.3994140625,
          2564.7373046875
        ],
        [
          1703.3994140625,
          2592.7373046875
        ]
      ],
      "rotate": 0,
      "semantic": {
        "element": "馈线洞",
        "links": []
      },
      "ext": {}
    },
    {
      "id": 98,
      "type": "other",
      "shape": "rect",
      "coord": [
        [
          1449.9736328125,
          2556.149658203125
        ],
        [
          1623.2431640625,
          2620.9482421875
        ]
      ],
      "rotate": 0,
      "semantic": {
        "element": "门",
        "links": []
      },
      "ext": {}
    },
    {
      "id": 99,
      "type": "other",
      "shape": "rect",
      "coord": [
        [
          375.1650390625,
          3005.07470703125
        ],
        [
          459.9290771484375,
          3040.46875
        ]
      ],
      "rotate": 0,
      "semantic": {
        "element": "图例小图",
        "links": [
          {
            "pair_id": 110,
            "label": "图例文字",
            "distance": 156.71734619140625
          }
        ]
      },
      "ext": {
        "图例归类": "原有设备"
      }
    },
    {
      "id": 100,
      "type": "other",
      "shape": "rect",
      "coord": [
        [
          375.637451171875,
          2933.474365234375
        ],
        [
          461.047607421875,
          2968.970703125
        ]
      ],
      "rotate": 0,
      "semantic": {
        "element": "图例小图",
        "links": [
          {
            "pair_id": 108,
            "label": "图例文字",
            "distance": 179.421875
          }
        ]
      },
      "ext": {
        "图例归类": "新增设备"
      }
    },
    {
      "id": 101,
      "type": "other",
      "shape": "rect",
      "coord": [
        [
          795.37451171875,
          3003.210693359375
        ],
        [
          881.7041015625,
          3035.106689453125
        ]
      ],
      "rotate": 0,
      "semantic": {
        "element": "图例小图",
        "links": [
          {
            "pair_id": 111,
            "label": "图例文字",
            "distance": 157.22509765625
          }
        ]
      },
      "ext": {
        "图例归类": "穿墙洞"
      }
    },
    {
      "id": 102,
      "type": "other",
      "shape": "rect",
      "coord": [
        [
          1100.95458984375,
          2934.74609375
        ],
        [
          1207.098388671875,
          2966.37841796875
        ]
      ],
      "rotate": 0,
      "semantic": {
        "element": "图例小图",
        "links": [
          {
            "pair_id": 109,
            "label": "图例文字",
            "distance": 146.2379150390625
          }
        ]
      },
      "ext": {
        "图例归类": "电力电缆"
      }
    },
    {
      "id": 103,
      "type": "other",
      "shape": "rect",
      "coord": [
        [
          821.458251953125,
          2937.572265625
        ],
        [
          894.44482421875,
          2966.865478515625
        ]
      ],
      "rotate": 0,
      "semantic": {
        "element": "图例小图",
        "links": [
          {
            "pair_id": 107,
            "label": "图例文字",
            "distance": 148.8128662109375
          }
        ]
      },
      "ext": {
        "图例归类": "未归类成功"
      }
    },
    {
      "id": 104,
      "type": "table",
      "shape": "rect",
      "coord": [
        [
          787.868896484375,
          2705.89453125
        ],
        [
          2077.828125,
          2877.7763671875
        ]
      ],
      "rotate": 0,
      "semantic": {
        "element": "物料表",
        "links": []
      },
      "ext": {
        "表格识别结果": [
          [
            "序号",
            "设备名称",
            "规格型号",
            "单位",
            "数量",
            "备注"
          ],
          [
            "1-2",
            "综合柜",
            "2000x600x600",
            "架",
            "2",
            "利综合柜，每架新增A1-10GE设备各一端"
          ],
          [
            "3",
            "电源柜",
            "2000x450x450",
            "架",
            "1",
            "利"
          ]
        ]
      }
    },
    {
      "id": 105,
      "type": "table",
      "shape": "rect",
      "coord": [
        [
          1594.98974609375,
          2926.3095703125
        ],
        [
          2931.11328125,
          3151.83935546875
        ]
      ],
      "rotate": 0,
      "semantic": {
        "element": "标题栏",
        "links": []
      },
      "ext": {
        "表格识别结果": [
          [
            "处主管",
            "审核人",
            "",
            "中讯邮电咨询设计院有限公司",
            ""
          ],
          [
            "总负责人",
            "单位",
            "",
            "",
            ""
          ],
          [
            "",
            "",
            "",
            "建正东中心机房设备布置平面图",
            ""
          ],
          [
            "单负责人",
            "比例",
            "1:50",
            "",
            ""
          ],
          [
            "设计人",
            "目期",
            "2020.03",
            "图号",
            "2019S1599（ZS-GSF-77"
          ]
        ]
      }
    },
    {
      "id": 106,
      "type": "other",
      "shape": "rect",
      "coord": [
        [
          186.764404296875,
          2835.535888671875
        ],
        [
          1414.312744140625,
          3090.01220703125
        ]
      ],
      "rotate": 0,
      "semantic": {
        "element": "图例",
        "links": []
      },
      "ext": {}
    },
    {
      "id": 107,
      "type": "other",
      "shape": "rect",
      "coord": [
        [
          945.764404296875,
          2937.535888671875
        ],
        [
          1067.764404296875,
          2967.535888671875
        ]
      ],
      "rotate": 0,
      "semantic": {
        "element": "图例文字",
        "links": []
      },
      "ext": {
        "文字识别结果": [
          "设备正面"
        ],
        "图例归类": "未归类成功"
      }
    },
    {
      "id": 108,
      "type": "other",
      "shape": "rect",
      "coord": [
        [
          505.764404296875,
          2938.535888671875
        ],
        [
          689.764404296875,
          2967.535888671875
        ]
      ],
      "rotate": 0,
      "semantic": {
        "element": "图例文字",
        "links": []
      },
      "ext": {
        "文字识别结果": [
          "本期安装设备"
        ],
        "图例归类": "新增设备"
      }
    },
    {
      "id": 109,
      "type": "other",
      "shape": "rect",
      "coord": [
        [
          1237.764404296875,
          2930.535888671875
        ],
        [
          1362.764404296875,
          2965.535888671875
        ]
      ],
      "rotate": 0,
      "semantic": {
        "element": "图例文字",
        "links": []
      },
      "ext": {
        "文字识别结果": [
          "电力电缆"
        ],
        "图例归类": "电力电缆"
      }
    },
    {
      "id": 110,
      "type": "other",
      "shape": "rect",
      "coord": [
        [
          513.764404296875,
          3008.535888671875
        ],
        [
          634.764404296875,
          3039.535888671875
        ]
      ],
      "rotate": 0,
      "semantic": {
        "element": "图例文字",
        "links": []
      },
      "ext": {
        "文字识别结果": [
          "原有设备"
        ],
        "图例归类": "原有设备"
      }
    },
    {
      "id": 111,
      "type": "other",
      "shape": "rect",
      "coord": [
        [
          949.764404296875,
          3000.535888671875
        ],
        [
          1041.764404296875,
          3031.535888671875
        ]
      ],
      "rotate": 0,
      "semantic": {
        "element": "图例文字",
        "links": []
      },
      "ext": {
        "文字识别结果": [
          "穿墙洞"
        ],
        "图例归类": "穿墙洞"
      }
    },
    {
      "id": 112,
      "type": "other",
      "shape": "rect",
      "coord": [
        [
          2653.0537109375,
          1151.400634765625
        ],
        [
          2738.12744140625,
          1294.9859619140625
        ]
      ],
      "rotate": 0,
      "semantic": {
        "element": "建北磁北(夹角)",
        "links": []
      },
      "ext": {
        "文字识别结果": [
          "N"
        ],
        "文字位置": [
          [
            [
              2684.0537109375,
              1156.400634765625
            ],
            [
              2707.0537109375,
              1180.400634765625
            ]
          ]
        ],
        "顶点位置": [
          [
            2698.740524124313,
            1181.666259765625
          ],
          [
            2698.740524124313,
            1241.931884765625
          ]
        ]
      }
    }
  ]
}