{
  "info": {
    "像素面积": {
      "全部面积": 6847164.0,
      "设备面积": 419700.0,
      "剩余面积": 6427464.0
    },
    "图纸信息": {
      "类型": "机房",
      "名称": "176.png"
    }
  },
  "obj": [
    {
      "id": 1,
      "type": "outline",
      "shape": "polyline",
      "coord": [
        [
          171.9473876953125,
          2461.787353515625
        ],
        [
          204.9473876953125,
          2465.787353515625
        ],
        [
          172.9473876953125,
          1343.787353515625
        ],
        [
          2842.9473876953125,
          1343.787353515625
        ],
        [
          2842.9473876953125,
          2551.787353515625
        ],
        [
          172.9473876953125,
          2551.787353515625
        ],
        [
          2842.9473876953125,
          2551.787353515625
        ],
        [
          200.9473876953125,
          2523.787353515625
        ],
        [
          2814.9473876953125,
          2523.787353515625
        ],
        [
          172.9473876953125,
          2239.787353515625
        ],
        [
          200.9473876953125,
          2243.787353515625
        ],
        [
          204.9473876953125,
          1371.787353515625
        ],
        [
          2814.9473876953125,
          1371.787353515625
        ],
        [
          2814.9473876953125,
          2523.787353515625
        ],
        [
          172.9473876953125,
          1343.787353515625
        ],
        [
          172.9473876953125,
          2243.787353515625
        ],
        [
          200.9473876953125,
          1371.787353515625
        ],
        [
          204.9473876953125,
          2239.787353515625
        ],
        [
          172.9473876953125,
          2465.787353515625
        ],
        [
          171.9473876953125,
          2551.787353515625
        ],
        [
          200.9473876953125,
          2461.787353515625
        ],
        [
          204.9473876953125,
          2523.787353515625
        ]
      ],
      "rotate": 0,
      "semantic": {
        "element": "墙轮廓",
        "path": [
          "0, 1",
          "2, 3, 4",
          "5, 6",
          "7, 8",
          "9, 10",
          "11, 12, 13",
          "14, 15",
          "16, 17",
          "18, 19",
          "20, 21"
        ],
        "links": []
      },
      "ext": {}
    },
    {
      "id": 2,
      "type": "outline",
      "shape": "polyline",
      "coord": [
        [
          173.0,
          2465.787353515625
        ],
        [
          201.0,
          2464.787353515625
        ],
        [
          202.0,
          2521.787353515625
        ],
        [
          2816.0,
          2521.787353515625
        ],
        [
          174.0,
          2239.787353515625
        ],
        [
          202.0,
          2238.787353515625
        ],
        [
          202.0,
          1369.787353515625
        ],
        [
          2812.0,
          1373.787353515625
        ],
        [
          170.0,
          2553.787353515625
        ],
        [
          2844.0,
          2553.787353515625
        ],
        [
          170.0,
          1341.787353515625
        ],
        [
          2844.0,
          1341.787353515625
        ],
        [
          2844.0,
          2553.787353515625
        ],
        [
          174.0,
          1341.787353515625
        ],
        [
          170.0,
          2238.787353515625
        ],
        [
          2816.0,
          1369.787353515625
        ],
        [
          2812.0,
          2521.787353515625
        ],
        [
          202.0,
          1373.787353515625
        ],
        [
          202.0,
          2239.787353515625
        ],
        [
          170.0,
          2464.787353515625
        ],
        [
          173.0,
          2553.787353515625
        ],
        [
          202.0,
          2465.787353515625
        ],
        [
          201.0,
          2521.787353515625
        ]
      ],
      "rotate": 0,
      "semantic": {
        "element": "墙轮廓",
        "path": [
          "0, 1",
          "2, 3",
          "4, 5",
          "6, 7",
          "8, 9",
          "10, 11, 12",
          "13, 14",
          "15, 16",
          "17, 18",
          "19, 20",
          "21, 22"
        ],
        "links": []
      },
      "ext": {}
    },
    {
      "id": 2,
      "type": "polyline",
      "shape": "polyline",
      "coord": [
        [
          354.9473876953125,
          1371.787353515625
        ],
        [
          354.9473876953125,
          1513.787353515625
        ]
      ],
      "rotate": 0,
      "semantic": {
        "element": "标尺",
        "links": []
      },
      "ext": {
        "文字识别结果": [
          "964"
        ]
      }
    },
    {
      "id": 3,
      "type": "polyline",
      "shape": "polyline",
      "coord": [
        [
          1520.9473876953125,
          1371.787353515625
        ],
        [
          1520.9473876953125,
          1541.787353515625
        ]
      ],
      "rotate": 0,
      "semantic": {
        "element": "标尺",
        "links": []
      },
      "ext": {
        "文字识别结果": [
          ""
        ]
      }
    },
    {
      "id": 4,
      "type": "polyline",
      "shape": "polyline",
      "coord": [
        [
          1724.9473876953125,
          1339.787353515625
        ],
        [
          1724.9473876953125,
          1481.787353515625
        ]
      ],
      "rotate": 0,
      "semantic": {
        "element": "标尺",
        "links": []
      },
      "ext": {
        "文字识别结果": [
          "5"
        ]
      }
    },
    {
      "id": 5,
      "type": "polyline",
      "shape": "polyline",
      "coord": [
        [
          2216.9473876953125,
          1481.787353515625
        ],
        [
          2216.9473876953125,
          2103.787353515625
        ]
      ],
      "rotate": 0,
      "semantic": {
        "element": "标尺",
        "links": []
      },
      "ext": {
        "文字识别结果": [
          "4200"
        ]
      }
    },
    {
      "id": 6,
      "type": "polyline",
      "shape": "polyline",
      "coord": [
        [
          1306.9473876953125,
          1855.787353515625
        ],
        [
          1306.9473876953125,
          1945.787353515625
        ]
      ],
      "rotate": 0,
      "semantic": {
        "element": "标尺",
        "links": []
      },
      "ext": {
        "文字识别结果": [
          ""
        ]
      }
    },
    {
      "id": 7,
      "type": "polyline",
      "shape": "polyline",
      "coord": [
        [
          132.9473876953125,
          2243.787353515625
        ],
        [
          132.9473876953125,
          2465.787353515625
        ]
      ],
      "rotate": 0,
      "semantic": {
        "element": "标尺",
        "links": []
      },
      "ext": {
        "文字识别结果": [
          ""
        ]
      }
    },
    {
      "id": 8,
      "type": "polyline",
      "shape": "polyline",
      "coord": [
        [
          1860.9473876953125,
          1423.787353515625
        ],
        [
          1860.9473876953125,
          2595.787353515625
        ]
      ],
      "rotate": 0,
      "semantic": {
        "element": "标尺",
        "links": []
      },
      "ext": {
        "文字识别结果": [
          ""
        ]
      }
    },
    {
      "id": 9,
      "type": "polyline",
      "shape": "polyline",
      "coord": [
        [
          2098.9473876953125,
          1423.787353515625
        ],
        [
          2098.9473876953125,
          2595.787353515625
        ]
      ],
      "rotate": 0,
      "semantic": {
        "element": "标尺",
        "links": []
      },
      "ext": {
        "文字识别结果": [
          ""
        ]
      }
    },
    {
      "id": 10,
      "type": "polyline",
      "shape": "polyline",
      "coord": [
        [
          2006.9473876953125,
          1423.787353515625
        ],
        [
          2006.9473876953125,
          2595.787353515625
        ]
      ],
      "rotate": 0,
      "semantic": {
        "element": "标尺",
        "links": []
      },
      "ext": {
        "文字识别结果": [
          ""
        ]
      }
    },
    {
      "id": 11,
      "type": "polyline",
      "shape": "polyline",
      "coord": [
        [
          354.9473876953125,
          1513.787353515625
        ],
        [
          354.9473876953125,
          1985.787353515625
        ]
      ],
      "rotate": 0,
      "semantic": {
        "element": "标尺",
        "links": []
      },
      "ext": {
        "文字识别结果": [
          ""
        ]
      }
    },
    {
      "id": 12,
      "type": "polyline",
      "shape": "polyline",
      "coord": [
        [
          1520.9473876953125,
          1541.787353515625
        ],
        [
          1520.9473876953125,
          1673.787353515625
        ]
      ],
      "rotate": 0,
      "semantic": {
        "element": "标尺",
        "links": []
      },
      "ext": {
        "文字识别结果": [
          ""
        ]
      }
    },
    {
      "id": 13,
      "type": "polyline",
      "shape": "polyline",
      "coord": [
        [
          1722.9473876953125,
          1481.787353515625
        ],
        [
          1722.9473876953125,
          2191.787353515625
        ]
      ],
      "rotate": 0,
      "semantic": {
        "element": "标尺",
        "links": []
      },
      "ext": {
        "文字识别结果": [
          "480"
        ]
      }
    },
    {
      "id": 14,
      "type": "polyline",
      "shape": "polyline",
      "coord": [
        [
          1306.9473876953125,
          1945.787353515625
        ],
        [
          1306.9473876953125,
          2033.787353515625
        ]
      ],
      "rotate": 0,
      "semantic": {
        "element": "标尺",
        "links": []
      },
      "ext": {
        "文字识别结果": [
          ""
        ]
      }
    },
    {
      "id": 15,
      "type": "polyline",
      "shape": "polyline",
      "coord": [
        [
          1306.9473876953125,
          2033.787353515625
        ],
        [
          1306.9473876953125,
          2123.787353515625
        ]
      ],
      "rotate": 0,
      "semantic": {
        "element": "标尺",
        "links": []
      },
      "ext": {
        "文字识别结果": [
          ""
        ]
      }
    },
    {
      "id": 16,
      "type": "polyline",
      "shape": "polyline",
      "coord": [
        [
          1306.9473876953125,
          2123.787353515625
        ],
        [
          1306.9473876953125,
          2211.787353515625
        ]
      ],
      "rotate": 0,
      "semantic": {
        "element": "标尺",
        "links": []
      },
      "ext": {
        "文字识别结果": [
          ""
        ]
      }
    },
    {
      "id": 17,
      "type": "polyline",
      "shape": "polyline",
      "coord": [
        [
          1308.9473876953125,
          2211.787353515625
        ],
        [
          1308.9473876953125,
          2299.787353515625
        ]
      ],
      "rotate": 0,
      "semantic": {
        "element": "标尺",
        "links": []
      },
      "ext": {
        "文字识别结果": [
          ""
        ]
      }
    },
    {
      "id": 18,
      "type": "polyline",
      "shape": "polyline",
      "coord": [
        [
          1308.9473876953125,
          2299.787353515625
        ],
        [
          1308.9473876953125,
          2523.787353515625
        ]
      ],
      "rotate": 0,
      "semantic": {
        "element": "标尺",
        "links": []
      },
      "ext": {
        "文字识别结果": [
          ""
        ]
      }
    },
    {
      "id": 19,
      "type": "polyline",
      "shape": "polyline",
      "coord": [
        [
          132.9473876953125,
          2465.787353515625
        ],
        [
          132.9473876953125,
          2523.787353515625
        ]
      ],
      "rotate": 0,
      "semantic": {
        "element": "标尺",
        "links": []
      },
      "ext": {
        "文字识别结果": [
          "00"
        ]
      }
    },
    {
      "id": 20,
      "type": "polyline",
      "shape": "polyline",
      "coord": [
        [
          1586.9473876953125,
          1319.787353515625
        ],
        [
          1630.9473876953125,
          1319.787353515625
        ]
      ],
      "rotate": 0,
      "semantic": {
        "element": "标尺",
        "links": []
      },
      "ext": {
        "文字识别结果": [
          ""
        ]
      }
    },
    {
      "id": 21,
      "type": "polyline",
      "shape": "polyline",
      "coord": [
        [
          1772.9473876953125,
          1423.787353515625
        ],
        [
          1860.9473876953125,
          1423.787353515625
        ]
      ],
      "rotate": 0,
      "semantic": {
        "element": "标尺",
        "links": []
      },
      "ext": {
        "文字识别结果": [
          "z600"
        ]
      }
    },
    {
      "id": 22,
      "type": "polyline",
      "shape": "polyline",
      "coord": [
        [
          204.9473876953125,
          2065.787353515625
        ],
        [
          414.9473876953125,
          2065.787353515625
        ]
      ],
      "rotate": 0,
      "semantic": {
        "element": "标尺",
        "links": []
      },
      "ext": {
        "文字识别结果": [
          "1439"
        ]
      }
    },
    {
      "id": 23,
      "type": "polyline",
      "shape": "polyline",
      "coord": [
        [
          1436.9473876953125,
          2341.787353515625
        ],
        [
          1585.9473876953125,
          2341.787353515625
        ]
      ],
      "rotate": 0,
      "semantic": {
        "element": "标尺",
        "links": []
      },
      "ext": {
        "文字识别结果": [
          "x1000"
        ]
      }
    },
    {
      "id": 24,
      "type": "polyline",
      "shape": "polyline",
      "coord": [
        [
          1772.9473876953125,
          2595.787353515625
        ],
        [
          1860.9473876953125,
          2595.787353515625
        ]
      ],
      "rotate": 0,
      "semantic": {
        "element": "标尺",
        "links": []
      },
      "ext": {
        "文字识别结果": [
          "z600"
        ]
      }
    },
    {
      "id": 25,
      "type": "polyline",
      "shape": "polyline",
      "coord": [
        [
          1860.9473876953125,
          1423.787353515625
        ],
        [
          2006.9473876953125,
          1423.787353515625
        ]
      ],
      "rotate": 0,
      "semantic": {
        "element": "标尺",
        "links": []
      },
      "ext": {
        "文字识别结果": [
          "LT1000"
        ]
      }
    },
    {
      "id": 26,
      "type": "polyline",
      "shape": "polyline",
      "coord": [
        [
          2098.9473876953125,
          1423.787353515625
        ],
        [
          2814.9473876953125,
          1423.787353515625
        ]
      ],
      "rotate": 0,
      "semantic": {
        "element": "标尺",
        "links": []
      },
      "ext": {
        "文字识别结果": [
          "4844"
        ]
      }
    },
    {
      "id": 27,
      "type": "polyline",
      "shape": "polyline",
      "coord": [
        [
          2006.9473876953125,
          1423.787353515625
        ],
        [
          2098.9473876953125,
          1423.787353515625
        ]
      ],
      "rotate": 0,
      "semantic": {
        "element": "标尺",
        "links": []
      },
      "ext": {
        "文字识别结果": [
          "600"
        ]
      }
    },
    {
      "id": 28,
      "type": "polyline",
      "shape": "polyline",
      "coord": [
        [
          414.9473876953125,
          2065.787353515625
        ],
        [
          502.9473876953125,
          2065.787353515625
        ]
      ],
      "rotate": 0,
      "semantic": {
        "element": "标尺",
        "links": []
      },
      "ext": {
        "文字识别结果": [
          "60p"
        ]
      }
    },
    {
      "id": 29,
      "type": "polyline",
      "shape": "polyline",
      "coord": [
        [
          1860.9473876953125,
          2595.787353515625
        ],
        [
          2006.9473876953125,
          2595.787353515625
        ]
      ],
      "rotate": 0,
      "semantic": {
        "element": "标尺",
        "links": []
      },
      "ext": {
        "文字识别结果": [
          "LL1000"
        ]
      }
    },
    {
      "id": 30,
      "type": "polyline",
      "shape": "polyline",
      "coord": [
        [
          2098.9473876953125,
          2595.787353515625
        ],
        [
          2814.9473876953125,
          2595.787353515625
        ]
      ],
      "rotate": 0,
      "semantic": {
        "element": "标尺",
        "links": []
      },
      "ext": {
        "文字识别结果": [
          "4844"
        ]
      }
    },
    {
      "id": 31,
      "type": "polyline",
      "shape": "polyline",
      "coord": [
        [
          2006.9473876953125,
          2595.787353515625
        ],
        [
          2098.9473876953125,
          2595.787353515625
        ]
      ],
      "rotate": 0,
      "semantic": {
        "element": "标尺",
        "links": []
      },
      "ext": {
        "文字识别结果": [
          "L600"
        ]
      }
    },
    {
      "id": 32,
      "type": "box",
      "shape": "rect",
      "coord": [
        [
          414.9473876953125,
          1513.787353515625
        ],
        [
          502.9473876953125,
          1985.787353515625
        ]
      ],
      "rotate": 0,
      "semantic": {
        "element": "普通设备",
        "links": []
      },
      "ext": {
        "文字识别结果": [
          "备"
        ]
      }
    },
    {
      "id": 33,
      "type": "box",
      "shape": "rect",
      "coord": [
        [
          1348.9473876953125,
          1855.787353515625
        ],
        [
          1436.9473876953125,
          1945.787353515625
        ]
      ],
      "rotate": 0,
      "semantic": {
        "element": "普通设备",
        "links": []
      },
      "ext": {
        "文字识别结果": [
          "1"
        ],
        "表格匹配结果": [
          "1",
          "综合柜",
          "2000x600x600",
          "架",
          "1",
          "利旧综合柜，新增A1-10GE设备一端"
        ]
      }
    },
    {
      "id": 34,
      "type": "box",
      "shape": "rect",
      "coord": [
        [
          1348.9473876953125,
          1945.787353515625
        ],
        [
          1436.9473876953125,
          2033.787353515625
        ]
      ],
      "rotate": 0,
      "semantic": {
        "element": "普通设备",
        "links": []
      },
      "ext": {
        "文字识别结果": [
          ""
        ]
      }
    },
    {
      "id": 35,
      "type": "box",
      "shape": "rect",
      "coord": [
        [
          1348.9473876953125,
          2033.787353515625
        ],
        [
          1436.9473876953125,
          2123.787353515625
        ]
      ],
      "rotate": 0,
      "semantic": {
        "element": "普通设备",
        "links": []
      },
      "ext": {
        "文字识别结果": [
          ""
        ]
      }
    },
    {
      "id": 36,
      "type": "box",
      "shape": "rect",
      "coord": [
        [
          1348.9473876953125,
          2123.787353515625
        ],
        [
          1436.9473876953125,
          2211.787353515625
        ]
      ],
      "rotate": 0,
      "semantic": {
        "element": "普通设备",
        "links": []
      },
      "ext": {
        "文字识别结果": [
          ""
        ]
      }
    },
    {
      "id": 37,
      "type": "box",
      "shape": "rect",
      "coord": [
        [
          1348.9473876953125,
          2211.787353515625
        ],
        [
          1436.9473876953125,
          2299.787353515625
        ]
      ],
      "rotate": 0,
      "semantic": {
        "element": "普通设备",
        "links": []
      },
      "ext": {
        "文字识别结果": [
          "2"
        ],
        "表格匹配结果": [
          "2",
          "电源柜",
          "2000x600x600",
          "架",
          "1",
          "利"
        ]
      }
    },
    {
      "id": 38,
      "type": "box",
      "shape": "rect",
      "coord": [
        [
          1586.9473876953125,
          1541.787353515625
        ],
        [
          1630.9473876953125,
          1671.787353515625
        ]
      ],
      "rotate": 0,
      "semantic": {
        "element": "普通设备",
        "links": []
      },
      "ext": {
        "文字识别结果": [
          ""
        ]
      }
    },
    {
      "id": 39,
      "type": "box",
      "shape": "rect",
      "coord": [
        [
          1586.9473876953125,
          1855.787353515625
        ],
        [
          1674.9473876953125,
          1945.787353515625
        ]
      ],
      "rotate": 0,
      "semantic": {
        "element": "普通设备",
        "links": []
      },
      "ext": {
        "文字识别结果": [
          ""
        ]
      }
    },
    {
      "id": 40,
      "type": "box",
      "shape": "rect",
      "coord": [
        [
          1586.9473876953125,
          1945.787353515625
        ],
        [
          1674.9473876953125,
          2033.787353515625
        ]
      ],
      "rotate": 0,
      "semantic": {
        "element": "普通设备",
        "links": []
      },
      "ext": {
        "文字识别结果": [
          ""
        ]
      }
    },
    {
      "id": 41,
      "type": "box",
      "shape": "rect",
      "coord": [
        [
          1586.9473876953125,
          2033.787353515625
        ],
        [
          1674.9473876953125,
          2123.787353515625
        ]
      ],
      "rotate": 0,
      "semantic": {
        "element": "普通设备",
        "links": []
      },
      "ext": {
        "文字识别结果": [
          ""
        ]
      }
    },
    {
      "id": 42,
      "type": "box",
      "shape": "rect",
      "coord": [
        [
          1586.9473876953125,
          2123.787353515625
        ],
        [
          1674.9473876953125,
          2211.787353515625
        ]
      ],
      "rotate": 0,
      "semantic": {
        "element": "普通设备",
        "links": []
      },
      "ext": {
        "文字识别结果": [
          ""
        ]
      }
    },
    {
      "id": 43,
      "type": "box",
      "shape": "rect",
      "coord": [
        [
          1586.9473876953125,
          2211.787353515625
        ],
        [
          1674.9473876953125,
          2299.787353515625
        ]
      ],
      "rotate": 0,
      "semantic": {
        "element": "普通设备",
        "links": []
      },
      "ext": {
        "文字识别结果": [
          ""
        ]
      }
    },
    {
      "id": 44,
      "type": "box",
      "shape": "rect",
      "coord": [
        [
          2006.9473876953125,
          1483.787353515625
        ],
        [
          2098.9473876953125,
          2103.787353515625
        ]
      ],
      "rotate": 0,
      "semantic": {
        "element": "普通设备",
        "links": []
      },
      "ext": {
        "文字识别结果": [
          ""
        ]
      }
    },
    {
      "id": 45,
      "type": "box",
      "shape": "rect",
      "coord": [
        [
          1524.9473876953125,
          2497.787353515625
        ],
        [
          1570.9473876953125,
          2523.787353515625
        ]
      ],
      "rotate": 0,
      "semantic": {
        "element": "馈线洞",
        "links": []
      },
      "ext": {}
    },
    {
      "id": 46,
      "type": "box",
      "shape": "rect",
      "coord": [
        [
          1526.9473876953125,
          2497.787353515625
        ],
        [
          1570.9473876953125,
          2523.787353515625
        ]
      ],
      "rotate": 0,
      "semantic": {
        "element": "馈线洞",
        "links": []
      },
      "ext": {}
    },
    {
      "id": 47,
      "type": "box",
      "shape": "rect",
      "coord": [
        [
          1524.9473876953125,
          2499.787353515625
        ],
        [
          1570.9473876953125,
          2523.787353515625
        ]
      ],
      "rotate": 0,
      "semantic": {
        "element": "馈线洞",
        "links": []
      },
      "ext": {}
    },
    {
      "id": 48,
      "type": "box",
      "shape": "rect",
      "coord": [
        [
          1526.9473876953125,
          2499.787353515625
        ],
        [
          1570.9473876953125,
          2523.787353515625
        ]
      ],
      "rotate": 0,
      "semantic": {
        "element": "馈线洞",
        "links": []
      },
      "ext": {}
    },
    {
      "id": 49,
      "type": "polyline",
      "shape": "polyline",
      "coord": [
        [
          356.0,
          1373.787353515625
        ],
        [
          356.0,
          1515.787353515625
        ]
      ],
      "rotate": 0,
      "semantic": {
        "element": "标尺",
        "links": []
      },
      "ext": {
        "文字识别结果": [
          "964"
        ]
      }
    },
    {
      "id": 50,
      "type": "polyline",
      "shape": "polyline",
      "coord": [
        [
          1520.0,
          1373.787353515625
        ],
        [
          1520.0,
          1543.787353515625
        ]
      ],
      "rotate": 0,
      "semantic": {
        "element": "标尺",
        "links": []
      },
      "ext": {
        "文字识别结果": [
          ""
        ]
      }
    },
    {
      "id": 51,
      "type": "polyline",
      "shape": "polyline",
      "coord": [
        [
          1726.0,
          1340.787353515625
        ],
        [
          1726.0,
          1483.787353515625
        ]
      ],
      "rotate": 0,
      "semantic": {
        "element": "标尺",
        "links": []
      },
      "ext": {
        "文字识别结果": [
          ""
        ]
      }
    },
    {
      "id": 52,
      "type": "polyline",
      "shape": "polyline",
      "coord": [
        [
          2214.0,
          1483.787353515625
        ],
        [
          2214.0,
          2105.787353515625
        ]
      ],
      "rotate": 0,
      "semantic": {
        "element": "标尺",
        "links": []
      },
      "ext": {
        "文字识别结果": [
          "4200"
        ]
      }
    },
    {
      "id": 53,
      "type": "polyline",
      "shape": "polyline",
      "coord": [
        [
          1306.0,
          1855.787353515625
        ],
        [
          1306.0,
          1947.787353515625
        ]
      ],
      "rotate": 0,
      "semantic": {
        "element": "标尺",
        "links": []
      },
      "ext": {
        "文字识别结果": [
          "009"
        ]
      }
    },
    {
      "id": 54,
      "type": "polyline",
      "shape": "polyline",
      "coord": [
        [
          130.0,
          2241.787353515625
        ],
        [
          130.0,
          2461.787353515625
        ]
      ],
      "rotate": 0,
      "semantic": {
        "element": "标尺",
        "links": []
      },
      "ext": {
        "文字识别结果": [
          ""
        ]
      }
    },
    {
      "id": 55,
      "type": "polyline",
      "shape": "polyline",
      "coord": [
        [
          1858.0,
          1421.787353515625
        ],
        [
          1858.0,
          2597.787353515625
        ]
      ],
      "rotate": 0,
      "semantic": {
        "element": "标尺",
        "links": []
      },
      "ext": {
        "文字识别结果": [
          ""
        ]
      }
    },
    {
      "id": 56,
      "type": "polyline",
      "shape": "polyline",
      "coord": [
        [
          2096.0,
          1421.787353515625
        ],
        [
          2096.0,
          2597.787353515625
        ]
      ],
      "rotate": 0,
      "semantic": {
        "element": "标尺",
        "links": []
      },
      "ext": {
        "文字识别结果": [
          ""
        ]
      }
    },
    {
      "id": 57,
      "type": "polyline",
      "shape": "polyline",
      "coord": [
        [
          2008.0,
          1423.787353515625
        ],
        [
          2008.0,
          2597.787353515625
        ]
      ],
      "rotate": 0,
      "semantic": {
        "element": "标尺",
        "links": []
      },
      "ext": {
        "文字识别结果": [
          ""
        ]
      }
    },
    {
      "id": 58,
      "type": "polyline",
      "shape": "polyline",
      "coord": [
        [
          356.0,
          1515.787353515625
        ],
        [
          356.0,
          1987.787353515625
        ]
      ],
      "rotate": 0,
      "semantic": {
        "element": "标尺",
        "links": []
      },
      "ext": {
        "文字识别结果": [
          ""
        ]
      }
    },
    {
      "id": 59,
      "type": "polyline",
      "shape": "polyline",
      "coord": [
        [
          1520.0,
          1543.787353515625
        ],
        [
          1520.0,
          1673.787353515625
        ]
      ],
      "rotate": 0,
      "semantic": {
        "element": "标尺",
        "links": []
      },
      "ext": {
        "文字识别结果": [
          ""
        ]
      }
    },
    {
      "id": 60,
      "type": "polyline",
      "shape": "polyline",
      "coord": [
        [
          1726.0,
          1483.787353515625
        ],
        [
          1726.0,
          2193.787353515625
        ]
      ],
      "rotate": 0,
      "semantic": {
        "element": "标尺",
        "links": []
      },
      "ext": {
        "文字识别结果": [
          "4800"
        ]
      }
    },
    {
      "id": 61,
      "type": "polyline",
      "shape": "polyline",
      "coord": [
        [
          1306.0,
          1947.787353515625
        ],
        [
          1306.0,
          2033.787353515625
        ]
      ],
      "rotate": 0,
      "semantic": {
        "element": "标尺",
        "links": []
      },
      "ext": {
        "文字识别结果": [
          "C¥600"
        ]
      }
    },
    {
      "id": 62,
      "type": "polyline",
      "shape": "polyline",
      "coord": [
        [
          1306.0,
          2033.787353515625
        ],
        [
          1306.0,
          2125.787353515625
        ]
      ],
      "rotate": 0,
      "semantic": {
        "element": "标尺",
        "links": []
      },
      "ext": {
        "文字识别结果": [
          "6.oog*"
        ]
      }
    },
    {
      "id": 63,
      "type": "polyline",
      "shape": "polyline",
      "coord": [
        [
          1306.0,
          2213.787353515625
        ],
        [
          1306.0,
          2299.787353515625
        ]
      ],
      "rotate": 0,
      "semantic": {
        "element": "标尺",
        "links": []
      },
      "ext": {
        "文字识别结果": [
          "6009"
        ]
      }
    },
    {
      "id": 64,
      "type": "polyline",
      "shape": "polyline",
      "coord": [
        [
          1306.0,
          2125.787353515625
        ],
        [
          1306.0,
          2213.787353515625
        ]
      ],
      "rotate": 0,
      "semantic": {
        "element": "标尺",
        "links": []
      },
      "ext": {
        "文字识别结果": [
          "6.00g*"
        ]
      }
    },
    {
      "id": 65,
      "type": "polyline",
      "shape": "polyline",
      "coord": [
        [
          1306.0,
          2299.787353515625
        ],
        [
          1306.0,
          2521.787353515625
        ]
      ],
      "rotate": 0,
      "semantic": {
        "element": "标尺",
        "links": []
      },
      "ext": {
        "文字识别结果": [
          ""
        ]
      }
    },
    {
      "id": 66,
      "type": "polyline",
      "shape": "polyline",
      "coord": [
        [
          1310.0,
          2215.787353515625
        ],
        [
          1310.0,
          2299.787353515625
        ]
      ],
      "rotate": 0,
      "semantic": {
        "element": "标尺",
        "links": []
      },
      "ext": {
        "文字识别结果": [
          "600"
        ]
      }
    },
    {
      "id": 67,
      "type": "polyline",
      "shape": "polyline",
      "coord": [
        [
          130.0,
          2461.787353515625
        ],
        [
          130.0,
          2525.787353515625
        ]
      ],
      "rotate": 0,
      "semantic": {
        "element": "标尺",
        "links": []
      },
      "ext": {
        "文字识别结果": [
          "409+"
        ]
      }
    },
    {
      "id": 68,
      "type": "polyline",
      "shape": "polyline",
      "coord": [
        [
          1584.0,
          1321.787353515625
        ],
        [
          1628.0,
          1321.787353515625
        ]
      ],
      "rotate": 0,
      "semantic": {
        "element": "标尺",
        "links": []
      },
      "ext": {
        "文字识别结果": [
          ""
        ]
      }
    },
    {
      "id": 69,
      "type": "polyline",
      "shape": "polyline",
      "coord": [
        [
          1770.0,
          1425.787353515625
        ],
        [
          1858.0,
          1425.787353515625
        ]
      ],
      "rotate": 0,
      "semantic": {
        "element": "标尺",
        "links": []
      },
      "ext": {
        "文字识别结果": [
          "z600"
        ]
      }
    },
    {
      "id": 70,
      "type": "polyline",
      "shape": "polyline",
      "coord": [
        [
          202.0,
          2065.787353515625
        ],
        [
          413.0,
          2065.787353515625
        ]
      ],
      "rotate": 0,
      "semantic": {
        "element": "标尺",
        "links": []
      },
      "ext": {
        "文字识别结果": [
          "1439"
        ]
      }
    },
    {
      "id": 71,
      "type": "polyline",
      "shape": "polyline",
      "coord": [
        [
          414.0,
          2065.787353515625
        ],
        [
          502.0,
          2065.787353515625
        ]
      ],
      "rotate": 0,
      "semantic": {
        "element": "标尺",
        "links": []
      },
      "ext": {
        "文字识别结果": [
          "600"
        ]
      }
    },
    {
      "id": 72,
      "type": "polyline",
      "shape": "polyline",
      "coord": [
        [
          1438.0,
          2339.787353515625
        ],
        [
          1584.0,
          2339.787353515625
        ]
      ],
      "rotate": 0,
      "semantic": {
        "element": "标尺",
        "links": []
      },
      "ext": {
        "文字识别结果": [
          "*1000"
        ]
      }
    },
    {
      "id": 73,
      "type": "polyline",
      "shape": "polyline",
      "coord": [
        [
          1770.0,
          2597.787353515625
        ],
        [
          1858.0,
          2597.787353515625
        ]
      ],
      "rotate": 0,
      "semantic": {
        "element": "标尺",
        "links": []
      },
      "ext": {
        "文字识别结果": [
          "z600"
        ]
      }
    },
    {
      "id": 74,
      "type": "polyline",
      "shape": "polyline",
      "coord": [
        [
          1858.0,
          1423.787353515625
        ],
        [
          2008.0,
          1423.787353515625
        ]
      ],
      "rotate": 0,
      "semantic": {
        "element": "标尺",
        "links": []
      },
      "ext": {
        "文字识别结果": [
          "LL1000"
        ]
      }
    },
    {
      "id": 75,
      "type": "polyline",
      "shape": "polyline",
      "coord": [
        [
          2008.0,
          1425.787353515625
        ],
        [
          2096.0,
          1425.787353515625
        ]
      ],
      "rotate": 0,
      "semantic": {
        "element": "标尺",
        "links": []
      },
      "ext": {
        "文字识别结果": [
          "l600"
        ]
      }
    },
    {
      "id": 76,
      "type": "polyline",
      "shape": "polyline",
      "coord": [
        [
          2096.0,
          1421.787353515625
        ],
        [
          2812.0,
          1421.787353515625
        ]
      ],
      "rotate": 0,
      "semantic": {
        "element": "标尺",
        "links": []
      },
      "ext": {
        "文字识别结果": [
          "4844"
        ]
      }
    },
    {
      "id": 77,
      "type": "polyline",
      "shape": "polyline",
      "coord": [
        [
          1858.0,
          2597.787353515625
        ],
        [
          2008.0,
          2597.787353515625
        ]
      ],
      "rotate": 0,
      "semantic": {
        "element": "标尺",
        "links": []
      },
      "ext": {
        "文字识别结果": [
          "L[1000"
        ]
      }
    },
    {
      "id": 78,
      "type": "polyline",
      "shape": "polyline",
      "coord": [
        [
          2008.0,
          2597.787353515625
        ],
        [
          2096.0,
          2597.787353515625
        ]
      ],
      "rotate": 0,
      "semantic": {
        "element": "标尺",
        "links": []
      },
      "ext": {
        "文字识别结果": [
          "600"
        ]
      }
    },
    {
      "id": 79,
      "type": "polyline",
      "shape": "polyline",
      "coord": [
        [
          2096.0,
          2597.787353515625
        ],
        [
          2812.0,
          2597.787353515625
        ]
      ],
      "rotate": 0,
      "semantic": {
        "element": "标尺",
        "links": []
      },
      "ext": {
        "文字识别结果": [
          "4844"
        ]
      }
    },
    {
      "id": 80,
      "type": "box",
      "shape": "rect",
      "coord": [
        [
          1358,
          1943.787353515625
        ],
        [
          1438,
          2033.787353515625
        ]
      ],
      "rotate": 0,
      "semantic": {
        "element": "机柜",
        "links": []
      },
      "ext": {
        "文字识别结果": [
          ""
        ],
        "门朝向": "left"
      }
    },
    {
      "id": 81,
      "type": "box",
      "shape": "rect",
      "coord": [
        [
          1596,
          1855.787353515625
        ],
        [
          1672,
          1943.787353515625
        ]
      ],
      "rotate": 0,
      "semantic": {
        "element": "机柜",
        "links": []
      },
      "ext": {
        "文字识别结果": [
          ""
        ],
        "门朝向": "left"
      }
    },
    {
      "id": 82,
      "type": "box",
      "shape": "rect",
      "coord": [
        [
          1596,
          1943.787353515625
        ],
        [
          1672,
          2033.787353515625
        ]
      ],
      "rotate": 0,
      "semantic": {
        "element": "机柜",
        "links": []
      },
      "ext": {
        "文字识别结果": [
          ""
        ],
        "门朝向": "left"
      }
    },
    {
      "id": 83,
      "type": "box",
      "shape": "rect",
      "coord": [
        [
          1596,
          2035.787353515625
        ],
        [
          1672,
          2121.787353515625
        ]
      ],
      "rotate": 0,
      "semantic": {
        "element": "机柜",
        "links": []
      },
      "ext": {
        "文字识别结果": [
          ""
        ],
        "门朝向": "left"
      }
    },
    {
      "id": 84,
      "type": "box",
      "shape": "rect",
      "coord": [
        [
          1782,
          2104.787353515625
        ],
        [
          1858,
          2193.787353515625
        ]
      ],
      "rotate": 0,
      "semantic": {
        "element": "机柜",
        "links": []
      },
      "ext": {
        "文字识别结果": [
          ""
        ],
        "门朝向": "left"
      }
    },
    {
      "id": 85,
      "type": "box",
      "shape": "rect",
      "coord": [
        [
          415,
          1514.787353515625
        ],
        [
          502,
          1987.787353515625
        ]
      ],
      "rotate": 0,
      "semantic": {
        "element": "普通设备",
        "links": []
      },
      "ext": {
        "文字识别结果": [
          ""
        ]
      }
    },
    {
      "id": 86,
      "type": "box",
      "shape": "rect",
      "coord": [
        [
          1346,
          2035.787353515625
        ],
        [
          1358,
          2121.787353515625
        ]
      ],
      "rotate": 0,
      "semantic": {
        "element": "普通设备",
        "links": []
      },
      "ext": {
        "文字识别结果": [
          ""
        ]
      }
    },
    {
      "id": 87,
      "type": "box",
      "shape": "rect",
      "coord": [
        [
          1350,
          2032.787353515625
        ],
        [
          1437,
          2125.787353515625
        ]
      ],
      "rotate": 0,
      "semantic": {
        "element": "普通设备",
        "links": []
      },
      "ext": {
        "文字识别结果": [
          ""
        ]
      }
    },
    {
      "id": 88,
      "type": "box",
      "shape": "rect",
      "coord": [
        [
          1350,
          1855.787353515625
        ],
        [
          1438,
          1943.787353515625
        ]
      ],
      "rotate": 0,
      "semantic": {
        "element": "普通设备",
        "links": []
      },
      "ext": {
        "文字识别结果": [
          "1"
        ],
        "表格匹配结果": [
          "1",
          "综合柜",
          "2000x600x600",
          "架",
          "1",
          "利旧综合柜，新增A1-10GE设备一端"
        ]
      }
    },
    {
      "id": 89,
      "type": "box",
      "shape": "rect",
      "coord": [
        [
          1358,
          2121.787353515625
        ],
        [
          1438,
          2213.787353515625
        ]
      ],
      "rotate": 0,
      "semantic": {
        "element": "普通设备",
        "links": []
      },
      "ext": {
        "文字识别结果": [
          ""
        ]
      }
    },
    {
      "id": 90,
      "type": "box",
      "shape": "rect",
      "coord": [
        [
          1350,
          2212.787353515625
        ],
        [
          1438,
          2299.787353515625
        ]
      ],
      "rotate": 0,
      "semantic": {
        "element": "普通设备",
        "links": []
      },
      "ext": {
        "文字识别结果": [
          "2"
        ],
        "表格匹配结果": [
          "2",
          "电源柜",
          "2000x600x600",
          "架",
          "1",
          "利"
        ]
      }
    },
    {
      "id": 91,
      "type": "box",
      "shape": "rect",
      "coord": [
        [
          1584,
          1539.787353515625
        ],
        [
          1628,
          1673.787353515625
        ]
      ],
      "rotate": 0,
      "semantic": {
        "element": "普通设备",
        "links": []
      },
      "ext": {
        "文字识别结果": [
          ""
        ]
      }
    },
    {
      "id": 92,
      "type": "box",
      "shape": "rect",
      "coord": [
        [
          1596,
          2121.787353515625
        ],
        [
          1672,
          2213.787353515625
        ]
      ],
      "rotate": 0,
      "semantic": {
        "element": "普通设备",
        "links": []
      },
      "ext": {
        "文字识别结果": [
          ""
        ]
      }
    },
    {
      "id": 93,
      "type": "box",
      "shape": "rect",
      "coord": [
        [
          1584,
          2213.787353515625
        ],
        [
          1672,
          2299.787353515625
        ]
      ],
      "rotate": 0,
      "semantic": {
        "element": "普通设备",
        "links": []
      },
      "ext": {
        "文字识别结果": [
          ""
        ]
      }
    },
    {
      "id": 94,
      "type": "box",
      "shape": "rect",
      "coord": [
        [
          1770,
          1483.787353515625
        ],
        [
          1859,
          2105.787353515625
        ]
      ],
      "rotate": 0,
      "semantic": {
        "element": "普通设备",
        "links": []
      },
      "ext": {
        "文字识别结果": [
          ""
        ]
      }
    },
    {
      "id": 95,
      "type": "box",
      "shape": "rect",
      "coord": [
        [
          2008,
          1483.787353515625
        ],
        [
          2096,
          2101.787353515625
        ]
      ],
      "rotate": 0,
      "semantic": {
        "element": "普通设备",
        "links": []
      },
      "ext": {
        "文字识别结果": [
          ""
        ]
      }
    },
    {
      "id": 96,
      "type": "box",
      "shape": "rect",
      "coord": [
        [
          1524,
          2497.787353515625
        ],
        [
          1572,
          2521.787353515625
        ]
      ],
      "rotate": 0,
      "semantic": {
        "element": "馈线洞",
        "links": []
      },
      "ext": {}
    },
    {
      "id": 98,
      "type": "other",
      "shape": "rect",
      "coord": [
        [
          798.3408813476562,
          2339.533203125
        ],
        [
          891.33642578125,
          2404.776611328125
        ]
      ],
      "rotate": 0,
      "semantic": {
        "element": "无指向性文字",
        "links": []
      },
      "ext": {
        "文字识别结果": [
          "机房二层"
        ]
      }
    },
    {
      "id": 99,
      "type": "other",
      "shape": "rect",
      "coord": [
        [
          1568.312255859375,
          2480.75244140625
        ],
        [
          1626.79736328125,
          2518.654296875
        ]
      ],
      "rotate": 0,
      "semantic": {
        "element": "无指向性文字",
        "links": []
      },
      "ext": {
        "文字识别结果": [
          ""
        ]
      }
    },
    {
      "id": 100,
      "type": "other",
      "shape": "rect",
      "coord": [
        [
          801.2029418945312,
          2341.829833984375
        ],
        [
          886.7078247070312,
          2403.02197265625
        ]
      ],
      "rotate": 0,
      "semantic": {
        "element": "无指向性文字",
        "links": []
      },
      "ext": {
        "文字识别结果": [
          "机房二层"
        ]
      }
    },
    {
      "id": 101,
      "type": "other",
      "shape": "rect",
      "coord": [
        [
          1569.99462890625,
          2480.8828125
        ],
        [
          1624.71484375,
          2517.08740234375
        ]
      ],
      "rotate": 0,
      "semantic": {
        "element": "无指向性文字",
        "links": []
      },
      "ext": {
        "文字识别结果": [
          "馈线润"
        ]
      }
    },
    {
      "id": 102,
      "type": "other",
      "shape": "rect",
      "coord": [
        [
          150.1964111328125,
          2218.5400390625
        ],
        [
          210.6212158203125,
          2451.3203125
        ]
      ],
      "rotate": 0,
      "semantic": {
        "element": "门",
        "links": []
      },
      "ext": {}
    },
    {
      "id": 103,
      "type": "other",
      "shape": "rect",
      "coord": [
        [
          375.72119140625,
          3005.291015625
        ],
        [
          459.793701171875,
          3040.47021484375
        ]
      ],
      "rotate": 0,
      "semantic": {
        "element": "图例小图",
        "links": [
          {
            "pair_id": 114,
            "label": "图例文字",
            "distance": 157.224609375
          }
        ]
      },
      "ext": {
        "图例归类": "原有设备"
      }
    },
    {
      "id": 104,
      "type": "other",
      "shape": "rect",
      "coord": [
        [
          376.7977294921875,
          2933.443603515625
        ],
        [
          460.9276123046875,
          2968.2021484375
        ]
      ],
      "rotate": 0,
      "semantic": {
        "element": "图例小图",
        "links": [
          {
            "pair_id": 112,
            "label": "图例文字",
            "distance": 179.119384765625
          }
        ]
      },
      "ext": {
        "图例归类": "新增设备"
      }
    },
    {
      "id": 105,
      "type": "other",
      "shape": "rect",
      "coord": [
        [
          795.3480224609375,
          3003.70947265625
        ],
        [
          880.952392578125,
          3035.34228515625
        ]
      ],
      "rotate": 0,
      "semantic": {
        "element": "图例小图",
        "links": [
          {
            "pair_id": 115,
            "label": "图例文字",
            "distance": 157.83184814453125
          }
        ]
      },
      "ext": {
        "图例归类": "穿墙洞"
      }
    },
    {
      "id": 106,
      "type": "other",
      "shape": "rect",
      "coord": [
        [
          1100.29345703125,
          2934.136474609375
        ],
        [
          1210.33203125,
          2966.7509765625
        ]
      ],
      "rotate": 0,
      "semantic": {
        "element": "图例小图",
        "links": [
          {
            "pair_id": 113,
            "label": "图例文字",
            "distance": 145.6693115234375
          }
        ]
      },
      "ext": {
        "图例归类": "电力电缆"
      }
    },
    {
      "id": 107,
      "type": "other",
      "shape": "rect",
      "coord": [
        [
          821.811279296875,
          2939.85302734375
        ],
        [
          889.375244140625,
          2967.083984375
        ]
      ],
      "rotate": 0,
      "semantic": {
        "element": "图例小图",
        "links": [
          {
            "pair_id": 111,
            "label": "图例文字",
            "distance": 152.3887939453125
          }
        ]
      },
      "ext": {
        "图例归类": "未归类成功"
      }
    },
    {
      "id": 108,
      "type": "table",
      "shape": "rect",
      "coord": [
        [
          595.8953857421875,
          2665.373779296875
        ],
        [
          1875.149658203125,
          2848.26513671875
        ]
      ],
      "rotate": 0,
      "semantic": {
        "element": "物料表",
        "links": []
      },
      "ext": {
        "表格识别结果": [
          [
            "序号",
            "设备名称",
            "规格型号",
            "单位",
            "数量",
            "备"
          ],
          [
            "1",
            "综合柜",
            "2000x600x600",
            "架",
            "1",
            "利旧综合柜，新增A1-10GE设备一端"
          ],
          [
            "2",
            "电源柜",
            "2000x600x600",
            "架",
            "1",
            "利"
          ]
        ]
      }
    },
    {
      "id": 109,
      "type": "table",
      "shape": "rect",
      "coord": [
        [
          1596.65673828125,
          2922.538818359375
        ],
        [
          2924.525390625,
          3151.998779296875
        ]
      ],
      "rotate": 0,
      "semantic": {
        "element": "标题栏",
        "links": []
      },
      "ext": {
        "表格识别结果": [
          [
            "处主管",
            "审核人",
            "",
            "中讯邮电咨询设计院有限公司",
            ""
          ],
          [
            "总负责人",
            "单位",
            "",
            "",
            ""
          ],
          [
            "",
            "",
            "",
            "郑州圃田机房设备布置平面图",
            ""
          ],
          [
            "单负责人",
            "比例",
            "1:50",
            "",
            ""
          ],
          [
            "设计人",
            "目期",
            "2020.03",
            "图号",
            "2019S1599（ZS-GSF-78"
          ]
        ]
      }
    },
    {
      "id": 110,
      "type": "other",
      "shape": "rect",
      "coord": [
        [
          182.9820556640625,
          2852.37548828125
        ],
        [
          1421.097412109375,
          3087.73828125
        ]
      ],
      "rotate": 0,
      "semantic": {
        "element": "图例",
        "links": []
      },
      "ext": {}
    },
    {
      "id": 111,
      "type": "other",
      "shape": "rect",
      "coord": [
        [
          946.9820556640625,
          2934.37548828125
        ],
        [
          1068.9820556640625,
          2969.37548828125
        ]
      ],
      "rotate": 0,
      "semantic": {
        "element": "图例文字",
        "links": []
      },
      "ext": {
        "文字识别结果": [
          "设备正面"
        ],
        "图例归类": "未归类成功"
      }
    },
    {
      "id": 112,
      "type": "other",
      "shape": "rect",
      "coord": [
        [
          505.9820556640625,
          2936.37548828125
        ],
        [
          689.9820556640625,
          2969.37548828125
        ]
      ],
      "rotate": 0,
      "semantic": {
        "element": "图例文字",
        "links": []
      },
      "ext": {
        "文字识别结果": [
          "本期安装设备"
        ],
        "图例归类": "新增设备"
      }
    },
    {
      "id": 113,
      "type": "other",
      "shape": "rect",
      "coord": [
        [
          1239.9820556640625,
          2930.37548828125
        ],
        [
          1361.9820556640625,
          2963.37548828125
        ]
      ],
      "rotate": 0,
      "semantic": {
        "element": "图例文字",
        "links": []
      },
      "ext": {
        "文字识别结果": [
          "电力电缆"
        ],
        "图例归类": "电力电缆"
      }
    },
    {
      "id": 114,
      "type": "other",
      "shape": "rect",
      "coord": [
        [
          512.9820556640625,
          3006.37548828125
        ],
        [
          636.9820556640625,
          3041.37548828125
        ]
      ],
      "rotate": 0,
      "semantic": {
        "element": "图例文字",
        "links": []
      },
      "ext": {
        "文字识别结果": [
          "原有设备"
        ],
        "图例归类": "原有设备"
      }
    },
    {
      "id": 115,
      "type": "other",
      "shape": "rect",
      "coord": [
        [
          949.9820556640625,
          3000.37548828125
        ],
        [
          1041.9820556640625,
          3030.37548828125
        ]
      ],
      "rotate": 0,
      "semantic": {
        "element": "图例文字",
        "links": []
      },
      "ext": {
        "文字识别结果": [
          "穿墙洞"
        ],
        "图例归类": "穿墙洞"
      }
    },
    {
      "id": 116,
      "type": "other",
      "shape": "rect",
      "coord": [
        [
          2653.382568359375,
          1150.78857421875
        ],
        [
          2738.10791015625,
          1292.1488037109375
        ]
      ],
      "rotate": 0,
      "semantic": {
        "element": "建北磁北(夹角)",
        "links": []
      },
      "ext": {
        "文字识别结果": [
          "N"
        ],
        "文字位置": [
          [
            [
              2686.382568359375,
              1157.78857421875
            ],
            [
              2710.382568359375,
              1180.78857421875
            ]
          ]
        ],
        "顶点位置": [
          [
            2699.448142129867,
            1180.75732421875
          ],
          [
            2699.448142129867,
            1243.88232421875
          ]
        ]
      }
    }
  ]
}