{
  "info": {
    "像素面积": {
      "全部面积": 5046112.0,
      "设备面积": 841146.0,
      "剩余面积": 4204966.0
    },
    "图纸信息": {
      "类型": "机房",
      "名称": "182.png"
    }
  },
  "obj": [
    {
      "id": 1,
      "type": "outline",
      "shape": "polyline",
      "coord": [
        [
          781.787841796875,
          369.54833984375
        ],
        [
          1969.787841796875,
          369.54833984375
        ],
        [
          781.787841796875,
          2491.54833984375
        ],
        [
          1081.787841796875,
          2491.54833984375
        ],
        [
          851.787841796875,
          2417.54833984375
        ],
        [
          1085.787841796875,
          2417.54833984375
        ],
        [
          1493.787841796875,
          2417.54833984375
        ],
        [
          1723.787841796875,
          2417.54833984375
        ],
        [
          1545.787841796875,
          1585.54833984375
        ],
        [
          1715.787841796875,
          1585.54833984375
        ],
        [
          1711.787841796875,
          1165.54833984375
        ],
        [
          1897.787841796875,
          1165.54833984375
        ],
        [
          1541.787841796875,
          1235.54833984375
        ],
        [
          1723.787841796875,
          1235.54833984375
        ],
        [
          1489.787841796875,
          2487.54833984375
        ],
        [
          1795.787841796875,
          2487.54833984375
        ],
        [
          851.787841796875,
          439.54833984375
        ],
        [
          1897.787841796875,
          439.54833984375
        ],
        [
          1897.787841796875,
          1165.54833984375
        ],
        [
          1795.787841796875,
          1235.54833984375
        ],
        [
          1969.787841796875,
          1235.54833984375
        ],
        [
          781.787841796875,
          367.54833984375
        ],
        [
          781.787841796875,
          2491.54833984375
        ],
        [
          1969.787841796875,
          367.54833984375
        ],
        [
          1969.787841796875,
          1235.54833984375
        ],
        [
          853.787841796875,
          439.54833984375
        ],
        [
          851.787841796875,
          2417.54833984375
        ],
        [
          1715.787841796875,
          1165.54833984375
        ],
        [
          1723.787841796875,
          2417.54833984375
        ],
        [
          1545.787841796875,
          1235.54833984375
        ],
        [
          1541.787841796875,
          1585.54833984375
        ],
        [
          1489.787841796875,
          2417.54833984375
        ],
        [
          1493.787841796875,
          2487.54833984375
        ],
        [
          1081.787841796875,
          2417.54833984375
        ],
        [
          1085.787841796875,
          2491.54833984375
        ],
        [
          1795.787841796875,
          1235.54833984375
        ],
        [
          1795.787841796875,
          2487.54833984375
        ]
      ],
      "rotate": 0,
      "semantic": {
        "element": "墙轮廓",
        "path": [
          "0, 1",
          "2, 3",
          "4, 5",
          "6, 7",
          "8, 9",
          "10, 11",
          "12, 13",
          "14, 15",
          "16, 17, 18",
          "19, 20",
          "21, 22",
          "23, 24",
          "25, 26",
          "27, 28",
          "29, 30",
          "31, 32",
          "33, 34",
          "35, 36"
        ],
        "links": []
      },
      "ext": {}
    },
    {
      "id": 2,
      "type": "outline",
      "shape": "polyline",
      "coord": [
        [
          781.787841796875,
          369.54833984375
        ],
        [
          1967.787841796875,
          369.54833984375
        ],
        [
          781.787841796875,
          2489.54833984375
        ],
        [
          1083.787841796875,
          2489.54833984375
        ],
        [
          849.787841796875,
          441.54833984375
        ],
        [
          1899.787841796875,
          441.54833984375
        ],
        [
          1899.787841796875,
          1165.54833984375
        ],
        [
          849.787841796875,
          2419.54833984375
        ],
        [
          1083.787841796875,
          2419.54833984375
        ],
        [
          1083.787841796875,
          2489.54833984375
        ],
        [
          1491.787841796875,
          2418.54833984375
        ],
        [
          1724.787841796875,
          2418.54833984375
        ],
        [
          1543.787841796875,
          1585.54833984375
        ],
        [
          1717.787841796875,
          1585.54833984375
        ],
        [
          1491.787841796875,
          2418.54833984375
        ],
        [
          1721.787841796875,
          2419.54833984375
        ],
        [
          1543.787841796875,
          1237.54833984375
        ],
        [
          1725.787841796875,
          1237.54833984375
        ],
        [
          1725.787841796875,
          2419.54833984375
        ],
        [
          1491.787841796875,
          2489.54833984375
        ],
        [
          1795.787841796875,
          2489.54833984375
        ],
        [
          1793.787841796875,
          1237.54833984375
        ],
        [
          1795.787841796875,
          1237.54833984375
        ],
        [
          1709.787841796875,
          1165.54833984375
        ],
        [
          1899.787841796875,
          1167.54833984375
        ],
        [
          1795.787841796875,
          1236.54833984375
        ],
        [
          1971.787841796875,
          1237.54833984375
        ],
        [
          781.787841796875,
          369.54833984375
        ],
        [
          783.787841796875,
          2489.54833984375
        ],
        [
          849.787841796875,
          441.54833984375
        ],
        [
          849.787841796875,
          2419.54833984375
        ],
        [
          1971.787841796875,
          369.54833984375
        ],
        [
          1967.787841796875,
          1236.54833984375
        ],
        [
          1793.787841796875,
          1237.54833984375
        ],
        [
          1795.787841796875,
          2489.54833984375
        ],
        [
          1543.787841796875,
          1237.54833984375
        ],
        [
          1543.787841796875,
          1585.54833984375
        ],
        [
          1491.787841796875,
          2419.54833984375
        ],
        [
          1491.787841796875,
          2489.54833984375
        ]
      ],
      "rotate": 0,
      "semantic": {
        "element": "墙轮廓",
        "path": [
          "0, 1",
          "2, 3",
          "4, 5, 6",
          "7, 8, 9",
          "10, 11",
          "12, 13",
          "14, 15",
          "16, 17, 18",
          "19, 20",
          "21, 22",
          "23, 24",
          "25, 26",
          "27, 28",
          "29, 30",
          "31, 32",
          "33, 34",
          "35, 36",
          "37, 38"
        ],
        "links": []
      },
      "ext": {}
    },
    {
      "id": 2,
      "type": "polyline",
      "shape": "polyline",
      "coord": [
        [
          741.787841796875,
          439.54833984375
        ],
        [
          741.787841796875,
          1165.54833984375
        ]
      ],
      "rotate": 0,
      "semantic": {
        "element": "标尺",
        "links": []
      },
      "ext": {
        "文字识别结果": [
          "2500"
        ]
      }
    },
    {
      "id": 3,
      "type": "polyline",
      "shape": "polyline",
      "coord": [
        [
          1863.787841796875,
          1235.54833984375
        ],
        [
          1863.787841796875,
          1585.54833984375
        ]
      ],
      "rotate": 0,
      "semantic": {
        "element": "标尺",
        "links": []
      },
      "ext": {
        "文字识别结果": [
          "200"
        ]
      }
    },
    {
      "id": 4,
      "type": "polyline",
      "shape": "polyline",
      "coord": [
        [
          959.787841796875,
          1603.54833984375
        ],
        [
          959.787841796875,
          1779.54833984375
        ]
      ],
      "rotate": 0,
      "semantic": {
        "element": "标尺",
        "links": []
      },
      "ext": {
        "文字识别结果": [
          "009"
        ]
      }
    },
    {
      "id": 5,
      "type": "polyline",
      "shape": "polyline",
      "coord": [
        [
          741.787841796875,
          1165.54833984375
        ],
        [
          741.787841796875,
          1235.54833984375
        ]
      ],
      "rotate": 0,
      "semantic": {
        "element": "标尺",
        "links": []
      },
      "ext": {
        "文字识别结果": [
          ""
        ]
      }
    },
    {
      "id": 6,
      "type": "polyline",
      "shape": "polyline",
      "coord": [
        [
          741.787841796875,
          1235.54833984375
        ],
        [
          741.787841796875,
          2417.54833984375
        ]
      ],
      "rotate": 0,
      "semantic": {
        "element": "标尺",
        "links": []
      },
      "ext": {
        "文字识别结果": [
          "4060"
        ]
      }
    },
    {
      "id": 7,
      "type": "polyline",
      "shape": "polyline",
      "coord": [
        [
          1863.787841796875,
          1585.54833984375
        ],
        [
          1863.787841796875,
          1671.54833984375
        ]
      ],
      "rotate": 0,
      "semantic": {
        "element": "标尺",
        "links": []
      },
      "ext": {
        "文字识别结果": [
          ""
        ]
      }
    },
    {
      "id": 8,
      "type": "polyline",
      "shape": "polyline",
      "coord": [
        [
          959.787841796875,
          1779.54833984375
        ],
        [
          959.787841796875,
          1953.54833984375
        ]
      ],
      "rotate": 0,
      "semantic": {
        "element": "标尺",
        "links": []
      },
      "ext": {
        "文字识别结果": [
          "009"
        ]
      }
    },
    {
      "id": 9,
      "type": "polyline",
      "shape": "polyline",
      "coord": [
        [
          1863.787841796875,
          1671.54833984375
        ],
        [
          1863.787841796875,
          2021.54833984375
        ]
      ],
      "rotate": 0,
      "semantic": {
        "element": "标尺",
        "links": []
      },
      "ext": {
        "文字识别结果": [
          ")O2"
        ]
      }
    },
    {
      "id": 10,
      "type": "polyline",
      "shape": "polyline",
      "coord": [
        [
          959.787841796875,
          1953.54833984375
        ],
        [
          959.787841796875,
          2127.54833984375
        ]
      ],
      "rotate": 0,
      "semantic": {
        "element": "标尺",
        "links": []
      },
      "ext": {
        "文字识别结果": [
          "009"
        ]
      }
    },
    {
      "id": 11,
      "type": "polyline",
      "shape": "polyline",
      "coord": [
        [
          959.787841796875,
          2127.54833984375
        ],
        [
          959.787841796875,
          2417.54833984375
        ]
      ],
      "rotate": 0,
      "semantic": {
        "element": "标尺",
        "links": []
      },
      "ext": {
        "文字识别结果": [
          "1000"
        ]
      }
    },
    {
      "id": 12,
      "type": "polyline",
      "shape": "polyline",
      "coord": [
        [
          849.787841796875,
          329.54833984375
        ],
        [
          1023.787841796875,
          329.54833984375
        ]
      ],
      "rotate": 0,
      "semantic": {
        "element": "标尺",
        "links": []
      },
      "ext": {
        "文字识别结果": [
          "XOO"
        ]
      }
    },
    {
      "id": 13,
      "type": "polyline",
      "shape": "polyline",
      "coord": [
        [
          849.787841796875,
          261.54833984375
        ],
        [
          1897.787841796875,
          261.54833984375
        ]
      ],
      "rotate": 0,
      "semantic": {
        "element": "标尺",
        "links": []
      },
      "ext": {
        "文字识别结果": [
          ""
        ]
      }
    },
    {
      "id": 14,
      "type": "polyline",
      "shape": "polyline",
      "coord": [
        [
          851.787841796875,
          257.54833984375
        ],
        [
          1897.787841796875,
          257.54833984375
        ]
      ],
      "rotate": 0,
      "semantic": {
        "element": "标尺",
        "links": []
      },
      "ext": {
        "文字识别结果": [
          "3600110"
        ]
      }
    },
    {
      "id": 15,
      "type": "polyline",
      "shape": "polyline",
      "coord": [
        [
          849.787841796875,
          2559.54833984375
        ],
        [
          1085.787841796875,
          2559.54833984375
        ]
      ],
      "rotate": 0,
      "semantic": {
        "element": "标尺",
        "links": []
      },
      "ext": {
        "文字识别结果": [
          "800"
        ]
      }
    },
    {
      "id": 16,
      "type": "polyline",
      "shape": "polyline",
      "coord": [
        [
          1493.787841796875,
          2559.54833984375
        ],
        [
          1727.787841796875,
          2559.54833984375
        ]
      ],
      "rotate": 0,
      "semantic": {
        "element": "标尺",
        "links": []
      },
      "ext": {
        "文字识别结果": [
          "800"
        ]
      }
    },
    {
      "id": 17,
      "type": "polyline",
      "shape": "polyline",
      "coord": [
        [
          1023.787841796875,
          329.54833984375
        ],
        [
          1201.787841796875,
          329.54833984375
        ]
      ],
      "rotate": 0,
      "semantic": {
        "element": "标尺",
        "links": []
      },
      "ext": {
        "文字识别结果": [
          "600"
        ]
      }
    },
    {
      "id": 18,
      "type": "polyline",
      "shape": "polyline",
      "coord": [
        [
          1201.787841796875,
          329.54833984375
        ],
        [
          1533.787841796875,
          329.54833984375
        ]
      ],
      "rotate": 0,
      "semantic": {
        "element": "标尺",
        "links": []
      },
      "ext": {
        "文字识别结果": [
          "1150"
        ]
      }
    },
    {
      "id": 19,
      "type": "polyline",
      "shape": "polyline",
      "coord": [
        [
          1533.787841796875,
          329.54833984375
        ],
        [
          1707.787841796875,
          329.54833984375
        ]
      ],
      "rotate": 0,
      "semantic": {
        "element": "标尺",
        "links": []
      },
      "ext": {
        "文字识别结果": [
          "600"
        ]
      }
    },
    {
      "id": 20,
      "type": "polyline",
      "shape": "polyline",
      "coord": [
        [
          1707.787841796875,
          329.54833984375
        ],
        [
          1883.787841796875,
          329.54833984375
        ]
      ],
      "rotate": 0,
      "semantic": {
        "element": "标尺",
        "links": []
      },
      "ext": {
        "文字识别结果": [
          ""
        ]
      }
    },
    {
      "id": 21,
      "type": "box",
      "shape": "rect",
      "coord": [
        [
          1027.787841796875,
          555.54833984375
        ],
        [
          1169.787841796875,
          729.54833984375
        ]
      ],
      "rotate": 0,
      "semantic": {
        "element": "机柜",
        "links": []
      },
      "ext": {
        "文字识别结果": [
          "2"
        ],
        "门朝向": "right"
      }
    },
    {
      "id": 22,
      "type": "box",
      "shape": "rect",
      "coord": [
        [
          1027.787841796875,
          729.54833984375
        ],
        [
          1169.787841796875,
          903.54833984375
        ]
      ],
      "rotate": 0,
      "semantic": {
        "element": "机柜",
        "links": []
      },
      "ext": {
        "文字识别结果": [
          ""
        ],
        "门朝向": "right"
      }
    },
    {
      "id": 23,
      "type": "box",
      "shape": "rect",
      "coord": [
        [
          1027.787841796875,
          902.54833984375
        ],
        [
          1169.787841796875,
          1077.54833984375
        ]
      ],
      "rotate": 0,
      "semantic": {
        "element": "机柜",
        "links": []
      },
      "ext": {
        "文字识别结果": [
          ""
        ],
        "门朝向": "right"
      }
    },
    {
      "id": 24,
      "type": "box",
      "shape": "rect",
      "coord": [
        [
          1026.787841796875,
          1081.54833984375
        ],
        [
          1169.787841796875,
          1255.54833984375
        ]
      ],
      "rotate": 0,
      "semantic": {
        "element": "机柜",
        "links": []
      },
      "ext": {
        "文字识别结果": [
          ""
        ],
        "门朝向": "right"
      }
    },
    {
      "id": 25,
      "type": "box",
      "shape": "rect",
      "coord": [
        [
          1027.787841796875,
          1251.54833984375
        ],
        [
          1169.787841796875,
          1427.54833984375
        ]
      ],
      "rotate": 0,
      "semantic": {
        "element": "机柜",
        "links": []
      },
      "ext": {
        "文字识别结果": [
          ""
        ],
        "门朝向": "right"
      }
    },
    {
      "id": 26,
      "type": "box",
      "shape": "rect",
      "coord": [
        [
          1027.787841796875,
          1427.54833984375
        ],
        [
          1169.787841796875,
          1601.54833984375
        ]
      ],
      "rotate": 0,
      "semantic": {
        "element": "机柜",
        "links": []
      },
      "ext": {
        "文字识别结果": [
          ""
        ],
        "门朝向": "right"
      }
    },
    {
      "id": 27,
      "type": "box",
      "shape": "rect",
      "coord": [
        [
          1027.787841796875,
          1600.54833984375
        ],
        [
          1169.787841796875,
          1775.54833984375
        ]
      ],
      "rotate": 0,
      "semantic": {
        "element": "机柜",
        "links": []
      },
      "ext": {
        "文字识别结果": [
          ""
        ],
        "门朝向": "right"
      }
    },
    {
      "id": 28,
      "type": "box",
      "shape": "rect",
      "coord": [
        [
          1026.787841796875,
          1778.54833984375
        ],
        [
          1169.787841796875,
          1953.54833984375
        ]
      ],
      "rotate": 0,
      "semantic": {
        "element": "机柜",
        "links": []
      },
      "ext": {
        "文字识别结果": [
          ""
        ],
        "门朝向": "right"
      }
    },
    {
      "id": 29,
      "type": "box",
      "shape": "rect",
      "coord": [
        [
          1027.787841796875,
          1953.54833984375
        ],
        [
          1169.787841796875,
          2127.54833984375
        ]
      ],
      "rotate": 0,
      "semantic": {
        "element": "机柜",
        "links": []
      },
      "ext": {
        "文字识别结果": [
          ""
        ],
        "门朝向": "right"
      }
    },
    {
      "id": 30,
      "type": "box",
      "shape": "rect",
      "coord": [
        [
          1553.787841796875,
          673.54833984375
        ],
        [
          1707.787841796875,
          843.54833984375
        ]
      ],
      "rotate": 0,
      "semantic": {
        "element": "机柜",
        "links": []
      },
      "ext": {
        "文字识别结果": [
          ""
        ],
        "门朝向": "left"
      }
    },
    {
      "id": 31,
      "type": "box",
      "shape": "rect",
      "coord": [
        [
          1553.787841796875,
          847.54833984375
        ],
        [
          1711.787841796875,
          1019.54833984375
        ]
      ],
      "rotate": 0,
      "semantic": {
        "element": "机柜",
        "links": []
      },
      "ext": {
        "文字识别结果": [
          ""
        ],
        "门朝向": "left"
      }
    },
    {
      "id": 32,
      "type": "box",
      "shape": "rect",
      "coord": [
        [
          848.787841796875,
          1165.54833984375
        ],
        [
          1023.787841796875,
          1235.54833984375
        ]
      ],
      "rotate": 0,
      "semantic": {
        "element": "普通设备",
        "links": []
      },
      "ext": {
        "文字识别结果": [
          ""
        ]
      }
    },
    {
      "id": 33,
      "type": "box",
      "shape": "rect",
      "coord": [
        [
          1541.787841796875,
          1235.54833984375
        ],
        [
          1715.787841796875,
          1585.54833984375
        ]
      ],
      "rotate": 0,
      "semantic": {
        "element": "普通设备",
        "links": []
      },
      "ext": {
        "文字识别结果": [
          ""
        ]
      }
    },
    {
      "id": 34,
      "type": "box",
      "shape": "rect",
      "coord": [
        [
          1541.787841796875,
          1675.54833984375
        ],
        [
          1715.787841796875,
          2021.54833984375
        ]
      ],
      "rotate": 0,
      "semantic": {
        "element": "普通设备",
        "links": []
      },
      "ext": {
        "文字识别结果": [
          ""
        ]
      }
    },
    {
      "id": 35,
      "type": "box",
      "shape": "rect",
      "coord": [
        [
          1665.787841796875,
          2171.54833984375
        ],
        [
          1723.787841796875,
          2345.54833984375
        ]
      ],
      "rotate": 0,
      "semantic": {
        "element": "普通设备",
        "links": []
      },
      "ext": {
        "文字识别结果": [
          ""
        ]
      }
    },
    {
      "id": 36,
      "type": "polyline",
      "shape": "polyline",
      "coord": [
        [
          739.787841796875,
          441.54833984375
        ],
        [
          739.787841796875,
          1165.54833984375
        ]
      ],
      "rotate": 0,
      "semantic": {
        "element": "标尺",
        "links": []
      },
      "ext": {
        "文字识别结果": [
          "2500"
        ]
      }
    },
    {
      "id": 37,
      "type": "polyline",
      "shape": "polyline",
      "coord": [
        [
          1863.787841796875,
          1237.54833984375
        ],
        [
          1863.787841796875,
          1585.54833984375
        ]
      ],
      "rotate": 0,
      "semantic": {
        "element": "标尺",
        "links": []
      },
      "ext": {
        "文字识别结果": [
          "200"
        ]
      }
    },
    {
      "id": 38,
      "type": "polyline",
      "shape": "polyline",
      "coord": [
        [
          957.787841796875,
          1605.54833984375
        ],
        [
          957.787841796875,
          1777.54833984375
        ]
      ],
      "rotate": 0,
      "semantic": {
        "element": "标尺",
        "links": []
      },
      "ext": {
        "文字识别结果": [
          "009"
        ]
      }
    },
    {
      "id": 39,
      "type": "polyline",
      "shape": "polyline",
      "coord": [
        [
          739.787841796875,
          1165.54833984375
        ],
        [
          739.787841796875,
          1237.54833984375
        ]
      ],
      "rotate": 0,
      "semantic": {
        "element": "标尺",
        "links": []
      },
      "ext": {
        "文字识别结果": [
          ""
        ]
      }
    },
    {
      "id": 40,
      "type": "polyline",
      "shape": "polyline",
      "coord": [
        [
          739.787841796875,
          1237.54833984375
        ],
        [
          739.787841796875,
          2417.54833984375
        ]
      ],
      "rotate": 0,
      "semantic": {
        "element": "标尺",
        "links": []
      },
      "ext": {
        "文字识别结果": [
          "4060"
        ]
      }
    },
    {
      "id": 41,
      "type": "polyline",
      "shape": "polyline",
      "coord": [
        [
          957.787841796875,
          1777.54833984375
        ],
        [
          957.787841796875,
          1951.54833984375
        ]
      ],
      "rotate": 0,
      "semantic": {
        "element": "标尺",
        "links": []
      },
      "ext": {
        "文字识别结果": [
          "009"
        ]
      }
    },
    {
      "id": 42,
      "type": "polyline",
      "shape": "polyline",
      "coord": [
        [
          1863.787841796875,
          1673.54833984375
        ],
        [
          1863.787841796875,
          2021.54833984375
        ]
      ],
      "rotate": 0,
      "semantic": {
        "element": "标尺",
        "links": []
      },
      "ext": {
        "文字识别结果": [
          "200"
        ]
      }
    },
    {
      "id": 43,
      "type": "polyline",
      "shape": "polyline",
      "coord": [
        [
          1863.787841796875,
          1585.54833984375
        ],
        [
          1863.787841796875,
          1673.54833984375
        ]
      ],
      "rotate": 0,
      "semantic": {
        "element": "标尺",
        "links": []
      },
      "ext": {
        "文字识别结果": [
          ""
        ]
      }
    },
    {
      "id": 44,
      "type": "polyline",
      "shape": "polyline",
      "coord": [
        [
          957.787841796875,
          1951.54833984375
        ],
        [
          957.787841796875,
          2125.54833984375
        ]
      ],
      "rotate": 0,
      "semantic": {
        "element": "标尺",
        "links": []
      },
      "ext": {
        "文字识别结果": [
          "009"
        ]
      }
    },
    {
      "id": 45,
      "type": "polyline",
      "shape": "polyline",
      "coord": [
        [
          957.787841796875,
          2125.54833984375
        ],
        [
          957.787841796875,
          2415.54833984375
        ]
      ],
      "rotate": 0,
      "semantic": {
        "element": "标尺",
        "links": []
      },
      "ext": {
        "文字识别结果": [
          ""
        ]
      }
    },
    {
      "id": 46,
      "type": "polyline",
      "shape": "polyline",
      "coord": [
        [
          849.787841796875,
          327.54833984375
        ],
        [
          1027.787841796875,
          327.54833984375
        ]
      ],
      "rotate": 0,
      "semantic": {
        "element": "标尺",
        "links": []
      },
      "ext": {
        "文字识别结果": [
          "OO"
        ]
      }
    },
    {
      "id": 47,
      "type": "polyline",
      "shape": "polyline",
      "coord": [
        [
          849.787841796875,
          259.54833984375
        ],
        [
          1899.787841796875,
          259.54833984375
        ]
      ],
      "rotate": 0,
      "semantic": {
        "element": "标尺",
        "links": []
      },
      "ext": {
        "文字识别结果": [
          "3600110"
        ]
      }
    },
    {
      "id": 48,
      "type": "polyline",
      "shape": "polyline",
      "coord": [
        [
          853.787841796875,
          2561.54833984375
        ],
        [
          1083.787841796875,
          2561.54833984375
        ]
      ],
      "rotate": 0,
      "semantic": {
        "element": "标尺",
        "links": []
      },
      "ext": {
        "文字识别结果": [
          "800"
        ]
      }
    },
    {
      "id": 49,
      "type": "polyline",
      "shape": "polyline",
      "coord": [
        [
          1491.787841796875,
          2561.54833984375
        ],
        [
          1725.787841796875,
          2561.54833984375
        ]
      ],
      "rotate": 0,
      "semantic": {
        "element": "标尺",
        "links": []
      },
      "ext": {
        "文字识别结果": [
          "800"
        ]
      }
    },
    {
      "id": 50,
      "type": "polyline",
      "shape": "polyline",
      "coord": [
        [
          1199.787841796875,
          331.54833984375
        ],
        [
          1535.787841796875,
          331.54833984375
        ]
      ],
      "rotate": 0,
      "semantic": {
        "element": "标尺",
        "links": []
      },
      "ext": {
        "文字识别结果": [
          "561150"
        ]
      }
    },
    {
      "id": 51,
      "type": "polyline",
      "shape": "polyline",
      "coord": [
        [
          1027.787841796875,
          329.54833984375
        ],
        [
          1199.787841796875,
          329.54833984375
        ]
      ],
      "rotate": 0,
      "semantic": {
        "element": "标尺",
        "links": []
      },
      "ext": {
        "文字识别结果": [
          "600"
        ]
      }
    },
    {
      "id": 52,
      "type": "polyline",
      "shape": "polyline",
      "coord": [
        [
          1535.787841796875,
          327.54833984375
        ],
        [
          1709.787841796875,
          327.54833984375
        ]
      ],
      "rotate": 0,
      "semantic": {
        "element": "标尺",
        "links": []
      },
      "ext": {
        "文字识别结果": [
          "600"
        ]
      }
    },
    {
      "id": 53,
      "type": "polyline",
      "shape": "polyline",
      "coord": [
        [
          1709.787841796875,
          329.54833984375
        ],
        [
          1883.787841796875,
          329.54833984375
        ]
      ],
      "rotate": 0,
      "semantic": {
        "element": "标尺",
        "links": []
      },
      "ext": {
        "文字识别结果": [
          ""
        ]
      }
    },
    {
      "id": 54,
      "type": "box",
      "shape": "rect",
      "coord": [
        [
          1026.787841796875,
          731.54833984375
        ],
        [
          1169.787841796875,
          905.54833984375
        ]
      ],
      "rotate": 0,
      "semantic": {
        "element": "机柜",
        "links": []
      },
      "ext": {
        "文字识别结果": [
          ""
        ],
        "门朝向": "right"
      }
    },
    {
      "id": 55,
      "type": "box",
      "shape": "rect",
      "coord": [
        [
          1027.787841796875,
          905.54833984375
        ],
        [
          1169.787841796875,
          1079.54833984375
        ]
      ],
      "rotate": 0,
      "semantic": {
        "element": "机柜",
        "links": []
      },
      "ext": {
        "文字识别结果": [
          ""
        ],
        "门朝向": "right"
      }
    },
    {
      "id": 56,
      "type": "box",
      "shape": "rect",
      "coord": [
        [
          1027.787841796875,
          1079.54833984375
        ],
        [
          1169.787841796875,
          1253.54833984375
        ]
      ],
      "rotate": 0,
      "semantic": {
        "element": "机柜",
        "links": []
      },
      "ext": {
        "文字识别结果": [
          ""
        ],
        "门朝向": "right"
      }
    },
    {
      "id": 57,
      "type": "box",
      "shape": "rect",
      "coord": [
        [
          1027.787841796875,
          1253.54833984375
        ],
        [
          1169.787841796875,
          1427.54833984375
        ]
      ],
      "rotate": 0,
      "semantic": {
        "element": "机柜",
        "links": []
      },
      "ext": {
        "文字识别结果": [
          ""
        ],
        "门朝向": "right"
      }
    },
    {
      "id": 58,
      "type": "box",
      "shape": "rect",
      "coord": [
        [
          1027.787841796875,
          1777.54833984375
        ],
        [
          1169.787841796875,
          1951.54833984375
        ]
      ],
      "rotate": 0,
      "semantic": {
        "element": "机柜",
        "links": []
      },
      "ext": {
        "文字识别结果": [
          ""
        ],
        "门朝向": "right"
      }
    },
    {
      "id": 59,
      "type": "box",
      "shape": "rect",
      "coord": [
        [
          1027.787841796875,
          1951.54833984375
        ],
        [
          1170.787841796875,
          2129.54833984375
        ]
      ],
      "rotate": 0,
      "semantic": {
        "element": "机柜",
        "links": []
      },
      "ext": {
        "文字识别结果": [
          "3"
        ],
        "门朝向": "right",
        "表格匹配结果": [
          "3",
          "电源柜",
          "2000x600x600",
          "架",
          "1",
          "利"
        ]
      }
    },
    {
      "id": 60,
      "type": "box",
      "shape": "rect",
      "coord": [
        [
          1026.787841796875,
          557.54833984375
        ],
        [
          1171.787841796875,
          727.54833984375
        ]
      ],
      "rotate": 0,
      "semantic": {
        "element": "机柜",
        "links": []
      },
      "ext": {
        "文字识别结果": [
          "2"
        ],
        "门朝向": "right"
      }
    },
    {
      "id": 61,
      "type": "box",
      "shape": "rect",
      "coord": [
        [
          1027.787841796875,
          1427.54833984375
        ],
        [
          1171.787841796875,
          1601.54833984375
        ]
      ],
      "rotate": 0,
      "semantic": {
        "element": "机柜",
        "links": []
      },
      "ext": {
        "文字识别结果": [
          ""
        ],
        "门朝向": "right"
      }
    },
    {
      "id": 62,
      "type": "box",
      "shape": "rect",
      "coord": [
        [
          1026.787841796875,
          1604.54833984375
        ],
        [
          1171.787841796875,
          1775.54833984375
        ]
      ],
      "rotate": 0,
      "semantic": {
        "element": "机柜",
        "links": []
      },
      "ext": {
        "文字识别结果": [
          ""
        ],
        "门朝向": "right"
      }
    },
    {
      "id": 63,
      "type": "box",
      "shape": "rect",
      "coord": [
        [
          1555.787841796875,
          671.54833984375
        ],
        [
          1709.787841796875,
          845.54833984375
        ]
      ],
      "rotate": 0,
      "semantic": {
        "element": "机柜",
        "links": []
      },
      "ext": {
        "文字识别结果": [
          ""
        ],
        "门朝向": "left"
      }
    },
    {
      "id": 64,
      "type": "box",
      "shape": "rect",
      "coord": [
        [
          1555.787841796875,
          845.54833984375
        ],
        [
          1709.787841796875,
          1019.54833984375
        ]
      ],
      "rotate": 0,
      "semantic": {
        "element": "机柜",
        "links": []
      },
      "ext": {
        "文字识别结果": [
          ""
        ],
        "门朝向": "left"
      }
    },
    {
      "id": 65,
      "type": "box",
      "shape": "rect",
      "coord": [
        [
          849.787841796875,
          1167.54833984375
        ],
        [
          1027.787841796875,
          1236.54833984375
        ]
      ],
      "rotate": 0,
      "semantic": {
        "element": "普通设备",
        "links": []
      },
      "ext": {
        "文字识别结果": [
          ""
        ]
      }
    },
    {
      "id": 66,
      "type": "box",
      "shape": "rect",
      "coord": [
        [
          1543.787841796875,
          1237.54833984375
        ],
        [
          1717.787841796875,
          1585.54833984375
        ]
      ],
      "rotate": 0,
      "semantic": {
        "element": "普通设备",
        "links": []
      },
      "ext": {
        "文字识别结果": [
          ""
        ]
      }
    },
    {
      "id": 67,
      "type": "box",
      "shape": "rect",
      "coord": [
        [
          1543.787841796875,
          1673.54833984375
        ],
        [
          1717.787841796875,
          2021.54833984375
        ]
      ],
      "rotate": 0,
      "semantic": {
        "element": "普通设备",
        "links": []
      },
      "ext": {
        "文字识别结果": [
          ""
        ]
      }
    },
    {
      "id": 68,
      "type": "box",
      "shape": "rect",
      "coord": [
        [
          1665.787841796875,
          2173.54833984375
        ],
        [
          1724.787841796875,
          2347.54833984375
        ]
      ],
      "rotate": 0,
      "semantic": {
        "element": "普通设备",
        "links": []
      },
      "ext": {
        "文字识别结果": [
          ""
        ]
      }
    },
    {
      "id": 70,
      "type": "other",
      "shape": "rect",
      "coord": [
        [
          1377.4879150390625,
          2112.6754150390625
        ],
        [
          1566.458251953125,
          2179.38623046875
        ]
      ],
      "rotate": 0,
      "semantic": {
        "element": "带指向性文字",
        "links": []
      },
      "ext": {
        "文字识别结果": [
          "原有配电箱"
        ]
      }
    },
    {
      "id": 71,
      "type": "other",
      "shape": "rect",
      "coord": [
        [
          1378.62109375,
          2111.8328857421875
        ],
        [
          1566.945068359375,
          2179.668701171875
        ]
      ],
      "rotate": 0,
      "semantic": {
        "element": "带指向性文字",
        "links": []
      },
      "ext": {
        "文字识别结果": [
          "原有配电箱"
        ]
      }
    },
    {
      "id": 72,
      "type": "other",
      "shape": "rect",
      "coord": [
        [
          1080.1455078125,
          2419.581298828125
        ],
        [
          1503.36279296875,
          2562.157958984375
        ]
      ],
      "rotate": 0,
      "semantic": {
        "element": "门",
        "links": []
      },
      "ext": {}
    },
    {
      "id": 73,
      "type": "other",
      "shape": "rect",
      "coord": [
        [
          1371.279052734375,
          3549.004150390625
        ],
        [
          1530.384521484375,
          3614.32763671875
        ]
      ],
      "rotate": 0,
      "semantic": {
        "element": "图例小图",
        "links": [
          {
            "pair_id": 82,
            "label": "图例文字",
            "distance": 310.3427734375
          }
        ]
      },
      "ext": {
        "图例归类": "穿墙洞"
      }
    },
    {
      "id": 74,
      "type": "other",
      "shape": "rect",
      "coord": [
        [
          537.35205078125,
          3409.95751953125
        ],
        [
          709.3558349609375,
          3481.720458984375
        ]
      ],
      "rotate": 0,
      "semantic": {
        "element": "图例小图",
        "links": [
          {
            "pair_id": 80,
            "label": "图例文字",
            "distance": 351.82061767578125
          }
        ]
      },
      "ext": {
        "图例归类": "新增设备"
      }
    },
    {
      "id": 75,
      "type": "other",
      "shape": "rect",
      "coord": [
        [
          542.8330078125,
          3556.216552734375
        ],
        [
          705.0966796875,
          3622.021240234375
        ]
      ],
      "rotate": 0,
      "semantic": {
        "element": "图例小图",
        "links": [
          {
            "pair_id": 83,
            "label": "图例文字",
            "distance": 306.709716796875
          }
        ]
      },
      "ext": {
        "图例归类": "原有设备"
      }
    },
    {
      "id": 76,
      "type": "other",
      "shape": "rect",
      "coord": [
        [
          1424.585205078125,
          3416.75927734375
        ],
        [
          1581.0068359375,
          3479.0244140625
        ]
      ],
      "rotate": 0,
      "semantic": {
        "element": "图例小图",
        "links": [
          {
            "pair_id": 81,
            "label": "图例文字",
            "distance": 280.3785400390625
          }
        ]
      },
      "ext": {
        "图例归类": "未归类成功"
      }
    },
    {
      "id": 77,
      "type": "table",
      "shape": "rect",
      "coord": [
        [
          191.600341796875,
          2904.218994140625
        ],
        [
          2755.212158203125,
          3255.9482421875
        ]
      ],
      "rotate": 0,
      "semantic": {
        "element": "物料表",
        "links": []
      },
      "ext": {
        "表格识别结果": [
          [
            "序号",
            "设备名称",
            "规格型号",
            "单位",
            "数量",
            "备注"
          ],
          [
            "1-2",
            "综合柜",
            "2000x600x600",
            "架",
            "2",
            "利合柜，新增A1-10GE设备一端"
          ],
          [
            "3",
            "电源柜",
            "2000x600x600",
            "架",
            "1",
            "利"
          ]
        ]
      }
    },
    {
      "id": 78,
      "type": "table",
      "shape": "rect",
      "coord": [
        [
          167.58203125,
          3718.02783203125
        ],
        [
          2820.41552734375,
          4161.7333984375
        ]
      ],
      "rotate": 0,
      "semantic": {
        "element": "标题栏",
        "links": []
      },
      "ext": {
        "表格识别结果": [
          [
            "处主管",
            "审核人",
            "",
            "中讯邮电咨询设计院有限公司"
          ],
          [
            "",
            "比",
            "1:50",
            ""
          ],
          [
            "设计人",
            "目",
            "2020.3",
            "图号"
          ]
        ]
      }
    },
    {
      "id": 79,
      "type": "other",
      "shape": "rect",
      "coord": [
        [
          231.674560546875,
          3352.145263671875
        ],
        [
          1990.29931640625,
          3669.143798828125
        ]
      ],
      "rotate": 0,
      "semantic": {
        "element": "图例",
        "links": []
      },
      "ext": {}
    },
    {
      "id": 80,
      "type": "other",
      "shape": "rect",
      "coord": [
        [
          793.674560546875,
          3416.145263671875
        ],
        [
          1156.674560546875,
          3475.145263671875
        ]
      ],
      "rotate": 0,
      "semantic": {
        "element": "图例文字",
        "links": []
      },
      "ext": {
        "文字识别结果": [
          "本期安装设备"
        ],
        "图例归类": "新增设备"
      }
    },
    {
      "id": 81,
      "type": "other",
      "shape": "rect",
      "coord": [
        [
          1663.674560546875,
          3413.145263671875
        ],
        [
          1902.674560546875,
          3475.145263671875
        ]
      ],
      "rotate": 0,
      "semantic": {
        "element": "图例文字",
        "links": []
      },
      "ext": {
        "文字识别结果": [
          "设备正面"
        ],
        "图例归类": "未归类成功"
      }
    },
    {
      "id": 82,
      "type": "other",
      "shape": "rect",
      "coord": [
        [
          1667.674560546875,
          3530.145263671875
        ],
        [
          1854.674560546875,
          3604.145263671875
        ]
      ],
      "rotate": 0,
      "semantic": {
        "element": "图例文字",
        "links": []
      },
      "ext": {
        "文字识别结果": [
          "穿墙洞"
        ],
        "图例归类": "穿墙洞"
      }
    },
    {
      "id": 83,
      "type": "other",
      "shape": "rect",
      "coord": [
        [
          810.674560546875,
          3555.145263671875
        ],
        [
          1050.674560546875,
          3616.145263671875
        ]
      ],
      "rotate": 0,
      "semantic": {
        "element": "图例文字",
        "links": []
      },
      "ext": {
        "文字识别结果": [
          "原有设备"
        ],
        "图例归类": "原有设备"
      }
    },
    {
      "id": 84,
      "type": "other",
      "shape": "rect",
      "coord": [
        [
          2369.46826171875,
          214.0624542236328
        ],
        [
          2542.656494140625,
          484.9278869628906
        ]
      ],
      "rotate": 0,
      "semantic": {
        "element": "建北磁北(夹角)",
        "links": []
      },
      "ext": {
        "文字识别结果": [
          "N"
        ],
        "文字位置": [
          [
            [
              2444.46826171875,
              212.0624542236328
            ],
            [
              2479.46826171875,
              256.0624542236328
            ]
          ]
        ],
        "顶点位置": [
          [
            2461.146039496528,
            271.7187042236328
          ],
          [
            2461.146039496528,
            379.9999542236328
          ]
        ]
      }
    }
  ]
}