{
  "info": {
    "像素面积": {
      "全部面积": 2941962.0,
      "设备面积": 333722.0,
      "剩余面积": 2608240.0
    },
    "图纸信息": {
      "类型": "机房",
      "名称": "213.png"
    }
  },
  "obj": [
    {
      "id": 1,
      "type": "outline",
      "shape": "polyline",
      "coord": [
        [
          640.51513671875,
          1161.5926513671875
        ],
        [
          2023.51513671875,
          1165.5926513671875
        ],
        [
          641.51513671875,
          1539.5926513671875
        ],
        [
          697.51513671875,
          1539.5926513671875
        ],
        [
          699.51513671875,
          2167.5926513671875
        ],
        [
          641.51513671875,
          2223.5926513671875
        ],
        [
          2023.51513671875,
          2227.5926513671875
        ],
        [
          641.51513671875,
          1399.5926513671875
        ],
        [
          699.51513671875,
          1399.5926513671875
        ],
        [
          697.51513671875,
          1221.5926513671875
        ],
        [
          699.51513671875,
          1221.5926513671875
        ],
        [
          1965.51513671875,
          1221.5926513671875
        ],
        [
          1963.51513671875,
          2169.5926513671875
        ],
        [
          641.51513671875,
          1541.5926513671875
        ],
        [
          697.51513671875,
          1539.5926513671875
        ],
        [
          699.51513671875,
          2169.5926513671875
        ],
        [
          1962.51513671875,
          2165.5926513671875
        ],
        [
          699.51513671875,
          2169.5926513671875
        ],
        [
          1962.51513671875,
          2167.5926513671875
        ],
        [
          2023.51513671875,
          1161.5926513671875
        ],
        [
          2023.51513671875,
          2223.5926513671875
        ],
        [
          641.51513671875,
          1165.5926513671875
        ],
        [
          640.51513671875,
          1399.5926513671875
        ],
        [
          697.51513671875,
          1221.5926513671875
        ],
        [
          699.51513671875,
          1399.5926513671875
        ],
        [
          640.51513671875,
          1539.5926513671875
        ],
        [
          640.51513671875,
          2227.5926513671875
        ]
      ],
      "rotate": 0,
      "semantic": {
        "element": "墙轮廓",
        "path": [
          "0, 1",
          "2, 3, 4",
          "5, 6",
          "7, 8",
          "9, 10, 11, 12",
          "13, 14",
          "15, 16",
          "17, 18",
          "19, 20",
          "21, 22",
          "23, 24",
          "25, 26"
        ],
        "links": []
      },
      "ext": {}
    },
    {
      "id": 2,
      "type": "outline",
      "shape": "polyline",
      "coord": [
        [
          639.51513671875,
          1539.5926513671875
        ],
        [
          697.51513671875,
          1539.5926513671875
        ],
        [
          697.51513671875,
          2169.5926513671875
        ],
        [
          639.51513671875,
          1163.5926513671875
        ],
        [
          2021.51513671875,
          1163.5926513671875
        ],
        [
          2021.51513671875,
          2225.5926513671875
        ],
        [
          639.51513671875,
          2225.5926513671875
        ],
        [
          2021.51513671875,
          2225.5926513671875
        ],
        [
          697.51513671875,
          2165.5926513671875
        ],
        [
          1965.51513671875,
          2169.5926513671875
        ],
        [
          639.51513671875,
          1401.5926513671875
        ],
        [
          697.51513671875,
          1401.5926513671875
        ],
        [
          697.51513671875,
          1219.5926513671875
        ],
        [
          1965.51513671875,
          1223.5926513671875
        ],
        [
          639.51513671875,
          1163.5926513671875
        ],
        [
          639.51513671875,
          1401.5926513671875
        ],
        [
          1965.51513671875,
          1219.5926513671875
        ],
        [
          1965.51513671875,
          2165.5926513671875
        ],
        [
          697.51513671875,
          1223.5926513671875
        ],
        [
          697.51513671875,
          1401.5926513671875
        ],
        [
          639.51513671875,
          1539.5926513671875
        ],
        [
          639.51513671875,
          2225.5926513671875
        ]
      ],
      "rotate": 0,
      "semantic": {
        "element": "墙轮廓",
        "path": [
          "0, 1, 2",
          "3, 4, 5",
          "6, 7",
          "8, 9",
          "10, 11",
          "12, 13",
          "14, 15",
          "16, 17",
          "18, 19",
          "20, 21"
        ],
        "links": []
      },
      "ext": {}
    },
    {
      "id": 2,
      "type": "polyline",
      "shape": "polyline",
      "coord": [
        [
          1283.51513671875,
          1221.5926513671875
        ],
        [
          1283.51513671875,
          1701.5926513671875
        ]
      ],
      "rotate": 0,
      "semantic": {
        "element": "标尺",
        "links": []
      },
      "ext": {
        "文字识别结果": [
          "1650"
        ]
      }
    },
    {
      "id": 3,
      "type": "polyline",
      "shape": "polyline",
      "coord": [
        [
          847.51513671875,
          1701.5926513671875
        ],
        [
          847.51513671875,
          1875.5926513671875
        ]
      ],
      "rotate": 0,
      "semantic": {
        "element": "标尺",
        "links": []
      },
      "ext": {
        "文字识别结果": [
          "600"
        ]
      }
    },
    {
      "id": 4,
      "type": "polyline",
      "shape": "polyline",
      "coord": [
        [
          1076.51513671875,
          1653.5926513671875
        ],
        [
          1076.51513671875,
          1874.5926513671875
        ]
      ],
      "rotate": 0,
      "semantic": {
        "element": "标尺",
        "links": []
      },
      "ext": {
        "文字识别结果": [
          ""
        ]
      }
    },
    {
      "id": 5,
      "type": "polyline",
      "shape": "polyline",
      "coord": [
        [
          1077.51513671875,
          1874.5926513671875
        ],
        [
          1077.51513671875,
          2165.5926513671875
        ]
      ],
      "rotate": 0,
      "semantic": {
        "element": "标尺",
        "links": []
      },
      "ext": {
        "文字识别结果": [
          "10bo"
        ]
      }
    },
    {
      "id": 6,
      "type": "polyline",
      "shape": "polyline",
      "coord": [
        [
          903.51513671875,
          1653.5926513671875
        ],
        [
          1076.51513671875,
          1653.5926513671875
        ]
      ],
      "rotate": 0,
      "semantic": {
        "element": "标尺",
        "links": []
      },
      "ext": {
        "文字识别结果": [
          "下600"
        ]
      }
    },
    {
      "id": 7,
      "type": "polyline",
      "shape": "polyline",
      "coord": [
        [
          1076.51513671875,
          1653.5926513671875
        ],
        [
          1251.51513671875,
          1653.5926513671875
        ]
      ],
      "rotate": 0,
      "semantic": {
        "element": "标尺",
        "links": []
      },
      "ext": {
        "文字识别结果": [
          "*600"
        ]
      }
    },
    {
      "id": 8,
      "type": "polyline",
      "shape": "polyline",
      "coord": [
        [
          699.51513671875,
          1915.5926513671875
        ],
        [
          903.51513671875,
          1915.5926513671875
        ]
      ],
      "rotate": 0,
      "semantic": {
        "element": "标尺",
        "links": []
      },
      "ext": {
        "文字识别结果": [
          "70①"
        ]
      }
    },
    {
      "id": 9,
      "type": "box",
      "shape": "rect",
      "coord": [
        [
          1077.51513671875,
          1701.5926513671875
        ],
        [
          1251.51513671875,
          1875.5926513671875
        ]
      ],
      "rotate": 0,
      "semantic": {
        "element": "机柜",
        "links": []
      },
      "ext": {
        "文字识别结果": [
          "1"
        ],
        "门朝向": "up"
      }
    },
    {
      "id": 10,
      "type": "box",
      "shape": "rect",
      "coord": [
        [
          1251.51513671875,
          1701.5926513671875
        ],
        [
          1429.51513671875,
          1831.5926513671875
        ]
      ],
      "rotate": 0,
      "semantic": {
        "element": "机柜",
        "links": []
      },
      "ext": {
        "文字识别结果": [
          ""
        ],
        "门朝向": "up"
      }
    },
    {
      "id": 11,
      "type": "box",
      "shape": "rect",
      "coord": [
        [
          1425.51513671875,
          1701.5926513671875
        ],
        [
          1603.51513671875,
          1830.5926513671875
        ]
      ],
      "rotate": 0,
      "semantic": {
        "element": "机柜",
        "links": []
      },
      "ext": {
        "文字识别结果": [
          "3"
        ],
        "门朝向": "up",
        "表格匹配结果": [
          "3",
          "电源柜",
          "2000x600x450",
          "架",
          "1",
          "利"
        ]
      }
    },
    {
      "id": 12,
      "type": "box",
      "shape": "rect",
      "coord": [
        [
          736.51513671875,
          1241.5926513671875
        ],
        [
          903.51513671875,
          1333.5926513671875
        ]
      ],
      "rotate": 0,
      "semantic": {
        "element": "普通设备",
        "links": []
      },
      "ext": {
        "文字识别结果": [
          "空调"
        ]
      }
    },
    {
      "id": 13,
      "type": "box",
      "shape": "rect",
      "coord": [
        [
          903.51513671875,
          1701.5926513671875
        ],
        [
          1077.51513671875,
          1729.5926513671875
        ]
      ],
      "rotate": 0,
      "semantic": {
        "element": "普通设备",
        "links": []
      },
      "ext": {
        "文字识别结果": [
          ""
        ]
      }
    },
    {
      "id": 14,
      "type": "box",
      "shape": "rect",
      "coord": [
        [
          957.51513671875,
          1241.5926513671875
        ],
        [
          1207.51513671875,
          1355.5926513671875
        ]
      ],
      "rotate": 0,
      "semantic": {
        "element": "普通设备",
        "links": []
      },
      "ext": {
        "文字识别结果": [
          ""
        ]
      }
    },
    {
      "id": 15,
      "type": "box",
      "shape": "rect",
      "coord": [
        [
          1351.51513671875,
          1241.5926513671875
        ],
        [
          1603.51513671875,
          1355.5926513671875
        ]
      ],
      "rotate": 0,
      "semantic": {
        "element": "普通设备",
        "links": []
      },
      "ext": {
        "文字识别结果": [
          ""
        ]
      }
    },
    {
      "id": 16,
      "type": "polyline",
      "shape": "polyline",
      "coord": [
        [
          1281.51513671875,
          1219.5926513671875
        ],
        [
          1281.51513671875,
          1699.5926513671875
        ]
      ],
      "rotate": 0,
      "semantic": {
        "element": "标尺",
        "links": []
      },
      "ext": {
        "文字识别结果": [
          "1650"
        ]
      }
    },
    {
      "id": 17,
      "type": "polyline",
      "shape": "polyline",
      "coord": [
        [
          845.51513671875,
          1701.5926513671875
        ],
        [
          845.51513671875,
          1875.5926513671875
        ]
      ],
      "rotate": 0,
      "semantic": {
        "element": "标尺",
        "links": []
      },
      "ext": {
        "文字识别结果": [
          "600"
        ]
      }
    },
    {
      "id": 18,
      "type": "polyline",
      "shape": "polyline",
      "coord": [
        [
          1075.51513671875,
          1651.5926513671875
        ],
        [
          1075.51513671875,
          1874.5926513671875
        ]
      ],
      "rotate": 0,
      "semantic": {
        "element": "标尺",
        "links": []
      },
      "ext": {
        "文字识别结果": [
          ""
        ]
      }
    },
    {
      "id": 19,
      "type": "polyline",
      "shape": "polyline",
      "coord": [
        [
          1075.51513671875,
          1874.5926513671875
        ],
        [
          1075.51513671875,
          2165.5926513671875
        ]
      ],
      "rotate": 0,
      "semantic": {
        "element": "标尺",
        "links": []
      },
      "ext": {
        "文字识别结果": [
          "10b0"
        ]
      }
    },
    {
      "id": 20,
      "type": "polyline",
      "shape": "polyline",
      "coord": [
        [
          903.51513671875,
          1651.5926513671875
        ],
        [
          1075.51513671875,
          1651.5926513671875
        ]
      ],
      "rotate": 0,
      "semantic": {
        "element": "标尺",
        "links": []
      },
      "ext": {
        "文字识别结果": [
          "下600"
        ]
      }
    },
    {
      "id": 21,
      "type": "polyline",
      "shape": "polyline",
      "coord": [
        [
          697.51513671875,
          1915.5926513671875
        ],
        [
          901.51513671875,
          1915.5926513671875
        ]
      ],
      "rotate": 0,
      "semantic": {
        "element": "标尺",
        "links": []
      },
      "ext": {
        "文字识别结果": [
          "700"
        ]
      }
    },
    {
      "id": 22,
      "type": "polyline",
      "shape": "polyline",
      "coord": [
        [
          1075.51513671875,
          1651.5926513671875
        ],
        [
          1253.51513671875,
          1651.5926513671875
        ]
      ],
      "rotate": 0,
      "semantic": {
        "element": "标尺",
        "links": []
      },
      "ext": {
        "文字识别结果": [
          "￥600"
        ]
      }
    },
    {
      "id": 23,
      "type": "box",
      "shape": "rect",
      "coord": [
        [
          902.51513671875,
          1703.5926513671875
        ],
        [
          1075.51513671875,
          1873.5926513671875
        ]
      ],
      "rotate": 0,
      "semantic": {
        "element": "机柜",
        "links": []
      },
      "ext": {
        "文字识别结果": [
          "2"
        ],
        "门朝向": "up"
      }
    },
    {
      "id": 24,
      "type": "box",
      "shape": "rect",
      "coord": [
        [
          1253.51513671875,
          1699.5926513671875
        ],
        [
          1427.51513671875,
          1829.5926513671875
        ]
      ],
      "rotate": 0,
      "semantic": {
        "element": "机柜",
        "links": []
      },
      "ext": {
        "文字识别结果": [
          ""
        ],
        "门朝向": "up"
      }
    },
    {
      "id": 25,
      "type": "box",
      "shape": "rect",
      "coord": [
        [
          1426.51513671875,
          1703.5926513671875
        ],
        [
          1601.51513671875,
          1833.5926513671875
        ]
      ],
      "rotate": 0,
      "semantic": {
        "element": "机柜",
        "links": []
      },
      "ext": {
        "文字识别结果": [
          "3"
        ],
        "门朝向": "up",
        "表格匹配结果": [
          "3",
          "电源柜",
          "2000x600x450",
          "架",
          "1",
          "利"
        ]
      }
    },
    {
      "id": 26,
      "type": "box",
      "shape": "rect",
      "coord": [
        [
          737.51513671875,
          1239.5926513671875
        ],
        [
          903.51513671875,
          1333.5926513671875
        ]
      ],
      "rotate": 0,
      "semantic": {
        "element": "普通设备",
        "links": []
      },
      "ext": {
        "文字识别结果": [
          "空调"
        ]
      }
    },
    {
      "id": 27,
      "type": "box",
      "shape": "rect",
      "coord": [
        [
          955.51513671875,
          1239.5926513671875
        ],
        [
          1205.51513671875,
          1357.5926513671875
        ]
      ],
      "rotate": 0,
      "semantic": {
        "element": "普通设备",
        "links": []
      },
      "ext": {
        "文字识别结果": [
          ""
        ]
      }
    },
    {
      "id": 28,
      "type": "box",
      "shape": "rect",
      "coord": [
        [
          1079.51513671875,
          1699.5926513671875
        ],
        [
          1253.51513671875,
          1729.5926513671875
        ]
      ],
      "rotate": 0,
      "semantic": {
        "element": "普通设备",
        "links": []
      },
      "ext": {
        "文字识别结果": [
          ""
        ]
      }
    },
    {
      "id": 29,
      "type": "box",
      "shape": "rect",
      "coord": [
        [
          1075.51513671875,
          1733.5926513671875
        ],
        [
          1253.51513671875,
          1875.5926513671875
        ]
      ],
      "rotate": 0,
      "semantic": {
        "element": "普通设备",
        "links": []
      },
      "ext": {
        "文字识别结果": [
          "1"
        ]
      }
    },
    {
      "id": 30,
      "type": "box",
      "shape": "rect",
      "coord": [
        [
          1351.51513671875,
          1239.5926513671875
        ],
        [
          1601.51513671875,
          1357.5926513671875
        ]
      ],
      "rotate": 0,
      "semantic": {
        "element": "普通设备",
        "links": []
      },
      "ext": {
        "文字识别结果": [
          ""
        ]
      }
    },
    {
      "id": 32,
      "type": "other",
      "shape": "rect",
      "coord": [
        [
          540.68505859375,
          1390.8804931640625
        ],
        [
          701.759033203125,
          1546.1689453125
        ]
      ],
      "rotate": 0,
      "semantic": {
        "element": "门",
        "links": []
      },
      "ext": {}
    },
    {
      "id": 33,
      "type": "other",
      "shape": "rect",
      "coord": [
        [
          562.1417236328125,
          3207.462890625
        ],
        [
          729.005615234375,
          3277.62939453125
        ]
      ],
      "rotate": 0,
      "semantic": {
        "element": "图例小图",
        "links": [
          {
            "pair_id": 41,
            "label": "图例文字",
            "distance": 351.74005126953125
          }
        ]
      },
      "ext": {
        "图例归类": "新增设备"
      }
    },
    {
      "id": 34,
      "type": "other",
      "shape": "rect",
      "coord": [
        [
          1387.968017578125,
          3348.1787109375
        ],
        [
          1550.322265625,
          3411.190185546875
        ]
      ],
      "rotate": 0,
      "semantic": {
        "element": "图例小图",
        "links": [
          {
            "pair_id": 44,
            "label": "图例文字",
            "distance": 311.6685791015625
          }
        ]
      },
      "ext": {
        "图例归类": "穿墙洞"
      }
    },
    {
      "id": 35,
      "type": "other",
      "shape": "rect",
      "coord": [
        [
          563.2203369140625,
          3356.671142578125
        ],
        [
          726.7742919921875,
          3421.150390625
        ]
      ],
      "rotate": 0,
      "semantic": {
        "element": "图例小图",
        "links": [
          {
            "pair_id": 45,
            "label": "图例文字",
            "distance": 304.31640625
          }
        ]
      },
      "ext": {
        "图例归类": "原有设备"
      }
    },
    {
      "id": 36,
      "type": "other",
      "shape": "rect",
      "coord": [
        [
          1451.13623046875,
          3216.931884765625
        ],
        [
          1611.075927734375,
          3277.415283203125
        ]
      ],
      "rotate": 0,
      "semantic": {
        "element": "图例小图",
        "links": [
          {
            "pair_id": 42,
            "label": "图例文字",
            "distance": 269.7076416015625
          }
        ]
      },
      "ext": {
        "图例归类": "未归类成功"
      }
    },
    {
      "id": 37,
      "type": "other",
      "shape": "rect",
      "coord": [
        [
          1986.518798828125,
          3212.22021484375
        ],
        [
          2206.86279296875,
          3274.261474609375
        ]
      ],
      "rotate": 0,
      "semantic": {
        "element": "图例小图",
        "links": [
          {
            "pair_id": 43,
            "label": "图例文字",
            "distance": 283.6229248046875
          }
        ]
      },
      "ext": {
        "图例归类": "电力电缆"
      }
    },
    {
      "id": 38,
      "type": "table",
      "shape": "rect",
      "coord": [
        [
          222.5421142578125,
          2816.77685546875
        ],
        [
          2767.998291015625,
          3164.8681640625
        ]
      ],
      "rotate": 0,
      "semantic": {
        "element": "物料表",
        "links": []
      },
      "ext": {
        "表格识别结果": [
          [
            "序号",
            "设备名称",
            "规格型号",
            "单位数量",
            "",
            "备注"
          ],
          [
            "1-2",
            "综合柜",
            "",
            "",
            "",
            "利综合柜，每架新增A1-10GE设备各一端"
          ],
          [
            "3",
            "电源柜",
            "2000x600x450",
            "架",
            "1",
            "利"
          ]
        ]
      }
    },
    {
      "id": 39,
      "type": "table",
      "shape": "rect",
      "coord": [
        [
          148.4273681640625,
          3715.820068359375
        ],
        [
          2847.792724609375,
          4162.1162109375
        ]
      ],
      "rotate": 0,
      "semantic": {
        "element": "标题栏",
        "links": []
      },
      "ext": {
        "表格识别结果": [
          [
            "处主管",
            "",
            "",
            "中讯邮电咨询设计院有限公司",
            ""
          ],
          [
            "",
            "",
            "mm",
            "",
            ""
          ],
          [
            "",
            "",
            "",
            "城后马机房设备布置平面图",
            ""
          ],
          [
            "",
            "比",
            "1:50",
            "",
            ""
          ],
          [
            "设计人",
            "目",
            "2020.03",
            "图号",
            "2019S1599"
          ]
        ]
      }
    },
    {
      "id": 40,
      "type": "other",
      "shape": "rect",
      "coord": [
        [
          240.813720703125,
          3152.26220703125
        ],
        [
          2547.57666015625,
          3473.080322265625
        ]
      ],
      "rotate": 0,
      "semantic": {
        "element": "图例",
        "links": []
      },
      "ext": {}
    },
    {
      "id": 41,
      "type": "other",
      "shape": "rect",
      "coord": [
        [
          814.813720703125,
          3208.26220703125
        ],
        [
          1179.813720703125,
          3275.26220703125
        ]
      ],
      "rotate": 0,
      "semantic": {
        "element": "图例文字",
        "links": []
      },
      "ext": {
        "文字识别结果": [
          "本期安装设备"
        ],
        "图例归类": "新增设备"
      }
    },
    {
      "id": 42,
      "type": "other",
      "shape": "rect",
      "coord": [
        [
          1681.813720703125,
          3208.26220703125
        ],
        [
          1919.813720703125,
          3272.26220703125
        ]
      ],
      "rotate": 0,
      "semantic": {
        "element": "图例文字",
        "links": []
      },
      "ext": {
        "文字识别结果": [
          "设备正面"
        ],
        "图例归类": "未归类成功"
      }
    },
    {
      "id": 43,
      "type": "other",
      "shape": "rect",
      "coord": [
        [
          2258.813720703125,
          3205.26220703125
        ],
        [
          2501.813720703125,
          3265.26220703125
        ]
      ],
      "rotate": 0,
      "semantic": {
        "element": "图例文字",
        "links": []
      },
      "ext": {
        "文字识别结果": [
          "电力电缆"
        ],
        "图例归类": "电力电缆"
      }
    },
    {
      "id": 44,
      "type": "other",
      "shape": "rect",
      "coord": [
        [
          1689.813720703125,
          3335.26220703125
        ],
        [
          1871.813720703125,
          3399.26220703125
        ]
      ],
      "rotate": 0,
      "semantic": {
        "element": "图例文字",
        "links": []
      },
      "ext": {
        "文字识别结果": [
          "穿墙洞"
        ],
        "图例归类": "穿墙洞"
      }
    },
    {
      "id": 45,
      "type": "other",
      "shape": "rect",
      "coord": [
        [
          828.813720703125,
          3352.26220703125
        ],
        [
          1069.813720703125,
          3416.26220703125
        ]
      ],
      "rotate": 0,
      "semantic": {
        "element": "图例文字",
        "links": []
      },
      "ext": {
        "文字识别结果": [
          "原有设备"
        ],
        "图例归类": "原有设备"
      }
    },
    {
      "id": 46,
      "type": "other",
      "shape": "rect",
      "coord": [
        [
          2556.07421875,
          142.78518676757812
        ],
        [
          2741.77099609375,
          414.3719177246094
        ]
      ],
      "rotate": 0,
      "semantic": {
        "element": "建北磁北(夹角)",
        "links": []
      },
      "ext": {
        "文字识别结果": [],
        "文字位置": [],
        "顶点位置": [
          [
            2658.999750664894,
            185.41018676757812
          ],
          [
            2658.999750664894,
            304.7226867675781
          ]
        ]
      }
    }
  ]
}