{
  "info": {
    "像素面积": {
      "全部面积": 6942900.0,
      "设备面积": 964312.0,
      "剩余面积": 5978588.0
    },
    "图纸信息": {
      "类型": "机房",
      "名称": "217.png"
    }
  },
  "obj": [
    {
      "id": 1,
      "type": "outline",
      "shape": "polyline",
      "coord": [
        [
          419.5323486328125,
          2246.568145751953
        ],
        [
          549.5323486328125,
          2246.568145751953
        ],
        [
          491.5323486328125,
          2178.568145751953
        ],
        [
          493.5323486328125,
          2178.568145751953
        ],
        [
          549.5323486328125,
          2178.568145751953
        ],
        [
          549.5323486328125,
          2246.568145751953
        ],
        [
          493.5323486328125,
          690.5681457519531
        ],
        [
          1453.5323486328125,
          691.5681457519531
        ],
        [
          491.5323486328125,
          691.5681457519531
        ],
        [
          1453.5323486328125,
          691.5681457519531
        ],
        [
          827.5323486328125,
          2246.568145751953
        ],
        [
          2147.5323486328125,
          2246.568145751953
        ],
        [
          826.5323486328125,
          2178.568145751953
        ],
        [
          1453.5323486328125,
          2178.568145751953
        ],
        [
          1523.5323486328125,
          2178.568145751953
        ],
        [
          1525.5323486328125,
          2178.568145751953
        ],
        [
          2147.5323486328125,
          2178.568145751953
        ],
        [
          2147.5323486328125,
          2246.568145751953
        ],
        [
          1525.5323486328125,
          692.5681457519531
        ],
        [
          2483.5323486328125,
          692.5681457519531
        ],
        [
          2483.5323486328125,
          2178.568145751953
        ],
        [
          1522.5323486328125,
          692.5681457519531
        ],
        [
          1525.5323486328125,
          694.5681457519531
        ],
        [
          2483.5323486328125,
          692.5681457519531
        ],
        [
          2427.5323486328125,
          2246.568145751953
        ],
        [
          2553.5323486328125,
          2246.568145751953
        ],
        [
          2555.5323486328125,
          2246.568145751953
        ],
        [
          2427.5323486328125,
          2178.568145751953
        ],
        [
          2483.5323486328125,
          2178.568145751953
        ],
        [
          419.5323486328125,
          622.5681457519531
        ],
        [
          2553.5323486328125,
          622.5681457519531
        ],
        [
          2553.5323486328125,
          2246.568145751953
        ],
        [
          492.5323486328125,
          691.5681457519531
        ],
        [
          490.5323486328125,
          2178.568145751953
        ],
        [
          1453.5323486328125,
          690.5681457519531
        ],
        [
          1453.5323486328125,
          2178.568145751953
        ],
        [
          1522.5323486328125,
          692.5681457519531
        ],
        [
          1522.5323486328125,
          2178.568145751953
        ],
        [
          422.5323486328125,
          622.5681457519531
        ],
        [
          422.5323486328125,
          2246.568145751953
        ],
        [
          827.5323486328125,
          2178.568145751953
        ],
        [
          826.5323486328125,
          2246.568145751953
        ],
        [
          2427.5323486328125,
          2178.568145751953
        ],
        [
          2427.5323486328125,
          2246.568145751953
        ]
      ],
      "rotate": 0,
      "semantic": {
        "element": "墙轮廓",
        "path": [
          "0, 1",
          "2, 3, 4, 5",
          "6, 7",
          "8, 9",
          "10, 11",
          "12, 13",
          "14, 15, 16, 17",
          "18, 19, 20",
          "21, 22, 23",
          "24, 25, 26",
          "27, 28",
          "29, 30, 31",
          "32, 33",
          "34, 35",
          "36, 37",
          "38, 39",
          "40, 41",
          "42, 43"
        ],
        "links": []
      },
      "ext": {}
    },
    {
      "id": 2,
      "type": "outline",
      "shape": "polyline",
      "coord": [
        [
          421.5323486328125,
          624.5681457519531
        ],
        [
          2551.5323486328125,
          624.5681457519531
        ],
        [
          421.5323486328125,
          2248.568145751953
        ],
        [
          547.5323486328125,
          2248.568145751953
        ],
        [
          491.5323486328125,
          2176.568145751953
        ],
        [
          547.5323486328125,
          2176.568145751953
        ],
        [
          547.5323486328125,
          2248.568145751953
        ],
        [
          825.5323486328125,
          2176.568145751953
        ],
        [
          1451.5323486328125,
          2176.568145751953
        ],
        [
          1453.5323486328125,
          2176.568145751953
        ],
        [
          491.5323486328125,
          690.5681457519531
        ],
        [
          1451.5323486328125,
          690.5681457519531
        ],
        [
          1525.5323486328125,
          2176.568145751953
        ],
        [
          2147.5323486328125,
          2176.568145751953
        ],
        [
          2147.5323486328125,
          2250.568145751953
        ],
        [
          825.5323486328125,
          2248.568145751953
        ],
        [
          2147.5323486328125,
          2248.568145751953
        ],
        [
          2425.5323486328125,
          2176.568145751953
        ],
        [
          2483.5323486328125,
          2176.568145751953
        ],
        [
          2485.5323486328125,
          2176.568145751953
        ],
        [
          1524.5323486328125,
          690.5681457519531
        ],
        [
          2481.5323486328125,
          693.5681457519531
        ],
        [
          2425.5323486328125,
          2248.568145751953
        ],
        [
          2551.5323486328125,
          2248.568145751953
        ],
        [
          423.5323486328125,
          622.5681457519531
        ],
        [
          2551.5323486328125,
          622.5681457519531
        ],
        [
          2551.5323486328125,
          2248.568145751953
        ],
        [
          421.5323486328125,
          624.5681457519531
        ],
        [
          421.5323486328125,
          2248.568145751953
        ],
        [
          2483.5323486328125,
          690.5681457519531
        ],
        [
          2483.5323486328125,
          2176.568145751953
        ],
        [
          1453.5323486328125,
          690.5681457519531
        ],
        [
          1451.5323486328125,
          693.5681457519531
        ],
        [
          1453.5323486328125,
          2176.568145751953
        ],
        [
          2425.5323486328125,
          2176.568145751953
        ],
        [
          2425.5323486328125,
          2248.568145751953
        ],
        [
          1525.5323486328125,
          693.5681457519531
        ],
        [
          1524.5323486328125,
          2176.568145751953
        ],
        [
          825.5323486328125,
          2176.568145751953
        ],
        [
          825.5323486328125,
          2248.568145751953
        ],
        [
          491.5323486328125,
          690.5681457519531
        ],
        [
          491.5323486328125,
          2176.568145751953
        ]
      ],
      "rotate": 0,
      "semantic": {
        "element": "墙轮廓",
        "path": [
          "0, 1",
          "2, 3",
          "4, 5, 6",
          "7, 8, 9",
          "10, 11",
          "12, 13, 14",
          "15, 16",
          "17, 18, 19",
          "20, 21",
          "22, 23",
          "24, 25, 26",
          "27, 28",
          "29, 30",
          "31, 32, 33",
          "34, 35",
          "36, 37",
          "38, 39",
          "40, 41"
        ],
        "links": []
      },
      "ext": {}
    },
    {
      "id": 2,
      "type": "polyline",
      "shape": "polyline",
      "coord": [
        [
          375.5323486328125,
          692.5681457519531
        ],
        [
          375.5323486328125,
          2174.568145751953
        ]
      ],
      "rotate": 0,
      "semantic": {
        "element": "标尺",
        "links": []
      },
      "ext": {
        "文字识别结果": [
          "5100"
        ]
      }
    },
    {
      "id": 3,
      "type": "polyline",
      "shape": "polyline",
      "coord": [
        [
          601.5323486328125,
          692.5681457519531
        ],
        [
          601.5323486328125,
          751.5681457519531
        ]
      ],
      "rotate": 0,
      "semantic": {
        "element": "标尺",
        "links": []
      },
      "ext": {
        "文字识别结果": [
          ""
        ]
      }
    },
    {
      "id": 4,
      "type": "polyline",
      "shape": "polyline",
      "coord": [
        [
          827.5323486328125,
          954.5681457519531
        ],
        [
          827.5323486328125,
          1127.5681457519531
        ]
      ],
      "rotate": 0,
      "semantic": {
        "element": "标尺",
        "links": []
      },
      "ext": {
        "文字识别结果": [
          "009"
        ]
      }
    },
    {
      "id": 5,
      "type": "polyline",
      "shape": "polyline",
      "coord": [
        [
          1227.5323486328125,
          954.5681457519531
        ],
        [
          1227.5323486328125,
          1128.5681457519531
        ]
      ],
      "rotate": 0,
      "semantic": {
        "element": "标尺",
        "links": []
      },
      "ext": {
        "文字识别结果": [
          "009"
        ]
      }
    },
    {
      "id": 6,
      "type": "polyline",
      "shape": "polyline",
      "coord": [
        [
          2135.5323486328125,
          1128.5681457519531
        ],
        [
          2135.5323486328125,
          1302.5681457519531
        ]
      ],
      "rotate": 0,
      "semantic": {
        "element": "标尺",
        "links": []
      },
      "ext": {
        "文字识别结果": [
          "009"
        ]
      }
    },
    {
      "id": 7,
      "type": "polyline",
      "shape": "polyline",
      "coord": [
        [
          1715.5323486328125,
          1434.5681457519531
        ],
        [
          1715.5323486328125,
          1782.5681457519531
        ]
      ],
      "rotate": 0,
      "semantic": {
        "element": "标尺",
        "links": []
      },
      "ext": {
        "文字识别结果": [
          "1200"
        ]
      }
    },
    {
      "id": 8,
      "type": "polyline",
      "shape": "polyline",
      "coord": [
        [
          2133.5323486328125,
          1475.5681457519531
        ],
        [
          2133.5323486328125,
          1652.5681457519531
        ]
      ],
      "rotate": 0,
      "semantic": {
        "element": "标尺",
        "links": []
      },
      "ext": {
        "文字识别结果": [
          "009"
        ]
      }
    },
    {
      "id": 9,
      "type": "polyline",
      "shape": "polyline",
      "coord": [
        [
          827.5323486328125,
          1127.5681457519531
        ],
        [
          827.5323486328125,
          1302.5681457519531
        ]
      ],
      "rotate": 0,
      "semantic": {
        "element": "标尺",
        "links": []
      },
      "ext": {
        "文字识别结果": [
          "009"
        ]
      }
    },
    {
      "id": 10,
      "type": "polyline",
      "shape": "polyline",
      "coord": [
        [
          827.5323486328125,
          1303.5681457519531
        ],
        [
          827.5323486328125,
          1476.5681457519531
        ]
      ],
      "rotate": 0,
      "semantic": {
        "element": "标尺",
        "links": []
      },
      "ext": {
        "文字识别结果": [
          ""
        ]
      }
    },
    {
      "id": 11,
      "type": "polyline",
      "shape": "polyline",
      "coord": [
        [
          1227.5323486328125,
          1128.5681457519531
        ],
        [
          1227.5323486328125,
          1754.5681457519531
        ]
      ],
      "rotate": 0,
      "semantic": {
        "element": "标尺",
        "links": []
      },
      "ext": {
        "文字识别结果": [
          "2150"
        ]
      }
    },
    {
      "id": 12,
      "type": "polyline",
      "shape": "polyline",
      "coord": [
        [
          826.5323486328125,
          1302.5681457519531
        ],
        [
          826.5323486328125,
          1476.5681457519531
        ]
      ],
      "rotate": 0,
      "semantic": {
        "element": "标尺",
        "links": []
      },
      "ext": {
        "文字识别结果": [
          "009"
        ]
      }
    },
    {
      "id": 13,
      "type": "polyline",
      "shape": "polyline",
      "coord": [
        [
          2135.5323486328125,
          1302.5681457519531
        ],
        [
          2135.5323486328125,
          1476.5681457519531
        ]
      ],
      "rotate": 0,
      "semantic": {
        "element": "标尺",
        "links": []
      },
      "ext": {
        "文字识别结果": [
          ""
        ]
      }
    },
    {
      "id": 14,
      "type": "polyline",
      "shape": "polyline",
      "coord": [
        [
          2133.5323486328125,
          1302.5681457519531
        ],
        [
          2133.5323486328125,
          1476.5681457519531
        ]
      ],
      "rotate": 0,
      "semantic": {
        "element": "标尺",
        "links": []
      },
      "ext": {
        "文字识别结果": [
          "009"
        ]
      }
    },
    {
      "id": 15,
      "type": "polyline",
      "shape": "polyline",
      "coord": [
        [
          827.5323486328125,
          1651.5681457519531
        ],
        [
          827.5323486328125,
          1826.5681457519531
        ]
      ],
      "rotate": 0,
      "semantic": {
        "element": "标尺",
        "links": []
      },
      "ext": {
        "文字识别结果": [
          "009"
        ]
      }
    },
    {
      "id": 16,
      "type": "polyline",
      "shape": "polyline",
      "coord": [
        [
          827.5323486328125,
          1476.5681457519531
        ],
        [
          827.5323486328125,
          1651.5681457519531
        ]
      ],
      "rotate": 0,
      "semantic": {
        "element": "标尺",
        "links": []
      },
      "ext": {
        "文字识别结果": [
          "009"
        ]
      }
    },
    {
      "id": 17,
      "type": "polyline",
      "shape": "polyline",
      "coord": [
        [
          2135.5323486328125,
          1652.5681457519531
        ],
        [
          2135.5323486328125,
          1825.5681457519531
        ]
      ],
      "rotate": 0,
      "semantic": {
        "element": "标尺",
        "links": []
      },
      "ext": {
        "文字识别结果": [
          "009"
        ]
      }
    },
    {
      "id": 18,
      "type": "polyline",
      "shape": "polyline",
      "coord": [
        [
          2135.5323486328125,
          1476.5681457519531
        ],
        [
          2135.5323486328125,
          1652.5681457519531
        ]
      ],
      "rotate": 0,
      "semantic": {
        "element": "标尺",
        "links": []
      },
      "ext": {
        "文字识别结果": [
          ""
        ]
      }
    },
    {
      "id": 19,
      "type": "polyline",
      "shape": "polyline",
      "coord": [
        [
          827.5323486328125,
          1826.5681457519531
        ],
        [
          827.5323486328125,
          2003.5681457519531
        ]
      ],
      "rotate": 0,
      "semantic": {
        "element": "标尺",
        "links": []
      },
      "ext": {
        "文字识别结果": [
          "009"
        ]
      }
    },
    {
      "id": 20,
      "type": "polyline",
      "shape": "polyline",
      "coord": [
        [
          1227.5323486328125,
          1754.5681457519531
        ],
        [
          1227.5323486328125,
          1870.5681457519531
        ]
      ],
      "rotate": 0,
      "semantic": {
        "element": "标尺",
        "links": []
      },
      "ext": {
        "文字识别结果": [
          ""
        ]
      }
    },
    {
      "id": 21,
      "type": "polyline",
      "shape": "polyline",
      "coord": [
        [
          1227.5323486328125,
          1870.5681457519531
        ],
        [
          1227.5323486328125,
          2174.568145751953
        ]
      ],
      "rotate": 0,
      "semantic": {
        "element": "标尺",
        "links": []
      },
      "ext": {
        "文字识别结果": [
          "1050"
        ]
      }
    },
    {
      "id": 22,
      "type": "polyline",
      "shape": "polyline",
      "coord": [
        [
          1715.5323486328125,
          1870.5681457519531
        ],
        [
          1715.5323486328125,
          2044.5681457519531
        ]
      ],
      "rotate": 0,
      "semantic": {
        "element": "标尺",
        "links": []
      },
      "ext": {
        "文字识别结果": [
          "009"
        ]
      }
    },
    {
      "id": 23,
      "type": "polyline",
      "shape": "polyline",
      "coord": [
        [
          1715.5323486328125,
          1782.5681457519531
        ],
        [
          1715.5323486328125,
          1870.5681457519531
        ]
      ],
      "rotate": 0,
      "semantic": {
        "element": "标尺",
        "links": []
      },
      "ext": {
        "文字识别结果": [
          ""
        ]
      }
    },
    {
      "id": 24,
      "type": "polyline",
      "shape": "polyline",
      "coord": [
        [
          2135.5323486328125,
          1825.5681457519531
        ],
        [
          2135.5323486328125,
          2003.5681457519531
        ]
      ],
      "rotate": 0,
      "semantic": {
        "element": "标尺",
        "links": []
      },
      "ext": {
        "文字识别结果": [
          "009"
        ]
      }
    },
    {
      "id": 25,
      "type": "polyline",
      "shape": "polyline",
      "coord": [
        [
          827.5323486328125,
          2003.5681457519531
        ],
        [
          827.5323486328125,
          2174.568145751953
        ]
      ],
      "rotate": 0,
      "semantic": {
        "element": "标尺",
        "links": []
      },
      "ext": {
        "文字识别结果": [
          "q09"
        ]
      }
    },
    {
      "id": 26,
      "type": "polyline",
      "shape": "polyline",
      "coord": [
        [
          2135.5323486328125,
          2003.5681457519531
        ],
        [
          2135.5323486328125,
          2174.568145751953
        ]
      ],
      "rotate": 0,
      "semantic": {
        "element": "标尺",
        "links": []
      },
      "ext": {
        "文字识别结果": [
          "009"
        ]
      }
    },
    {
      "id": 27,
      "type": "polyline",
      "shape": "polyline",
      "coord": [
        [
          491.5323486328125,
          574.5681457519531
        ],
        [
          1453.5323486328125,
          574.5681457519531
        ]
      ],
      "rotate": 0,
      "semantic": {
        "element": "标尺",
        "links": []
      },
      "ext": {
        "文字识别结果": [
          "3300"
        ]
      }
    },
    {
      "id": 28,
      "type": "polyline",
      "shape": "polyline",
      "coord": [
        [
          1523.5323486328125,
          574.5681457519531
        ],
        [
          2483.5323486328125,
          574.5681457519531
        ]
      ],
      "rotate": 0,
      "semantic": {
        "element": "标尺",
        "links": []
      },
      "ext": {
        "文字识别结果": [
          "3300"
        ]
      }
    },
    {
      "id": 29,
      "type": "polyline",
      "shape": "polyline",
      "coord": [
        [
          491.5323486328125,
          2068.568145751953
        ],
        [
          871.5323486328125,
          2068.568145751953
        ]
      ],
      "rotate": 0,
      "semantic": {
        "element": "标尺",
        "links": []
      },
      "ext": {
        "文字识别结果": [
          ""
        ]
      }
    },
    {
      "id": 30,
      "type": "polyline",
      "shape": "polyline",
      "coord": [
        [
          493.5323486328125,
          2064.568145751953
        ],
        [
          871.5323486328125,
          2064.568145751953
        ]
      ],
      "rotate": 0,
      "semantic": {
        "element": "标尺",
        "links": []
      },
      "ext": {
        "文字识别结果": [
          "1300"
        ]
      }
    },
    {
      "id": 31,
      "type": "polyline",
      "shape": "polyline",
      "coord": [
        [
          549.5323486328125,
          2298.568145751953
        ],
        [
          827.5323486328125,
          2298.568145751953
        ]
      ],
      "rotate": 0,
      "semantic": {
        "element": "标尺",
        "links": []
      },
      "ext": {
        "文字识别结果": [
          "950"
        ]
      }
    },
    {
      "id": 32,
      "type": "polyline",
      "shape": "polyline",
      "coord": [
        [
          2147.5323486328125,
          2330.568145751953
        ],
        [
          2423.5323486328125,
          2330.568145751953
        ]
      ],
      "rotate": 0,
      "semantic": {
        "element": "标尺",
        "links": []
      },
      "ext": {
        "文字识别结果": [
          "950"
        ]
      }
    },
    {
      "id": 33,
      "type": "polyline",
      "shape": "polyline",
      "coord": [
        [
          871.5323486328125,
          2064.568145751953
        ],
        [
          1045.5323486328125,
          2064.568145751953
        ]
      ],
      "rotate": 0,
      "semantic": {
        "element": "标尺",
        "links": []
      },
      "ext": {
        "文字识别结果": [
          "600"
        ]
      }
    },
    {
      "id": 34,
      "type": "polyline",
      "shape": "polyline",
      "coord": [
        [
          827.5323486328125,
          1128.5681457519531
        ],
        [
          1227.5323486328125,
          1128.5681457519531
        ]
      ],
      "rotate": 0,
      "semantic": {
        "element": "标尺",
        "links": []
      },
      "ext": {
        "文字识别结果": [
          ""
        ]
      }
    },
    {
      "id": 35,
      "type": "polyline",
      "shape": "polyline",
      "coord": [
        [
          823.5323486328125,
          1302.5681457519531
        ],
        [
          2133.5323486328125,
          1302.5681457519531
        ]
      ],
      "rotate": 0,
      "semantic": {
        "element": "标尺",
        "links": []
      },
      "ext": {
        "文字识别结果": [
          ""
        ]
      }
    },
    {
      "id": 36,
      "type": "polyline",
      "shape": "polyline",
      "coord": [
        [
          827.5323486328125,
          1652.5681457519531
        ],
        [
          2133.5323486328125,
          1652.5681457519531
        ]
      ],
      "rotate": 0,
      "semantic": {
        "element": "标尺",
        "links": []
      },
      "ext": {
        "文字识别结果": [
          "2"
        ]
      }
    },
    {
      "id": 37,
      "type": "polyline",
      "shape": "polyline",
      "coord": [
        [
          826.5323486328125,
          1476.5681457519531
        ],
        [
          2132.5323486328125,
          1476.5681457519531
        ]
      ],
      "rotate": 0,
      "semantic": {
        "element": "标尺",
        "links": []
      },
      "ext": {
        "文字识别结果": [
          "2"
        ]
      }
    },
    {
      "id": 38,
      "type": "polyline",
      "shape": "polyline",
      "coord": [
        [
          827.5323486328125,
          1826.5681457519531
        ],
        [
          2133.5323486328125,
          1826.5681457519531
        ]
      ],
      "rotate": 0,
      "semantic": {
        "element": "标尺",
        "links": []
      },
      "ext": {
        "文字识别结果": [
          ""
        ]
      }
    },
    {
      "id": 39,
      "type": "polyline",
      "shape": "polyline",
      "coord": [
        [
          1227.5323486328125,
          1870.5681457519531
        ],
        [
          1715.5323486328125,
          1870.5681457519531
        ]
      ],
      "rotate": 0,
      "semantic": {
        "element": "标尺",
        "links": []
      },
      "ext": {
        "文字识别结果": [
          ""
        ]
      }
    },
    {
      "id": 40,
      "type": "polyline",
      "shape": "polyline",
      "coord": [
        [
          827.5323486328125,
          2003.5681457519531
        ],
        [
          2135.5323486328125,
          2003.5681457519531
        ]
      ],
      "rotate": 0,
      "semantic": {
        "element": "标尺",
        "links": []
      },
      "ext": {
        "文字识别结果": [
          "6"
        ]
      }
    },
    {
      "id": 41,
      "type": "box",
      "shape": "rect",
      "coord": [
        [
          899.5323486328125,
          954.5681457519531
        ],
        [
          1045.5323486328125,
          1128.5681457519531
        ]
      ],
      "rotate": 0,
      "semantic": {
        "element": "机柜",
        "links": []
      },
      "ext": {
        "文字识别结果": [
          "其他"
        ],
        "门朝向": "left"
      }
    },
    {
      "id": 42,
      "type": "box",
      "shape": "rect",
      "coord": [
        [
          899.5323486328125,
          1128.5681457519531
        ],
        [
          1045.5323486328125,
          1302.5681457519531
        ]
      ],
      "rotate": 0,
      "semantic": {
        "element": "机柜",
        "links": []
      },
      "ext": {
        "文字识别结果": [
          "其他"
        ],
        "门朝向": "left"
      }
    },
    {
      "id": 43,
      "type": "box",
      "shape": "rect",
      "coord": [
        [
          899.5323486328125,
          1304.5681457519531
        ],
        [
          1045.5323486328125,
          1476.5681457519531
        ]
      ],
      "rotate": 0,
      "semantic": {
        "element": "机柜",
        "links": []
      },
      "ext": {
        "文字识别结果": [
          "其他"
        ],
        "门朝向": "left"
      }
    },
    {
      "id": 44,
      "type": "box",
      "shape": "rect",
      "coord": [
        [
          899.5323486328125,
          1478.5681457519531
        ],
        [
          1045.5323486328125,
          1652.5681457519531
        ]
      ],
      "rotate": 0,
      "semantic": {
        "element": "机柜",
        "links": []
      },
      "ext": {
        "文字识别结果": [
          "其他"
        ],
        "门朝向": "left"
      }
    },
    {
      "id": 45,
      "type": "box",
      "shape": "rect",
      "coord": [
        [
          899.5323486328125,
          1652.5681457519531
        ],
        [
          1045.5323486328125,
          1826.5681457519531
        ]
      ],
      "rotate": 0,
      "semantic": {
        "element": "机柜",
        "links": []
      },
      "ext": {
        "文字识别结果": [
          "其他"
        ],
        "门朝向": "left"
      }
    },
    {
      "id": 46,
      "type": "box",
      "shape": "rect",
      "coord": [
        [
          899.5323486328125,
          1826.5681457519531
        ],
        [
          1045.5323486328125,
          2000.5681457519531
        ]
      ],
      "rotate": 0,
      "semantic": {
        "element": "机柜",
        "links": []
      },
      "ext": {
        "文字识别结果": [
          "其他"
        ],
        "门朝向": "left"
      }
    },
    {
      "id": 47,
      "type": "box",
      "shape": "rect",
      "coord": [
        [
          1279.5323486328125,
          1754.5681457519531
        ],
        [
          1449.5323486328125,
          1870.5681457519531
        ]
      ],
      "rotate": 0,
      "semantic": {
        "element": "机柜",
        "links": []
      },
      "ext": {
        "文字识别结果": [
          ""
        ],
        "门朝向": "down"
      }
    },
    {
      "id": 48,
      "type": "box",
      "shape": "rect",
      "coord": [
        [
          1279.5323486328125,
          954.5681457519531
        ],
        [
          1453.5323486328125,
          1128.5681457519531
        ]
      ],
      "rotate": 0,
      "semantic": {
        "element": "机柜",
        "links": []
      },
      "ext": {
        "文字识别结果": [
          "其他"
        ],
        "门朝向": "down"
      }
    },
    {
      "id": 49,
      "type": "box",
      "shape": "rect",
      "coord": [
        [
          1901.5323486328125,
          1132.5681457519531
        ],
        [
          2047.5323486328125,
          1302.5681457519531
        ]
      ],
      "rotate": 0,
      "semantic": {
        "element": "机柜",
        "links": []
      },
      "ext": {
        "文字识别结果": [
          ""
        ],
        "门朝向": "right"
      }
    },
    {
      "id": 50,
      "type": "box",
      "shape": "rect",
      "coord": [
        [
          1901.5323486328125,
          1304.5681457519531
        ],
        [
          2047.5323486328125,
          1476.5681457519531
        ]
      ],
      "rotate": 0,
      "semantic": {
        "element": "机柜",
        "links": []
      },
      "ext": {
        "文字识别结果": [
          ""
        ],
        "门朝向": "right"
      }
    },
    {
      "id": 51,
      "type": "box",
      "shape": "rect",
      "coord": [
        [
          1901.5323486328125,
          1478.5681457519531
        ],
        [
          2047.5323486328125,
          1652.5681457519531
        ]
      ],
      "rotate": 0,
      "semantic": {
        "element": "机柜",
        "links": []
      },
      "ext": {
        "文字识别结果": [
          ""
        ],
        "门朝向": "right"
      }
    },
    {
      "id": 52,
      "type": "box",
      "shape": "rect",
      "coord": [
        [
          1901.5323486328125,
          1652.5681457519531
        ],
        [
          2047.5323486328125,
          1826.5681457519531
        ]
      ],
      "rotate": 0,
      "semantic": {
        "element": "机柜",
        "links": []
      },
      "ext": {
        "文字识别结果": [
          ""
        ],
        "门朝向": "right"
      }
    },
    {
      "id": 53,
      "type": "box",
      "shape": "rect",
      "coord": [
        [
          1901.5323486328125,
          1825.5681457519531
        ],
        [
          2047.5323486328125,
          2000.5681457519531
        ]
      ],
      "rotate": 0,
      "semantic": {
        "element": "机柜",
        "links": []
      },
      "ext": {
        "文字识别结果": [
          "2"
        ],
        "门朝向": "right",
        "表格匹配结果": [
          "2",
          "电源柜",
          "2000x600x600",
          "架",
          "1",
          "利"
        ]
      }
    },
    {
      "id": 54,
      "type": "box",
      "shape": "rect",
      "coord": [
        [
          891.5323486328125,
          690.5681457519531
        ],
        [
          1037.5323486328125,
          764.5681457519531
        ]
      ],
      "rotate": 0,
      "semantic": {
        "element": "普通设备",
        "links": []
      },
      "ext": {
        "文字识别结果": [
          ""
        ]
      }
    },
    {
      "id": 55,
      "type": "box",
      "shape": "rect",
      "coord": [
        [
          899.5323486328125,
          2104.568145751953
        ],
        [
          1045.5323486328125,
          2174.568145751953
        ]
      ],
      "rotate": 0,
      "semantic": {
        "element": "普通设备",
        "links": []
      },
      "ext": {
        "文字识别结果": [
          ""
        ]
      }
    },
    {
      "id": 56,
      "type": "box",
      "shape": "rect",
      "coord": [
        [
          1525.5323486328125,
          1433.5681457519531
        ],
        [
          1655.5323486328125,
          1782.5681457519531
        ]
      ],
      "rotate": 0,
      "semantic": {
        "element": "普通设备",
        "links": []
      },
      "ext": {
        "文字识别结果": [
          ""
        ]
      }
    },
    {
      "id": 57,
      "type": "box",
      "shape": "rect",
      "coord": [
        [
          1521.5323486328125,
          1870.5681457519531
        ],
        [
          1655.5323486328125,
          2044.5681457519531
        ]
      ],
      "rotate": 0,
      "semantic": {
        "element": "普通设备",
        "links": []
      },
      "ext": {
        "文字识别结果": [
          ""
        ]
      }
    },
    {
      "id": 58,
      "type": "box",
      "shape": "rect",
      "coord": [
        [
          1525.5323486328125,
          2047.5681457519531
        ],
        [
          1655.5323486328125,
          2174.568145751953
        ]
      ],
      "rotate": 0,
      "semantic": {
        "element": "普通设备",
        "links": []
      },
      "ext": {
        "文字识别结果": [
          ""
        ]
      }
    },
    {
      "id": 59,
      "type": "box",
      "shape": "rect",
      "coord": [
        [
          1655.5323486328125,
          2044.5681457519531
        ],
        [
          1829.5323486328125,
          2174.568145751953
        ]
      ],
      "rotate": 0,
      "semantic": {
        "element": "普通设备",
        "links": []
      },
      "ext": {
        "文字识别结果": [
          ""
        ]
      }
    },
    {
      "id": 60,
      "type": "box",
      "shape": "rect",
      "coord": [
        [
          1901.5323486328125,
          2104.568145751953
        ],
        [
          2047.5323486328125,
          2174.568145751953
        ]
      ],
      "rotate": 0,
      "semantic": {
        "element": "普通设备",
        "links": []
      },
      "ext": {
        "文字识别结果": [
          ""
        ]
      }
    },
    {
      "id": 61,
      "type": "box",
      "shape": "rect",
      "coord": [
        [
          2411.5323486328125,
          1074.5681457519531
        ],
        [
          2483.5323486328125,
          1216.5681457519531
        ]
      ],
      "rotate": 0,
      "semantic": {
        "element": "普通设备",
        "links": []
      },
      "ext": {
        "文字识别结果": [
          ""
        ]
      }
    },
    {
      "id": 62,
      "type": "polyline",
      "shape": "polyline",
      "coord": [
        [
          373.5323486328125,
          694.5681457519531
        ],
        [
          373.5323486328125,
          2176.568145751953
        ]
      ],
      "rotate": 0,
      "semantic": {
        "element": "标尺",
        "links": []
      },
      "ext": {
        "文字识别结果": [
          "5100"
        ]
      }
    },
    {
      "id": 63,
      "type": "polyline",
      "shape": "polyline",
      "coord": [
        [
          603.5323486328125,
          694.5681457519531
        ],
        [
          603.5323486328125,
          750.5681457519531
        ]
      ],
      "rotate": 0,
      "semantic": {
        "element": "标尺",
        "links": []
      },
      "ext": {
        "文字识别结果": [
          ""
        ]
      }
    },
    {
      "id": 64,
      "type": "polyline",
      "shape": "polyline",
      "coord": [
        [
          825.5323486328125,
          956.5681457519531
        ],
        [
          825.5323486328125,
          1126.5681457519531
        ]
      ],
      "rotate": 0,
      "semantic": {
        "element": "标尺",
        "links": []
      },
      "ext": {
        "文字识别结果": [
          "009"
        ]
      }
    },
    {
      "id": 65,
      "type": "polyline",
      "shape": "polyline",
      "coord": [
        [
          1228.5323486328125,
          955.5681457519531
        ],
        [
          1228.5323486328125,
          1126.5681457519531
        ]
      ],
      "rotate": 0,
      "semantic": {
        "element": "标尺",
        "links": []
      },
      "ext": {
        "文字识别结果": [
          "009"
        ]
      }
    },
    {
      "id": 66,
      "type": "polyline",
      "shape": "polyline",
      "coord": [
        [
          2135.5323486328125,
          1130.5681457519531
        ],
        [
          2135.5323486328125,
          1304.5681457519531
        ]
      ],
      "rotate": 0,
      "semantic": {
        "element": "标尺",
        "links": []
      },
      "ext": {
        "文字识别结果": [
          "009"
        ]
      }
    },
    {
      "id": 67,
      "type": "polyline",
      "shape": "polyline",
      "coord": [
        [
          1719.5323486328125,
          1436.5681457519531
        ],
        [
          1719.5323486328125,
          1784.5681457519531
        ]
      ],
      "rotate": 0,
      "semantic": {
        "element": "标尺",
        "links": []
      },
      "ext": {
        "文字识别结果": [
          ""
        ]
      }
    },
    {
      "id": 68,
      "type": "polyline",
      "shape": "polyline",
      "coord": [
        [
          1719.5323486328125,
          1434.5681457519531
        ],
        [
          1719.5323486328125,
          1784.5681457519531
        ]
      ],
      "rotate": 0,
      "semantic": {
        "element": "标尺",
        "links": []
      },
      "ext": {
        "文字识别结果": [
          "1200"
        ]
      }
    },
    {
      "id": 69,
      "type": "polyline",
      "shape": "polyline",
      "coord": [
        [
          825.5323486328125,
          1126.5681457519531
        ],
        [
          825.5323486328125,
          1304.5681457519531
        ]
      ],
      "rotate": 0,
      "semantic": {
        "element": "标尺",
        "links": []
      },
      "ext": {
        "文字识别结果": [
          "009"
        ]
      }
    },
    {
      "id": 70,
      "type": "polyline",
      "shape": "polyline",
      "coord": [
        [
          1229.5323486328125,
          1126.5681457519531
        ],
        [
          1229.5323486328125,
          1755.5681457519531
        ]
      ],
      "rotate": 0,
      "semantic": {
        "element": "标尺",
        "links": []
      },
      "ext": {
        "文字识别结果": [
          "2150"
        ]
      }
    },
    {
      "id": 71,
      "type": "polyline",
      "shape": "polyline",
      "coord": [
        [
          825.5323486328125,
          1304.5681457519531
        ],
        [
          825.5323486328125,
          1478.5681457519531
        ]
      ],
      "rotate": 0,
      "semantic": {
        "element": "标尺",
        "links": []
      },
      "ext": {
        "文字识别结果": [
          "009"
        ]
      }
    },
    {
      "id": 72,
      "type": "polyline",
      "shape": "polyline",
      "coord": [
        [
          2135.5323486328125,
          1304.5681457519531
        ],
        [
          2135.5323486328125,
          1478.5681457519531
        ]
      ],
      "rotate": 0,
      "semantic": {
        "element": "标尺",
        "links": []
      },
      "ext": {
        "文字识别结果": [
          "009"
        ]
      }
    },
    {
      "id": 73,
      "type": "polyline",
      "shape": "polyline",
      "coord": [
        [
          825.5323486328125,
          1478.5681457519531
        ],
        [
          825.5323486328125,
          1652.5681457519531
        ]
      ],
      "rotate": 0,
      "semantic": {
        "element": "标尺",
        "links": []
      },
      "ext": {
        "文字识别结果": [
          "009"
        ]
      }
    },
    {
      "id": 74,
      "type": "polyline",
      "shape": "polyline",
      "coord": [
        [
          2135.5323486328125,
          1478.5681457519531
        ],
        [
          2135.5323486328125,
          1652.5681457519531
        ]
      ],
      "rotate": 0,
      "semantic": {
        "element": "标尺",
        "links": []
      },
      "ext": {
        "文字识别结果": [
          "009"
        ]
      }
    },
    {
      "id": 75,
      "type": "polyline",
      "shape": "polyline",
      "coord": [
        [
          825.5323486328125,
          1652.5681457519531
        ],
        [
          825.5323486328125,
          1828.5681457519531
        ]
      ],
      "rotate": 0,
      "semantic": {
        "element": "标尺",
        "links": []
      },
      "ext": {
        "文字识别结果": [
          "009"
        ]
      }
    },
    {
      "id": 76,
      "type": "polyline",
      "shape": "polyline",
      "coord": [
        [
          825.5323486328125,
          1828.5681457519531
        ],
        [
          825.5323486328125,
          2002.5681457519531
        ]
      ],
      "rotate": 0,
      "semantic": {
        "element": "标尺",
        "links": []
      },
      "ext": {
        "文字识别结果": [
          "009"
        ]
      }
    },
    {
      "id": 77,
      "type": "polyline",
      "shape": "polyline",
      "coord": [
        [
          1229.5323486328125,
          1755.5681457519531
        ],
        [
          1229.5323486328125,
          1870.5681457519531
        ]
      ],
      "rotate": 0,
      "semantic": {
        "element": "标尺",
        "links": []
      },
      "ext": {
        "文字识别结果": [
          ""
        ]
      }
    },
    {
      "id": 78,
      "type": "polyline",
      "shape": "polyline",
      "coord": [
        [
          1715.5323486328125,
          1872.5681457519531
        ],
        [
          1715.5323486328125,
          2046.5681457519531
        ]
      ],
      "rotate": 0,
      "semantic": {
        "element": "标尺",
        "links": []
      },
      "ext": {
        "文字识别结果": [
          "009"
        ]
      }
    },
    {
      "id": 79,
      "type": "polyline",
      "shape": "polyline",
      "coord": [
        [
          1719.5323486328125,
          1784.5681457519531
        ],
        [
          1719.5323486328125,
          1872.5681457519531
        ]
      ],
      "rotate": 0,
      "semantic": {
        "element": "标尺",
        "links": []
      },
      "ext": {
        "文字识别结果": [
          ""
        ]
      }
    },
    {
      "id": 80,
      "type": "polyline",
      "shape": "polyline",
      "coord": [
        [
          2135.5323486328125,
          1652.5681457519531
        ],
        [
          2135.5323486328125,
          1828.5681457519531
        ]
      ],
      "rotate": 0,
      "semantic": {
        "element": "标尺",
        "links": []
      },
      "ext": {
        "文字识别结果": [
          "009"
        ]
      }
    },
    {
      "id": 81,
      "type": "polyline",
      "shape": "polyline",
      "coord": [
        [
          2135.5323486328125,
          1828.5681457519531
        ],
        [
          2135.5323486328125,
          2002.5681457519531
        ]
      ],
      "rotate": 0,
      "semantic": {
        "element": "标尺",
        "links": []
      },
      "ext": {
        "文字识别结果": [
          "009"
        ]
      }
    },
    {
      "id": 82,
      "type": "polyline",
      "shape": "polyline",
      "coord": [
        [
          825.5323486328125,
          2002.5681457519531
        ],
        [
          825.5323486328125,
          2176.568145751953
        ]
      ],
      "rotate": 0,
      "semantic": {
        "element": "标尺",
        "links": []
      },
      "ext": {
        "文字识别结果": [
          "q09"
        ]
      }
    },
    {
      "id": 83,
      "type": "polyline",
      "shape": "polyline",
      "coord": [
        [
          1225.5323486328125,
          1870.5681457519531
        ],
        [
          1225.5323486328125,
          2176.568145751953
        ]
      ],
      "rotate": 0,
      "semantic": {
        "element": "标尺",
        "links": []
      },
      "ext": {
        "文字识别结果": [
          "1050"
        ]
      }
    },
    {
      "id": 84,
      "type": "polyline",
      "shape": "polyline",
      "coord": [
        [
          2135.5323486328125,
          2002.5681457519531
        ],
        [
          2135.5323486328125,
          2176.568145751953
        ]
      ],
      "rotate": 0,
      "semantic": {
        "element": "标尺",
        "links": []
      },
      "ext": {
        "文字识别结果": [
          "009"
        ]
      }
    },
    {
      "id": 85,
      "type": "polyline",
      "shape": "polyline",
      "coord": [
        [
          491.5323486328125,
          576.5681457519531
        ],
        [
          1451.5323486328125,
          576.5681457519531
        ]
      ],
      "rotate": 0,
      "semantic": {
        "element": "标尺",
        "links": []
      },
      "ext": {
        "文字识别结果": [
          "00MM"
        ]
      }
    },
    {
      "id": 86,
      "type": "polyline",
      "shape": "polyline",
      "coord": [
        [
          1525.5323486328125,
          576.5681457519531
        ],
        [
          2483.5323486328125,
          576.5681457519531
        ]
      ],
      "rotate": 0,
      "semantic": {
        "element": "标尺",
        "links": []
      },
      "ext": {
        "文字识别结果": [
          "3300"
        ]
      }
    },
    {
      "id": 87,
      "type": "polyline",
      "shape": "polyline",
      "coord": [
        [
          491.5323486328125,
          2066.568145751953
        ],
        [
          869.5323486328125,
          2066.568145751953
        ]
      ],
      "rotate": 0,
      "semantic": {
        "element": "标尺",
        "links": []
      },
      "ext": {
        "文字识别结果": [
          "1300"
        ]
      }
    },
    {
      "id": 88,
      "type": "polyline",
      "shape": "polyline",
      "coord": [
        [
          551.5323486328125,
          2296.568145751953
        ],
        [
          825.5323486328125,
          2296.568145751953
        ]
      ],
      "rotate": 0,
      "semantic": {
        "element": "标尺",
        "links": []
      },
      "ext": {
        "文字识别结果": [
          "950"
        ]
      }
    },
    {
      "id": 89,
      "type": "polyline",
      "shape": "polyline",
      "coord": [
        [
          2147.5323486328125,
          2330.568145751953
        ],
        [
          2425.5323486328125,
          2330.568145751953
        ]
      ],
      "rotate": 0,
      "semantic": {
        "element": "标尺",
        "links": []
      },
      "ext": {
        "文字识别结果": [
          "950"
        ]
      }
    },
    {
      "id": 90,
      "type": "polyline",
      "shape": "polyline",
      "coord": [
        [
          869.5323486328125,
          2066.568145751953
        ],
        [
          1043.5323486328125,
          2066.568145751953
        ]
      ],
      "rotate": 0,
      "semantic": {
        "element": "标尺",
        "links": []
      },
      "ext": {
        "文字识别结果": [
          "60０"
        ]
      }
    },
    {
      "id": 91,
      "type": "polyline",
      "shape": "polyline",
      "coord": [
        [
          825.5323486328125,
          1126.5681457519531
        ],
        [
          1225.5323486328125,
          1126.5681457519531
        ]
      ],
      "rotate": 0,
      "semantic": {
        "element": "标尺",
        "links": []
      },
      "ext": {
        "文字识别结果": [
          ""
        ]
      }
    },
    {
      "id": 92,
      "type": "polyline",
      "shape": "polyline",
      "coord": [
        [
          825.5323486328125,
          1304.5681457519531
        ],
        [
          2135.5323486328125,
          1304.5681457519531
        ]
      ],
      "rotate": 0,
      "semantic": {
        "element": "标尺",
        "links": []
      },
      "ext": {
        "文字识别结果": [
          ""
        ]
      }
    },
    {
      "id": 93,
      "type": "polyline",
      "shape": "polyline",
      "coord": [
        [
          825.5323486328125,
          1478.5681457519531
        ],
        [
          2135.5323486328125,
          1478.5681457519531
        ]
      ],
      "rotate": 0,
      "semantic": {
        "element": "标尺",
        "links": []
      },
      "ext": {
        "文字识别结果": [
          "2"
        ]
      }
    },
    {
      "id": 94,
      "type": "polyline",
      "shape": "polyline",
      "coord": [
        [
          825.5323486328125,
          1654.5681457519531
        ],
        [
          2135.5323486328125,
          1654.5681457519531
        ]
      ],
      "rotate": 0,
      "semantic": {
        "element": "标尺",
        "links": []
      },
      "ext": {
        "文字识别结果": [
          ""
        ]
      }
    },
    {
      "id": 95,
      "type": "polyline",
      "shape": "polyline",
      "coord": [
        [
          825.5323486328125,
          1828.5681457519531
        ],
        [
          2135.5323486328125,
          1828.5681457519531
        ]
      ],
      "rotate": 0,
      "semantic": {
        "element": "标尺",
        "links": []
      },
      "ext": {
        "文字识别结果": [
          ""
        ]
      }
    },
    {
      "id": 96,
      "type": "polyline",
      "shape": "polyline",
      "coord": [
        [
          1225.5323486328125,
          1872.5681457519531
        ],
        [
          1715.5323486328125,
          1872.5681457519531
        ]
      ],
      "rotate": 0,
      "semantic": {
        "element": "标尺",
        "links": []
      },
      "ext": {
        "文字识别结果": [
          ""
        ]
      }
    },
    {
      "id": 97,
      "type": "polyline",
      "shape": "polyline",
      "coord": [
        [
          825.5323486328125,
          2002.5681457519531
        ],
        [
          2135.5323486328125,
          2002.5681457519531
        ]
      ],
      "rotate": 0,
      "semantic": {
        "element": "标尺",
        "links": []
      },
      "ext": {
        "文字识别结果": [
          "6"
        ]
      }
    },
    {
      "id": 98,
      "type": "box",
      "shape": "rect",
      "coord": [
        [
          899.5323486328125,
          952.5681457519531
        ],
        [
          1042.5323486328125,
          1130.5681457519531
        ]
      ],
      "rotate": 0,
      "semantic": {
        "element": "机柜",
        "links": []
      },
      "ext": {
        "文字识别结果": [
          "其他"
        ],
        "门朝向": "left"
      }
    },
    {
      "id": 99,
      "type": "box",
      "shape": "rect",
      "coord": [
        [
          899.5323486328125,
          1126.5681457519531
        ],
        [
          1043.5323486328125,
          1304.5681457519531
        ]
      ],
      "rotate": 0,
      "semantic": {
        "element": "机柜",
        "links": []
      },
      "ext": {
        "文字识别结果": [
          "其他"
        ],
        "门朝向": "left"
      }
    },
    {
      "id": 100,
      "type": "box",
      "shape": "rect",
      "coord": [
        [
          899.5323486328125,
          1304.5681457519531
        ],
        [
          1043.5323486328125,
          1478.5681457519531
        ]
      ],
      "rotate": 0,
      "semantic": {
        "element": "机柜",
        "links": []
      },
      "ext": {
        "文字识别结果": [
          "其他"
        ],
        "门朝向": "left"
      }
    },
    {
      "id": 101,
      "type": "box",
      "shape": "rect",
      "coord": [
        [
          899.5323486328125,
          1654.5681457519531
        ],
        [
          1043.5323486328125,
          1828.5681457519531
        ]
      ],
      "rotate": 0,
      "semantic": {
        "element": "机柜",
        "links": []
      },
      "ext": {
        "文字识别结果": [
          "其他"
        ],
        "门朝向": "left"
      }
    },
    {
      "id": 102,
      "type": "box",
      "shape": "rect",
      "coord": [
        [
          899.5323486328125,
          1828.5681457519531
        ],
        [
          1043.5323486328125,
          2002.5681457519531
        ]
      ],
      "rotate": 0,
      "semantic": {
        "element": "机柜",
        "links": []
      },
      "ext": {
        "文字识别结果": [
          "其他"
        ],
        "门朝向": "left"
      }
    },
    {
      "id": 103,
      "type": "box",
      "shape": "rect",
      "coord": [
        [
          899.5323486328125,
          1478.5681457519531
        ],
        [
          1045.5323486328125,
          1652.5681457519531
        ]
      ],
      "rotate": 0,
      "semantic": {
        "element": "机柜",
        "links": []
      },
      "ext": {
        "文字识别结果": [
          "其他"
        ],
        "门朝向": "left"
      }
    },
    {
      "id": 104,
      "type": "box",
      "shape": "rect",
      "coord": [
        [
          1277.5323486328125,
          952.5681457519531
        ],
        [
          1451.5323486328125,
          1126.5681457519531
        ]
      ],
      "rotate": 0,
      "semantic": {
        "element": "机柜",
        "links": []
      },
      "ext": {
        "文字识别结果": [
          "其他"
        ],
        "门朝向": "down"
      }
    },
    {
      "id": 105,
      "type": "box",
      "shape": "rect",
      "coord": [
        [
          1277.5323486328125,
          1756.5681457519531
        ],
        [
          1451.5323486328125,
          1870.5681457519531
        ]
      ],
      "rotate": 0,
      "semantic": {
        "element": "机柜",
        "links": []
      },
      "ext": {
        "文字识别结果": [
          ""
        ],
        "门朝向": "down"
      }
    },
    {
      "id": 106,
      "type": "box",
      "shape": "rect",
      "coord": [
        [
          1903.5323486328125,
          1130.5681457519531
        ],
        [
          2044.5323486328125,
          1304.5681457519531
        ]
      ],
      "rotate": 0,
      "semantic": {
        "element": "机柜",
        "links": []
      },
      "ext": {
        "文字识别结果": [
          ""
        ],
        "门朝向": "right"
      }
    },
    {
      "id": 107,
      "type": "box",
      "shape": "rect",
      "coord": [
        [
          1903.5323486328125,
          1303.5681457519531
        ],
        [
          2045.5323486328125,
          1478.5681457519531
        ]
      ],
      "rotate": 0,
      "semantic": {
        "element": "机柜",
        "links": []
      },
      "ext": {
        "文字识别结果": [
          ""
        ],
        "门朝向": "right"
      }
    },
    {
      "id": 108,
      "type": "box",
      "shape": "rect",
      "coord": [
        [
          1903.5323486328125,
          1477.5681457519531
        ],
        [
          2045.5323486328125,
          1652.5681457519531
        ]
      ],
      "rotate": 0,
      "semantic": {
        "element": "机柜",
        "links": []
      },
      "ext": {
        "文字识别结果": [
          ""
        ],
        "门朝向": "right"
      }
    },
    {
      "id": 109,
      "type": "box",
      "shape": "rect",
      "coord": [
        [
          1903.5323486328125,
          1653.5681457519531
        ],
        [
          2045.5323486328125,
          1828.5681457519531
        ]
      ],
      "rotate": 0,
      "semantic": {
        "element": "机柜",
        "links": []
      },
      "ext": {
        "文字识别结果": [
          ""
        ],
        "门朝向": "right"
      }
    },
    {
      "id": 110,
      "type": "box",
      "shape": "rect",
      "coord": [
        [
          1899.5323486328125,
          1828.5681457519531
        ],
        [
          2045.5323486328125,
          2002.5681457519531
        ]
      ],
      "rotate": 0,
      "semantic": {
        "element": "机柜",
        "links": []
      },
      "ext": {
        "文字识别结果": [
          "2"
        ],
        "门朝向": "right",
        "表格匹配结果": [
          "2",
          "电源柜",
          "2000x600x600",
          "架",
          "1",
          "利"
        ]
      }
    },
    {
      "id": 111,
      "type": "box",
      "shape": "rect",
      "coord": [
        [
          491.5323486328125,
          750.5681457519531
        ],
        [
          563.5323486328125,
          896.5681457519531
        ]
      ],
      "rotate": 0,
      "semantic": {
        "element": "普通设备",
        "links": []
      },
      "ext": {
        "文字识别结果": [
          ""
        ]
      }
    },
    {
      "id": 112,
      "type": "box",
      "shape": "rect",
      "coord": [
        [
          891.5323486328125,
          694.5681457519531
        ],
        [
          1039.5323486328125,
          765.5681457519531
        ]
      ],
      "rotate": 0,
      "semantic": {
        "element": "普通设备",
        "links": []
      },
      "ext": {
        "文字识别结果": [
          ""
        ]
      }
    },
    {
      "id": 113,
      "type": "box",
      "shape": "rect",
      "coord": [
        [
          899.5323486328125,
          2104.568145751953
        ],
        [
          1043.5323486328125,
          2176.568145751953
        ]
      ],
      "rotate": 0,
      "semantic": {
        "element": "普通设备",
        "links": []
      },
      "ext": {
        "文字识别结果": [
          ""
        ]
      }
    },
    {
      "id": 114,
      "type": "box",
      "shape": "rect",
      "coord": [
        [
          1521.5323486328125,
          1436.5681457519531
        ],
        [
          1653.5323486328125,
          1784.5681457519531
        ]
      ],
      "rotate": 0,
      "semantic": {
        "element": "普通设备",
        "links": []
      },
      "ext": {
        "文字识别结果": [
          ""
        ]
      }
    },
    {
      "id": 115,
      "type": "box",
      "shape": "rect",
      "coord": [
        [
          1521.5323486328125,
          1870.5681457519531
        ],
        [
          1653.5323486328125,
          2046.5681457519531
        ]
      ],
      "rotate": 0,
      "semantic": {
        "element": "普通设备",
        "links": []
      },
      "ext": {
        "文字识别结果": [
          ""
        ]
      }
    },
    {
      "id": 116,
      "type": "box",
      "shape": "rect",
      "coord": [
        [
          1521.5323486328125,
          2046.5681457519531
        ],
        [
          1653.5323486328125,
          2176.568145751953
        ]
      ],
      "rotate": 0,
      "semantic": {
        "element": "普通设备",
        "links": []
      },
      "ext": {
        "文字识别结果": [
          ""
        ]
      }
    },
    {
      "id": 117,
      "type": "box",
      "shape": "rect",
      "coord": [
        [
          1653.5323486328125,
          2046.5681457519531
        ],
        [
          1827.5323486328125,
          2176.568145751953
        ]
      ],
      "rotate": 0,
      "semantic": {
        "element": "普通设备",
        "links": []
      },
      "ext": {
        "文字识别结果": [
          ""
        ]
      }
    },
    {
      "id": 118,
      "type": "box",
      "shape": "rect",
      "coord": [
        [
          1903.5323486328125,
          2104.568145751953
        ],
        [
          2045.5323486328125,
          2176.568145751953
        ]
      ],
      "rotate": 0,
      "semantic": {
        "element": "普通设备",
        "links": []
      },
      "ext": {
        "文字识别结果": [
          ""
        ]
      }
    },
    {
      "id": 119,
      "type": "box",
      "shape": "rect",
      "coord": [
        [
          2413.5323486328125,
          1074.5681457519531
        ],
        [
          2481.5323486328125,
          1218.5681457519531
        ]
      ],
      "rotate": 0,
      "semantic": {
        "element": "普通设备",
        "links": []
      },
      "ext": {
        "文字识别结果": [
          ""
        ]
      }
    },
    {
      "id": 121,
      "type": "other",
      "shape": "rect",
      "coord": [
        [
          2152.3896484375,
          2168.746826171875
        ],
        [
          2426.162353515625,
          2288.767333984375
        ]
      ],
      "rotate": 0,
      "semantic": {
        "element": "门",
        "links": []
      },
      "ext": {}
    },
    {
      "id": 122,
      "type": "other",
      "shape": "rect",
      "coord": [
        [
          562.273681640625,
          3207.52783203125
        ],
        [
          728.9500732421875,
          3277.5517578125
        ]
      ],
      "rotate": 0,
      "semantic": {
        "element": "图例小图",
        "links": [
          {
            "pair_id": 131,
            "label": "图例文字",
            "distance": 353.02386474609375
          }
        ]
      },
      "ext": {
        "图例归类": "新增设备"
      }
    },
    {
      "id": 123,
      "type": "other",
      "shape": "rect",
      "coord": [
        [
          1387.910400390625,
          3348.31103515625
        ],
        [
          1550.169921875,
          3411.16455078125
        ]
      ],
      "rotate": 0,
      "semantic": {
        "element": "图例小图",
        "links": [
          {
            "pair_id": 133,
            "label": "图例文字",
            "distance": 311.0955810546875
          }
        ]
      },
      "ext": {
        "图例归类": "穿墙洞"
      }
    },
    {
      "id": 124,
      "type": "other",
      "shape": "rect",
      "coord": [
        [
          563.25048828125,
          3356.9306640625
        ],
        [
          726.727294921875,
          3421.15576171875
        ]
      ],
      "rotate": 0,
      "semantic": {
        "element": "图例小图",
        "links": [
          {
            "pair_id": 134,
            "label": "图例文字",
            "distance": 304.1468505859375
          }
        ]
      },
      "ext": {
        "图例归类": "原有设备"
      }
    },
    {
      "id": 125,
      "type": "other",
      "shape": "rect",
      "coord": [
        [
          1451.0107421875,
          3217.05712890625
        ],
        [
          1610.952392578125,
          3277.5380859375
        ]
      ],
      "rotate": 0,
      "semantic": {
        "element": "图例小图",
        "links": [
          {
            "pair_id": 130,
            "label": "图例文字",
            "distance": 272.1541748046875
          }
        ]
      },
      "ext": {
        "图例归类": "未归类成功"
      }
    },
    {
      "id": 126,
      "type": "other",
      "shape": "rect",
      "coord": [
        [
          1986.3447265625,
          3213.50048828125
        ],
        [
          2206.83984375,
          3272.922119140625
        ]
      ],
      "rotate": 0,
      "semantic": {
        "element": "图例小图",
        "links": [
          {
            "pair_id": 132,
            "label": "图例文字",
            "distance": 284.04345703125
          }
        ]
      },
      "ext": {
        "图例归类": "电力电缆"
      }
    },
    {
      "id": 127,
      "type": "table",
      "shape": "rect",
      "coord": [
        [
          221.7205810546875,
          2815.607666015625
        ],
        [
          2785.727294921875,
          3165.00732421875
        ]
      ],
      "rotate": 0,
      "semantic": {
        "element": "物料表",
        "links": []
      },
      "ext": {
        "表格识别结果": [
          [
            "序号",
            "设备名称",
            "规格型号",
            "单位",
            "",
            "备注"
          ],
          [
            "1",
            "综合柜",
            "2000x600x600",
            "架",
            "1",
            "利旧合柜，新增A1-10GE设备一端"
          ],
          [
            "2",
            "电源柜",
            "2000x600x600",
            "架",
            "1",
            "利"
          ]
        ]
      }
    },
    {
      "id": 128,
      "type": "table",
      "shape": "rect",
      "coord": [
        [
          144.27880859375,
          3716.03857421875
        ],
        [
          2857.404052734375,
          4161.7158203125
        ]
      ],
      "rotate": 0,
      "semantic": {
        "element": "标题栏",
        "links": []
      },
      "ext": {
        "表格识别结果": [
          [
            "处主管",
            "",
            "",
            "中讯邮电咨询设计院有限公司"
          ],
          [
            "",
            "单",
            "ww",
            ""
          ],
          [
            "",
            "",
            "",
            "供销校机房设备布置平面图"
          ],
          [
            "",
            "比",
            "1:50",
            ""
          ],
          [
            "设计人",
            "目",
            "2020.03",
            "图号"
          ]
        ]
      }
    },
    {
      "id": 129,
      "type": "other",
      "shape": "rect",
      "coord": [
        [
          239.6357421875,
          3152.04931640625
        ],
        [
          2554.530029296875,
          3474.40673828125
        ]
      ],
      "rotate": 0,
      "semantic": {
        "element": "图例",
        "links": []
      },
      "ext": {}
    },
    {
      "id": 130,
      "type": "other",
      "shape": "rect",
      "coord": [
        [
          1683.6357421875,
          3212.04931640625
        ],
        [
          1922.6357421875,
          3276.04931640625
        ]
      ],
      "rotate": 0,
      "semantic": {
        "element": "图例文字",
        "links": []
      },
      "ext": {
        "文字识别结果": [
          "设备正面"
        ],
        "图例归类": "未归类成功"
      }
    },
    {
      "id": 131,
      "type": "other",
      "shape": "rect",
      "coord": [
        [
          817.6357421875,
          3215.04931640625
        ],
        [
          1179.6357421875,
          3276.04931640625
        ]
      ],
      "rotate": 0,
      "semantic": {
        "element": "图例文字",
        "links": []
      },
      "ext": {
        "文字识别结果": [
          "本期安装设备"
        ],
        "图例归类": "新增设备"
      }
    },
    {
      "id": 132,
      "type": "other",
      "shape": "rect",
      "coord": [
        [
          2257.6357421875,
          3209.04931640625
        ],
        [
          2503.6357421875,
          3269.04931640625
        ]
      ],
      "rotate": 0,
      "semantic": {
        "element": "图例文字",
        "links": []
      },
      "ext": {
        "文字识别结果": [
          "电力电缆"
        ],
        "图例归类": "电力电缆"
      }
    },
    {
      "id": 133,
      "type": "other",
      "shape": "rect",
      "coord": [
        [
          1688.6357421875,
          3336.04931640625
        ],
        [
          1871.6357421875,
          3400.04931640625
        ]
      ],
      "rotate": 0,
      "semantic": {
        "element": "图例文字",
        "links": []
      },
      "ext": {
        "文字识别结果": [
          "穿墙洞"
        ],
        "图例归类": "穿墙洞"
      }
    },
    {
      "id": 134,
      "type": "other",
      "shape": "rect",
      "coord": [
        [
          829.6357421875,
          3353.04931640625
        ],
        [
          1068.6357421875,
          3413.04931640625
        ]
      ],
      "rotate": 0,
      "semantic": {
        "element": "图例文字",
        "links": []
      },
      "ext": {
        "文字识别结果": [
          "原有设备"
        ],
        "图例归类": "原有设备"
      }
    },
    {
      "id": 135,
      "type": "other",
      "shape": "rect",
      "coord": [
        [
          2535.9501953125,
          113.3211441040039
        ],
        [
          2704.08544921875,
          386.9524230957031
        ]
      ],
      "rotate": 0,
      "semantic": {
        "element": "建北磁北(夹角)",
        "links": []
      },
      "ext": {
        "文字识别结果": [
          "N"
        ],
        "文字位置": [
          [
            [
              2612.9501953125,
              120.3211441040039
            ],
            [
              2646.9501953125,
              160.3211441040039
            ]
          ]
        ],
        "顶点位置": [
          [
            2625.6547407670455,
            171.7742691040039
          ],
          [
            2620.4501953125,
            281.0398941040039
          ]
        ]
      }
    }
  ]
}