{
  "info": {
    "像素面积": {
      "全部面积": 3553704.0,
      "设备面积": 308698.0,
      "剩余面积": 3245006.0
    },
    "图纸信息": {
      "类型": "机房",
      "名称": "231.png"
    }
  },
  "obj": [
    {
      "id": 1,
      "type": "outline",
      "shape": "polyline",
      "coord": [
        [
          715.6375732421875,
          666.8410034179688
        ],
        [
          2097.6375732421875,
          666.8410034179688
        ],
        [
          2097.6375732421875,
          1634.8410034179688
        ],
        [
          715.6375732421875,
          1946.8410034179688
        ],
        [
          2097.6375732421875,
          1946.8410034179688
        ],
        [
          2099.6375732421875,
          1946.8410034179688
        ],
        [
          775.6375732421875,
          1890.8410034179688
        ],
        [
          2039.6375732421875,
          1890.8410034179688
        ],
        [
          775.6375732421875,
          722.8410034179688
        ],
        [
          2039.6375732421875,
          726.8410034179688
        ],
        [
          2039.6375732421875,
          1812.8410034179688
        ],
        [
          2097.6375732421875,
          1812.8410034179688
        ],
        [
          2099.6375732421875,
          1812.8410034179688
        ],
        [
          2039.6375732421875,
          1634.8410034179688
        ],
        [
          2097.6375732421875,
          1636.8410034179688
        ],
        [
          715.6375732421875,
          666.8410034179688
        ],
        [
          715.6375732421875,
          1946.8410034179688
        ],
        [
          2039.6375732421875,
          722.8410034179688
        ],
        [
          2039.6375732421875,
          1636.8410034179688
        ],
        [
          2039.6375732421875,
          1812.8410034179688
        ],
        [
          2039.6375732421875,
          1890.8410034179688
        ],
        [
          2097.6375732421875,
          1812.8410034179688
        ],
        [
          2097.6375732421875,
          1946.8410034179688
        ],
        [
          775.6375732421875,
          726.8410034179688
        ],
        [
          775.6375732421875,
          1890.8410034179688
        ]
      ],
      "rotate": 0,
      "semantic": {
        "element": "墙轮廓",
        "path": [
          "0, 1, 2",
          "3, 4, 5",
          "6, 7",
          "8, 9",
          "10, 11, 12",
          "13, 14",
          "15, 16",
          "17, 18",
          "19, 20",
          "21, 22",
          "23, 24"
        ],
        "links": []
      },
      "ext": {}
    },
    {
      "id": 2,
      "type": "outline",
      "shape": "polyline",
      "coord": [
        [
          713.6375732421875,
          664.8410034179688
        ],
        [
          2099.6375732421875,
          668.8410034179688
        ],
        [
          717.6375732421875,
          1948.8410034179688
        ],
        [
          2099.6375732421875,
          1948.8410034179688
        ],
        [
          773.6375732421875,
          1888.8410034179688
        ],
        [
          2041.6375732421875,
          1888.8410034179688
        ],
        [
          773.6375732421875,
          724.8410034179688
        ],
        [
          2041.6375732421875,
          724.8410034179688
        ],
        [
          2041.6375732421875,
          1638.8410034179688
        ],
        [
          2041.6375732421875,
          1812.8410034179688
        ],
        [
          2099.6375732421875,
          1812.8410034179688
        ],
        [
          2099.6375732421875,
          1948.8410034179688
        ],
        [
          2041.6375732421875,
          1634.8410034179688
        ],
        [
          2099.6375732421875,
          1638.8410034179688
        ],
        [
          717.6375732421875,
          668.8410034179688
        ],
        [
          713.6375732421875,
          1948.8410034179688
        ],
        [
          2099.6375732421875,
          664.8410034179688
        ],
        [
          2099.6375732421875,
          1634.8410034179688
        ],
        [
          2041.6375732421875,
          1812.8410034179688
        ],
        [
          2041.6375732421875,
          1888.8410034179688
        ],
        [
          773.6375732421875,
          724.8410034179688
        ],
        [
          773.6375732421875,
          1888.8410034179688
        ]
      ],
      "rotate": 0,
      "semantic": {
        "element": "墙轮廓",
        "path": [
          "0, 1",
          "2, 3",
          "4, 5",
          "6, 7, 8",
          "9, 10, 11",
          "12, 13",
          "14, 15",
          "16, 17",
          "18, 19",
          "20, 21"
        ],
        "links": []
      },
      "ext": {}
    },
    {
      "id": 2,
      "type": "polyline",
      "shape": "polyline",
      "coord": [
        [
          1505.6375732421875,
          726.8410034179688
        ],
        [
          1505.6375732421875,
          1890.8410034179688
        ]
      ],
      "rotate": 0,
      "semantic": {
        "element": "标尺",
        "links": []
      },
      "ext": {
        "文字识别结果": [
          "4000"
        ]
      }
    },
    {
      "id": 3,
      "type": "polyline",
      "shape": "polyline",
      "coord": [
        [
          1167.6375732421875,
          1102.8410034179688
        ],
        [
          2039.6375732421875,
          1102.8410034179688
        ]
      ],
      "rotate": 0,
      "semantic": {
        "element": "标尺",
        "links": []
      },
      "ext": {
        "文字识别结果": [
          "3000"
        ]
      }
    },
    {
      "id": 4,
      "type": "polyline",
      "shape": "polyline",
      "coord": [
        [
          993.6375732421875,
          1440.8410034179688
        ],
        [
          1167.6375732421875,
          1440.8410034179688
        ]
      ],
      "rotate": 0,
      "semantic": {
        "element": "标尺",
        "links": []
      },
      "ext": {
        "文字识别结果": [
          "600"
        ]
      }
    },
    {
      "id": 5,
      "type": "polyline",
      "shape": "polyline",
      "coord": [
        [
          775.6375732421875,
          1526.8410034179688
        ],
        [
          993.6375732421875,
          1526.8410034179688
        ]
      ],
      "rotate": 0,
      "semantic": {
        "element": "标尺",
        "links": []
      },
      "ext": {
        "文字识别结果": [
          "750"
        ]
      }
    },
    {
      "id": 6,
      "type": "box",
      "shape": "rect",
      "coord": [
        [
          993.6375732421875,
          1482.8410034179688
        ],
        [
          1147.6375732421875,
          1654.8410034179688
        ]
      ],
      "rotate": 0,
      "semantic": {
        "element": "机柜",
        "links": []
      },
      "ext": {
        "文字识别结果": [
          "1"
        ],
        "门朝向": "right",
        "表格匹配结果": [
          "1",
          "综合柜",
          "2000x600x600",
          "架",
          "1",
          "利旧综合柜，新增A1-10GE设备端"
        ]
      }
    },
    {
      "id": 7,
      "type": "box",
      "shape": "rect",
      "coord": [
        [
          993.6375732421875,
          1658.8410034179688
        ],
        [
          1147.6375732421875,
          1830.8410034179688
        ]
      ],
      "rotate": 0,
      "semantic": {
        "element": "机柜",
        "links": []
      },
      "ext": {
        "文字识别结果": [
          "2"
        ],
        "门朝向": "right",
        "表格匹配结果": [
          "2",
          "电源柜",
          "2000x600x600",
          "架",
          "1",
          "利间"
        ]
      }
    },
    {
      "id": 8,
      "type": "box",
      "shape": "rect",
      "coord": [
        [
          799.6375732421875,
          1586.8410034179688
        ],
        [
          873.6375732421875,
          1836.8410034179688
        ]
      ],
      "rotate": 0,
      "semantic": {
        "element": "普通设备",
        "links": []
      },
      "ext": {
        "文字识别结果": [
          ""
        ]
      }
    },
    {
      "id": 9,
      "type": "box",
      "shape": "rect",
      "coord": [
        [
          925.6375732421875,
          766.8410034179688
        ],
        [
          1077.6375732421875,
          892.8410034179688
        ]
      ],
      "rotate": 0,
      "semantic": {
        "element": "普通设备",
        "links": []
      },
      "ext": {
        "文字识别结果": [
          ""
        ]
      }
    },
    {
      "id": 10,
      "type": "box",
      "shape": "rect",
      "coord": [
        [
          993.6375732421875,
          972.8410034179688
        ],
        [
          1167.6375732421875,
          1308.8410034179688
        ]
      ],
      "rotate": 0,
      "semantic": {
        "element": "普通设备",
        "links": []
      },
      "ext": {
        "文字识别结果": [
          ""
        ]
      }
    },
    {
      "id": 11,
      "type": "box",
      "shape": "rect",
      "coord": [
        [
          1231.6375732421875,
          1836.8410034179688
        ],
        [
          1319.6375732421875,
          1886.8410034179688
        ]
      ],
      "rotate": 0,
      "semantic": {
        "element": "普通设备",
        "links": []
      },
      "ext": {
        "文字识别结果": [
          ""
        ]
      }
    },
    {
      "id": 12,
      "type": "polyline",
      "shape": "polyline",
      "coord": [
        [
          1505.6375732421875,
          724.8410034179688
        ],
        [
          1505.6375732421875,
          1888.8410034179688
        ]
      ],
      "rotate": 0,
      "semantic": {
        "element": "标尺",
        "links": []
      },
      "ext": {
        "文字识别结果": [
          "4000"
        ]
      }
    },
    {
      "id": 13,
      "type": "polyline",
      "shape": "polyline",
      "coord": [
        [
          1165.6375732421875,
          1100.8410034179688
        ],
        [
          2041.6375732421875,
          1100.8410034179688
        ]
      ],
      "rotate": 0,
      "semantic": {
        "element": "标尺",
        "links": []
      },
      "ext": {
        "文字识别结果": [
          "3000"
        ]
      }
    },
    {
      "id": 14,
      "type": "polyline",
      "shape": "polyline",
      "coord": [
        [
          773.6375732421875,
          1524.8410034179688
        ],
        [
          991.6375732421875,
          1524.8410034179688
        ]
      ],
      "rotate": 0,
      "semantic": {
        "element": "标尺",
        "links": []
      },
      "ext": {
        "文字识别结果": [
          "750"
        ]
      }
    },
    {
      "id": 15,
      "type": "polyline",
      "shape": "polyline",
      "coord": [
        [
          991.6375732421875,
          1440.8410034179688
        ],
        [
          1165.6375732421875,
          1440.8410034179688
        ]
      ],
      "rotate": 0,
      "semantic": {
        "element": "标尺",
        "links": []
      },
      "ext": {
        "文字识别结果": [
          "600"
        ]
      }
    },
    {
      "id": 16,
      "type": "box",
      "shape": "rect",
      "coord": [
        [
          991.6375732421875,
          1658.8410034179688
        ],
        [
          1144.6375732421875,
          1832.8410034179688
        ]
      ],
      "rotate": 0,
      "semantic": {
        "element": "机柜",
        "links": []
      },
      "ext": {
        "文字识别结果": [
          "2"
        ],
        "门朝向": "right",
        "表格匹配结果": [
          "2",
          "电源柜",
          "2000x600x600",
          "架",
          "1",
          "利间"
        ]
      }
    },
    {
      "id": 17,
      "type": "box",
      "shape": "rect",
      "coord": [
        [
          991.6375732421875,
          1484.8410034179688
        ],
        [
          1145.6375732421875,
          1654.8410034179688
        ]
      ],
      "rotate": 0,
      "semantic": {
        "element": "机柜",
        "links": []
      },
      "ext": {
        "文字识别结果": [
          "1"
        ],
        "门朝向": "right",
        "表格匹配结果": [
          "1",
          "综合柜",
          "2000x600x600",
          "架",
          "1",
          "利旧综合柜，新增A1-10GE设备端"
        ]
      }
    },
    {
      "id": 18,
      "type": "box",
      "shape": "rect",
      "coord": [
        [
          797.6375732421875,
          1584.8410034179688
        ],
        [
          875.6375732421875,
          1840.8410034179688
        ]
      ],
      "rotate": 0,
      "semantic": {
        "element": "普通设备",
        "links": []
      },
      "ext": {
        "文字识别结果": [
          ""
        ]
      }
    },
    {
      "id": 19,
      "type": "box",
      "shape": "rect",
      "coord": [
        [
          927.6375732421875,
          764.8410034179688
        ],
        [
          1077.6375732421875,
          894.8410034179688
        ]
      ],
      "rotate": 0,
      "semantic": {
        "element": "普通设备",
        "links": []
      },
      "ext": {
        "文字识别结果": [
          ""
        ]
      }
    },
    {
      "id": 20,
      "type": "box",
      "shape": "rect",
      "coord": [
        [
          991.6375732421875,
          970.8410034179688
        ],
        [
          1165.6375732421875,
          1306.8410034179688
        ]
      ],
      "rotate": 0,
      "semantic": {
        "element": "普通设备",
        "links": []
      },
      "ext": {
        "文字识别结果": [
          ""
        ]
      }
    },
    {
      "id": 21,
      "type": "box",
      "shape": "rect",
      "coord": [
        [
          1233.6375732421875,
          1836.8410034179688
        ],
        [
          1319.6375732421875,
          1888.8410034179688
        ]
      ],
      "rotate": 0,
      "semantic": {
        "element": "普通设备",
        "links": []
      },
      "ext": {
        "文字识别结果": [
          ""
        ]
      }
    },
    {
      "id": 23,
      "type": "other",
      "shape": "rect",
      "coord": [
        [
          2038.275390625,
          1625.5235595703125
        ],
        [
          2152.191162109375,
          1809.26953125
        ]
      ],
      "rotate": 0,
      "semantic": {
        "element": "门",
        "links": []
      },
      "ext": {}
    },
    {
      "id": 24,
      "type": "other",
      "shape": "rect",
      "coord": [
        [
          562.3087158203125,
          3207.42724609375
        ],
        [
          729.064453125,
          3277.5546875
        ]
      ],
      "rotate": 0,
      "semantic": {
        "element": "图例小图",
        "links": [
          {
            "pair_id": 34,
            "label": "图例文字",
            "distance": 353.24676513671875
          }
        ]
      },
      "ext": {
        "图例归类": "新增设备"
      }
    },
    {
      "id": 25,
      "type": "other",
      "shape": "rect",
      "coord": [
        [
          1387.891357421875,
          3348.1220703125
        ],
        [
          1550.250244140625,
          3411.28759765625
        ]
      ],
      "rotate": 0,
      "semantic": {
        "element": "图例小图",
        "links": [
          {
            "pair_id": 35,
            "label": "图例文字",
            "distance": 313.362548828125
          }
        ]
      },
      "ext": {
        "图例归类": "穿墙洞"
      }
    },
    {
      "id": 26,
      "type": "other",
      "shape": "rect",
      "coord": [
        [
          563.4183349609375,
          3356.658203125
        ],
        [
          726.76953125,
          3421.161865234375
        ]
      ],
      "rotate": 0,
      "semantic": {
        "element": "图例小图",
        "links": [
          {
            "pair_id": 36,
            "label": "图例文字",
            "distance": 305.83941650390625
          }
        ]
      },
      "ext": {
        "图例归类": "原有设备"
      }
    },
    {
      "id": 27,
      "type": "other",
      "shape": "rect",
      "coord": [
        [
          1450.95068359375,
          3216.811767578125
        ],
        [
          1611.20263671875,
          3277.508056640625
        ]
      ],
      "rotate": 0,
      "semantic": {
        "element": "图例小图",
        "links": [
          {
            "pair_id": 32,
            "label": "图例文字",
            "distance": 273.856689453125
          }
        ]
      },
      "ext": {
        "图例归类": "未归类成功"
      }
    },
    {
      "id": 28,
      "type": "other",
      "shape": "rect",
      "coord": [
        [
          1986.072265625,
          3212.543212890625
        ],
        [
          2207.319091796875,
          3273.57421875
        ]
      ],
      "rotate": 0,
      "semantic": {
        "element": "图例小图",
        "links": [
          {
            "pair_id": 33,
            "label": "图例文字",
            "distance": 285.2376708984375
          }
        ]
      },
      "ext": {
        "图例归类": "电力电缆"
      }
    },
    {
      "id": 29,
      "type": "table",
      "shape": "rect",
      "coord": [
        [
          232.7452392578125,
          2814.97021484375
        ],
        [
          2762.982177734375,
          3164.854736328125
        ]
      ],
      "rotate": 0,
      "semantic": {
        "element": "物料表",
        "links": []
      },
      "ext": {
        "表格识别结果": [
          [
            "序号",
            "设备名称",
            "规格型号",
            "",
            "数量",
            "备注"
          ],
          [
            "1",
            "综合柜",
            "2000x600x600",
            "架",
            "1",
            "利旧综合柜，新增A1-10GE设备端"
          ],
          [
            "2",
            "电源柜",
            "2000x600x600",
            "架",
            "1",
            "利间"
          ]
        ]
      }
    },
    {
      "id": 30,
      "type": "table",
      "shape": "rect",
      "coord": [
        [
          150.417724609375,
          3717.031494140625
        ],
        [
          2851.056396484375,
          4160.1865234375
        ]
      ],
      "rotate": 0,
      "semantic": {
        "element": "标题栏",
        "links": []
      },
      "ext": {
        "表格识别结果": [
          [
            "处主管",
            "",
            "",
            "中讯邮电咨询设计院有限公司"
          ],
          [
            "总负责人",
            "",
            "mm",
            ""
          ],
          [
            "",
            "",
            "",
            "工程学院北机房备布置平面阁"
          ],
          [
            "单负责人",
            "",
            "1:50",
            ""
          ],
          [
            "设计人",
            "目",
            "2020.03",
            "图号"
          ]
        ]
      }
    },
    {
      "id": 31,
      "type": "other",
      "shape": "rect",
      "coord": [
        [
          239.933349609375,
          3151.2236328125
        ],
        [
          2546.771484375,
          3473.122802734375
        ]
      ],
      "rotate": 0,
      "semantic": {
        "element": "图例",
        "links": []
      },
      "ext": {}
    },
    {
      "id": 32,
      "type": "other",
      "shape": "rect",
      "coord": [
        [
          1685.933349609375,
          3211.2236328125
        ],
        [
          1923.933349609375,
          3275.2236328125
        ]
      ],
      "rotate": 0,
      "semantic": {
        "element": "图例文字",
        "links": []
      },
      "ext": {
        "文字识别结果": [
          "设备正面"
        ],
        "图例归类": "未归类成功"
      }
    },
    {
      "id": 33,
      "type": "other",
      "shape": "rect",
      "coord": [
        [
          2260.933349609375,
          3204.2236328125
        ],
        [
          2502.933349609375,
          3265.2236328125
        ]
      ],
      "rotate": 0,
      "semantic": {
        "element": "图例文字",
        "links": []
      },
      "ext": {
        "文字识别结果": [
          "电力电缆"
        ],
        "图例归类": "电力电缆"
      }
    },
    {
      "id": 34,
      "type": "other",
      "shape": "rect",
      "coord": [
        [
          818.933349609375,
          3214.2236328125
        ],
        [
          1178.933349609375,
          3275.2236328125
        ]
      ],
      "rotate": 0,
      "semantic": {
        "element": "图例文字",
        "links": []
      },
      "ext": {
        "文字识别结果": [
          "本期安装设备"
        ],
        "图例归类": "新增设备"
      }
    },
    {
      "id": 35,
      "type": "other",
      "shape": "rect",
      "coord": [
        [
          1690.933349609375,
          3335.2236328125
        ],
        [
          1873.933349609375,
          3399.2236328125
        ]
      ],
      "rotate": 0,
      "semantic": {
        "element": "图例文字",
        "links": []
      },
      "ext": {
        "文字识别结果": [
          "穿墙洞"
        ],
        "图例归类": "穿墙洞"
      }
    },
    {
      "id": 36,
      "type": "other",
      "shape": "rect",
      "coord": [
        [
          830.933349609375,
          3348.2236328125
        ],
        [
          1070.933349609375,
          3412.2236328125
        ]
      ],
      "rotate": 0,
      "semantic": {
        "element": "图例文字",
        "links": []
      },
      "ext": {
        "文字识别结果": [
          "原有设备"
        ],
        "图例归类": "原有设备"
      }
    },
    {
      "id": 37,
      "type": "other",
      "shape": "rect",
      "coord": [
        [
          2555.370361328125,
          142.2953338623047
        ],
        [
          2741.837890625,
          414.81640625
        ]
      ],
      "rotate": 0,
      "semantic": {
        "element": "建北磁北(夹角)",
        "links": []
      },
      "ext": {
        "文字识别结果": [],
        "文字位置": [],
        "顶点位置": [
          [
            2659.433853391617,
            184.9203338623047
          ],
          [
            2659.433853391617,
            304.2328338623047
          ]
        ]
      }
    }
  ]
}