{
  "info": {
    "像素面积": {
      "全部面积": 1080609.0,
      "设备面积": 148094.0,
      "剩余面积": 932515.0
    },
    "图纸信息": {
      "类型": "机房",
      "名称": "246.png"
    }
  },
  "obj": [
    {
      "id": 1,
      "type": "outline",
      "shape": "polyline",
      "coord": [
        [
          795.2808837890625,
          1525.9571533203125
        ],
        [
          1774.2808837890625,
          1520.9571533203125
        ],
        [
          796.2808837890625,
          2073.9571533203125
        ],
        [
          1774.2808837890625,
          2075.9571533203125
        ],
        [
          812.2808837890625,
          2057.9571533203125
        ],
        [
          1758.2808837890625,
          2057.9571533203125
        ],
        [
          812.2808837890625,
          1541.9571533203125
        ],
        [
          1758.2808837890625,
          1541.9571533203125
        ],
        [
          1758.2808837890625,
          1783.9571533203125
        ],
        [
          1774.2808837890625,
          1783.9571533203125
        ],
        [
          1758.2808837890625,
          1861.9571533203125
        ],
        [
          1774.2808837890625,
          1861.9571533203125
        ],
        [
          1774.2808837890625,
          2073.9571533203125
        ],
        [
          796.2808837890625,
          2073.9571533203125
        ],
        [
          1774.2808837890625,
          2073.9571533203125
        ],
        [
          796.2808837890625,
          1520.9571533203125
        ],
        [
          796.2808837890625,
          2075.9571533203125
        ],
        [
          1774.2808837890625,
          1525.9571533203125
        ],
        [
          1774.2808837890625,
          1783.9571533203125
        ],
        [
          1758.2808837890625,
          1861.9571533203125
        ],
        [
          1758.2808837890625,
          2057.9571533203125
        ],
        [
          812.2808837890625,
          1541.9571533203125
        ],
        [
          812.2808837890625,
          2057.9571533203125
        ]
      ],
      "rotate": 0,
      "semantic": {
        "element": "墙轮廓",
        "path": [
          "0, 1",
          "2, 3",
          "4, 5",
          "6, 7, 8, 9",
          "10, 11, 12",
          "13, 14",
          "15, 16",
          "17, 18",
          "19, 20",
          "21, 22"
        ],
        "links": []
      },
      "ext": {}
    },
    {
      "id": 2,
      "type": "outline",
      "shape": "polyline",
      "coord": [
        [
          792.2808837890625,
          1527.9571533203125
        ],
        [
          1776.2808837890625,
          1527.9571533203125
        ],
        [
          1776.2808837890625,
          1785.9571533203125
        ],
        [
          796.2808837890625,
          2073.9571533203125
        ],
        [
          1776.2808837890625,
          2073.9571533203125
        ],
        [
          812.2808837890625,
          2057.9571533203125
        ],
        [
          1759.2808837890625,
          2059.9571533203125
        ],
        [
          813.2808837890625,
          1543.9571533203125
        ],
        [
          1760.2808837890625,
          1543.9571533203125
        ],
        [
          1760.2808837890625,
          1785.9571533203125
        ],
        [
          1776.2808837890625,
          1785.9571533203125
        ],
        [
          1760.2808837890625,
          1859.9571533203125
        ],
        [
          1776.2808837890625,
          1859.9571533203125
        ],
        [
          1776.2808837890625,
          2073.9571533203125
        ],
        [
          796.2808837890625,
          1527.9571533203125
        ],
        [
          792.2808837890625,
          2073.9571533203125
        ],
        [
          1760.2808837890625,
          1859.9571533203125
        ],
        [
          1760.2808837890625,
          2059.9571533203125
        ],
        [
          812.2808837890625,
          1543.9571533203125
        ],
        [
          813.2808837890625,
          2057.9571533203125
        ]
      ],
      "rotate": 0,
      "semantic": {
        "element": "墙轮廓",
        "path": [
          "0, 1, 2",
          "3, 4",
          "5, 6",
          "7, 8, 9, 10",
          "11, 12, 13",
          "14, 15",
          "16, 17",
          "18, 19"
        ],
        "links": []
      },
      "ext": {}
    },
    {
      "id": 2,
      "type": "polyline",
      "shape": "polyline",
      "coord": [
        [
          1048.2808837890625,
          1541.9571533203125
        ],
        [
          1048.2808837890625,
          1597.9571533203125
        ]
      ],
      "rotate": 0,
      "semantic": {
        "element": "标尺",
        "links": []
      },
      "ext": {
        "文字识别结果": [
          "50"
        ]
      }
    },
    {
      "id": 3,
      "type": "polyline",
      "shape": "polyline",
      "coord": [
        [
          1822.2808837890625,
          1541.9571533203125
        ],
        [
          1822.2808837890625,
          2057.9571533203125
        ]
      ],
      "rotate": 0,
      "semantic": {
        "element": "标尺",
        "links": []
      },
      "ext": {
        "文字识别结果": [
          "000"
        ]
      }
    },
    {
      "id": 4,
      "type": "polyline",
      "shape": "polyline",
      "coord": [
        [
          1046.2808837890625,
          1687.9571533203125
        ],
        [
          1046.2808837890625,
          1731.9571533203125
        ]
      ],
      "rotate": 0,
      "semantic": {
        "element": "标尺",
        "links": []
      },
      "ext": {
        "文字识别结果": [
          ""
        ]
      }
    },
    {
      "id": 5,
      "type": "polyline",
      "shape": "polyline",
      "coord": [
        [
          1794.2808837890625,
          1783.9571533203125
        ],
        [
          1794.2808837890625,
          1859.9571533203125
        ]
      ],
      "rotate": 0,
      "semantic": {
        "element": "标尺",
        "links": []
      },
      "ext": {
        "文字识别结果": [
          ""
        ]
      }
    },
    {
      "id": 6,
      "type": "polyline",
      "shape": "polyline",
      "coord": [
        [
          994.2808837890625,
          1949.9571533203125
        ],
        [
          994.2808837890625,
          2057.9571533203125
        ]
      ],
      "rotate": 0,
      "semantic": {
        "element": "标尺",
        "links": []
      },
      "ext": {
        "文字识别结果": [
          ""
        ]
      }
    },
    {
      "id": 7,
      "type": "polyline",
      "shape": "polyline",
      "coord": [
        [
          938.2808837890625,
          1933.9571533203125
        ],
        [
          938.2808837890625,
          2057.9571533203125
        ]
      ],
      "rotate": 0,
      "semantic": {
        "element": "标尺",
        "links": []
      },
      "ext": {
        "文字识别结果": [
          "009"
        ]
      }
    },
    {
      "id": 8,
      "type": "polyline",
      "shape": "polyline",
      "coord": [
        [
          1228.2808837890625,
          1953.9571533203125
        ],
        [
          1228.2808837890625,
          2057.9571533203125
        ]
      ],
      "rotate": 0,
      "semantic": {
        "element": "标尺",
        "links": []
      },
      "ext": {
        "文字识别结果": [
          ""
        ]
      }
    },
    {
      "id": 9,
      "type": "polyline",
      "shape": "polyline",
      "coord": [
        [
          1262.2808837890625,
          1641.9571533203125
        ],
        [
          1262.2808837890625,
          1683.9571533203125
        ]
      ],
      "rotate": 0,
      "semantic": {
        "element": "标尺",
        "links": []
      },
      "ext": {
        "文字识别结果": [
          ""
        ]
      }
    },
    {
      "id": 10,
      "type": "polyline",
      "shape": "polyline",
      "coord": [
        [
          1046.2808837890625,
          1775.9571533203125
        ],
        [
          1046.2808837890625,
          1819.9571533203125
        ]
      ],
      "rotate": 0,
      "semantic": {
        "element": "标尺",
        "links": []
      },
      "ext": {
        "文字识别结果": [
          ""
        ]
      }
    },
    {
      "id": 11,
      "type": "polyline",
      "shape": "polyline",
      "coord": [
        [
          1046.2808837890625,
          1731.9571533203125
        ],
        [
          1046.2808837890625,
          1775.9571533203125
        ]
      ],
      "rotate": 0,
      "semantic": {
        "element": "标尺",
        "links": []
      },
      "ext": {
        "文字识别结果": [
          ""
        ]
      }
    },
    {
      "id": 12,
      "type": "polyline",
      "shape": "polyline",
      "coord": [
        [
          1798.2808837890625,
          1859.9571533203125
        ],
        [
          1798.2808837890625,
          2057.9571533203125
        ]
      ],
      "rotate": 0,
      "semantic": {
        "element": "标尺",
        "links": []
      },
      "ext": {
        "文字识别结果": [
          ""
        ]
      }
    },
    {
      "id": 13,
      "type": "polyline",
      "shape": "polyline",
      "coord": [
        [
          1798.2808837890625,
          1860.9571533203125
        ],
        [
          1798.2808837890625,
          2057.9571533203125
        ]
      ],
      "rotate": 0,
      "semantic": {
        "element": "标尺",
        "links": []
      },
      "ext": {
        "文字识别结果": [
          "2700"
        ]
      }
    },
    {
      "id": 14,
      "type": "polyline",
      "shape": "polyline",
      "coord": [
        [
          812.2808837890625,
          1589.9571533203125
        ],
        [
          918.2808837890625,
          1589.9571533203125
        ]
      ],
      "rotate": 0,
      "semantic": {
        "element": "标尺",
        "links": []
      },
      "ext": {
        "文字识别结果": [
          "1400"
        ]
      }
    },
    {
      "id": 15,
      "type": "polyline",
      "shape": "polyline",
      "coord": [
        [
          812.2808837890625,
          2097.9571533203125
        ],
        [
          1758.2808837890625,
          2097.9571533203125
        ]
      ],
      "rotate": 0,
      "semantic": {
        "element": "标尺",
        "links": []
      },
      "ext": {
        "文字识别结果": [
          "12800"
        ]
      }
    },
    {
      "id": 16,
      "type": "polyline",
      "shape": "polyline",
      "coord": [
        [
          1026.2808837890625,
          1965.9571533203125
        ],
        [
          1128.2808837890625,
          1965.9571533203125
        ]
      ],
      "rotate": 0,
      "semantic": {
        "element": "标尺",
        "links": []
      },
      "ext": {
        "文字识别结果": [
          ""
        ]
      }
    },
    {
      "id": 17,
      "type": "polyline",
      "shape": "polyline",
      "coord": [
        [
          918.2808837890625,
          1589.9571533203125
        ],
        [
          982.2808837890625,
          1589.9571533203125
        ]
      ],
      "rotate": 0,
      "semantic": {
        "element": "标尺",
        "links": []
      },
      "ext": {
        "文字识别结果": [
          "860"
        ]
      }
    },
    {
      "id": 18,
      "type": "polyline",
      "shape": "polyline",
      "coord": [
        [
          1278.2808837890625,
          1625.9571533203125
        ],
        [
          1322.2808837890625,
          1625.9571533203125
        ]
      ],
      "rotate": 0,
      "semantic": {
        "element": "标尺",
        "links": []
      },
      "ext": {
        "文字识别结果": [
          ""
        ]
      }
    },
    {
      "id": 19,
      "type": "box",
      "shape": "rect",
      "coord": [
        [
          872.2808837890625,
          1854.9571533203125
        ],
        [
          894.2808837890625,
          1909.9571533203125
        ]
      ],
      "rotate": 0,
      "semantic": {
        "element": "普通设备",
        "links": []
      },
      "ext": {
        "文字识别结果": [
          ""
        ]
      }
    },
    {
      "id": 20,
      "type": "box",
      "shape": "rect",
      "coord": [
        [
          894.2808837890625,
          1645.9571533203125
        ],
        [
          914.2808837890625,
          1687.9571533203125
        ]
      ],
      "rotate": 0,
      "semantic": {
        "element": "普通设备",
        "links": []
      },
      "ext": {
        "文字识别结果": [
          ""
        ]
      }
    },
    {
      "id": 21,
      "type": "box",
      "shape": "rect",
      "coord": [
        [
          893.2808837890625,
          1689.9571533203125
        ],
        [
          914.2808837890625,
          1731.9571533203125
        ]
      ],
      "rotate": 0,
      "semantic": {
        "element": "普通设备",
        "links": []
      },
      "ext": {
        "文字识别结果": [
          ""
        ]
      }
    },
    {
      "id": 22,
      "type": "box",
      "shape": "rect",
      "coord": [
        [
          894.2808837890625,
          1731.9571533203125
        ],
        [
          914.2808837890625,
          1779.9571533203125
        ]
      ],
      "rotate": 0,
      "semantic": {
        "element": "普通设备",
        "links": []
      },
      "ext": {
        "文字识别结果": [
          ""
        ]
      }
    },
    {
      "id": 23,
      "type": "box",
      "shape": "rect",
      "coord": [
        [
          894.2808837890625,
          1779.9571533203125
        ],
        [
          914.2808837890625,
          1823.9571533203125
        ]
      ],
      "rotate": 0,
      "semantic": {
        "element": "普通设备",
        "links": []
      },
      "ext": {
        "文字识别结果": [
          ""
        ]
      }
    },
    {
      "id": 24,
      "type": "box",
      "shape": "rect",
      "coord": [
        [
          893.2808837890625,
          1823.9571533203125
        ],
        [
          914.2808837890625,
          1865.9571533203125
        ]
      ],
      "rotate": 0,
      "semantic": {
        "element": "普通设备",
        "links": []
      },
      "ext": {
        "文字识别结果": [
          ""
        ]
      }
    },
    {
      "id": 25,
      "type": "box",
      "shape": "rect",
      "coord": [
        [
          894.2808837890625,
          1867.9571533203125
        ],
        [
          914.2808837890625,
          1909.9571533203125
        ]
      ],
      "rotate": 0,
      "semantic": {
        "element": "普通设备",
        "links": []
      },
      "ext": {
        "文字识别结果": [
          ""
        ]
      }
    },
    {
      "id": 26,
      "type": "box",
      "shape": "rect",
      "coord": [
        [
          870.2808837890625,
          1909.9571533203125
        ],
        [
          918.2808837890625,
          1929.9571533203125
        ]
      ],
      "rotate": 0,
      "semantic": {
        "element": "普通设备",
        "links": []
      },
      "ext": {
        "文字识别结果": [
          ""
        ]
      }
    },
    {
      "id": 27,
      "type": "box",
      "shape": "rect",
      "coord": [
        [
          890.2808837890625,
          1541.9571533203125
        ],
        [
          926.2808837890625,
          1561.9571533203125
        ]
      ],
      "rotate": 0,
      "semantic": {
        "element": "普通设备",
        "links": []
      },
      "ext": {
        "文字识别结果": [
          ""
        ]
      }
    },
    {
      "id": 28,
      "type": "box",
      "shape": "rect",
      "coord": [
        [
          978.2808837890625,
          1735.9571533203125
        ],
        [
          1017.2808837890625,
          1779.9571533203125
        ]
      ],
      "rotate": 0,
      "semantic": {
        "element": "普通设备",
        "links": []
      },
      "ext": {
        "文字识别结果": [
          ""
        ]
      }
    },
    {
      "id": 29,
      "type": "box",
      "shape": "rect",
      "coord": [
        [
          981.2808837890625,
          1600.9571533203125
        ],
        [
          1018.2808837890625,
          1645.9571533203125
        ]
      ],
      "rotate": 0,
      "semantic": {
        "element": "普通设备",
        "links": []
      },
      "ext": {
        "文字识别结果": [
          ""
        ]
      }
    },
    {
      "id": 30,
      "type": "box",
      "shape": "rect",
      "coord": [
        [
          1002.2808837890625,
          1903.9571533203125
        ],
        [
          1018.2808837890625,
          1949.9571533203125
        ]
      ],
      "rotate": 0,
      "semantic": {
        "element": "普通设备",
        "links": []
      },
      "ext": {
        "文字识别结果": [
          ""
        ]
      }
    },
    {
      "id": 31,
      "type": "box",
      "shape": "rect",
      "coord": [
        [
          1002.2808837890625,
          1645.9571533203125
        ],
        [
          1022.2808837890625,
          1687.9571533203125
        ]
      ],
      "rotate": 0,
      "semantic": {
        "element": "普通设备",
        "links": []
      },
      "ext": {
        "文字识别结果": [
          ""
        ]
      }
    },
    {
      "id": 32,
      "type": "box",
      "shape": "rect",
      "coord": [
        [
          1001.2808837890625,
          1689.9571533203125
        ],
        [
          1022.2808837890625,
          1731.9571533203125
        ]
      ],
      "rotate": 0,
      "semantic": {
        "element": "普通设备",
        "links": []
      },
      "ext": {
        "文字识别结果": [
          ""
        ]
      }
    },
    {
      "id": 33,
      "type": "box",
      "shape": "rect",
      "coord": [
        [
          1082.2808837890625,
          1762.9571533203125
        ],
        [
          1120.2808837890625,
          1807.9571533203125
        ]
      ],
      "rotate": 0,
      "semantic": {
        "element": "普通设备",
        "links": []
      },
      "ext": {
        "文字识别结果": [
          ""
        ]
      }
    },
    {
      "id": 34,
      "type": "box",
      "shape": "rect",
      "coord": [
        [
          1082.2808837890625,
          1878.9571533203125
        ],
        [
          1120.2808837890625,
          1925.9571533203125
        ]
      ],
      "rotate": 0,
      "semantic": {
        "element": "普通设备",
        "links": []
      },
      "ext": {
        "文字识别结果": [
          ""
        ]
      }
    },
    {
      "id": 35,
      "type": "box",
      "shape": "rect",
      "coord": [
        [
          1104.2808837890625,
          1819.9571533203125
        ],
        [
          1124.2808837890625,
          1879.9571533203125
        ]
      ],
      "rotate": 0,
      "semantic": {
        "element": "普通设备",
        "links": []
      },
      "ext": {
        "文字识别结果": [
          ""
        ]
      }
    },
    {
      "id": 36,
      "type": "box",
      "shape": "rect",
      "coord": [
        [
          1104.2808837890625,
          1633.9571533203125
        ],
        [
          1128.2808837890625,
          1653.9571533203125
        ]
      ],
      "rotate": 0,
      "semantic": {
        "element": "普通设备",
        "links": []
      },
      "ext": {
        "文字识别结果": [
          ""
        ]
      }
    },
    {
      "id": 37,
      "type": "box",
      "shape": "rect",
      "coord": [
        [
          1092.2808837890625,
          1653.9571533203125
        ],
        [
          1128.2808837890625,
          1689.9571533203125
        ]
      ],
      "rotate": 0,
      "semantic": {
        "element": "普通设备",
        "links": []
      },
      "ext": {
        "文字识别结果": [
          ""
        ]
      }
    },
    {
      "id": 38,
      "type": "box",
      "shape": "rect",
      "coord": [
        [
          1092.2808837890625,
          1689.9571533203125
        ],
        [
          1128.2808837890625,
          1727.9571533203125
        ]
      ],
      "rotate": 0,
      "semantic": {
        "element": "普通设备",
        "links": []
      },
      "ext": {
        "文字识别结果": [
          ""
        ]
      }
    },
    {
      "id": 39,
      "type": "box",
      "shape": "rect",
      "coord": [
        [
          1184.2808837890625,
          1715.9571533203125
        ],
        [
          1203.2808837890625,
          1775.9571533203125
        ]
      ],
      "rotate": 0,
      "semantic": {
        "element": "普通设备",
        "links": []
      },
      "ext": {
        "文字识别结果": [
          ""
        ]
      }
    },
    {
      "id": 40,
      "type": "box",
      "shape": "rect",
      "coord": [
        [
          1184.2808837890625,
          1657.9571533203125
        ],
        [
          1204.2808837890625,
          1715.9571533203125
        ]
      ],
      "rotate": 0,
      "semantic": {
        "element": "普通设备",
        "links": []
      },
      "ext": {
        "文字识别结果": [
          ""
        ]
      }
    },
    {
      "id": 41,
      "type": "box",
      "shape": "rect",
      "coord": [
        [
          1184.2808837890625,
          1775.9571533203125
        ],
        [
          1204.2808837890625,
          1831.9571533203125
        ]
      ],
      "rotate": 0,
      "semantic": {
        "element": "普通设备",
        "links": []
      },
      "ext": {
        "文字识别结果": [
          ""
        ]
      }
    },
    {
      "id": 42,
      "type": "box",
      "shape": "rect",
      "coord": [
        [
          1184.2808837890625,
          1831.9571533203125
        ],
        [
          1204.2808837890625,
          1891.9571533203125
        ]
      ],
      "rotate": 0,
      "semantic": {
        "element": "普通设备",
        "links": []
      },
      "ext": {
        "文字识别结果": [
          ""
        ]
      }
    },
    {
      "id": 43,
      "type": "box",
      "shape": "rect",
      "coord": [
        [
          1184.2808837890625,
          1891.9571533203125
        ],
        [
          1204.2808837890625,
          1953.9571533203125
        ]
      ],
      "rotate": 0,
      "semantic": {
        "element": "普通设备",
        "links": []
      },
      "ext": {
        "文字识别结果": [
          ""
        ]
      }
    },
    {
      "id": 44,
      "type": "box",
      "shape": "rect",
      "coord": [
        [
          1280.2808837890625,
          1641.9571533203125
        ],
        [
          1318.2808837890625,
          1683.9571533203125
        ]
      ],
      "rotate": 0,
      "semantic": {
        "element": "普通设备",
        "links": []
      },
      "ext": {
        "文字识别结果": [
          ""
        ]
      }
    },
    {
      "id": 45,
      "type": "box",
      "shape": "rect",
      "coord": [
        [
          1280.2808837890625,
          1685.9571533203125
        ],
        [
          1318.2808837890625,
          1731.9571533203125
        ]
      ],
      "rotate": 0,
      "semantic": {
        "element": "普通设备",
        "links": []
      },
      "ext": {
        "文字识别结果": [
          "2"
        ]
      }
    },
    {
      "id": 46,
      "type": "box",
      "shape": "rect",
      "coord": [
        [
          1280.2808837890625,
          1731.9571533203125
        ],
        [
          1318.2808837890625,
          1775.9571533203125
        ]
      ],
      "rotate": 0,
      "semantic": {
        "element": "普通设备",
        "links": []
      },
      "ext": {
        "文字识别结果": [
          ""
        ]
      }
    },
    {
      "id": 47,
      "type": "box",
      "shape": "rect",
      "coord": [
        [
          1280.2808837890625,
          1775.9571533203125
        ],
        [
          1318.2808837890625,
          1819.9571533203125
        ]
      ],
      "rotate": 0,
      "semantic": {
        "element": "普通设备",
        "links": []
      },
      "ext": {
        "文字识别结果": [
          ""
        ]
      }
    },
    {
      "id": 48,
      "type": "box",
      "shape": "rect",
      "coord": [
        [
          1280.2808837890625,
          1819.9571533203125
        ],
        [
          1318.2808837890625,
          1861.9571533203125
        ]
      ],
      "rotate": 0,
      "semantic": {
        "element": "普通设备",
        "links": []
      },
      "ext": {
        "文字识别结果": [
          ""
        ]
      }
    },
    {
      "id": 49,
      "type": "box",
      "shape": "rect",
      "coord": [
        [
          1280.2808837890625,
          1863.9571533203125
        ],
        [
          1318.2808837890625,
          1905.9571533203125
        ]
      ],
      "rotate": 0,
      "semantic": {
        "element": "普通设备",
        "links": []
      },
      "ext": {
        "文字识别结果": [
          ""
        ]
      }
    },
    {
      "id": 50,
      "type": "box",
      "shape": "rect",
      "coord": [
        [
          1280.2808837890625,
          1905.9571533203125
        ],
        [
          1318.2808837890625,
          1953.9571533203125
        ]
      ],
      "rotate": 0,
      "semantic": {
        "element": "普通设备",
        "links": []
      },
      "ext": {
        "文字识别结果": [
          "3"
        ],
        "表格匹配结果": [
          "3",
          "电源柜",
          "2000x600x600",
          "架",
          "",
          "利旧"
        ]
      }
    },
    {
      "id": 51,
      "type": "box",
      "shape": "rect",
      "coord": [
        [
          1382.2808837890625,
          1693.9571533203125
        ],
        [
          1417.2808837890625,
          1731.9571533203125
        ]
      ],
      "rotate": 0,
      "semantic": {
        "element": "普通设备",
        "links": []
      },
      "ext": {
        "文字识别结果": [
          ""
        ]
      }
    },
    {
      "id": 52,
      "type": "box",
      "shape": "rect",
      "coord": [
        [
          1385.2808837890625,
          1731.9571533203125
        ],
        [
          1417.2808837890625,
          1767.9571533203125
        ]
      ],
      "rotate": 0,
      "semantic": {
        "element": "普通设备",
        "links": []
      },
      "ext": {
        "文字识别结果": [
          ""
        ]
      }
    },
    {
      "id": 53,
      "type": "box",
      "shape": "rect",
      "coord": [
        [
          1382.2808837890625,
          1657.9571533203125
        ],
        [
          1418.2808837890625,
          1691.9571533203125
        ]
      ],
      "rotate": 0,
      "semantic": {
        "element": "普通设备",
        "links": []
      },
      "ext": {
        "文字识别结果": [
          ""
        ]
      }
    },
    {
      "id": 54,
      "type": "box",
      "shape": "rect",
      "coord": [
        [
          1386.2808837890625,
          1767.9571533203125
        ],
        [
          1418.2808837890625,
          1803.9571533203125
        ]
      ],
      "rotate": 0,
      "semantic": {
        "element": "普通设备",
        "links": []
      },
      "ext": {
        "文字识别结果": [
          ""
        ]
      }
    },
    {
      "id": 55,
      "type": "box",
      "shape": "rect",
      "coord": [
        [
          1386.2808837890625,
          1803.9571533203125
        ],
        [
          1418.2808837890625,
          1839.9571533203125
        ]
      ],
      "rotate": 0,
      "semantic": {
        "element": "普通设备",
        "links": []
      },
      "ext": {
        "文字识别结果": [
          ""
        ]
      }
    },
    {
      "id": 56,
      "type": "box",
      "shape": "rect",
      "coord": [
        [
          1386.2808837890625,
          1839.9571533203125
        ],
        [
          1418.2808837890625,
          1877.9571533203125
        ]
      ],
      "rotate": 0,
      "semantic": {
        "element": "普通设备",
        "links": []
      },
      "ext": {
        "文字识别结果": [
          ""
        ]
      }
    },
    {
      "id": 57,
      "type": "box",
      "shape": "rect",
      "coord": [
        [
          1386.2808837890625,
          1875.9571533203125
        ],
        [
          1418.2808837890625,
          1913.9571533203125
        ]
      ],
      "rotate": 0,
      "semantic": {
        "element": "普通设备",
        "links": []
      },
      "ext": {
        "文字识别结果": [
          ""
        ]
      }
    },
    {
      "id": 58,
      "type": "box",
      "shape": "rect",
      "coord": [
        [
          1386.2808837890625,
          1912.9571533203125
        ],
        [
          1418.2808837890625,
          1953.9571533203125
        ]
      ],
      "rotate": 0,
      "semantic": {
        "element": "普通设备",
        "links": []
      },
      "ext": {
        "文字识别结果": [
          ""
        ]
      }
    },
    {
      "id": 59,
      "type": "box",
      "shape": "rect",
      "coord": [
        [
          1478.2808837890625,
          1693.9571533203125
        ],
        [
          1515.2808837890625,
          1731.9571533203125
        ]
      ],
      "rotate": 0,
      "semantic": {
        "element": "普通设备",
        "links": []
      },
      "ext": {
        "文字识别结果": [
          ""
        ]
      }
    },
    {
      "id": 60,
      "type": "box",
      "shape": "rect",
      "coord": [
        [
          1482.2808837890625,
          1730.9571533203125
        ],
        [
          1515.2808837890625,
          1767.9571533203125
        ]
      ],
      "rotate": 0,
      "semantic": {
        "element": "普通设备",
        "links": []
      },
      "ext": {
        "文字识别结果": [
          ""
        ]
      }
    },
    {
      "id": 61,
      "type": "box",
      "shape": "rect",
      "coord": [
        [
          1478.2808837890625,
          1657.9571533203125
        ],
        [
          1516.2808837890625,
          1691.9571533203125
        ]
      ],
      "rotate": 0,
      "semantic": {
        "element": "普通设备",
        "links": []
      },
      "ext": {
        "文字识别结果": [
          ""
        ]
      }
    },
    {
      "id": 62,
      "type": "box",
      "shape": "rect",
      "coord": [
        [
          1482.2808837890625,
          1766.9571533203125
        ],
        [
          1516.2808837890625,
          1803.9571533203125
        ]
      ],
      "rotate": 0,
      "semantic": {
        "element": "普通设备",
        "links": []
      },
      "ext": {
        "文字识别结果": [
          ""
        ]
      }
    },
    {
      "id": 63,
      "type": "box",
      "shape": "rect",
      "coord": [
        [
          1482.2808837890625,
          1802.9571533203125
        ],
        [
          1516.2808837890625,
          1839.9571533203125
        ]
      ],
      "rotate": 0,
      "semantic": {
        "element": "普通设备",
        "links": []
      },
      "ext": {
        "文字识别结果": [
          ""
        ]
      }
    },
    {
      "id": 64,
      "type": "box",
      "shape": "rect",
      "coord": [
        [
          1482.2808837890625,
          1839.9571533203125
        ],
        [
          1516.2808837890625,
          1875.9571533203125
        ]
      ],
      "rotate": 0,
      "semantic": {
        "element": "普通设备",
        "links": []
      },
      "ext": {
        "文字识别结果": [
          ""
        ]
      }
    },
    {
      "id": 65,
      "type": "box",
      "shape": "rect",
      "coord": [
        [
          1482.2808837890625,
          1875.9571533203125
        ],
        [
          1516.2808837890625,
          1913.9571533203125
        ]
      ],
      "rotate": 0,
      "semantic": {
        "element": "普通设备",
        "links": []
      },
      "ext": {
        "文字识别结果": [
          ""
        ]
      }
    },
    {
      "id": 66,
      "type": "box",
      "shape": "rect",
      "coord": [
        [
          1482.2808837890625,
          1912.9571533203125
        ],
        [
          1516.2808837890625,
          1953.9571533203125
        ]
      ],
      "rotate": 0,
      "semantic": {
        "element": "普通设备",
        "links": []
      },
      "ext": {
        "文字识别结果": [
          ""
        ]
      }
    },
    {
      "id": 67,
      "type": "box",
      "shape": "rect",
      "coord": [
        [
          1576.2808837890625,
          1767.9571533203125
        ],
        [
          1612.2808837890625,
          1803.9571533203125
        ]
      ],
      "rotate": 0,
      "semantic": {
        "element": "普通设备",
        "links": []
      },
      "ext": {
        "文字识别结果": [
          ""
        ]
      }
    },
    {
      "id": 68,
      "type": "box",
      "shape": "rect",
      "coord": [
        [
          1576.2808837890625,
          1803.9571533203125
        ],
        [
          1612.2808837890625,
          1839.9571533203125
        ]
      ],
      "rotate": 0,
      "semantic": {
        "element": "普通设备",
        "links": []
      },
      "ext": {
        "文字识别结果": [
          ""
        ]
      }
    },
    {
      "id": 69,
      "type": "box",
      "shape": "rect",
      "coord": [
        [
          1576.2808837890625,
          1839.9571533203125
        ],
        [
          1612.2808837890625,
          1875.9571533203125
        ]
      ],
      "rotate": 0,
      "semantic": {
        "element": "普通设备",
        "links": []
      },
      "ext": {
        "文字识别结果": [
          ""
        ]
      }
    },
    {
      "id": 70,
      "type": "box",
      "shape": "rect",
      "coord": [
        [
          1576.2808837890625,
          1875.9571533203125
        ],
        [
          1612.2808837890625,
          1913.9571533203125
        ]
      ],
      "rotate": 0,
      "semantic": {
        "element": "普通设备",
        "links": []
      },
      "ext": {
        "文字识别结果": [
          ""
        ]
      }
    },
    {
      "id": 71,
      "type": "box",
      "shape": "rect",
      "coord": [
        [
          1576.2808837890625,
          1913.9571533203125
        ],
        [
          1612.2808837890625,
          1949.9571533203125
        ]
      ],
      "rotate": 0,
      "semantic": {
        "element": "普通设备",
        "links": []
      },
      "ext": {
        "文字识别结果": [
          ""
        ]
      }
    },
    {
      "id": 72,
      "type": "box",
      "shape": "rect",
      "coord": [
        [
          1588.2808837890625,
          1541.9571533203125
        ],
        [
          1624.2808837890625,
          1557.9571533203125
        ]
      ],
      "rotate": 0,
      "semantic": {
        "element": "普通设备",
        "links": []
      },
      "ext": {
        "文字识别结果": [
          "5"
        ]
      }
    },
    {
      "id": 73,
      "type": "box",
      "shape": "rect",
      "coord": [
        [
          1672.2808837890625,
          1875.9571533203125
        ],
        [
          1709.2808837890625,
          1916.9571533203125
        ]
      ],
      "rotate": 0,
      "semantic": {
        "element": "普通设备",
        "links": []
      },
      "ext": {
        "文字识别结果": [
          ""
        ]
      }
    },
    {
      "id": 74,
      "type": "box",
      "shape": "rect",
      "coord": [
        [
          1672.2808837890625,
          1767.9571533203125
        ],
        [
          1710.2808837890625,
          1803.9571533203125
        ]
      ],
      "rotate": 0,
      "semantic": {
        "element": "普通设备",
        "links": []
      },
      "ext": {
        "文字识别结果": [
          ""
        ]
      }
    },
    {
      "id": 75,
      "type": "box",
      "shape": "rect",
      "coord": [
        [
          1672.2808837890625,
          1803.9571533203125
        ],
        [
          1710.2808837890625,
          1839.9571533203125
        ]
      ],
      "rotate": 0,
      "semantic": {
        "element": "普通设备",
        "links": []
      },
      "ext": {
        "文字识别结果": [
          ""
        ]
      }
    },
    {
      "id": 76,
      "type": "box",
      "shape": "rect",
      "coord": [
        [
          1672.2808837890625,
          1839.9571533203125
        ],
        [
          1710.2808837890625,
          1875.9571533203125
        ]
      ],
      "rotate": 0,
      "semantic": {
        "element": "普通设备",
        "links": []
      },
      "ext": {
        "文字识别结果": [
          ""
        ]
      }
    },
    {
      "id": 77,
      "type": "box",
      "shape": "rect",
      "coord": [
        [
          1672.2808837890625,
          1913.9571533203125
        ],
        [
          1710.2808837890625,
          1949.9571533203125
        ]
      ],
      "rotate": 0,
      "semantic": {
        "element": "普通设备",
        "links": []
      },
      "ext": {
        "文字识别结果": [
          ""
        ]
      }
    },
    {
      "id": 78,
      "type": "polyline",
      "shape": "polyline",
      "coord": [
        [
          1046.2808837890625,
          1543.9571533203125
        ],
        [
          1046.2808837890625,
          1599.9571533203125
        ]
      ],
      "rotate": 0,
      "semantic": {
        "element": "标尺",
        "links": []
      },
      "ext": {
        "文字识别结果": [
          "50"
        ]
      }
    },
    {
      "id": 79,
      "type": "polyline",
      "shape": "polyline",
      "coord": [
        [
          1820.2808837890625,
          1539.9571533203125
        ],
        [
          1820.2808837890625,
          2057.9571533203125
        ]
      ],
      "rotate": 0,
      "semantic": {
        "element": "标尺",
        "links": []
      },
      "ext": {
        "文字识别结果": [
          ""
        ]
      }
    },
    {
      "id": 80,
      "type": "polyline",
      "shape": "polyline",
      "coord": [
        [
          1046.2808837890625,
          1689.9571533203125
        ],
        [
          1046.2808837890625,
          1733.9571533203125
        ]
      ],
      "rotate": 0,
      "semantic": {
        "element": "标尺",
        "links": []
      },
      "ext": {
        "文字识别结果": [
          ""
        ]
      }
    },
    {
      "id": 81,
      "type": "polyline",
      "shape": "polyline",
      "coord": [
        [
          1796.2808837890625,
          1785.9571533203125
        ],
        [
          1796.2808837890625,
          1859.9571533203125
        ]
      ],
      "rotate": 0,
      "semantic": {
        "element": "标尺",
        "links": []
      },
      "ext": {
        "文字识别结果": [
          "000"
        ]
      }
    },
    {
      "id": 82,
      "type": "polyline",
      "shape": "polyline",
      "coord": [
        [
          992.2808837890625,
          1947.9571533203125
        ],
        [
          992.2808837890625,
          2057.9571533203125
        ]
      ],
      "rotate": 0,
      "semantic": {
        "element": "标尺",
        "links": []
      },
      "ext": {
        "文字识别结果": [
          "5"
        ]
      }
    },
    {
      "id": 83,
      "type": "polyline",
      "shape": "polyline",
      "coord": [
        [
          940.2808837890625,
          1931.9571533203125
        ],
        [
          940.2808837890625,
          2057.9571533203125
        ]
      ],
      "rotate": 0,
      "semantic": {
        "element": "标尺",
        "links": []
      },
      "ext": {
        "文字识别结果": [
          "0009"
        ]
      }
    },
    {
      "id": 84,
      "type": "polyline",
      "shape": "polyline",
      "coord": [
        [
          1230.2808837890625,
          1951.9571533203125
        ],
        [
          1230.2808837890625,
          2057.9571533203125
        ]
      ],
      "rotate": 0,
      "semantic": {
        "element": "标尺",
        "links": []
      },
      "ext": {
        "文字识别结果": [
          ""
        ]
      }
    },
    {
      "id": 85,
      "type": "polyline",
      "shape": "polyline",
      "coord": [
        [
          1264.2808837890625,
          1639.9571533203125
        ],
        [
          1264.2808837890625,
          1685.9571533203125
        ]
      ],
      "rotate": 0,
      "semantic": {
        "element": "标尺",
        "links": []
      },
      "ext": {
        "文字识别结果": [
          ""
        ]
      }
    },
    {
      "id": 86,
      "type": "polyline",
      "shape": "polyline",
      "coord": [
        [
          1046.2808837890625,
          1733.9571533203125
        ],
        [
          1046.2808837890625,
          1777.9571533203125
        ]
      ],
      "rotate": 0,
      "semantic": {
        "element": "标尺",
        "links": []
      },
      "ext": {
        "文字识别结果": [
          ""
        ]
      }
    },
    {
      "id": 87,
      "type": "polyline",
      "shape": "polyline",
      "coord": [
        [
          1046.2808837890625,
          1777.9571533203125
        ],
        [
          1046.2808837890625,
          1821.9571533203125
        ]
      ],
      "rotate": 0,
      "semantic": {
        "element": "标尺",
        "links": []
      },
      "ext": {
        "文字识别结果": [
          ""
        ]
      }
    },
    {
      "id": 88,
      "type": "polyline",
      "shape": "polyline",
      "coord": [
        [
          1796.2808837890625,
          1859.9571533203125
        ],
        [
          1796.2808837890625,
          2059.9571533203125
        ]
      ],
      "rotate": 0,
      "semantic": {
        "element": "标尺",
        "links": []
      },
      "ext": {
        "文字识别结果": [
          ""
        ]
      }
    },
    {
      "id": 89,
      "type": "polyline",
      "shape": "polyline",
      "coord": [
        [
          812.2808837890625,
          1587.9571533203125
        ],
        [
          916.2808837890625,
          1587.9571533203125
        ]
      ],
      "rotate": 0,
      "semantic": {
        "element": "标尺",
        "links": []
      },
      "ext": {
        "文字识别结果": [
          "1400"
        ]
      }
    },
    {
      "id": 90,
      "type": "polyline",
      "shape": "polyline",
      "coord": [
        [
          1024.2808837890625,
          1963.9571533203125
        ],
        [
          1126.2808837890625,
          1963.9571533203125
        ]
      ],
      "rotate": 0,
      "semantic": {
        "element": "标尺",
        "links": []
      },
      "ext": {
        "文字识别结果": [
          ""
        ]
      }
    },
    {
      "id": 91,
      "type": "polyline",
      "shape": "polyline",
      "coord": [
        [
          812.2808837890625,
          2097.9571533203125
        ],
        [
          1759.2808837890625,
          2097.9571533203125
        ]
      ],
      "rotate": 0,
      "semantic": {
        "element": "标尺",
        "links": []
      },
      "ext": {
        "文字识别结果": [
          "12800"
        ]
      }
    },
    {
      "id": 92,
      "type": "polyline",
      "shape": "polyline",
      "coord": [
        [
          916.2808837890625,
          1587.9571533203125
        ],
        [
          980.2808837890625,
          1587.9571533203125
        ]
      ],
      "rotate": 0,
      "semantic": {
        "element": "标尺",
        "links": []
      },
      "ext": {
        "文字识别结果": [
          "860"
        ]
      }
    },
    {
      "id": 93,
      "type": "polyline",
      "shape": "polyline",
      "coord": [
        [
          1280.2808837890625,
          1625.9571533203125
        ],
        [
          1324.2808837890625,
          1625.9571533203125
        ]
      ],
      "rotate": 0,
      "semantic": {
        "element": "标尺",
        "links": []
      },
      "ext": {
        "文字识别结果": [
          ""
        ]
      }
    },
    {
      "id": 94,
      "type": "polyline",
      "shape": "polyline",
      "coord": [
        [
          940.2808837890625,
          2059.9571533203125
        ],
        [
          1792.2808837890625,
          2059.9571533203125
        ]
      ],
      "rotate": 0,
      "semantic": {
        "element": "标尺",
        "links": []
      },
      "ext": {
        "文字识别结果": [
          "2800"
        ]
      }
    },
    {
      "id": 95,
      "type": "polyline",
      "shape": "polyline",
      "coord": [
        [
          1792.2808837890625,
          2059.9571533203125
        ],
        [
          1822.2808837890625,
          2059.9571533203125
        ]
      ],
      "rotate": 0,
      "semantic": {
        "element": "标尺",
        "links": []
      },
      "ext": {
        "文字识别结果": [
          ""
        ]
      }
    },
    {
      "id": 96,
      "type": "box",
      "shape": "rect",
      "coord": [
        [
          980.2808837890625,
          1601.9571533203125
        ],
        [
          1016.2808837890625,
          1643.9571533203125
        ]
      ],
      "rotate": 0,
      "semantic": {
        "element": "机柜",
        "links": []
      },
      "ext": {
        "文字识别结果": [
          ""
        ],
        "门朝向": "right"
      }
    },
    {
      "id": 97,
      "type": "box",
      "shape": "rect",
      "coord": [
        [
          980.2808837890625,
          1733.9571533203125
        ],
        [
          1016.2808837890625,
          1777.9571533203125
        ]
      ],
      "rotate": 0,
      "semantic": {
        "element": "机柜",
        "links": []
      },
      "ext": {
        "文字识别结果": [
          ""
        ],
        "门朝向": "right"
      }
    },
    {
      "id": 98,
      "type": "box",
      "shape": "rect",
      "coord": [
        [
          872.2808837890625,
          1853.9571533203125
        ],
        [
          892.2808837890625,
          1911.9571533203125
        ]
      ],
      "rotate": 0,
      "semantic": {
        "element": "普通设备",
        "links": []
      },
      "ext": {
        "文字识别结果": [
          ""
        ]
      }
    },
    {
      "id": 99,
      "type": "box",
      "shape": "rect",
      "coord": [
        [
          892.2808837890625,
          1643.9571533203125
        ],
        [
          912.2808837890625,
          1689.9571533203125
        ]
      ],
      "rotate": 0,
      "semantic": {
        "element": "普通设备",
        "links": []
      },
      "ext": {
        "文字识别结果": [
          ""
        ]
      }
    },
    {
      "id": 100,
      "type": "box",
      "shape": "rect",
      "coord": [
        [
          896.2808837890625,
          1689.9571533203125
        ],
        [
          912.2808837890625,
          1733.9571533203125
        ]
      ],
      "rotate": 0,
      "semantic": {
        "element": "普通设备",
        "links": []
      },
      "ext": {
        "文字识别结果": [
          ""
        ]
      }
    },
    {
      "id": 101,
      "type": "box",
      "shape": "rect",
      "coord": [
        [
          896.2808837890625,
          1733.9571533203125
        ],
        [
          912.2808837890625,
          1777.9571533203125
        ]
      ],
      "rotate": 0,
      "semantic": {
        "element": "普通设备",
        "links": []
      },
      "ext": {
        "文字识别结果": [
          ""
        ]
      }
    },
    {
      "id": 102,
      "type": "box",
      "shape": "rect",
      "coord": [
        [
          896.2808837890625,
          1777.9571533203125
        ],
        [
          912.2808837890625,
          1821.9571533203125
        ]
      ],
      "rotate": 0,
      "semantic": {
        "element": "普通设备",
        "links": []
      },
      "ext": {
        "文字识别结果": [
          ""
        ]
      }
    },
    {
      "id": 103,
      "type": "box",
      "shape": "rect",
      "coord": [
        [
          896.2808837890625,
          1821.9571533203125
        ],
        [
          912.2808837890625,
          1867.9571533203125
        ]
      ],
      "rotate": 0,
      "semantic": {
        "element": "普通设备",
        "links": []
      },
      "ext": {
        "文字识别结果": [
          ""
        ]
      }
    },
    {
      "id": 104,
      "type": "box",
      "shape": "rect",
      "coord": [
        [
          896.2808837890625,
          1867.9571533203125
        ],
        [
          912.2808837890625,
          1911.9571533203125
        ]
      ],
      "rotate": 0,
      "semantic": {
        "element": "普通设备",
        "links": []
      },
      "ext": {
        "文字识别结果": [
          ""
        ]
      }
    },
    {
      "id": 105,
      "type": "box",
      "shape": "rect",
      "coord": [
        [
          872.2808837890625,
          1911.9571533203125
        ],
        [
          916.2808837890625,
          1931.9571533203125
        ]
      ],
      "rotate": 0,
      "semantic": {
        "element": "普通设备",
        "links": []
      },
      "ext": {
        "文字识别结果": [
          ""
        ]
      }
    },
    {
      "id": 106,
      "type": "box",
      "shape": "rect",
      "coord": [
        [
          888.2808837890625,
          1539.9571533203125
        ],
        [
          928.2808837890625,
          1559.9571533203125
        ]
      ],
      "rotate": 0,
      "semantic": {
        "element": "普通设备",
        "links": []
      },
      "ext": {
        "文字识别结果": [
          ""
        ]
      }
    },
    {
      "id": 107,
      "type": "box",
      "shape": "rect",
      "coord": [
        [
          1004.2808837890625,
          1903.9571533203125
        ],
        [
          1018.2808837890625,
          1947.9571533203125
        ]
      ],
      "rotate": 0,
      "semantic": {
        "element": "普通设备",
        "links": []
      },
      "ext": {
        "文字识别结果": [
          ""
        ]
      }
    },
    {
      "id": 108,
      "type": "box",
      "shape": "rect",
      "coord": [
        [
          1000.2808837890625,
          1643.9571533203125
        ],
        [
          1020.2808837890625,
          1689.9571533203125
        ]
      ],
      "rotate": 0,
      "semantic": {
        "element": "普通设备",
        "links": []
      },
      "ext": {
        "文字识别结果": [
          ""
        ]
      }
    },
    {
      "id": 109,
      "type": "box",
      "shape": "rect",
      "coord": [
        [
          1004.2808837890625,
          1688.9571533203125
        ],
        [
          1020.2808837890625,
          1733.9571533203125
        ]
      ],
      "rotate": 0,
      "semantic": {
        "element": "普通设备",
        "links": []
      },
      "ext": {
        "文字识别结果": [
          ""
        ]
      }
    },
    {
      "id": 110,
      "type": "box",
      "shape": "rect",
      "coord": [
        [
          1082.2808837890625,
          1761.9571533203125
        ],
        [
          1122.2808837890625,
          1805.9571533203125
        ]
      ],
      "rotate": 0,
      "semantic": {
        "element": "普通设备",
        "links": []
      },
      "ext": {
        "文字识别结果": [
          ""
        ]
      }
    },
    {
      "id": 111,
      "type": "box",
      "shape": "rect",
      "coord": [
        [
          1082.2808837890625,
          1879.9571533203125
        ],
        [
          1122.2808837890625,
          1923.9571533203125
        ]
      ],
      "rotate": 0,
      "semantic": {
        "element": "普通设备",
        "links": []
      },
      "ext": {
        "文字识别结果": [
          ""
        ]
      }
    },
    {
      "id": 112,
      "type": "box",
      "shape": "rect",
      "coord": [
        [
          1106.2808837890625,
          1631.9571533203125
        ],
        [
          1126.2808837890625,
          1653.9571533203125
        ]
      ],
      "rotate": 0,
      "semantic": {
        "element": "普通设备",
        "links": []
      },
      "ext": {
        "文字识别结果": [
          ""
        ]
      }
    },
    {
      "id": 113,
      "type": "box",
      "shape": "rect",
      "coord": [
        [
          1090.2808837890625,
          1653.9571533203125
        ],
        [
          1126.2808837890625,
          1689.9571533203125
        ]
      ],
      "rotate": 0,
      "semantic": {
        "element": "普通设备",
        "links": []
      },
      "ext": {
        "文字识别结果": [
          ""
        ]
      }
    },
    {
      "id": 114,
      "type": "box",
      "shape": "rect",
      "coord": [
        [
          1090.2808837890625,
          1689.9571533203125
        ],
        [
          1126.2808837890625,
          1729.9571533203125
        ]
      ],
      "rotate": 0,
      "semantic": {
        "element": "普通设备",
        "links": []
      },
      "ext": {
        "文字识别结果": [
          ""
        ]
      }
    },
    {
      "id": 115,
      "type": "box",
      "shape": "rect",
      "coord": [
        [
          1106.2808837890625,
          1821.9571533203125
        ],
        [
          1126.2808837890625,
          1879.9571533203125
        ]
      ],
      "rotate": 0,
      "semantic": {
        "element": "普通设备",
        "links": []
      },
      "ext": {
        "文字识别结果": [
          ""
        ]
      }
    },
    {
      "id": 116,
      "type": "box",
      "shape": "rect",
      "coord": [
        [
          1106.2808837890625,
          1923.9571533203125
        ],
        [
          1130.2808837890625,
          1934.9571533203125
        ]
      ],
      "rotate": 0,
      "semantic": {
        "element": "普通设备",
        "links": []
      },
      "ext": {
        "文字识别结果": [
          ""
        ]
      }
    },
    {
      "id": 117,
      "type": "box",
      "shape": "rect",
      "coord": [
        [
          1182.2808837890625,
          1653.9571533203125
        ],
        [
          1204.2808837890625,
          1713.9571533203125
        ]
      ],
      "rotate": 0,
      "semantic": {
        "element": "普通设备",
        "links": []
      },
      "ext": {
        "文字识别结果": [
          ""
        ]
      }
    },
    {
      "id": 118,
      "type": "box",
      "shape": "rect",
      "coord": [
        [
          1182.2808837890625,
          1713.9571533203125
        ],
        [
          1204.2808837890625,
          1773.9571533203125
        ]
      ],
      "rotate": 0,
      "semantic": {
        "element": "普通设备",
        "links": []
      },
      "ext": {
        "文字识别结果": [
          ""
        ]
      }
    },
    {
      "id": 119,
      "type": "box",
      "shape": "rect",
      "coord": [
        [
          1182.2808837890625,
          1833.9571533203125
        ],
        [
          1204.2808837890625,
          1891.9571533203125
        ]
      ],
      "rotate": 0,
      "semantic": {
        "element": "普通设备",
        "links": []
      },
      "ext": {
        "文字识别结果": [
          ""
        ]
      }
    },
    {
      "id": 120,
      "type": "box",
      "shape": "rect",
      "coord": [
        [
          1182.2808837890625,
          1891.9571533203125
        ],
        [
          1204.2808837890625,
          1951.9571533203125
        ]
      ],
      "rotate": 0,
      "semantic": {
        "element": "普通设备",
        "links": []
      },
      "ext": {
        "文字识别结果": [
          ""
        ]
      }
    },
    {
      "id": 121,
      "type": "box",
      "shape": "rect",
      "coord": [
        [
          1182.2808837890625,
          1773.9571533203125
        ],
        [
          1206.2808837890625,
          1831.9571533203125
        ]
      ],
      "rotate": 0,
      "semantic": {
        "element": "普通设备",
        "links": []
      },
      "ext": {
        "文字识别结果": [
          ""
        ]
      }
    },
    {
      "id": 122,
      "type": "box",
      "shape": "rect",
      "coord": [
        [
          1280.2808837890625,
          1639.9571533203125
        ],
        [
          1316.2808837890625,
          1685.9571533203125
        ]
      ],
      "rotate": 0,
      "semantic": {
        "element": "普通设备",
        "links": []
      },
      "ext": {
        "文字识别结果": [
          ""
        ]
      }
    },
    {
      "id": 123,
      "type": "box",
      "shape": "rect",
      "coord": [
        [
          1279.2808837890625,
          1685.9571533203125
        ],
        [
          1316.2808837890625,
          1729.9571533203125
        ]
      ],
      "rotate": 0,
      "semantic": {
        "element": "普通设备",
        "links": []
      },
      "ext": {
        "文字识别结果": [
          "2"
        ]
      }
    },
    {
      "id": 124,
      "type": "box",
      "shape": "rect",
      "coord": [
        [
          1280.2808837890625,
          1729.9571533203125
        ],
        [
          1316.2808837890625,
          1773.9571533203125
        ]
      ],
      "rotate": 0,
      "semantic": {
        "element": "普通设备",
        "links": []
      },
      "ext": {
        "文字识别结果": [
          ""
        ]
      }
    },
    {
      "id": 125,
      "type": "box",
      "shape": "rect",
      "coord": [
        [
          1280.2808837890625,
          1773.9571533203125
        ],
        [
          1316.2808837890625,
          1817.9571533203125
        ]
      ],
      "rotate": 0,
      "semantic": {
        "element": "普通设备",
        "links": []
      },
      "ext": {
        "文字识别结果": [
          ""
        ]
      }
    },
    {
      "id": 126,
      "type": "box",
      "shape": "rect",
      "coord": [
        [
          1280.2808837890625,
          1817.9571533203125
        ],
        [
          1316.2808837890625,
          1863.9571533203125
        ]
      ],
      "rotate": 0,
      "semantic": {
        "element": "普通设备",
        "links": []
      },
      "ext": {
        "文字识别结果": [
          ""
        ]
      }
    },
    {
      "id": 127,
      "type": "box",
      "shape": "rect",
      "coord": [
        [
          1280.2808837890625,
          1863.9571533203125
        ],
        [
          1316.2808837890625,
          1907.9571533203125
        ]
      ],
      "rotate": 0,
      "semantic": {
        "element": "普通设备",
        "links": []
      },
      "ext": {
        "文字识别结果": [
          ""
        ]
      }
    },
    {
      "id": 128,
      "type": "box",
      "shape": "rect",
      "coord": [
        [
          1280.2808837890625,
          1907.9571533203125
        ],
        [
          1320.2808837890625,
          1951.9571533203125
        ]
      ],
      "rotate": 0,
      "semantic": {
        "element": "普通设备",
        "links": []
      },
      "ext": {
        "文字识别结果": [
          "3"
        ],
        "表格匹配结果": [
          "3",
          "电源柜",
          "2000x600x600",
          "架",
          "",
          "利旧"
        ]
      }
    },
    {
      "id": 129,
      "type": "box",
      "shape": "rect",
      "coord": [
        [
          1383.2808837890625,
          1657.9571533203125
        ],
        [
          1418.2808837890625,
          1693.9571533203125
        ]
      ],
      "rotate": 0,
      "semantic": {
        "element": "普通设备",
        "links": []
      },
      "ext": {
        "文字识别结果": [
          ""
        ]
      }
    },
    {
      "id": 130,
      "type": "box",
      "shape": "rect",
      "coord": [
        [
          1384.2808837890625,
          1693.9571533203125
        ],
        [
          1418.2808837890625,
          1729.9571533203125
        ]
      ],
      "rotate": 0,
      "semantic": {
        "element": "普通设备",
        "links": []
      },
      "ext": {
        "文字识别结果": [
          ""
        ]
      }
    },
    {
      "id": 131,
      "type": "box",
      "shape": "rect",
      "coord": [
        [
          1384.2808837890625,
          1729.9571533203125
        ],
        [
          1418.2808837890625,
          1765.9571533203125
        ]
      ],
      "rotate": 0,
      "semantic": {
        "element": "普通设备",
        "links": []
      },
      "ext": {
        "文字识别结果": [
          ""
        ]
      }
    },
    {
      "id": 132,
      "type": "box",
      "shape": "rect",
      "coord": [
        [
          1384.2808837890625,
          1805.9571533203125
        ],
        [
          1418.2808837890625,
          1839.9571533203125
        ]
      ],
      "rotate": 0,
      "semantic": {
        "element": "普通设备",
        "links": []
      },
      "ext": {
        "文字识别结果": [
          ""
        ]
      }
    },
    {
      "id": 133,
      "type": "box",
      "shape": "rect",
      "coord": [
        [
          1384.2808837890625,
          1841.9571533203125
        ],
        [
          1418.2808837890625,
          1875.9571533203125
        ]
      ],
      "rotate": 0,
      "semantic": {
        "element": "普通设备",
        "links": []
      },
      "ext": {
        "文字识别结果": [
          ""
        ]
      }
    },
    {
      "id": 134,
      "type": "box",
      "shape": "rect",
      "coord": [
        [
          1384.2808837890625,
          1875.9571533203125
        ],
        [
          1418.2808837890625,
          1915.9571533203125
        ]
      ],
      "rotate": 0,
      "semantic": {
        "element": "普通设备",
        "links": []
      },
      "ext": {
        "文字识别结果": [
          ""
        ]
      }
    },
    {
      "id": 135,
      "type": "box",
      "shape": "rect",
      "coord": [
        [
          1384.2808837890625,
          1915.9571533203125
        ],
        [
          1418.2808837890625,
          1951.9571533203125
        ]
      ],
      "rotate": 0,
      "semantic": {
        "element": "普通设备",
        "links": []
      },
      "ext": {
        "文字识别结果": [
          ""
        ]
      }
    },
    {
      "id": 136,
      "type": "box",
      "shape": "rect",
      "coord": [
        [
          1384.2808837890625,
          1765.9571533203125
        ],
        [
          1419.2808837890625,
          1805.9571533203125
        ]
      ],
      "rotate": 0,
      "semantic": {
        "element": "普通设备",
        "links": []
      },
      "ext": {
        "文字识别结果": [
          ""
        ]
      }
    },
    {
      "id": 137,
      "type": "box",
      "shape": "rect",
      "coord": [
        [
          1478.2808837890625,
          1765.9571533203125
        ],
        [
          1517.2808837890625,
          1805.9571533203125
        ]
      ],
      "rotate": 0,
      "semantic": {
        "element": "普通设备",
        "links": []
      },
      "ext": {
        "文字识别结果": [
          ""
        ]
      }
    },
    {
      "id": 138,
      "type": "box",
      "shape": "rect",
      "coord": [
        [
          1482.2808837890625,
          1874.9571533203125
        ],
        [
          1517.2808837890625,
          1915.9571533203125
        ]
      ],
      "rotate": 0,
      "semantic": {
        "element": "普通设备",
        "links": []
      },
      "ext": {
        "文字识别结果": [
          ""
        ]
      }
    },
    {
      "id": 139,
      "type": "box",
      "shape": "rect",
      "coord": [
        [
          1478.2808837890625,
          1657.9571533203125
        ],
        [
          1518.2808837890625,
          1693.9571533203125
        ]
      ],
      "rotate": 0,
      "semantic": {
        "element": "普通设备",
        "links": []
      },
      "ext": {
        "文字识别结果": [
          ""
        ]
      }
    },
    {
      "id": 140,
      "type": "box",
      "shape": "rect",
      "coord": [
        [
          1478.2808837890625,
          1693.9571533203125
        ],
        [
          1518.2808837890625,
          1729.9571533203125
        ]
      ],
      "rotate": 0,
      "semantic": {
        "element": "普通设备",
        "links": []
      },
      "ext": {
        "文字识别结果": [
          ""
        ]
      }
    },
    {
      "id": 141,
      "type": "box",
      "shape": "rect",
      "coord": [
        [
          1478.2808837890625,
          1729.9571533203125
        ],
        [
          1518.2808837890625,
          1765.9571533203125
        ]
      ],
      "rotate": 0,
      "semantic": {
        "element": "普通设备",
        "links": []
      },
      "ext": {
        "文字识别结果": [
          ""
        ]
      }
    },
    {
      "id": 142,
      "type": "box",
      "shape": "rect",
      "coord": [
        [
          1478.2808837890625,
          1805.9571533203125
        ],
        [
          1518.2808837890625,
          1839.9571533203125
        ]
      ],
      "rotate": 0,
      "semantic": {
        "element": "普通设备",
        "links": []
      },
      "ext": {
        "文字识别结果": [
          ""
        ]
      }
    },
    {
      "id": 143,
      "type": "box",
      "shape": "rect",
      "coord": [
        [
          1478.2808837890625,
          1841.9571533203125
        ],
        [
          1518.2808837890625,
          1875.9571533203125
        ]
      ],
      "rotate": 0,
      "semantic": {
        "element": "普通设备",
        "links": []
      },
      "ext": {
        "文字识别结果": [
          ""
        ]
      }
    },
    {
      "id": 144,
      "type": "box",
      "shape": "rect",
      "coord": [
        [
          1482.2808837890625,
          1914.9571533203125
        ],
        [
          1518.2808837890625,
          1951.9571533203125
        ]
      ],
      "rotate": 0,
      "semantic": {
        "element": "普通设备",
        "links": []
      },
      "ext": {
        "文字识别结果": [
          ""
        ]
      }
    },
    {
      "id": 145,
      "type": "box",
      "shape": "rect",
      "coord": [
        [
          1574.2808837890625,
          1805.9571533203125
        ],
        [
          1612.2808837890625,
          1839.9571533203125
        ]
      ],
      "rotate": 0,
      "semantic": {
        "element": "普通设备",
        "links": []
      },
      "ext": {
        "文字识别结果": [
          ""
        ]
      }
    },
    {
      "id": 146,
      "type": "box",
      "shape": "rect",
      "coord": [
        [
          1574.2808837890625,
          1841.9571533203125
        ],
        [
          1612.2808837890625,
          1875.9571533203125
        ]
      ],
      "rotate": 0,
      "semantic": {
        "element": "普通设备",
        "links": []
      },
      "ext": {
        "文字识别结果": [
          ""
        ]
      }
    },
    {
      "id": 147,
      "type": "box",
      "shape": "rect",
      "coord": [
        [
          1574.2808837890625,
          1875.9571533203125
        ],
        [
          1612.2808837890625,
          1915.9571533203125
        ]
      ],
      "rotate": 0,
      "semantic": {
        "element": "普通设备",
        "links": []
      },
      "ext": {
        "文字识别结果": [
          ""
        ]
      }
    },
    {
      "id": 148,
      "type": "box",
      "shape": "rect",
      "coord": [
        [
          1574.2808837890625,
          1915.9571533203125
        ],
        [
          1612.2808837890625,
          1951.9571533203125
        ]
      ],
      "rotate": 0,
      "semantic": {
        "element": "普通设备",
        "links": []
      },
      "ext": {
        "文字识别结果": [
          ""
        ]
      }
    },
    {
      "id": 149,
      "type": "box",
      "shape": "rect",
      "coord": [
        [
          1574.2808837890625,
          1765.9571533203125
        ],
        [
          1613.2808837890625,
          1805.9571533203125
        ]
      ],
      "rotate": 0,
      "semantic": {
        "element": "普通设备",
        "links": []
      },
      "ext": {
        "文字识别结果": [
          ""
        ]
      }
    },
    {
      "id": 150,
      "type": "box",
      "shape": "rect",
      "coord": [
        [
          1586.2808837890625,
          1543.9571533203125
        ],
        [
          1622.2808837890625,
          1559.9571533203125
        ]
      ],
      "rotate": 0,
      "semantic": {
        "element": "普通设备",
        "links": []
      },
      "ext": {
        "文字识别结果": [
          ""
        ]
      }
    },
    {
      "id": 151,
      "type": "box",
      "shape": "rect",
      "coord": [
        [
          1672.2808837890625,
          1765.9571533203125
        ],
        [
          1707.2808837890625,
          1805.9571533203125
        ]
      ],
      "rotate": 0,
      "semantic": {
        "element": "普通设备",
        "links": []
      },
      "ext": {
        "文字识别结果": [
          ""
        ]
      }
    },
    {
      "id": 152,
      "type": "box",
      "shape": "rect",
      "coord": [
        [
          1671.2808837890625,
          1805.9571533203125
        ],
        [
          1708.2808837890625,
          1839.9571533203125
        ]
      ],
      "rotate": 0,
      "semantic": {
        "element": "普通设备",
        "links": []
      },
      "ext": {
        "文字识别结果": [
          ""
        ]
      }
    },
    {
      "id": 153,
      "type": "box",
      "shape": "rect",
      "coord": [
        [
          1672.2808837890625,
          1841.9571533203125
        ],
        [
          1708.2808837890625,
          1875.9571533203125
        ]
      ],
      "rotate": 0,
      "semantic": {
        "element": "普通设备",
        "links": []
      },
      "ext": {
        "文字识别结果": [
          ""
        ]
      }
    },
    {
      "id": 154,
      "type": "box",
      "shape": "rect",
      "coord": [
        [
          1672.2808837890625,
          1875.9571533203125
        ],
        [
          1708.2808837890625,
          1915.9571533203125
        ]
      ],
      "rotate": 0,
      "semantic": {
        "element": "普通设备",
        "links": []
      },
      "ext": {
        "文字识别结果": [
          ""
        ]
      }
    },
    {
      "id": 155,
      "type": "box",
      "shape": "rect",
      "coord": [
        [
          1672.2808837890625,
          1915.9571533203125
        ],
        [
          1708.2808837890625,
          1951.9571533203125
        ]
      ],
      "rotate": 0,
      "semantic": {
        "element": "普通设备",
        "links": []
      },
      "ext": {
        "文字识别结果": [
          ""
        ]
      }
    },
    {
      "id": 157,
      "type": "other",
      "shape": "rect",
      "coord": [
        [
          673.3116569519043,
          1485.1416015625
        ],
        [
          770.4152526855469,
          1526.12744140625
        ]
      ],
      "rotate": 0,
      "semantic": {
        "element": "带指向性文字",
        "links": []
      },
      "ext": {
        "文字识别结果": [
          ""
        ]
      }
    },
    {
      "id": 158,
      "type": "other",
      "shape": "rect",
      "coord": [
        [
          671.6032943725586,
          1485.1299438476562
        ],
        [
          769.5841064453125,
          1526.4450073242188
        ]
      ],
      "rotate": 0,
      "semantic": {
        "element": "带指向性文字",
        "links": []
      },
      "ext": {
        "文字识别结果": [
          ""
        ]
      }
    },
    {
      "id": 159,
      "type": "other",
      "shape": "rect",
      "coord": [
        [
          1341.0364990234375,
          1985.74365234375
        ],
        [
          1395.2382202148438,
          2009.0673828125
        ]
      ],
      "rotate": 0,
      "semantic": {
        "element": "无指向性文字",
        "links": []
      },
      "ext": {
        "文字识别结果": [
          ""
        ]
      }
    },
    {
      "id": 160,
      "type": "other",
      "shape": "rect",
      "coord": [
        [
          1341.0421752929688,
          1984.8720703125
        ],
        [
          1395.55029296875,
          2008.942626953125
        ]
      ],
      "rotate": 0,
      "semantic": {
        "element": "无指向性文字",
        "links": []
      },
      "ext": {
        "文字识别结果": [
          ""
        ]
      }
    },
    {
      "id": 161,
      "type": "other",
      "shape": "rect",
      "coord": [
        [
          423.766357421875,
          2829.385498046875
        ],
        [
          505.504638671875,
          2862.977294921875
        ]
      ],
      "rotate": 0,
      "semantic": {
        "element": "图例小图",
        "links": [
          {
            "pair_id": 170,
            "label": "图例文字",
            "distance": 179.431884765625
          }
        ]
      },
      "ext": {
        "图例归类": "新增设备"
      }
    },
    {
      "id": 162,
      "type": "other",
      "shape": "rect",
      "coord": [
        [
          422.351806640625,
          2900.296630859375
        ],
        [
          505.7841796875,
          2934.807861328125
        ]
      ],
      "rotate": 0,
      "semantic": {
        "element": "图例小图",
        "links": [
          {
            "pair_id": 173,
            "label": "图例文字",
            "distance": 155.9993896484375
          }
        ]
      },
      "ext": {
        "图例归类": "原有设备"
      }
    },
    {
      "id": 163,
      "type": "other",
      "shape": "rect",
      "coord": [
        [
          841.888916015625,
          2897.633544921875
        ],
        [
          926.32080078125,
          2930.715576171875
        ]
      ],
      "rotate": 0,
      "semantic": {
        "element": "图例小图",
        "links": [
          {
            "pair_id": 172,
            "label": "图例文字",
            "distance": 157.4625244140625
          }
        ]
      },
      "ext": {
        "图例归类": "穿墙洞"
      }
    },
    {
      "id": 164,
      "type": "other",
      "shape": "rect",
      "coord": [
        [
          1145.1650390625,
          2826.132080078125
        ],
        [
          1257.7412109375,
          2860.155517578125
        ]
      ],
      "rotate": 0,
      "semantic": {
        "element": "图例小图",
        "links": [
          {
            "pair_id": 171,
            "label": "图例文字",
            "distance": 145.6142578125
          }
        ]
      },
      "ext": {
        "图例归类": "电力电缆"
      }
    },
    {
      "id": 165,
      "type": "other",
      "shape": "rect",
      "coord": [
        [
          868.9912109375,
          2831.75439453125
        ],
        [
          940.8408203125,
          2863.092529296875
        ]
      ],
      "rotate": 0,
      "semantic": {
        "element": "图例小图",
        "links": [
          {
            "pair_id": 169,
            "label": "图例文字",
            "distance": 147.1513671875
          }
        ]
      },
      "ext": {
        "图例归类": "未归类成功"
      }
    },
    {
      "id": 166,
      "type": "table",
      "shape": "rect",
      "coord": [
        [
          700.623046875,
          2297.877685546875
        ],
        [
          1988.318603515625,
          2477.628173828125
        ]
      ],
      "rotate": 0,
      "semantic": {
        "element": "物料表",
        "links": []
      },
      "ext": {
        "表格识别结果": [
          [
            "序号",
            "设备名称",
            "规格型号",
            "单位",
            "数量",
            "备注"
          ],
          [
            "1-2",
            "综合柜",
            "2000x600x600",
            "架",
            "2",
            "利综合柜，每架新增A1-10GE设备各一端"
          ],
          [
            "3",
            "电源柜",
            "2000x600x600",
            "架",
            "",
            "利旧"
          ]
        ]
      }
    },
    {
      "id": 167,
      "type": "table",
      "shape": "rect",
      "coord": [
        [
          1593.282958984375,
          2920.65625
        ],
        [
          2928.90673828125,
          3150.3896484375
        ]
      ],
      "rotate": 0,
      "semantic": {
        "element": "标题栏",
        "links": []
      },
      "ext": {
        "表格识别结果": [
          [
            "处主管",
            "审核人",
            "",
            "中讯邮电询设计院有限公司",
            ""
          ],
          [
            "总负责人",
            "单位",
            "mm",
            "",
            ""
          ],
          [
            "",
            "",
            "",
            "新郑中华路局机房设备布置平面图",
            ""
          ],
          [
            "单责人",
            "比例",
            "1：100",
            "",
            ""
          ],
          [
            "设计人",
            "目期",
            "2020.03",
            "图号",
            "2019S599（S-GSF-104"
          ]
        ]
      }
    },
    {
      "id": 168,
      "type": "other",
      "shape": "rect",
      "coord": [
        [
          234.5673828125,
          2776.672119140625
        ],
        [
          1475.675537109375,
          2986.5888671875
        ]
      ],
      "rotate": 0,
      "semantic": {
        "element": "图例",
        "links": []
      },
      "ext": {}
    },
    {
      "id": 169,
      "type": "other",
      "shape": "rect",
      "coord": [
        [
          988.5673828125,
          2826.672119140625
        ],
        [
          1115.5673828125,
          2866.672119140625
        ]
      ],
      "rotate": 0,
      "semantic": {
        "element": "图例文字",
        "links": []
      },
      "ext": {
        "文字识别结果": [
          "设备正面"
        ],
        "图例归类": "未归类成功"
      }
    },
    {
      "id": 170,
      "type": "other",
      "shape": "rect",
      "coord": [
        [
          552.5673828125,
          2831.672119140625
        ],
        [
          735.5673828125,
          2861.672119140625
        ]
      ],
      "rotate": 0,
      "semantic": {
        "element": "图例文字",
        "links": []
      },
      "ext": {
        "文字识别结果": [
          "本期安装设备"
        ],
        "图例归类": "新增设备"
      }
    },
    {
      "id": 171,
      "type": "other",
      "shape": "rect",
      "coord": [
        [
          1286.5673828125,
          2826.672119140625
        ],
        [
          1407.5673828125,
          2858.672119140625
        ]
      ],
      "rotate": 0,
      "semantic": {
        "element": "图例文字",
        "links": []
      },
      "ext": {
        "文字识别结果": [
          "电力电缆"
        ],
        "图例归类": "电力电缆"
      }
    },
    {
      "id": 172,
      "type": "other",
      "shape": "rect",
      "coord": [
        [
          994.5673828125,
          2889.672119140625
        ],
        [
          1088.5673828125,
          2925.672119140625
        ]
      ],
      "rotate": 0,
      "semantic": {
        "element": "图例文字",
        "links": []
      },
      "ext": {
        "文字识别结果": [
          "穿墙洞"
        ],
        "图例归类": "穿墙洞"
      }
    },
    {
      "id": 173,
      "type": "other",
      "shape": "rect",
      "coord": [
        [
          558.5673828125,
          2900.672119140625
        ],
        [
          681.5673828125,
          2931.672119140625
        ]
      ],
      "rotate": 0,
      "semantic": {
        "element": "图例文字",
        "links": []
      },
      "ext": {
        "文字识别结果": [
          "原有设备"
        ],
        "图例归类": "原有设备"
      }
    },
    {
      "id": 174,
      "type": "other",
      "shape": "rect",
      "coord": [
        [
          2589.644287109375,
          1156.0115966796875
        ],
        [
          2678.16943359375,
          1293.015625
        ]
      ],
      "rotate": 0,
      "semantic": {
        "element": "建北磁北(夹角)",
        "links": []
      },
      "ext": {
        "文字识别结果": [
          "N"
        ],
        "文字位置": [
          [
            [
              2617.644287109375,
              1156.0115966796875
            ],
            [
              2647.644287109375,
              1183.0115966796875
            ]
          ]
        ],
        "顶点位置": [
          [
            2634.5302974720694,
            1181.635126091452
          ],
          [
            2634.5302974720694,
            1240.3488515816482
          ]
        ]
      }
    }
  ]
}