{
  "info": {
    "像素面积": {
      "全部面积": 1026564.0,
      "设备面积": 74312.0,
      "剩余面积": 952252.0
    },
    "图纸信息": {
      "类型": "机房",
      "名称": "251.png"
    }
  },
  "obj": [
    {
      "id": 1,
      "type": "outline",
      "shape": "polyline",
      "coord": [
        [
          396.627197265625,
          496.37890625
        ],
        [
          1224.627197265625,
          494.37890625
        ],
        [
          1224.627197265625,
          1178.37890625
        ],
        [
          536.627197265625,
          668.37890625
        ],
        [
          884.627197265625,
          668.37890625
        ],
        [
          536.627197265625,
          1198.37890625
        ],
        [
          1244.627197265625,
          1198.37890625
        ],
        [
          884.627197265625,
          472.37890625
        ],
        [
          1244.627197265625,
          472.37890625
        ],
        [
          558.627197265625,
          688.37890625
        ],
        [
          904.627197265625,
          688.37890625
        ],
        [
          904.627197265625,
          1178.37890625
        ],
        [
          1224.627197265625,
          1178.37890625
        ],
        [
          884.627197265625,
          472.37890625
        ],
        [
          1240.627197265625,
          474.37890625
        ],
        [
          884.627197265625,
          474.37890625
        ],
        [
          884.627197265625,
          664.37890625
        ],
        [
          903.627197265625,
          494.37890625
        ],
        [
          903.627197265625,
          688.37890625
        ],
        [
          536.627197265625,
          668.37890625
        ],
        [
          536.627197265625,
          1198.37890625
        ],
        [
          558.627197265625,
          688.37890625
        ],
        [
          560.627197265625,
          1178.37890625
        ],
        [
          1244.627197265625,
          473.37890625
        ],
        [
          1244.627197265625,
          1198.37890625
        ]
      ],
      "rotate": 0,
      "semantic": {
        "element": "墙轮廓",
        "path": [
          "0, 1, 2",
          "3, 4",
          "5, 6",
          "7, 8",
          "9, 10",
          "11, 12",
          "13, 14",
          "15, 16",
          "17, 18",
          "19, 20",
          "21, 22",
          "23, 24"
        ],
        "links": []
      },
      "ext": {}
    },
    {
      "id": 2,
      "type": "outline",
      "shape": "polyline",
      "coord": [
        [
          536.627197265625,
          666.37890625
        ],
        [
          884.627197265625,
          668.37890625
        ],
        [
          536.627197265625,
          1196.37890625
        ],
        [
          1242.627197265625,
          1200.37890625
        ],
        [
          555.627197265625,
          1180.37890625
        ],
        [
          874.627197265625,
          1180.37890625
        ],
        [
          556.627197265625,
          494.37890625
        ],
        [
          1222.627197265625,
          494.37890625
        ],
        [
          1222.627197265625,
          1176.37890625
        ],
        [
          536.627197265625,
          666.37890625
        ],
        [
          886.627197265625,
          664.37890625
        ],
        [
          906.627197265625,
          1176.37890625
        ],
        [
          1222.627197265625,
          1180.37890625
        ],
        [
          886.627197265625,
          474.37890625
        ],
        [
          1242.627197265625,
          474.37890625
        ],
        [
          1242.627197265625,
          1196.37890625
        ],
        [
          904.627197265625,
          494.37890625
        ],
        [
          906.627197265625,
          688.37890625
        ],
        [
          886.627197265625,
          474.37890625
        ],
        [
          886.627197265625,
          664.37890625
        ],
        [
          536.627197265625,
          668.37890625
        ],
        [
          536.627197265625,
          1200.37890625
        ],
        [
          556.627197265625,
          494.37890625
        ],
        [
          556.627197265625,
          1180.37890625
        ]
      ],
      "rotate": 0,
      "semantic": {
        "element": "墙轮廓",
        "path": [
          "0, 1",
          "2, 3",
          "4, 5",
          "6, 7, 8",
          "9, 10",
          "11, 12",
          "13, 14, 15",
          "16, 17",
          "18, 19",
          "20, 21",
          "22, 23"
        ],
        "links": []
      },
      "ext": {}
    },
    {
      "id": 2,
      "type": "polyline",
      "shape": "polyline",
      "coord": [
        [
          824.627197265625,
          492.37890625
        ],
        [
          824.627197265625,
          686.37890625
        ]
      ],
      "rotate": 0,
      "semantic": {
        "element": "标尺",
        "links": []
      },
      "ext": {
        "文字识别结果": [
          "2000"
        ]
      }
    },
    {
      "id": 3,
      "type": "polyline",
      "shape": "polyline",
      "coord": [
        [
          496.627197265625,
          810.37890625
        ],
        [
          496.627197265625,
          888.37890625
        ]
      ],
      "rotate": 0,
      "semantic": {
        "element": "标尺",
        "links": []
      },
      "ext": {
        "文字识别结果": [
          "*00:*"
        ]
      }
    },
    {
      "id": 4,
      "type": "polyline",
      "shape": "polyline",
      "coord": [
        [
          499.627197265625,
          685.37890625
        ],
        [
          499.627197265625,
          766.37890625
        ]
      ],
      "rotate": 0,
      "semantic": {
        "element": "标尺",
        "links": []
      },
      "ext": {
        "文字识别结果": [
          "800"
        ]
      }
    },
    {
      "id": 5,
      "type": "polyline",
      "shape": "polyline",
      "coord": [
        [
          500.627197265625,
          1120.37890625
        ],
        [
          500.627197265625,
          1182.37890625
        ]
      ],
      "rotate": 0,
      "semantic": {
        "element": "标尺",
        "links": []
      },
      "ext": {
        "文字识别结果": [
          "E线果走线"
        ]
      }
    },
    {
      "id": 6,
      "type": "polyline",
      "shape": "polyline",
      "coord": [
        [
          396.627197265625,
          685.37890625
        ],
        [
          396.627197265625,
          1182.37890625
        ]
      ],
      "rotate": 0,
      "semantic": {
        "element": "标尺",
        "links": []
      },
      "ext": {
        "文字识别结果": [
          "5100走"
        ]
      }
    },
    {
      "id": 7,
      "type": "polyline",
      "shape": "polyline",
      "coord": [
        [
          496.627197265625,
          686.37890625
        ],
        [
          496.627197265625,
          766.37890625
        ]
      ],
      "rotate": 0,
      "semantic": {
        "element": "标尺",
        "links": []
      },
      "ext": {
        "文字识别结果": [
          "*008+"
        ]
      }
    },
    {
      "id": 8,
      "type": "polyline",
      "shape": "polyline",
      "coord": [
        [
          904.627197265625,
          354.37890625
        ],
        [
          1224.627197265625,
          354.37890625
        ]
      ],
      "rotate": 0,
      "semantic": {
        "element": "标尺",
        "links": []
      },
      "ext": {
        "文字识别结果": [
          "3300"
        ]
      }
    },
    {
      "id": 9,
      "type": "polyline",
      "shape": "polyline",
      "coord": [
        [
          1038.627197265625,
          454.37890625
        ],
        [
          1098.627197265625,
          454.37890625
        ]
      ],
      "rotate": 0,
      "semantic": {
        "element": "标尺",
        "links": []
      },
      "ext": {
        "文字识别结果": [
          "600"
        ]
      }
    },
    {
      "id": 10,
      "type": "polyline",
      "shape": "polyline",
      "coord": [
        [
          1212.627197265625,
          454.37890625
        ],
        [
          1224.627197265625,
          454.37890625
        ]
      ],
      "rotate": 0,
      "semantic": {
        "element": "标尺",
        "links": []
      },
      "ext": {
        "文字识别结果": [
          ""
        ]
      }
    },
    {
      "id": 11,
      "type": "polyline",
      "shape": "polyline",
      "coord": [
        [
          556.627197265625,
          1318.37890625
        ],
        [
          904.627197265625,
          1318.37890625
        ]
      ],
      "rotate": 0,
      "semantic": {
        "element": "标尺",
        "links": []
      },
      "ext": {
        "文字识别结果": [
          "3600"
        ]
      }
    },
    {
      "id": 12,
      "type": "polyline",
      "shape": "polyline",
      "coord": [
        [
          556.627197265625,
          1162.37890625
        ],
        [
          654.627197265625,
          1162.37890625
        ]
      ],
      "rotate": 0,
      "semantic": {
        "element": "标尺",
        "links": []
      },
      "ext": {
        "文字识别结果": [
          "1000"
        ]
      }
    },
    {
      "id": 13,
      "type": "polyline",
      "shape": "polyline",
      "coord": [
        [
          396.627197265625,
          686.37890625
        ],
        [
          496.627197265625,
          686.37890625
        ]
      ],
      "rotate": 0,
      "semantic": {
        "element": "标尺",
        "links": []
      },
      "ext": {
        "文字识别结果": [
          ""
        ]
      }
    },
    {
      "id": 14,
      "type": "box",
      "shape": "rect",
      "coord": [
        [
          876.627197265625,
          1150.37890625
        ],
        [
          904.627197265625,
          1178.37890625
        ]
      ],
      "rotate": 0,
      "semantic": {
        "element": "柱子",
        "links": []
      },
      "ext": {}
    },
    {
      "id": 15,
      "type": "box",
      "shape": "rect",
      "coord": [
        [
          556.627197265625,
          1178.37890625
        ],
        [
          876.627197265625,
          1198.37890625
        ]
      ],
      "rotate": 0,
      "semantic": {
        "element": "普通设备",
        "links": []
      },
      "ext": {
        "文字识别结果": [
          ""
        ]
      }
    },
    {
      "id": 16,
      "type": "box",
      "shape": "rect",
      "coord": [
        [
          884.627197265625,
          540.37890625
        ],
        [
          896.627197265625,
          628.37890625
        ]
      ],
      "rotate": 0,
      "semantic": {
        "element": "普通设备",
        "links": []
      },
      "ext": {
        "文字识别结果": [
          ""
        ]
      }
    },
    {
      "id": 17,
      "type": "box",
      "shape": "rect",
      "coord": [
        [
          558.627197265625,
          1100.37890625
        ],
        [
          1106.627197265625,
          1120.37890625
        ]
      ],
      "rotate": 0,
      "semantic": {
        "element": "普通设备",
        "links": []
      },
      "ext": {
        "文字识别结果": [
          ""
        ]
      }
    },
    {
      "id": 18,
      "type": "box",
      "shape": "rect",
      "coord": [
        [
          1142.627197265625,
          474.37890625
        ],
        [
          1216.627197265625,
          492.37890625
        ]
      ],
      "rotate": 0,
      "semantic": {
        "element": "普通设备",
        "links": []
      },
      "ext": {
        "文字识别结果": [
          ""
        ]
      }
    },
    {
      "id": 19,
      "type": "box",
      "shape": "rect",
      "coord": [
        [
          1204.627197265625,
          1100.37890625
        ],
        [
          1224.627197265625,
          1120.37890625
        ]
      ],
      "rotate": 0,
      "semantic": {
        "element": "普通设备",
        "links": []
      },
      "ext": {
        "文字识别结果": [
          ""
        ]
      }
    },
    {
      "id": 20,
      "type": "box",
      "shape": "rect",
      "coord": [
        [
          904.627197265625,
          1178.37890625
        ],
        [
          1224.627197265625,
          1198.37890625
        ]
      ],
      "rotate": 0,
      "semantic": {
        "element": "普通设备",
        "links": []
      },
      "ext": {
        "文字识别结果": [
          ""
        ]
      }
    },
    {
      "id": 21,
      "type": "polyline",
      "shape": "polyline",
      "coord": [
        [
          826.627197265625,
          494.37890625
        ],
        [
          826.627197265625,
          688.37890625
        ]
      ],
      "rotate": 0,
      "semantic": {
        "element": "标尺",
        "links": []
      },
      "ext": {
        "文字识别结果": [
          "2000"
        ]
      }
    },
    {
      "id": 22,
      "type": "polyline",
      "shape": "polyline",
      "coord": [
        [
          1376.627197265625,
          494.37890625
        ],
        [
          1376.627197265625,
          1180.37890625
        ]
      ],
      "rotate": 0,
      "semantic": {
        "element": "标尺",
        "links": []
      },
      "ext": {
        "文字识别结果": [
          "7100"
        ]
      }
    },
    {
      "id": 23,
      "type": "polyline",
      "shape": "polyline",
      "coord": [
        [
          498.627197265625,
          812.37890625
        ],
        [
          498.627197265625,
          890.37890625
        ]
      ],
      "rotate": 0,
      "semantic": {
        "element": "标尺",
        "links": []
      },
      "ext": {
        "文字识别结果": [
          "*008"
        ]
      }
    },
    {
      "id": 24,
      "type": "polyline",
      "shape": "polyline",
      "coord": [
        [
          394.627197265625,
          688.37890625
        ],
        [
          394.627197265625,
          1180.37890625
        ]
      ],
      "rotate": 0,
      "semantic": {
        "element": "标尺",
        "links": []
      },
      "ext": {
        "文字识别结果": [
          "5100"
        ]
      }
    },
    {
      "id": 25,
      "type": "polyline",
      "shape": "polyline",
      "coord": [
        [
          498.627197265625,
          688.37890625
        ],
        [
          498.627197265625,
          764.37890625
        ]
      ],
      "rotate": 0,
      "semantic": {
        "element": "标尺",
        "links": []
      },
      "ext": {
        "文字识别结果": [
          "00"
        ]
      }
    },
    {
      "id": 26,
      "type": "polyline",
      "shape": "polyline",
      "coord": [
        [
          498.627197265625,
          1120.37890625
        ],
        [
          498.627197265625,
          1180.37890625
        ]
      ],
      "rotate": 0,
      "semantic": {
        "element": "标尺",
        "links": []
      },
      "ext": {
        "文字识别结果": [
          "E线架定线*g"
        ]
      }
    },
    {
      "id": 27,
      "type": "polyline",
      "shape": "polyline",
      "coord": [
        [
          904.627197265625,
          356.37890625
        ],
        [
          1222.627197265625,
          356.37890625
        ]
      ],
      "rotate": 0,
      "semantic": {
        "element": "标尺",
        "links": []
      },
      "ext": {
        "文字识别结果": [
          "3300"
        ]
      }
    },
    {
      "id": 28,
      "type": "polyline",
      "shape": "polyline",
      "coord": [
        [
          1040.627197265625,
          456.37890625
        ],
        [
          1096.627197265625,
          456.37890625
        ]
      ],
      "rotate": 0,
      "semantic": {
        "element": "标尺",
        "links": []
      },
      "ext": {
        "文字识别结果": [
          ""
        ]
      }
    },
    {
      "id": 29,
      "type": "polyline",
      "shape": "polyline",
      "coord": [
        [
          1214.627197265625,
          456.37890625
        ],
        [
          1226.627197265625,
          456.37890625
        ]
      ],
      "rotate": 0,
      "semantic": {
        "element": "标尺",
        "links": []
      },
      "ext": {
        "文字识别结果": [
          ""
        ]
      }
    },
    {
      "id": 30,
      "type": "polyline",
      "shape": "polyline",
      "coord": [
        [
          556.627197265625,
          1160.37890625
        ],
        [
          652.627197265625,
          1160.37890625
        ]
      ],
      "rotate": 0,
      "semantic": {
        "element": "标尺",
        "links": []
      },
      "ext": {
        "文字识别结果": [
          "1000"
        ]
      }
    },
    {
      "id": 31,
      "type": "polyline",
      "shape": "polyline",
      "coord": [
        [
          556.627197265625,
          1318.37890625
        ],
        [
          904.627197265625,
          1318.37890625
        ]
      ],
      "rotate": 0,
      "semantic": {
        "element": "标尺",
        "links": []
      },
      "ext": {
        "文字识别结果": [
          "3600"
        ]
      }
    },
    {
      "id": 32,
      "type": "box",
      "shape": "rect",
      "coord": [
        [
          874.627197265625,
          1152.37890625
        ],
        [
          904.627197265625,
          1180.37890625
        ]
      ],
      "rotate": 0,
      "semantic": {
        "element": "柱子",
        "links": []
      },
      "ext": {}
    },
    {
      "id": 33,
      "type": "box",
      "shape": "rect",
      "coord": [
        [
          652.627197265625,
          1054.37890625
        ],
        [
          770.627197265625,
          1092.37890625
        ]
      ],
      "rotate": 0,
      "semantic": {
        "element": "普通设备",
        "links": []
      },
      "ext": {
        "文字识别结果": [
          ""
        ]
      }
    },
    {
      "id": 34,
      "type": "box",
      "shape": "rect",
      "coord": [
        [
          555.627197265625,
          1180.37890625
        ],
        [
          874.627197265625,
          1200.37890625
        ]
      ],
      "rotate": 0,
      "semantic": {
        "element": "普通设备",
        "links": []
      },
      "ext": {
        "文字识别结果": [
          ""
        ]
      }
    },
    {
      "id": 35,
      "type": "box",
      "shape": "rect",
      "coord": [
        [
          886.627197265625,
          542.37890625
        ],
        [
          905.627197265625,
          630.37890625
        ]
      ],
      "rotate": 0,
      "semantic": {
        "element": "普通设备",
        "links": []
      },
      "ext": {
        "文字识别结果": [
          ""
        ]
      }
    },
    {
      "id": 36,
      "type": "box",
      "shape": "rect",
      "coord": [
        [
          818.627197265625,
          1054.37890625
        ],
        [
          940.627197265625,
          1092.37890625
        ]
      ],
      "rotate": 0,
      "semantic": {
        "element": "普通设备",
        "links": []
      },
      "ext": {
        "文字识别结果": [
          "5"
        ]
      }
    },
    {
      "id": 37,
      "type": "box",
      "shape": "rect",
      "coord": [
        [
          556.627197265625,
          1100.37890625
        ],
        [
          1106.627197265625,
          1120.37890625
        ]
      ],
      "rotate": 0,
      "semantic": {
        "element": "普通设备",
        "links": []
      },
      "ext": {
        "文字识别结果": [
          ""
        ]
      }
    },
    {
      "id": 38,
      "type": "box",
      "shape": "rect",
      "coord": [
        [
          1202.627197265625,
          1100.37890625
        ],
        [
          1222.627197265625,
          1120.37890625
        ]
      ],
      "rotate": 0,
      "semantic": {
        "element": "普通设备",
        "links": []
      },
      "ext": {
        "文字识别结果": [
          ""
        ]
      }
    },
    {
      "id": 39,
      "type": "box",
      "shape": "rect",
      "coord": [
        [
          906.627197265625,
          1180.37890625
        ],
        [
          1222.627197265625,
          1200.37890625
        ]
      ],
      "rotate": 0,
      "semantic": {
        "element": "普通设备",
        "links": []
      },
      "ext": {
        "文字识别结果": [
          ""
        ]
      }
    },
    {
      "id": 41,
      "type": "other",
      "shape": "rect",
      "coord": [
        [
          655.3428344726562,
          689.0556945800781
        ],
        [
          769.7854309082031,
          750.4912109375
        ]
      ],
      "rotate": 0,
      "semantic": {
        "element": "带指向性文字",
        "links": []
      },
      "ext": {
        "文字识别结果": [
          "003",
          "00",
          "走线架走线",
          "走"
        ]
      }
    },
    {
      "id": 42,
      "type": "other",
      "shape": "rect",
      "coord": [
        [
          544.7917175292969,
          1215.4793090820312
        ],
        [
          655.09228515625,
          1279.0419311523438
        ]
      ],
      "rotate": 0,
      "semantic": {
        "element": "带指向性文字",
        "links": []
      },
      "ext": {
        "文字识别结果": [
          "013,014",
          "走线果走线"
        ]
      }
    },
    {
      "id": 43,
      "type": "other",
      "shape": "rect",
      "coord": [
        [
          816.4804077148438,
          1216.0609130859375
        ],
        [
          910.6111450195312,
          1279.1336669921875
        ]
      ],
      "rotate": 0,
      "semantic": {
        "element": "带指向性文字",
        "links": []
      },
      "ext": {
        "文字识别结果": [
          "001",
          "箱内走线"
        ]
      }
    },
    {
      "id": 44,
      "type": "other",
      "shape": "rect",
      "coord": [
        [
          1114.8279418945312,
          1232.42578125
        ],
        [
          1206.7926025390625,
          1295.7882080078125
        ]
      ],
      "rotate": 0,
      "semantic": {
        "element": "带指向性文字",
        "links": []
      },
      "ext": {
        "文字识别结果": [
          "002",
          "沿墙走线"
        ]
      }
    },
    {
      "id": 45,
      "type": "other",
      "shape": "rect",
      "coord": [
        [
          410.6405334472656,
          1029.430908203125
        ],
        [
          520.5566101074219,
          1093.4239501953125
        ]
      ],
      "rotate": 0,
      "semantic": {
        "element": "带指向性文字",
        "links": []
      },
      "ext": {
        "文字识别结果": [
          "走线架走线",
          "011",
          "走线架走线"
        ]
      }
    },
    {
      "id": 46,
      "type": "other",
      "shape": "rect",
      "coord": [
        [
          412.9247741699219,
          936.1766357421875
        ],
        [
          518.6830749511719,
          1001.3759155273438
        ]
      ],
      "rotate": 0,
      "semantic": {
        "element": "带指向性文字",
        "links": []
      },
      "ext": {
        "文字识别结果": [
          "5100",
          "010",
          "走线架走线"
        ]
      }
    },
    {
      "id": 47,
      "type": "other",
      "shape": "rect",
      "coord": [
        [
          593.4261779785156,
          830.8402099609375
        ],
        [
          702.2991333007812,
          892.0437622070312
        ]
      ],
      "rotate": 0,
      "semantic": {
        "element": "带指向性文字",
        "links": []
      },
      "ext": {
        "文字识别结果": [
          "012",
          "走线架走线"
        ]
      }
    },
    {
      "id": 48,
      "type": "other",
      "shape": "rect",
      "coord": [
        [
          788.9130859375,
          691.9624633789062
        ],
        [
          906.300537109375,
          753.2380981445312
        ]
      ],
      "rotate": 0,
      "semantic": {
        "element": "带指向性文字",
        "links": []
      },
      "ext": {
        "文字识别结果": [
          "004.005",
          "线",
          "走线架走线"
        ]
      }
    },
    {
      "id": 49,
      "type": "other",
      "shape": "rect",
      "coord": [
        [
          617.0143127441406,
          977.156494140625
        ],
        [
          735.3170166015625,
          1040.4097900390625
        ]
      ],
      "rotate": 0,
      "semantic": {
        "element": "带指向性文字",
        "links": []
      },
      "ext": {
        "文字识别结果": [
          "006,00",
          "走线架走线"
        ]
      }
    },
    {
      "id": 50,
      "type": "other",
      "shape": "rect",
      "coord": [
        [
          1067.5867919921875,
          637.1283569335938
        ],
        [
          1183.3632202148438,
          703.1352844238281
        ]
      ],
      "rotate": 0,
      "semantic": {
        "element": "带指向性文字",
        "links": []
      },
      "ext": {
        "文字识别结果": [
          "走线架走线",
          "009",
          "走线架走线"
        ]
      }
    },
    {
      "id": 51,
      "type": "other",
      "shape": "rect",
      "coord": [
        [
          1054.9613647460938,
          547.3722229003906
        ],
        [
          1170.9771118164062,
          612.4687805175781
        ]
      ],
      "rotate": 0,
      "semantic": {
        "element": "带指向性文字",
        "links": []
      },
      "ext": {
        "文字识别结果": [
          "008",
          "走线架走线",
          "009"
        ]
      }
    },
    {
      "id": 52,
      "type": "other",
      "shape": "rect",
      "coord": [
        [
          1112.0401611328125,
          1233.1802368164062
        ],
        [
          1206.5662231445312,
          1295.4296875
        ]
      ],
      "rotate": 0,
      "semantic": {
        "element": "带指向性文字",
        "links": []
      },
      "ext": {
        "文字识别结果": [
          "002",
          "沿墙走线"
        ]
      }
    },
    {
      "id": 53,
      "type": "other",
      "shape": "rect",
      "coord": [
        [
          817.403076171875,
          1215.7342529296875
        ],
        [
          910.7984008789062,
          1279.26806640625
        ]
      ],
      "rotate": 0,
      "semantic": {
        "element": "带指向性文字",
        "links": []
      },
      "ext": {
        "文字识别结果": [
          "001",
          "箱内走线"
        ]
      }
    },
    {
      "id": 54,
      "type": "other",
      "shape": "rect",
      "coord": [
        [
          618.2039489746094,
          975.9816284179688
        ],
        [
          733.9841918945312,
          1039.8562622070312
        ]
      ],
      "rotate": 0,
      "semantic": {
        "element": "带指向性文字",
        "links": []
      },
      "ext": {
        "文字识别结果": [
          "006,00",
          "走线架走线"
        ]
      }
    },
    {
      "id": 55,
      "type": "other",
      "shape": "rect",
      "coord": [
        [
          545.6028747558594,
          1214.9652099609375
        ],
        [
          656.7864990234375,
          1279.4866943359375
        ]
      ],
      "rotate": 0,
      "semantic": {
        "element": "带指向性文字",
        "links": []
      },
      "ext": {
        "文字识别结果": [
          "013,014",
          "走线果走线"
        ]
      }
    },
    {
      "id": 56,
      "type": "other",
      "shape": "rect",
      "coord": [
        [
          593.0676574707031,
          829.7113647460938
        ],
        [
          702.0380249023438,
          892.290283203125
        ]
      ],
      "rotate": 0,
      "semantic": {
        "element": "带指向性文字",
        "links": []
      },
      "ext": {
        "文字识别结果": [
          "012",
          "走线果走线"
        ]
      }
    },
    {
      "id": 57,
      "type": "other",
      "shape": "rect",
      "coord": [
        [
          409.9745635986328,
          937.1511840820312
        ],
        [
          522.3874816894531,
          1000.9548950195312
        ]
      ],
      "rotate": 0,
      "semantic": {
        "element": "带指向性文字",
        "links": []
      },
      "ext": {
        "文字识别结果": [
          "5100",
          "010",
          "走线架走线"
        ]
      }
    },
    {
      "id": 58,
      "type": "other",
      "shape": "rect",
      "coord": [
        [
          1069.9243774414062,
          637.453857421875
        ],
        [
          1182.2559814453125,
          702.7643737792969
        ]
      ],
      "rotate": 0,
      "semantic": {
        "element": "带指向性文字",
        "links": []
      },
      "ext": {
        "文字识别结果": [
          "走线架走线",
          "009",
          "走线架走线"
        ]
      }
    },
    {
      "id": 59,
      "type": "other",
      "shape": "rect",
      "coord": [
        [
          658.4127807617188,
          688.7610778808594
        ],
        [
          770.2081909179688,
          752.1497192382812
        ]
      ],
      "rotate": 0,
      "semantic": {
        "element": "带指向性文字",
        "links": []
      },
      "ext": {
        "文字识别结果": [
          "003",
          "00",
          "走线架走线",
          "走"
        ]
      }
    },
    {
      "id": 60,
      "type": "other",
      "shape": "rect",
      "coord": [
        [
          410.3429260253906,
          1028.522705078125
        ],
        [
          521.4034729003906,
          1093.5350341796875
        ]
      ],
      "rotate": 0,
      "semantic": {
        "element": "带指向性文字",
        "links": []
      },
      "ext": {
        "文字识别结果": [
          "走线架走线",
          "011",
          "走线果走线"
        ]
      }
    },
    {
      "id": 61,
      "type": "other",
      "shape": "rect",
      "coord": [
        [
          1056.4485473632812,
          548.7243041992188
        ],
        [
          1170.022216796875,
          612.1558532714844
        ]
      ],
      "rotate": 0,
      "semantic": {
        "element": "带指向性文字",
        "links": []
      },
      "ext": {
        "文字识别结果": [
          "008",
          "走线架走线",
          "009"
        ]
      }
    },
    {
      "id": 62,
      "type": "other",
      "shape": "rect",
      "coord": [
        [
          790.478515625,
          689.73974609375
        ],
        [
          906.8472900390625,
          754.3955078125
        ]
      ],
      "rotate": 0,
      "semantic": {
        "element": "带指向性文字",
        "links": []
      },
      "ext": {
        "文字识别结果": [
          "004,005",
          "线",
          "走线果走线"
        ]
      }
    },
    {
      "id": 63,
      "type": "other",
      "shape": "rect",
      "coord": [
        [
          791.7459716796875,
          1370.3687744140625
        ],
        [
          1082.7040405273438,
          1425.0880126953125
        ]
      ],
      "rotate": 0,
      "semantic": {
        "element": "带指向性文字",
        "links": []
      },
      "ext": {
        "文字识别结果": [
          "机房走线架平面图"
        ]
      }
    },
    {
      "id": 64,
      "type": "other",
      "shape": "rect",
      "coord": [
        [
          1118.432861328125,
          1083.708984375
        ],
        [
          1217.340576171875,
          1140.0224609375
        ]
      ],
      "rotate": 0,
      "semantic": {
        "element": "门",
        "links": []
      },
      "ext": {}
    },
    {
      "id": 65,
      "type": "other",
      "shape": "rect",
      "coord": [
        [
          819.32421875,
          2560.73681640625
        ],
        [
          975.9680786132812,
          2613.508056640625
        ]
      ],
      "rotate": 0,
      "semantic": {
        "element": "图例小图",
        "links": [
          {
            "pair_id": 77,
            "label": "图例文字",
            "distance": 215.9435577392578
          }
        ]
      },
      "ext": {
        "图例归类": "原有走线架"
      }
    },
    {
      "id": 66,
      "type": "other",
      "shape": "rect",
      "coord": [
        [
          1288.3287353515625,
          2559.78369140625
        ],
        [
          1436.402099609375,
          2610.500732421875
        ]
      ],
      "rotate": 0,
      "semantic": {
        "element": "图例小图",
        "links": [
          {
            "pair_id": 78,
            "label": "图例文字",
            "distance": 212.7242889404297
          }
        ]
      },
      "ext": {
        "图例归类": "新增走线架"
      }
    },
    {
      "id": 67,
      "type": "other",
      "shape": "rect",
      "coord": [
        [
          362.1422119140625,
          2701.6650390625
        ],
        [
          511.47216796875,
          2741.580322265625
        ]
      ],
      "rotate": 0,
      "semantic": {
        "element": "图例小图",
        "links": [
          {
            "pair_id": 82,
            "label": "图例文字",
            "distance": 217.2825164794922
          }
        ]
      },
      "ext": {
        "图例归类": "接地线缆"
      }
    },
    {
      "id": 68,
      "type": "other",
      "shape": "rect",
      "coord": [
        [
          366.8448791503906,
          2563.175537109375
        ],
        [
          516.8551025390625,
          2604.012451171875
        ]
      ],
      "rotate": 0,
      "semantic": {
        "element": "图例小图",
        "links": [
          {
            "pair_id": 76,
            "label": "图例文字",
            "distance": 213.23971557617188
          }
        ]
      },
      "ext": {
        "图例归类": "信号电缆"
      }
    },
    {
      "id": 69,
      "type": "other",
      "shape": "rect",
      "coord": [
        [
          361.3006591796875,
          2634.54248046875
        ],
        [
          512.9022827148438,
          2675.62548828125
        ]
      ],
      "rotate": 0,
      "semantic": {
        "element": "图例小图",
        "links": [
          {
            "pair_id": 79,
            "label": "图例文字",
            "distance": 217.9882354736328
          }
        ]
      },
      "ext": {
        "图例归类": "电力线缆"
      }
    },
    {
      "id": 70,
      "type": "other",
      "shape": "rect",
      "coord": [
        [
          847.7122802734375,
          2702.9951171875
        ],
        [
          932.0079345703125,
          2738.473876953125
        ]
      ],
      "rotate": 0,
      "semantic": {
        "element": "图例小图",
        "links": [
          {
            "pair_id": 83,
            "label": "图例文字",
            "distance": 221.22959899902344
          }
        ]
      },
      "ext": {
        "图例归类": "未归类成功"
      }
    },
    {
      "id": 71,
      "type": "other",
      "shape": "rect",
      "coord": [
        [
          776.5191650390625,
          1375.197265625
        ],
        [
          1093.0396728515625,
          1528.75634765625
        ]
      ],
      "rotate": 0,
      "semantic": {
        "element": "机房标题",
        "links": []
      },
      "ext": {
        "文字识别结果": [
          "机房走线架平面图下沿距地2.8m"
        ]
      }
    },
    {
      "id": 72,
      "type": "table",
      "shape": "rect",
      "coord": [
        [
          3063.56103515625,
          1984.71630859375
        ],
        [
          3749.472900390625,
          2442.2490234375
        ]
      ],
      "rotate": 0,
      "semantic": {
        "element": "物料表",
        "links": []
      },
      "ext": {
        "表格识别结果": [
          [
            "直流电源",
            "",
            "交流电源",
            ""
          ],
          [
            "正极",
            "红色",
            "相",
            "黄色"
          ],
          [
            "",
            "",
            "",
            "绿"
          ],
          [
            "负极",
            "蓝色",
            "",
            "红色"
          ],
          [
            "",
            "",
            "中性线",
            "浅蓝色"
          ],
          [
            "",
            "",
            "保护接地线",
            "黄缘色"
          ]
        ]
      }
    },
    {
      "id": 73,
      "type": "table",
      "shape": "rect",
      "coord": [
        [
          1696.537109375,
          264.443359375
        ],
        [
          3985.868896484375,
          1574.159912109375
        ]
      ],
      "rotate": 0,
      "semantic": {
        "element": "物料表",
        "links": []
      },
      "ext": {
        "表格识别结果": [
          [
            "线缆",
            "线缆路由",
            "",
            "线缆",
            "导线规格型号",
            "线缆数量",
            "",
            "敷设方式",
            "备淮"
          ],
          [
            "编号",
            "",
            "到",
            "",
            "",
            "",
            "",
            "",
            ""
          ],
          [
            "001",
            "过电压保护装置",
            "交流配电箱",
            "电源线",
            "ZA-RW-4X16",
            "",
            "1",
            "箱内走线",
            ""
          ],
          [
            "002",
            "",
            "保护地排",
            "电源线",
            "ZA-RVW-1x35",
            "1",
            "1",
            "沿墙走线",
            ""
          ],
          [
            "003",
            "交流配电箱",
            "开关电源",
            "电源线",
            "ZA-RW-4x16",
            "1",
            "12",
            "走线樂",
            ""
          ],
          [
            "004",
            "开关电源工作地",
            "接地排",
            "接地线",
            "ZA-RVW-1X70",
            "1",
            "12",
            "走线樂",
            ""
          ],
          [
            "005",
            "开关电源保护地",
            "接地排",
            "接地线",
            "ZA-RW-1x35",
            "1",
            "12",
            "走线樂",
            ""
          ],
          [
            "006",
            "开关电源",
            "电池组1",
            "电源线",
            "ZA-RVW-1X95",
            "2",
            "10",
            "走线樂",
            ""
          ],
          [
            "007",
            "开关电源",
            "电池组2",
            "电源线",
            "ZA-RWW-1x95",
            "2",
            "10",
            "",
            ""
          ],
          [
            "008",
            "柜式空调",
            "交流配电箱",
            "电源线",
            "ZA-RW-46",
            "1",
            "12",
            "走线樂",
            ""
          ],
          [
            "600",
            "柜式空调",
            "",
            "接地线",
            "ZA-RW-1x35",
            "",
            "12",
            "走线樂",
            ""
          ],
          [
            "010",
            "柜式空调2",
            "交流配电箱",
            "接地线",
            "ZA-RVW-46",
            "1",
            "12",
            "走线樂",
            ""
          ],
          [
            "011",
            "柜式空调",
            "接地排",
            "接地线",
            "ZA-RW-1x35",
            "",
            "12",
            "走线樂",
            ""
          ],
          [
            "012",
            "综合配线",
            "保护地排",
            "接地线",
            "ZA-RW-1x16",
            "1",
            "10",
            "走线",
            ""
          ],
          [
            "013",
            "电池组1",
            "接地排",
            "接地线",
            "ZA-RVW-1X35",
            "1",
            "10",
            "走线樂",
            ""
          ],
          [
            "014",
            "电池组2",
            "接地排",
            "接地线",
            "ZA-RVW-1x35",
            "1",
            "10",
            "走线",
            ""
          ]
        ]
      }
    },
    {
      "id": 74,
      "type": "table",
      "shape": "rect",
      "coord": [
        [
          2321.5361328125,
          2571.865478515625
        ],
        [
          4055.2578125,
          2871.54296875
        ]
      ],
      "rotate": 0,
      "semantic": {
        "element": "标题栏",
        "links": []
      },
      "ext": {
        "表格识别结果": [
          [
            "",
            "寓核",
            "陈剑",
            "中讯邮电咨询设计院有限公司",
            ""
          ],
          [
            "处主管",
            "制图",
            "杜尧",
            "",
            ""
          ],
          [
            "",
            "",
            "",
            "2020年中国联通东佛山",
            ""
          ],
          [
            "设计总负责人",
            "单位",
            "",
            "",
            ""
          ],
          [
            "单项负责人",
            "比例",
            "1:50",
            "",
            ""
          ],
          [
            "",
            "",
            "",
            "图号",
            "2021SJ0234(FS)S-YDW-0000-02"
          ],
          [
            "设计",
            "目期",
            "2021.09.03",
            "",
            ""
          ]
        ]
      }
    },
    {
      "id": 75,
      "type": "other",
      "shape": "rect",
      "coord": [
        [
          180.58970642089844,
          2496.16845703125
        ],
        [
          1730.5831298828125,
          2788.24462890625
        ]
      ],
      "rotate": 0,
      "semantic": {
        "element": "图例",
        "links": []
      },
      "ext": {}
    },
    {
      "id": 76,
      "type": "other",
      "shape": "rect",
      "coord": [
        [
          590.5897064208984,
          2553.16845703125
        ],
        [
          719.5897064208984,
          2603.16845703125
        ]
      ],
      "rotate": 0,
      "semantic": {
        "element": "图例文字",
        "links": []
      },
      "ext": {
        "文字识别结果": [
          "信号线缆"
        ],
        "图例归类": "信号电缆"
      }
    },
    {
      "id": 77,
      "type": "other",
      "shape": "rect",
      "coord": [
        [
          1005.5897064208984,
          2559.16845703125
        ],
        [
          1221.5897064208984,
          2600.16845703125
        ]
      ],
      "rotate": 0,
      "semantic": {
        "element": "图例文字",
        "links": []
      },
      "ext": {
        "文字识别结果": [
          "原有水平走线架"
        ],
        "图例归类": "原有走线架"
      }
    },
    {
      "id": 78,
      "type": "other",
      "shape": "rect",
      "coord": [
        [
          1466.5897064208984,
          2562.16845703125
        ],
        [
          1683.5897064208984,
          2603.16845703125
        ]
      ],
      "rotate": 0,
      "semantic": {
        "element": "图例文字",
        "links": []
      },
      "ext": {
        "文字识别结果": [
          "新增水平走线架"
        ],
        "图例归类": "新增走线架"
      }
    },
    {
      "id": 79,
      "type": "other",
      "shape": "rect",
      "coord": [
        [
          590.5897064208984,
          2619.16845703125
        ],
        [
          719.5897064208984,
          2669.16845703125
        ]
      ],
      "rotate": 0,
      "semantic": {
        "element": "图例文字",
        "links": []
      },
      "ext": {
        "文字识别结果": [
          "电力线缆"
        ],
        "图例归类": "电力线缆"
      }
    },
    {
      "id": 80,
      "type": "other",
      "shape": "rect",
      "coord": [
        [
          1000.5897064208984,
          2628.16845703125
        ],
        [
          1216.5897064208984,
          2669.16845703125
        ]
      ],
      "rotate": 0,
      "semantic": {
        "element": "图例文字",
        "links": []
      },
      "ext": {
        "文字识别结果": [
          "原有垂直走线架"
        ],
        "图例归类": "原有垂直走线架"
      }
    },
    {
      "id": 81,
      "type": "other",
      "shape": "rect",
      "coord": [
        [
          1466.5897064208984,
          2660.16845703125
        ],
        [
          1684.5897064208984,
          2701.16845703125
        ]
      ],
      "rotate": 0,
      "semantic": {
        "element": "图例文字",
        "links": []
      },
      "ext": {
        "文字识别结果": [
          "新增垂直走线架"
        ],
        "图例归类": "新增垂直走线架"
      }
    },
    {
      "id": 82,
      "type": "other",
      "shape": "rect",
      "coord": [
        [
          588.5897064208984,
          2689.16845703125
        ],
        [
          719.5897064208984,
          2740.16845703125
        ]
      ],
      "rotate": 0,
      "semantic": {
        "element": "图例文字",
        "links": []
      },
      "ext": {
        "文字识别结果": [
          "接地线缆"
        ],
        "图例归类": "接地线缆"
      }
    },
    {
      "id": 83,
      "type": "other",
      "shape": "rect",
      "coord": [
        [
          1000.5897064208984,
          2696.16845703125
        ],
        [
          1221.5897064208984,
          2744.16845703125
        ]
      ],
      "rotate": 0,
      "semantic": {
        "element": "图例文字",
        "links": []
      },
      "ext": {
        "文字识别结果": [
          "原有垂直地支撑"
        ],
        "图例归类": "未归类成功"
      }
    },
    {
      "id": 84,
      "type": "other",
      "shape": "rect",
      "coord": [
        [
          971.4729614257812,
          966.96435546875
        ],
        [
          1044.2431640625,
          1097.4306640625
        ]
      ],
      "rotate": 0,
      "semantic": {
        "element": "走线架",
        "links": []
      },
      "ext": {}
    },
    {
      "id": 85,
      "type": "other",
      "shape": "rect",
      "coord": [
        [
          510.507568359375,
          899.92919921875
        ],
        [
          1242.2099609375,
          968.864013671875
        ]
      ],
      "rotate": 0,
      "semantic": {
        "element": "走线架",
        "links": []
      },
      "ext": {}
    },
    {
      "id": 86,
      "type": "other",
      "shape": "rect",
      "coord": [
        [
          573.4339599609375,
          762.260986328125
        ],
        [
          1222.7901611328125,
          835.619873046875
        ]
      ],
      "rotate": 0,
      "semantic": {
        "element": "走线架",
        "links": []
      },
      "ext": {}
    },
    {
      "id": 87,
      "type": "other",
      "shape": "rect",
      "coord": [
        [
          968.3704833984375,
          496.63232421875
        ],
        [
          1030.5679931640625,
          753.0673828125
        ]
      ],
      "rotate": 0,
      "semantic": {
        "element": "走线架",
        "links": []
      },
      "ext": {}
    },
    {
      "id": 88,
      "type": "other",
      "shape": "rect",
      "coord": [
        [
          313.27471923828125,
          1676.123046875
        ],
        [
          2013.232421875,
          2491.980712890625
        ]
      ],
      "rotate": 0,
      "semantic": {
        "element": "说明文字",
        "links": []
      },
      "ext": {
        "文字识别结果": [
          "说明：",
          "1.表中所列长度为参考长度，施工时按实际截取",
          "2.过电压保护装置集成在交流配电箱内",
          "3.交流配电箱到空调，照明.环控，插座的电缆线长度由装修图提供",
          "4.传输线，尾纤,地线和电源线都沿已有走线架分开布放，绑扎；线缆长度为估列，具体以实测为准",
          "5.机架间电缆的布放符合机房电缆布放设计要求，走线合理整齐，路由清晰，不得交叉且需连接可靠：",
          "6.直流与交流电力电缆需分别沿走线架两侧布放，直流电缆与信号线需分别沿走线架两侧布放：",
          "7.布线要求固定于走线梯或线槽中，要求走线美观，整齐，牢固",
          "8.同一接地排的接线孔不得接两个线耳。",
          "9.380V电源线色谱要正确ABC三相依次是黄,绿，红，零线为蓝",
          "色.直流线的高电位用红色,低电位用蓝色,黄绿线用作接地线"
        ]
      }
    }
  ]
}