{
  "info": {
    "像素面积": {
      "全部面积": 4037880.0,
      "设备面积": 495945.0,
      "剩余面积": 3541935.0
    },
    "图纸信息": {
      "类型": "机房",
      "名称": "253.png"
    }
  },
  "obj": [
    {
      "id": 1,
      "type": "outline",
      "shape": "polyline",
      "coord": [
        [
          1006.5904235839844,
          400.83203125
        ],
        [
          1956.5904235839844,
          400.83203125
        ],
        [
          1956.5904235839844,
          2032.83203125
        ],
        [
          1006.5904235839844,
          2032.83203125
        ],
        [
          1688.5904235839844,
          2036.83203125
        ],
        [
          1006.5904235839844,
          1996.83203125
        ],
        [
          1688.5904235839844,
          1996.83203125
        ],
        [
          1688.5904235839844,
          2032.83203125
        ],
        [
          1862.5904235839844,
          1996.83203125
        ],
        [
          1916.5904235839844,
          1996.83203125
        ],
        [
          1862.5904235839844,
          2032.83203125
        ],
        [
          1956.5904235839844,
          2036.83203125
        ],
        [
          1006.5904235839844,
          400.83203125
        ],
        [
          1006.5904235839844,
          2036.83203125
        ],
        [
          1916.5904235839844,
          1992.83203125
        ],
        [
          1918.5904235839844,
          1996.83203125
        ],
        [
          1862.5904235839844,
          1996.83203125
        ],
        [
          1862.5904235839844,
          2036.83203125
        ]
      ],
      "rotate": 0,
      "semantic": {
        "element": "墙轮廓",
        "path": [
          "0, 1, 2",
          "3, 4",
          "5, 6, 7",
          "8, 9",
          "10, 11",
          "12, 13",
          "14, 15",
          "16, 17"
        ],
        "links": []
      },
      "ext": {}
    },
    {
      "id": 2,
      "type": "outline",
      "shape": "polyline",
      "coord": [
        [
          438.5904235839844,
          226.83203125
        ],
        [
          512.5904235839844,
          226.83203125
        ],
        [
          1008.5904235839844,
          402.83203125
        ],
        [
          1958.5904235839844,
          402.83203125
        ],
        [
          1958.5904235839844,
          2034.83203125
        ],
        [
          1008.5904235839844,
          2034.83203125
        ],
        [
          1686.5904235839844,
          2034.83203125
        ],
        [
          1008.5904235839844,
          1994.83203125
        ],
        [
          1686.5904235839844,
          1994.83203125
        ],
        [
          1684.5904235839844,
          2034.83203125
        ],
        [
          1862.5904235839844,
          1994.83203125
        ],
        [
          1918.5904235839844,
          1994.83203125
        ],
        [
          1862.5904235839844,
          2034.83203125
        ],
        [
          1864.5904235839844,
          2034.83203125
        ],
        [
          1958.5904235839844,
          2034.83203125
        ],
        [
          1008.5904235839844,
          402.83203125
        ],
        [
          1008.5904235839844,
          2034.83203125
        ],
        [
          1864.5904235839844,
          1994.83203125
        ],
        [
          1862.5904235839844,
          2034.83203125
        ]
      ],
      "rotate": 0,
      "semantic": {
        "element": "墙轮廓",
        "path": [
          "0, 1",
          "2, 3, 4",
          "5, 6",
          "7, 8, 9",
          "10, 11",
          "12, 13, 14",
          "15, 16",
          "17, 18"
        ],
        "links": []
      },
      "ext": {}
    },
    {
      "id": 2,
      "type": "polyline",
      "shape": "polyline",
      "coord": [
        [
          958.5904235839844,
          440.83203125
        ],
        [
          958.5904235839844,
          1996.83203125
        ]
      ],
      "rotate": 0,
      "semantic": {
        "element": "标尺",
        "links": []
      },
      "ext": {
        "文字识别结果": [
          "8050"
        ]
      }
    },
    {
      "id": 3,
      "type": "polyline",
      "shape": "polyline",
      "coord": [
        [
          1140.5904235839844,
          440.83203125
        ],
        [
          1140.5904235839844,
          646.83203125
        ]
      ],
      "rotate": 0,
      "semantic": {
        "element": "标尺",
        "links": []
      },
      "ext": {
        "文字识别结果": [
          "106010"
        ]
      }
    },
    {
      "id": 4,
      "type": "polyline",
      "shape": "polyline",
      "coord": [
        [
          1378.5904235839844,
          720.83203125
        ],
        [
          1378.5904235839844,
          872.83203125
        ]
      ],
      "rotate": 0,
      "semantic": {
        "element": "标尺",
        "links": []
      },
      "ext": {
        "文字识别结果": [
          "800"
        ]
      }
    },
    {
      "id": 5,
      "type": "polyline",
      "shape": "polyline",
      "coord": [
        [
          1378.5904235839844,
          1260.83203125
        ],
        [
          1378.5904235839844,
          1414.83203125
        ]
      ],
      "rotate": 0,
      "semantic": {
        "element": "标尺",
        "links": []
      },
      "ext": {
        "文字识别结果": [
          "800"
        ]
      }
    },
    {
      "id": 6,
      "type": "polyline",
      "shape": "polyline",
      "coord": [
        [
          1592.5904235839844,
          1858.83203125
        ],
        [
          1592.5904235839844,
          1992.83203125
        ]
      ],
      "rotate": 0,
      "semantic": {
        "element": "标尺",
        "links": []
      },
      "ext": {
        "文字识别结果": [
          "00L"
        ]
      }
    },
    {
      "id": 7,
      "type": "polyline",
      "shape": "polyline",
      "coord": [
        [
          1074.5904235839844,
          855.83203125
        ],
        [
          1074.5904235839844,
          973.83203125
        ]
      ],
      "rotate": 0,
      "semantic": {
        "element": "标尺",
        "links": []
      },
      "ext": {
        "文字识别结果": [
          "009"
        ]
      }
    },
    {
      "id": 8,
      "type": "polyline",
      "shape": "polyline",
      "coord": [
        [
          1074.5904235839844,
          973.83203125
        ],
        [
          1074.5904235839844,
          1188.83203125
        ]
      ],
      "rotate": 0,
      "semantic": {
        "element": "标尺",
        "links": []
      },
      "ext": {
        "文字识别结果": [
          ""
        ]
      }
    },
    {
      "id": 9,
      "type": "polyline",
      "shape": "polyline",
      "coord": [
        [
          1378.5904235839844,
          872.83203125
        ],
        [
          1378.5904235839844,
          1144.83203125
        ]
      ],
      "rotate": 0,
      "semantic": {
        "element": "标尺",
        "links": []
      },
      "ext": {
        "文字识别结果": [
          "800"
        ]
      }
    },
    {
      "id": 10,
      "type": "polyline",
      "shape": "polyline",
      "coord": [
        [
          1378.5904235839844,
          1144.83203125
        ],
        [
          1378.5904235839844,
          1414.83203125
        ]
      ],
      "rotate": 0,
      "semantic": {
        "element": "标尺",
        "links": []
      },
      "ext": {
        "文字识别结果": [
          "800"
        ]
      }
    },
    {
      "id": 11,
      "type": "polyline",
      "shape": "polyline",
      "coord": [
        [
          1046.5904235839844,
          344.83203125
        ],
        [
          1918.5904235839844,
          344.83203125
        ]
      ],
      "rotate": 0,
      "semantic": {
        "element": "标尺",
        "links": []
      },
      "ext": {
        "文字识别结果": [
          "4520"
        ]
      }
    },
    {
      "id": 12,
      "type": "polyline",
      "shape": "polyline",
      "coord": [
        [
          1730.5904235839844,
          602.83203125
        ],
        [
          1918.5904235839844,
          602.83203125
        ]
      ],
      "rotate": 0,
      "semantic": {
        "element": "标尺",
        "links": []
      },
      "ext": {
        "文字识别结果": [
          "980"
        ]
      }
    },
    {
      "id": 13,
      "type": "polyline",
      "shape": "polyline",
      "coord": [
        [
          1046.5904235839844,
          1188.83203125
        ],
        [
          1074.5904235839844,
          1188.83203125
        ]
      ],
      "rotate": 0,
      "semantic": {
        "element": "标尺",
        "links": []
      },
      "ext": {
        "文字识别结果": [
          "9"
        ]
      }
    },
    {
      "id": 14,
      "type": "polyline",
      "shape": "polyline",
      "coord": [
        [
          1611.5904235839844,
          1144.83203125
        ],
        [
          1918.5904235839844,
          1144.83203125
        ]
      ],
      "rotate": 0,
      "semantic": {
        "element": "标尺",
        "links": []
      },
      "ext": {
        "文字识别结果": [
          "1600"
        ]
      }
    },
    {
      "id": 15,
      "type": "polyline",
      "shape": "polyline",
      "coord": [
        [
          1046.5904235839844,
          1676.83203125
        ],
        [
          1148.5904235839844,
          1676.83203125
        ]
      ],
      "rotate": 0,
      "semantic": {
        "element": "标尺",
        "links": []
      },
      "ext": {
        "文字识别结果": [
          "530"
        ]
      }
    },
    {
      "id": 16,
      "type": "polyline",
      "shape": "polyline",
      "coord": [
        [
          1688.5904235839844,
          2108.83203125
        ],
        [
          1862.5904235839844,
          2108.83203125
        ]
      ],
      "rotate": 0,
      "semantic": {
        "element": "标尺",
        "links": []
      },
      "ext": {
        "文字识别结果": [
          "900"
        ]
      }
    },
    {
      "id": 17,
      "type": "polyline",
      "shape": "polyline",
      "coord": [
        [
          1374.5904235839844,
          1144.83203125
        ],
        [
          1612.5904235839844,
          1144.83203125
        ]
      ],
      "rotate": 0,
      "semantic": {
        "element": "标尺",
        "links": []
      },
      "ext": {
        "文字识别结果": [
          ""
        ]
      }
    },
    {
      "id": 18,
      "type": "box",
      "shape": "rect",
      "coord": [
        [
          1264.5904235839844,
          1414.83203125
        ],
        [
          1378.5904235839844,
          1528.83203125
        ]
      ],
      "rotate": 0,
      "semantic": {
        "element": "机柜",
        "links": []
      },
      "ext": {
        "文字识别结果": [
          "23"
        ],
        "门朝向": "down",
        "表格匹配结果": [
          "23",
          "开关电源柜",
          "500A",
          "",
          "巢",
          "新增",
          "1",
          ""
        ]
      }
    },
    {
      "id": 19,
      "type": "box",
      "shape": "rect",
      "coord": [
        [
          1494.5904235839844,
          1144.83203125
        ],
        [
          1611.5904235839844,
          1259.83203125
        ]
      ],
      "rotate": 0,
      "semantic": {
        "element": "机柜",
        "links": []
      },
      "ext": {
        "文字识别结果": [
          "2"
        ],
        "门朝向": "down",
        "表格匹配结果": [
          "2",
          "数据设备",
          "华为MA5600",
          "",
          "",
          "有",
          "",
          ""
        ]
      }
    },
    {
      "id": 20,
      "type": "box",
      "shape": "rect",
      "coord": [
        [
          1494.5904235839844,
          930.83203125
        ],
        [
          1655.5904235839844,
          990.83203125
        ]
      ],
      "rotate": 0,
      "semantic": {
        "element": "机柜",
        "links": []
      },
      "ext": {
        "文字识别结果": [
          "13"
        ],
        "门朝向": "down",
        "表格匹配结果": [
          "13",
          "传输综合柜",
          "",
          "840x600x2200",
          "",
          "原有",
          "",
          ""
        ]
      }
    },
    {
      "id": 21,
      "type": "box",
      "shape": "rect",
      "coord": [
        [
          1046.5904235839844,
          534.83203125
        ],
        [
          1074.5904235839844,
          650.83203125
        ]
      ],
      "rotate": 0,
      "semantic": {
        "element": "普通设备",
        "links": []
      },
      "ext": {
        "文字识别结果": [
          ""
        ]
      }
    },
    {
      "id": 22,
      "type": "box",
      "shape": "rect",
      "coord": [
        [
          1074.5904235839844,
          1106.83203125
        ],
        [
          1152.5904235839844,
          1318.83203125
        ]
      ],
      "rotate": 0,
      "semantic": {
        "element": "普通设备",
        "links": []
      },
      "ext": {
        "文字识别结果": [
          "9"
        ],
        "表格匹配结果": [
          "9",
          "蓄电池组",
          "600Ah",
          "2600x450x900",
          "",
          "新增",
          "",
          "原位替换"
        ]
      }
    },
    {
      "id": 23,
      "type": "box",
      "shape": "rect",
      "coord": [
        [
          1062.5904235839844,
          1936.83203125
        ],
        [
          1167.5904235839844,
          1996.83203125
        ]
      ],
      "rotate": 0,
      "semantic": {
        "element": "普通设备",
        "links": []
      },
      "ext": {
        "文字识别结果": [
          "11"
        ],
        "表格匹配结果": [
          "11",
          "空调",
          "柜式",
          "550x300x1700",
          "台",
          "原有",
          "",
          ""
        ]
      }
    },
    {
      "id": 24,
      "type": "box",
      "shape": "rect",
      "coord": [
        [
          1148.5904235839844,
          1684.83203125
        ],
        [
          1295.5904235839844,
          1850.83203125
        ]
      ],
      "rotate": 0,
      "semantic": {
        "element": "普通设备",
        "links": []
      },
      "ext": {
        "文字识别结果": [
          ""
        ]
      }
    },
    {
      "id": 25,
      "type": "box",
      "shape": "rect",
      "coord": [
        [
          1264.5904235839844,
          602.83203125
        ],
        [
          1378.5904235839844,
          708.83203125
        ]
      ],
      "rotate": 0,
      "semantic": {
        "element": "普通设备",
        "links": []
      },
      "ext": {
        "文字识别结果": [
          "8"
        ],
        "表格匹配结果": [
          "8",
          "开关电源柜",
          "",
          "600x600x2200",
          "巢",
          "有",
          "",
          ""
        ]
      }
    },
    {
      "id": 26,
      "type": "box",
      "shape": "rect",
      "coord": [
        [
          1296.5904235839844,
          1688.83203125
        ],
        [
          1441.5904235839844,
          1850.83203125
        ]
      ],
      "rotate": 0,
      "semantic": {
        "element": "普通设备",
        "links": []
      },
      "ext": {
        "文字识别结果": [
          ""
        ]
      }
    },
    {
      "id": 27,
      "type": "box",
      "shape": "rect",
      "coord": [
        [
          1378.5904235839844,
          602.83203125
        ],
        [
          1494.5904235839844,
          708.83203125
        ]
      ],
      "rotate": 0,
      "semantic": {
        "element": "普通设备",
        "links": []
      },
      "ext": {
        "文字识别结果": [
          "4"
        ],
        "表格匹配结果": [
          "4",
          "综合机柜",
          "天乐通信",
          "600x600x2200",
          "巢",
          "原有",
          "",
          "综合机柜02"
        ]
      }
    },
    {
      "id": 28,
      "type": "box",
      "shape": "rect",
      "coord": [
        [
          1442.5904235839844,
          1688.83203125
        ],
        [
          1591.5904235839844,
          1850.83203125
        ]
      ],
      "rotate": 0,
      "semantic": {
        "element": "普通设备",
        "links": []
      },
      "ext": {
        "文字识别结果": [
          ""
        ]
      }
    },
    {
      "id": 29,
      "type": "box",
      "shape": "rect",
      "coord": [
        [
          1494.5904235839844,
          602.83203125
        ],
        [
          1608.5904235839844,
          708.83203125
        ]
      ],
      "rotate": 0,
      "semantic": {
        "element": "普通设备",
        "links": []
      },
      "ext": {
        "文字识别结果": [
          "4"
        ],
        "表格匹配结果": [
          "4",
          "综合机柜",
          "天乐通信",
          "600x600x2200",
          "巢",
          "原有",
          "",
          "综合机柜02"
        ]
      }
    },
    {
      "id": 30,
      "type": "box",
      "shape": "rect",
      "coord": [
        [
          1611.5904235839844,
          661.83203125
        ],
        [
          1724.5904235839844,
          708.83203125
        ]
      ],
      "rotate": 0,
      "semantic": {
        "element": "普通设备",
        "links": []
      },
      "ext": {
        "文字识别结果": [
          "12"
        ],
        "表格匹配结果": [
          "12",
          "OLT设备",
          "华为MA5680T",
          "600300x2200",
          "巢",
          "原有",
          "",
          ""
        ]
      }
    },
    {
      "id": 31,
      "type": "box",
      "shape": "rect",
      "coord": [
        [
          1612.5904235839844,
          1191.83203125
        ],
        [
          1724.5904235839844,
          1240.83203125
        ]
      ],
      "rotate": 0,
      "semantic": {
        "element": "普通设备",
        "links": []
      },
      "ext": {
        "文字识别结果": [
          "24"
        ]
      }
    },
    {
      "id": 32,
      "type": "box",
      "shape": "rect",
      "coord": [
        [
          1608.5904235839844,
          1244.83203125
        ],
        [
          1724.5904235839844,
          1260.83203125
        ]
      ],
      "rotate": 0,
      "semantic": {
        "element": "普通设备",
        "links": []
      },
      "ext": {
        "文字识别结果": [
          ""
        ]
      }
    },
    {
      "id": 33,
      "type": "box",
      "shape": "rect",
      "coord": [
        [
          1612.5904235839844,
          609.83203125
        ],
        [
          1726.5904235839844,
          658.83203125
        ]
      ],
      "rotate": 0,
      "semantic": {
        "element": "普通设备",
        "links": []
      },
      "ext": {
        "文字识别结果": [
          "3"
        ],
        "表格匹配结果": [
          "3",
          "传输设备",
          "",
          "600x300x2200",
          "巢",
          "原有",
          "",
          ""
        ]
      }
    },
    {
      "id": 34,
      "type": "box",
      "shape": "rect",
      "coord": [
        [
          1608.5904235839844,
          1144.83203125
        ],
        [
          1726.5904235839844,
          1192.83203125
        ]
      ],
      "rotate": 0,
      "semantic": {
        "element": "普通设备",
        "links": []
      },
      "ext": {
        "文字识别结果": [
          "15"
        ],
        "表格匹配结果": [
          "15",
          "综合配线果",
          "",
          "佛山东麓里美",
          "",
          "利",
          "",
          "利"
        ]
      }
    },
    {
      "id": 35,
      "type": "box",
      "shape": "rect",
      "coord": [
        [
          1656.5904235839844,
          872.83203125
        ],
        [
          1774.5904235839844,
          978.83203125
        ]
      ],
      "rotate": 0,
      "semantic": {
        "element": "普通设备",
        "links": []
      },
      "ext": {
        "文字识别结果": [
          "19"
        ],
        "表格匹配结果": [
          "19",
          "综合配线樂",
          "",
          "",
          "米",
          "顾有",
          "",
          "BBU到GPS天线线长"
        ]
      }
    },
    {
      "id": 36,
      "type": "box",
      "shape": "rect",
      "coord": [
        [
          1770.5904235839844,
          440.83203125
        ],
        [
          1894.5904235839844,
          498.83203125
        ]
      ],
      "rotate": 0,
      "semantic": {
        "element": "普通设备",
        "links": []
      },
      "ext": {
        "文字识别结果": [
          "11"
        ],
        "表格匹配结果": [
          "11",
          "空调",
          "柜式",
          "550x300x1700",
          "台",
          "原有",
          "",
          ""
        ]
      }
    },
    {
      "id": 37,
      "type": "box",
      "shape": "rect",
      "coord": [
        [
          1878.5904235839844,
          1652.83203125
        ],
        [
          1916.5904235839844,
          1738.83203125
        ]
      ],
      "rotate": 0,
      "semantic": {
        "element": "普通设备",
        "links": []
      },
      "ext": {
        "文字识别结果": [
          "2"
        ],
        "表格匹配结果": [
          "2",
          "数据设备",
          "华为MA5600",
          "",
          "",
          "有",
          "",
          ""
        ]
      }
    },
    {
      "id": 38,
      "type": "box",
      "shape": "rect",
      "coord": [
        [
          1866.5904235839844,
          1826.83203125
        ],
        [
          1918.5904235839844,
          1948.83203125
        ]
      ],
      "rotate": 0,
      "semantic": {
        "element": "普通设备",
        "links": []
      },
      "ext": {
        "文字识别结果": [
          "22"
        ],
        "表格匹配结果": [
          "22",
          "150A开关电源箱",
          "",
          "",
          "米",
          "原有",
          "",
          "挂增安"
        ]
      }
    },
    {
      "id": 39,
      "type": "polyline",
      "shape": "polyline",
      "coord": [
        [
          956.5904235839844,
          438.83203125
        ],
        [
          956.5904235839844,
          1994.83203125
        ]
      ],
      "rotate": 0,
      "semantic": {
        "element": "标尺",
        "links": []
      },
      "ext": {
        "文字识别结果": [
          "8050"
        ]
      }
    },
    {
      "id": 40,
      "type": "polyline",
      "shape": "polyline",
      "coord": [
        [
          1142.5904235839844,
          438.83203125
        ],
        [
          1142.5904235839844,
          644.83203125
        ]
      ],
      "rotate": 0,
      "semantic": {
        "element": "标尺",
        "links": []
      },
      "ext": {
        "文字识别结果": [
          "1060io"
        ]
      }
    },
    {
      "id": 41,
      "type": "polyline",
      "shape": "polyline",
      "coord": [
        [
          2072.5904235839844,
          438.83203125
        ],
        [
          2072.5904235839844,
          600.83203125
        ]
      ],
      "rotate": 0,
      "semantic": {
        "element": "标尺",
        "links": []
      },
      "ext": {
        "文字识别结果": [
          "840"
        ]
      }
    },
    {
      "id": 42,
      "type": "polyline",
      "shape": "polyline",
      "coord": [
        [
          1380.5904235839844,
          718.83203125
        ],
        [
          1380.5904235839844,
          872.83203125
        ]
      ],
      "rotate": 0,
      "semantic": {
        "element": "标尺",
        "links": []
      },
      "ext": {
        "文字识别结果": [
          "800"
        ]
      }
    },
    {
      "id": 43,
      "type": "polyline",
      "shape": "polyline",
      "coord": [
        [
          1380.5904235839844,
          988.83203125
        ],
        [
          1380.5904235839844,
          1141.83203125
        ]
      ],
      "rotate": 0,
      "semantic": {
        "element": "标尺",
        "links": []
      },
      "ext": {
        "文字识别结果": [
          "800"
        ]
      }
    },
    {
      "id": 44,
      "type": "polyline",
      "shape": "polyline",
      "coord": [
        [
          1380.5904235839844,
          1258.83203125
        ],
        [
          1380.5904235839844,
          1412.83203125
        ]
      ],
      "rotate": 0,
      "semantic": {
        "element": "标尺",
        "links": []
      },
      "ext": {
        "文字识别结果": [
          "800"
        ]
      }
    },
    {
      "id": 45,
      "type": "polyline",
      "shape": "polyline",
      "coord": [
        [
          1594.5904235839844,
          1858.83203125
        ],
        [
          1594.5904235839844,
          1994.83203125
        ]
      ],
      "rotate": 0,
      "semantic": {
        "element": "标尺",
        "links": []
      },
      "ext": {
        "文字识别结果": [
          "00L"
        ]
      }
    },
    {
      "id": 46,
      "type": "polyline",
      "shape": "polyline",
      "coord": [
        [
          1074.5904235839844,
          856.83203125
        ],
        [
          1074.5904235839844,
          972.83203125
        ]
      ],
      "rotate": 0,
      "semantic": {
        "element": "标尺",
        "links": []
      },
      "ext": {
        "文字识别结果": [
          "009"
        ]
      }
    },
    {
      "id": 47,
      "type": "polyline",
      "shape": "polyline",
      "coord": [
        [
          1074.5904235839844,
          972.83203125
        ],
        [
          1074.5904235839844,
          1186.83203125
        ]
      ],
      "rotate": 0,
      "semantic": {
        "element": "标尺",
        "links": []
      },
      "ext": {
        "文字识别结果": [
          ""
        ]
      }
    },
    {
      "id": 48,
      "type": "polyline",
      "shape": "polyline",
      "coord": [
        [
          1376.5904235839844,
          1141.83203125
        ],
        [
          1376.5904235839844,
          1257.83203125
        ]
      ],
      "rotate": 0,
      "semantic": {
        "element": "标尺",
        "links": []
      },
      "ext": {
        "文字识别结果": [
          ""
        ]
      }
    },
    {
      "id": 49,
      "type": "polyline",
      "shape": "polyline",
      "coord": [
        [
          1380.5904235839844,
          1257.83203125
        ],
        [
          1380.5904235839844,
          1412.83203125
        ]
      ],
      "rotate": 0,
      "semantic": {
        "element": "标尺",
        "links": []
      },
      "ext": {
        "文字识别结果": [
          "800"
        ]
      }
    },
    {
      "id": 50,
      "type": "polyline",
      "shape": "polyline",
      "coord": [
        [
          1046.5904235839844,
          342.83203125
        ],
        [
          1918.5904235839844,
          342.83203125
        ]
      ],
      "rotate": 0,
      "semantic": {
        "element": "标尺",
        "links": []
      },
      "ext": {
        "文字识别结果": [
          "4520"
        ]
      }
    },
    {
      "id": 51,
      "type": "polyline",
      "shape": "polyline",
      "coord": [
        [
          1732.5904235839844,
          604.83203125
        ],
        [
          1918.5904235839844,
          604.83203125
        ]
      ],
      "rotate": 0,
      "semantic": {
        "element": "标尺",
        "links": []
      },
      "ext": {
        "文字识别结果": [
          "980"
        ]
      }
    },
    {
      "id": 52,
      "type": "polyline",
      "shape": "polyline",
      "coord": [
        [
          1046.5904235839844,
          1186.83203125
        ],
        [
          1074.5904235839844,
          1186.83203125
        ]
      ],
      "rotate": 0,
      "semantic": {
        "element": "标尺",
        "links": []
      },
      "ext": {
        "文字识别结果": [
          "9"
        ]
      }
    },
    {
      "id": 53,
      "type": "polyline",
      "shape": "polyline",
      "coord": [
        [
          1046.5904235839844,
          1675.83203125
        ],
        [
          1149.5904235839844,
          1675.83203125
        ]
      ],
      "rotate": 0,
      "semantic": {
        "element": "标尺",
        "links": []
      },
      "ext": {
        "文字识别结果": [
          "530"
        ]
      }
    },
    {
      "id": 54,
      "type": "polyline",
      "shape": "polyline",
      "coord": [
        [
          1686.5904235839844,
          2108.83203125
        ],
        [
          1860.5904235839844,
          2108.83203125
        ]
      ],
      "rotate": 0,
      "semantic": {
        "element": "标尺",
        "links": []
      },
      "ext": {
        "文字识别结果": [
          "900"
        ]
      }
    },
    {
      "id": 55,
      "type": "polyline",
      "shape": "polyline",
      "coord": [
        [
          1376.5904235839844,
          1142.83203125
        ],
        [
          1918.5904235839844,
          1142.83203125
        ]
      ],
      "rotate": 0,
      "semantic": {
        "element": "标尺",
        "links": []
      },
      "ext": {
        "文字识别结果": [
          "15"
        ]
      }
    },
    {
      "id": 56,
      "type": "box",
      "shape": "rect",
      "coord": [
        [
          1262.5904235839844,
          1416.83203125
        ],
        [
          1380.5904235839844,
          1530.83203125
        ]
      ],
      "rotate": 0,
      "semantic": {
        "element": "机柜",
        "links": []
      },
      "ext": {
        "文字识别结果": [
          "23"
        ],
        "门朝向": "down",
        "表格匹配结果": [
          "23",
          "开关电源柜",
          "500A",
          "",
          "巢",
          "新增",
          "1",
          ""
        ]
      }
    },
    {
      "id": 57,
      "type": "box",
      "shape": "rect",
      "coord": [
        [
          1494.5904235839844,
          600.83203125
        ],
        [
          1610.5904235839844,
          718.83203125
        ]
      ],
      "rotate": 0,
      "semantic": {
        "element": "机柜",
        "links": []
      },
      "ext": {
        "文字识别结果": [
          "4"
        ],
        "门朝向": "down",
        "表格匹配结果": [
          "4",
          "综合机柜",
          "天乐通信",
          "600x600x2200",
          "巢",
          "原有",
          "",
          "综合机柜02"
        ]
      }
    },
    {
      "id": 58,
      "type": "box",
      "shape": "rect",
      "coord": [
        [
          1494.5904235839844,
          1142.83203125
        ],
        [
          1610.5904235839844,
          1258.83203125
        ]
      ],
      "rotate": 0,
      "semantic": {
        "element": "机柜",
        "links": []
      },
      "ext": {
        "文字识别结果": [
          "2"
        ],
        "门朝向": "down",
        "表格匹配结果": [
          "2",
          "数据设备",
          "华为MA5600",
          "",
          "",
          "有",
          "",
          ""
        ]
      }
    },
    {
      "id": 59,
      "type": "box",
      "shape": "rect",
      "coord": [
        [
          1610.5904235839844,
          600.83203125
        ],
        [
          1724.5904235839844,
          662.83203125
        ]
      ],
      "rotate": 0,
      "semantic": {
        "element": "机柜",
        "links": []
      },
      "ext": {
        "文字识别结果": [
          "3"
        ],
        "门朝向": "up",
        "表格匹配结果": [
          "3",
          "传输设备",
          "",
          "600x300x2200",
          "巢",
          "原有",
          "",
          ""
        ]
      }
    },
    {
      "id": 60,
      "type": "box",
      "shape": "rect",
      "coord": [
        [
          1610.5904235839844,
          662.83203125
        ],
        [
          1724.5904235839844,
          718.83203125
        ]
      ],
      "rotate": 0,
      "semantic": {
        "element": "机柜",
        "links": []
      },
      "ext": {
        "文字识别结果": [
          "12"
        ],
        "门朝向": "down",
        "表格匹配结果": [
          "12",
          "OLT设备",
          "华为MA5680T",
          "600300x2200",
          "巢",
          "原有",
          "",
          ""
        ]
      }
    },
    {
      "id": 61,
      "type": "box",
      "shape": "rect",
      "coord": [
        [
          1610.5904235839844,
          1190.83203125
        ],
        [
          1724.5904235839844,
          1258.83203125
        ]
      ],
      "rotate": 0,
      "semantic": {
        "element": "机柜",
        "links": []
      },
      "ext": {
        "文字识别结果": [
          "24"
        ],
        "门朝向": "down"
      }
    },
    {
      "id": 62,
      "type": "box",
      "shape": "rect",
      "coord": [
        [
          1008.5904235839844,
          402.83203125
        ],
        [
          1044.5904235839844,
          438.83203125
        ]
      ],
      "rotate": 0,
      "semantic": {
        "element": "普通设备",
        "links": []
      },
      "ext": {
        "文字识别结果": [
          ""
        ]
      }
    },
    {
      "id": 63,
      "type": "box",
      "shape": "rect",
      "coord": [
        [
          1048.5904235839844,
          535.83203125
        ],
        [
          1073.5904235839844,
          654.83203125
        ]
      ],
      "rotate": 0,
      "semantic": {
        "element": "普通设备",
        "links": []
      },
      "ext": {
        "文字识别结果": [
          ""
        ]
      }
    },
    {
      "id": 64,
      "type": "box",
      "shape": "rect",
      "coord": [
        [
          1074.5904235839844,
          646.83203125
        ],
        [
          1150.5904235839844,
          856.83203125
        ]
      ],
      "rotate": 0,
      "semantic": {
        "element": "普通设备",
        "links": []
      },
      "ext": {
        "文字识别结果": [
          "6"
        ],
        "表格匹配结果": [
          "6",
          "DDF",
          "天乐通信",
          "600x300x2200",
          "个",
          "原有",
          "",
          ""
        ]
      }
    },
    {
      "id": 65,
      "type": "box",
      "shape": "rect",
      "coord": [
        [
          1074.5904235839844,
          1106.83203125
        ],
        [
          1154.5904235839844,
          1319.83203125
        ]
      ],
      "rotate": 0,
      "semantic": {
        "element": "普通设备",
        "links": []
      },
      "ext": {
        "文字识别结果": [
          "9"
        ],
        "表格匹配结果": [
          "9",
          "蓄电池组",
          "600Ah",
          "2600x450x900",
          "",
          "新增",
          "",
          "原位替换"
        ]
      }
    },
    {
      "id": 66,
      "type": "box",
      "shape": "rect",
      "coord": [
        [
          1064.5904235839844,
          1938.83203125
        ],
        [
          1170.5904235839844,
          1994.83203125
        ]
      ],
      "rotate": 0,
      "semantic": {
        "element": "普通设备",
        "links": []
      },
      "ext": {
        "文字识别结果": [
          "11"
        ],
        "表格匹配结果": [
          "11",
          "空调",
          "柜式",
          "550x300x1700",
          "台",
          "原有",
          "",
          ""
        ]
      }
    },
    {
      "id": 67,
      "type": "box",
      "shape": "rect",
      "coord": [
        [
          1150.5904235839844,
          1684.83203125
        ],
        [
          1296.5904235839844,
          1848.83203125
        ]
      ],
      "rotate": 0,
      "semantic": {
        "element": "普通设备",
        "links": []
      },
      "ext": {
        "文字识别结果": [
          ""
        ]
      }
    },
    {
      "id": 68,
      "type": "box",
      "shape": "rect",
      "coord": [
        [
          1262.5904235839844,
          604.83203125
        ],
        [
          1380.5904235839844,
          706.83203125
        ]
      ],
      "rotate": 0,
      "semantic": {
        "element": "普通设备",
        "links": []
      },
      "ext": {
        "文字识别结果": [
          "8"
        ],
        "表格匹配结果": [
          "8",
          "开关电源柜",
          "",
          "600x600x2200",
          "巢",
          "有",
          "",
          ""
        ]
      }
    },
    {
      "id": 69,
      "type": "box",
      "shape": "rect",
      "coord": [
        [
          1296.5904235839844,
          1688.83203125
        ],
        [
          1442.5904235839844,
          1848.83203125
        ]
      ],
      "rotate": 0,
      "semantic": {
        "element": "普通设备",
        "links": []
      },
      "ext": {
        "文字识别结果": [
          ""
        ]
      }
    },
    {
      "id": 70,
      "type": "box",
      "shape": "rect",
      "coord": [
        [
          1380.5904235839844,
          600.83203125
        ],
        [
          1494.5904235839844,
          706.83203125
        ]
      ],
      "rotate": 0,
      "semantic": {
        "element": "普通设备",
        "links": []
      },
      "ext": {
        "文字识别结果": [
          "4"
        ],
        "表格匹配结果": [
          "4",
          "综合机柜",
          "天乐通信",
          "600x600x2200",
          "巢",
          "原有",
          "",
          "综合机柜02"
        ]
      }
    },
    {
      "id": 71,
      "type": "box",
      "shape": "rect",
      "coord": [
        [
          1379.5904235839844,
          980.83203125
        ],
        [
          1494.5904235839844,
          1248.83203125
        ]
      ],
      "rotate": 0,
      "semantic": {
        "element": "普通设备",
        "links": []
      },
      "ext": {
        "文字识别结果": [
          "2"
        ],
        "表格匹配结果": [
          "2",
          "数据设备",
          "华为MA5600",
          "",
          "",
          "有",
          "",
          ""
        ]
      }
    },
    {
      "id": 72,
      "type": "box",
      "shape": "rect",
      "coord": [
        [
          1443.5904235839844,
          1688.83203125
        ],
        [
          1590.5904235839844,
          1848.83203125
        ]
      ],
      "rotate": 0,
      "semantic": {
        "element": "普通设备",
        "links": []
      },
      "ext": {
        "文字识别结果": [
          ""
        ]
      }
    },
    {
      "id": 73,
      "type": "box",
      "shape": "rect",
      "coord": [
        [
          1150.5904235839844,
          1848.83203125
        ],
        [
          1594.5904235839844,
          1858.83203125
        ]
      ],
      "rotate": 0,
      "semantic": {
        "element": "普通设备",
        "links": []
      },
      "ext": {
        "文字识别结果": [
          ""
        ]
      }
    },
    {
      "id": 74,
      "type": "box",
      "shape": "rect",
      "coord": [
        [
          1494.5904235839844,
          932.83203125
        ],
        [
          1655.5904235839844,
          980.83203125
        ]
      ],
      "rotate": 0,
      "semantic": {
        "element": "普通设备",
        "links": []
      },
      "ext": {
        "文字识别结果": [
          "13"
        ],
        "表格匹配结果": [
          "13",
          "传输综合柜",
          "",
          "840x600x2200",
          "",
          "原有",
          "",
          ""
        ]
      }
    },
    {
      "id": 75,
      "type": "box",
      "shape": "rect",
      "coord": [
        [
          1658.5904235839844,
          872.83203125
        ],
        [
          1771.5904235839844,
          980.83203125
        ]
      ],
      "rotate": 0,
      "semantic": {
        "element": "普通设备",
        "links": []
      },
      "ext": {
        "文字识别结果": [
          "19"
        ],
        "表格匹配结果": [
          "19",
          "综合配线樂",
          "",
          "",
          "米",
          "顾有",
          "",
          "BBU到GPS天线线长"
        ]
      }
    },
    {
      "id": 76,
      "type": "box",
      "shape": "rect",
      "coord": [
        [
          1768.5904235839844,
          438.83203125
        ],
        [
          1892.5904235839844,
          496.83203125
        ]
      ],
      "rotate": 0,
      "semantic": {
        "element": "普通设备",
        "links": []
      },
      "ext": {
        "文字识别结果": [
          "11"
        ],
        "表格匹配结果": [
          "11",
          "空调",
          "柜式",
          "550x300x1700",
          "台",
          "原有",
          "",
          ""
        ]
      }
    },
    {
      "id": 77,
      "type": "box",
      "shape": "rect",
      "coord": [
        [
          1880.5904235839844,
          1654.83203125
        ],
        [
          1918.5904235839844,
          1736.83203125
        ]
      ],
      "rotate": 0,
      "semantic": {
        "element": "普通设备",
        "links": []
      },
      "ext": {
        "文字识别结果": [
          "21"
        ],
        "表格匹配结果": [
          "21",
          "5G交流配电箱",
          "",
          "",
          "米",
          "原有",
          "",
          "挂墙安"
        ]
      }
    },
    {
      "id": 78,
      "type": "box",
      "shape": "rect",
      "coord": [
        [
          1864.5904235839844,
          1828.83203125
        ],
        [
          1918.5904235839844,
          1950.83203125
        ]
      ],
      "rotate": 0,
      "semantic": {
        "element": "普通设备",
        "links": []
      },
      "ext": {
        "文字识别结果": [
          "2"
        ],
        "表格匹配结果": [
          "2",
          "数据设备",
          "华为MA5600",
          "",
          "",
          "有",
          "",
          ""
        ]
      }
    },
    {
      "id": 80,
      "type": "other",
      "shape": "rect",
      "coord": [
        [
          309.55699157714844,
          849.3938598632812
        ],
        [
          708.6282043457031,
          995.271240234375
        ]
      ],
      "rotate": 0,
      "semantic": {
        "element": "带指向性文字",
        "links": []
      },
      "ext": {
        "文字识别结果": [
          "新增600Ah蓄电池组",
          "等量替换原有蓄电池组"
        ]
      }
    },
    {
      "id": 81,
      "type": "other",
      "shape": "rect",
      "coord": [
        [
          1454.8101501464844,
          1315.8985595703125
        ],
        [
          1882.3041687011719,
          1381.027587890625
        ]
      ],
      "rotate": 0,
      "semantic": {
        "element": "带指向性文字",
        "links": []
      },
      "ext": {
        "文字识别结果": [
          "新增1架500A开关电源柜"
        ]
      }
    },
    {
      "id": 82,
      "type": "other",
      "shape": "rect",
      "coord": [
        [
          305.88389587402344,
          849.3088989257812
        ],
        [
          707.1147155761719,
          993.8431396484375
        ]
      ],
      "rotate": 0,
      "semantic": {
        "element": "带指向性文字",
        "links": []
      },
      "ext": {
        "文字识别结果": [
          "新增600Ah蓄电池组",
          "等量替换原有蓄电池组"
        ]
      }
    },
    {
      "id": 83,
      "type": "other",
      "shape": "rect",
      "coord": [
        [
          1450.3578796386719,
          1316.266357421875
        ],
        [
          1881.0494079589844,
          1381.7479248046875
        ]
      ],
      "rotate": 0,
      "semantic": {
        "element": "带指向性文字",
        "links": []
      },
      "ext": {
        "文字识别结果": [
          "新增1架500A开关电源柜"
        ]
      }
    },
    {
      "id": 84,
      "type": "other",
      "shape": "rect",
      "coord": [
        [
          1286.8532409667969,
          189.0034275650978
        ],
        [
          1418.9445495605469,
          225.23495864868164
        ]
      ],
      "rotate": 0,
      "semantic": {
        "element": "无指向性文字",
        "links": []
      },
      "ext": {
        "文字识别结果": [
          "预留机位"
        ]
      }
    },
    {
      "id": 85,
      "type": "other",
      "shape": "rect",
      "coord": [
        [
          576.7716674804688,
          189.26756724715233
        ],
        [
          709.0819396972656,
          229.68775177001953
        ]
      ],
      "rotate": 0,
      "semantic": {
        "element": "无指向性文字",
        "links": []
      },
      "ext": {
        "文字识别结果": [
          "原有设备"
        ]
      }
    },
    {
      "id": 86,
      "type": "other",
      "shape": "rect",
      "coord": [
        [
          913.3580017089844,
          189.14654475450516
        ],
        [
          1052.2432556152344,
          227.94433212280273
        ]
      ],
      "rotate": 0,
      "semantic": {
        "element": "无指向性文字",
        "links": []
      },
      "ext": {
        "文字识别结果": [
          "已有设备"
        ]
      }
    },
    {
      "id": 87,
      "type": "other",
      "shape": "rect",
      "coord": [
        [
          1686.2581787109375,
          1992.723388671875
        ],
        [
          1861.338134765625,
          2085.52783203125
        ]
      ],
      "rotate": 0,
      "semantic": {
        "element": "门",
        "links": []
      },
      "ext": {}
    },
    {
      "id": 88,
      "type": "other",
      "shape": "rect",
      "coord": [
        [
          772.6693115234375,
          154.014892578125
        ],
        [
          856.811279296875,
          229.697509765625
        ]
      ],
      "rotate": 0,
      "semantic": {
        "element": "图例小图",
        "links": [
          {
            "pair_id": 96,
            "label": "图例文字",
            "distance": 168.69650268554688
          }
        ]
      },
      "ext": {
        "图例归类": "原有设备"
      }
    },
    {
      "id": 89,
      "type": "other",
      "shape": "rect",
      "coord": [
        [
          1142.9478759765625,
          152.844482421875
        ],
        [
          1223.9132080078125,
          228.217041015625
        ]
      ],
      "rotate": 0,
      "semantic": {
        "element": "图例小图",
        "links": [
          {
            "pair_id": 98,
            "label": "图例文字",
            "distance": 168.50625610351562
          }
        ]
      },
      "ext": {
        "图例归类": "预留设备"
      }
    },
    {
      "id": 90,
      "type": "other",
      "shape": "rect",
      "coord": [
        [
          439.2520446777344,
          152.207275390625
        ],
        [
          512.8088989257812,
          226.7684326171875
        ]
      ],
      "rotate": 0,
      "semantic": {
        "element": "图例小图",
        "links": [
          {
            "pair_id": 97,
            "label": "图例文字",
            "distance": 165.4063262939453
          }
        ]
      },
      "ext": {
        "图例归类": "原有设备"
      }
    },
    {
      "id": 91,
      "type": "other",
      "shape": "rect",
      "coord": [
        [
          1103.4849853515625,
          2110.492431640625
        ],
        [
          1506.9818115234375,
          2279.30029296875
        ]
      ],
      "rotate": 0,
      "semantic": {
        "element": "机房标题",
        "links": []
      },
      "ext": {
        "文字识别结果": [
          "大良府佑”接入间机房位于一层"
        ]
      }
    },
    {
      "id": 92,
      "type": "table",
      "shape": "rect",
      "coord": [
        [
          2231.998046875,
          121.8944091796875
        ],
        [
          3880.632080078125,
          2408.466796875
        ]
      ],
      "rotate": 0,
      "semantic": {
        "element": "物料表",
        "links": []
      },
      "ext": {
        "表格识别结果": [
          [
            "",
            "设备名称",
            "规格型号",
            "设备尺（WxDxH)",
            "单位",
            "情况",
            "数量",
            "备淮"
          ],
          [
            "1",
            "语音设备",
            "华为FO2A",
            "600x600x2200",
            "",
            "有",
            "",
            ""
          ],
          [
            "2",
            "数据设备",
            "华为MA5600",
            "",
            "",
            "有",
            "",
            ""
          ],
          [
            "3",
            "传输设备",
            "",
            "600x300x2200",
            "巢",
            "原有",
            "",
            ""
          ],
          [
            "4",
            "综合机柜",
            "天乐通信",
            "600x900x2200",
            "",
            "原有",
            "",
            "综合机柜01"
          ],
          [
            "4",
            "综合机柜",
            "天乐通信",
            "600x600x2200",
            "巢",
            "原有",
            "",
            "综合机柜02"
          ],
          [
            "5",
            "ODF巢",
            "天乐通信",
            "840x300x2200",
            "个",
            "原有",
            "",
            "ODF巢O1"
          ],
          [
            "5",
            "ODF",
            "",
            "840x300x2200",
            "",
            "原有",
            "",
            "ODFO2"
          ],
          [
            "6",
            "DDF巢",
            "天乐通信",
            "250x300x2200",
            "",
            "原有",
            "",
            ""
          ],
          [
            "6",
            "DDF",
            "天乐通信",
            "600x300x2200",
            "个",
            "原有",
            "",
            ""
          ],
          [
            "7",
            "MDF",
            "天乐通信",
            "750x950x2200",
            "个",
            "原有",
            "",
            ""
          ],
          [
            "8",
            "开关电源柜",
            "",
            "600x600x2200",
            "巢",
            "有",
            "",
            ""
          ],
          [
            "9",
            "蓄电池组",
            "600Ah",
            "2600x450x900",
            "",
            "新增",
            "",
            "原位替换"
          ],
          [
            "10",
            "交流配电箱",
            "",
            "650x170x800",
            "个",
            "原有",
            "",
            "底迪距地1400mm"
          ],
          [
            "11",
            "空调",
            "柜式",
            "550x300x1700",
            "台",
            "原有",
            "",
            ""
          ],
          [
            "12",
            "OLT设备",
            "华为MA5680T",
            "600300x2200",
            "巢",
            "原有",
            "",
            ""
          ],
          [
            "13",
            "传输综合柜",
            "",
            "840x600x2200",
            "",
            "原有",
            "",
            ""
          ],
          [
            "14",
            "分组设备",
            "华为ATN950B(10Ge",
            "600x600x2200",
            "巢",
            "有",
            "",
            ""
          ],
          [
            "15",
            "综合配线果",
            "",
            "佛山东麓里美",
            "",
            "利",
            "",
            "利"
          ],
          [
            "16",
            "WCDMA",
            "",
            "佛山东苑里美",
            "个",
            "原有",
            "",
            "S111.安在新增餐合配线巢内"
          ],
          [
            "16",
            "LTE",
            "",
            "山东苑里美",
            "个",
            "原有",
            "",
            "记置S11装在原有缘配线内"
          ],
          [
            "17",
            "GPS天线",
            "",
            "佛山东麓里美",
            "付",
            "原有",
            "",
            "安于天面无意猪处"
          ],
          [
            "18",
            "GPS线",
            "",
            "佛山东麓里美",
            "米",
            "原有",
            "",
            "BBU到GPS天线线长"
          ],
          [
            "19",
            "综合配线樂",
            "",
            "",
            "米",
            "顾有",
            "",
            "BBU到GPS天线线长"
          ],
          [
            "20",
            "地排",
            "",
            "",
            "米",
            "原有",
            "",
            ""
          ],
          [
            "21",
            "5G交流配电箱",
            "",
            "",
            "米",
            "原有",
            "",
            "挂墙安"
          ],
          [
            "22",
            "150A开关电源箱",
            "",
            "",
            "米",
            "原有",
            "",
            "挂增安"
          ],
          [
            "23",
            "开关电源柜",
            "500A",
            "",
            "巢",
            "新增",
            "1",
            ""
          ]
        ]
      }
    },
    {
      "id": 93,
      "type": "table",
      "shape": "rect",
      "coord": [
        [
          2224.177978515625,
          2369.24072265625
        ],
        [
          3852.096435546875,
          2493.758544921875
        ]
      ],
      "rotate": 0,
      "semantic": {
        "element": "物料表",
        "links": []
      },
      "ext": {
        "表格识别结果": [
          [
            "",
            "电",
            "",
            "OA",
            "",
            "",
            "",
            "新增",
            "新增"
          ],
          [
            "1电池组",
            "",
            "600Ah",
            "",
            "组",
            "2",
            "拆除",
            "",
            ""
          ]
        ]
      }
    },
    {
      "id": 94,
      "type": "table",
      "shape": "rect",
      "coord": [
        [
          2316.239013671875,
          2572.41845703125
        ],
        [
          4044.462890625,
          2872.19580078125
        ]
      ],
      "rotate": 0,
      "semantic": {
        "element": "标题栏",
        "links": []
      },
      "ext": {
        "表格识别结果": [
          [
            "",
            "寓核",
            "陈剑",
            "中讯邮电咨询设计院有限公",
            ""
          ],
          [
            "处主管",
            "制图",
            "张卫华",
            "",
            ""
          ],
          [
            "",
            "",
            "",
            "2020年中国联通广东佛山5G电配造一期工程",
            ""
          ],
          [
            "设计总负责人",
            "单位",
            "",
            "",
            ""
          ],
          [
            "单项负责人",
            "",
            "1:50",
            "",
            ""
          ],
          [
            "",
            "",
            "",
            "图号",
            "2021SJ0234(FS)S-YDW-0000-01"
          ],
          [
            "设计",
            "月期",
            "2021.8.27",
            "",
            ""
          ]
        ]
      }
    },
    {
      "id": 95,
      "type": "other",
      "shape": "rect",
      "coord": [
        [
          224.43679809570312,
          97.612548828125
        ],
        [
          1458.9920654296875,
          285.7249755859375
        ]
      ],
      "rotate": 0,
      "semantic": {
        "element": "图例",
        "links": []
      },
      "ext": {}
    },
    {
      "id": 96,
      "type": "other",
      "shape": "rect",
      "coord": [
        [
          920.4367980957031,
          173.612548828125
        ],
        [
          1046.4367980957031,
          222.612548828125
        ]
      ],
      "rotate": 0,
      "semantic": {
        "element": "图例文字",
        "links": []
      },
      "ext": {
        "文字识别结果": [
          "已有设备"
        ],
        "图例归类": "原有设备"
      }
    },
    {
      "id": 97,
      "type": "other",
      "shape": "rect",
      "coord": [
        [
          578.4367980957031,
          175.612548828125
        ],
        [
          704.4367980957031,
          224.612548828125
        ]
      ],
      "rotate": 0,
      "semantic": {
        "element": "图例文字",
        "links": []
      },
      "ext": {
        "文字识别结果": [
          "原有设备"
        ],
        "图例归类": "原有设备"
      }
    },
    {
      "id": 98,
      "type": "other",
      "shape": "rect",
      "coord": [
        [
          1288.4367980957031,
          169.612548828125
        ],
        [
          1415.4367980957031,
          218.612548828125
        ]
      ],
      "rotate": 0,
      "semantic": {
        "element": "图例文字",
        "links": []
      },
      "ext": {
        "文字识别结果": [
          "预留机位"
        ],
        "图例归类": "预留设备"
      }
    },
    {
      "id": 99,
      "type": "other",
      "shape": "rect",
      "coord": [
        [
          276.5357360839844,
          2391.534423828125
        ],
        [
          1924.90283203125,
          2768.225830078125
        ]
      ],
      "rotate": 0,
      "semantic": {
        "element": "说明文字",
        "links": []
      },
      "ext": {
        "文字识别结果": [
          "施工说明：",
          "1.本站为5G锚点机房改造站”佛山大良府佑（大良工商局)接入间”装修机房，净高3米.机房在1层",
          "本期新增一架500A开关电源柜落地安装，新增2组600Ah蓄电池组，原位等量替换原有蓄电池组：",
          "本期新增3米水平走线架安装于新增开关电源上方：",
          "2.施工时机柜预留尺寸为参考尺寸，以实际订货尺寸为准：机柜安装应符合相关的规范要求：",
          "3.基站地址：佛山市顺德区大良街道办事处东建路28号，经纬度：113.254899,22.839132；"
        ]
      }
    }
  ]
}