{
  "info": {
    "像素面积": {
      "全部面积": 3289608.0,
      "设备面积": 360809.0,
      "剩余面积": 2928799.0
    },
    "图纸信息": {
      "类型": "机房",
      "名称": "270.png"
    }
  },
  "obj": [
    {
      "id": 1,
      "type": "outline",
      "shape": "polyline",
      "coord": [
        [
          611.698974609375,
          1822.6527099609375
        ],
        [
          1535.698974609375,
          1826.6527099609375
        ],
        [
          1729.698974609375,
          1826.6527099609375
        ],
        [
          1891.698974609375,
          1826.6527099609375
        ],
        [
          611.698974609375,
          546.6527099609375
        ],
        [
          1895.698974609375,
          546.6527099609375
        ],
        [
          1535.698974609375,
          1786.6527099609375
        ],
        [
          1535.698974609375,
          1822.6527099609375
        ],
        [
          1891.698974609375,
          546.6527099609375
        ],
        [
          1891.698974609375,
          1826.6527099609375
        ],
        [
          611.698974609375,
          546.6527099609375
        ],
        [
          611.698974609375,
          1826.6527099609375
        ]
      ],
      "rotate": 0,
      "semantic": {
        "element": "墙轮廓",
        "path": [
          "0, 1",
          "2, 3",
          "4, 5",
          "6, 7",
          "8, 9",
          "10, 11"
        ],
        "links": []
      },
      "ext": {}
    },
    {
      "id": 2,
      "type": "outline",
      "shape": "polyline",
      "coord": [
        [
          609.698974609375,
          1826.6527099609375
        ],
        [
          1535.698974609375,
          1826.6527099609375
        ],
        [
          1535.698974609375,
          1824.6527099609375
        ],
        [
          1537.698974609375,
          1826.6527099609375
        ],
        [
          1167.698974609375,
          1788.6527099609375
        ],
        [
          1537.698974609375,
          1788.6527099609375
        ],
        [
          1537.698974609375,
          1824.6527099609375
        ],
        [
          1731.698974609375,
          1824.6527099609375
        ],
        [
          1893.698974609375,
          1824.6527099609375
        ],
        [
          609.698974609375,
          544.6527099609375
        ],
        [
          1893.698974609375,
          544.6527099609375
        ],
        [
          1893.698974609375,
          1826.6527099609375
        ],
        [
          1730.698974609375,
          1785.6527099609375
        ],
        [
          1730.698974609375,
          1824.6527099609375
        ],
        [
          609.698974609375,
          544.6527099609375
        ],
        [
          609.698974609375,
          1826.6527099609375
        ]
      ],
      "rotate": 0,
      "semantic": {
        "element": "墙轮廓",
        "path": [
          "0, 1",
          "2, 3",
          "4, 5, 6",
          "7, 8",
          "9, 10, 11",
          "12, 13",
          "14, 15"
        ],
        "links": []
      },
      "ext": {}
    },
    {
      "id": 2,
      "type": "polyline",
      "shape": "polyline",
      "coord": [
        [
          1245.698974609375,
          586.6527099609375
        ],
        [
          1245.698974609375,
          760.6527099609375
        ]
      ],
      "rotate": 0,
      "semantic": {
        "element": "标尺",
        "links": []
      },
      "ext": {
        "文字识别结果": [
          "006"
        ]
      }
    },
    {
      "id": 3,
      "type": "polyline",
      "shape": "polyline",
      "coord": [
        [
          1935.698974609375,
          586.6527099609375
        ],
        [
          1935.698974609375,
          1432.6527099609375
        ]
      ],
      "rotate": 0,
      "semantic": {
        "element": "标尺",
        "links": []
      },
      "ext": {
        "文字识别结果": [
          "4400"
        ]
      }
    },
    {
      "id": 4,
      "type": "polyline",
      "shape": "polyline",
      "coord": [
        [
          1131.698974609375,
          990.6527099609375
        ],
        [
          1131.698974609375,
          1104.6527099609375
        ]
      ],
      "rotate": 0,
      "semantic": {
        "element": "标尺",
        "links": []
      },
      "ext": {
        "文字识别结果": [
          "6690"
        ]
      }
    },
    {
      "id": 5,
      "type": "polyline",
      "shape": "polyline",
      "coord": [
        [
          1241.698974609375,
          990.6527099609375
        ],
        [
          1241.698974609375,
          1164.6527099609375
        ]
      ],
      "rotate": 0,
      "semantic": {
        "element": "标尺",
        "links": []
      },
      "ext": {
        "文字识别结果": [
          "006"
        ]
      }
    },
    {
      "id": 6,
      "type": "polyline",
      "shape": "polyline",
      "coord": [
        [
          1127.698974609375,
          1104.6527099609375
        ],
        [
          1127.698974609375,
          1144.6527099609375
        ]
      ],
      "rotate": 0,
      "semantic": {
        "element": "标尺",
        "links": []
      },
      "ext": {
        "文字识别结果": [
          "2015"
        ]
      }
    },
    {
      "id": 7,
      "type": "polyline",
      "shape": "polyline",
      "coord": [
        [
          1313.698974609375,
          1278.6527099609375
        ],
        [
          1313.698974609375,
          1434.6527099609375
        ]
      ],
      "rotate": 0,
      "semantic": {
        "element": "标尺",
        "links": []
      },
      "ext": {
        "文字识别结果": [
          "800"
        ]
      }
    },
    {
      "id": 8,
      "type": "polyline",
      "shape": "polyline",
      "coord": [
        [
          1939.698974609375,
          1472.6527099609375
        ],
        [
          1939.698974609375,
          1786.6527099609375
        ]
      ],
      "rotate": 0,
      "semantic": {
        "element": "标尺",
        "links": []
      },
      "ext": {
        "文字识别结果": [
          "0091"
        ]
      }
    },
    {
      "id": 9,
      "type": "polyline",
      "shape": "polyline",
      "coord": [
        [
          1127.698974609375,
          1144.6527099609375
        ],
        [
          1127.698974609375,
          1434.6527099609375
        ]
      ],
      "rotate": 0,
      "semantic": {
        "element": "标尺",
        "links": []
      },
      "ext": {
        "文字识别结果": [
          "1500"
        ]
      }
    },
    {
      "id": 10,
      "type": "polyline",
      "shape": "polyline",
      "coord": [
        [
          647.698974609375,
          482.6527099609375
        ],
        [
          1851.698974609375,
          482.6527099609375
        ]
      ],
      "rotate": 0,
      "semantic": {
        "element": "标尺",
        "links": []
      },
      "ext": {
        "文字识别结果": [
          "6250"
        ]
      }
    },
    {
      "id": 11,
      "type": "polyline",
      "shape": "polyline",
      "coord": [
        [
          1447.698974609375,
          692.6527099609375
        ],
        [
          1777.698974609375,
          692.6527099609375
        ]
      ],
      "rotate": 0,
      "semantic": {
        "element": "标尺",
        "links": []
      },
      "ext": {
        "文字识别结果": [
          "1700"
        ]
      }
    },
    {
      "id": 12,
      "type": "polyline",
      "shape": "polyline",
      "coord": [
        [
          651.698974609375,
          1302.6527099609375
        ],
        [
          975.698974609375,
          1302.6527099609375
        ]
      ],
      "rotate": 0,
      "semantic": {
        "element": "标尺",
        "links": []
      },
      "ext": {
        "文字识别结果": [
          "1700用于室分"
        ]
      }
    },
    {
      "id": 13,
      "type": "polyline",
      "shape": "polyline",
      "coord": [
        [
          1249.698974609375,
          1532.6527099609375
        ],
        [
          1483.698974609375,
          1532.6527099609375
        ]
      ],
      "rotate": 0,
      "semantic": {
        "element": "标尺",
        "links": []
      },
      "ext": {
        "文字识别结果": [
          "1200"
        ]
      }
    },
    {
      "id": 14,
      "type": "polyline",
      "shape": "polyline",
      "coord": [
        [
          825.698974609375,
          1932.6527099609375
        ],
        [
          997.698974609375,
          1932.6527099609375
        ]
      ],
      "rotate": 0,
      "semantic": {
        "element": "标尺",
        "links": []
      },
      "ext": {
        "文字识别结果": [
          "900"
        ]
      }
    },
    {
      "id": 15,
      "type": "polyline",
      "shape": "polyline",
      "coord": [
        [
          1483.698974609375,
          1532.6527099609375
        ],
        [
          1559.698974609375,
          1532.6527099609375
        ]
      ],
      "rotate": 0,
      "semantic": {
        "element": "标尺",
        "links": []
      },
      "ext": {
        "文字识别结果": [
          "por"
        ]
      }
    },
    {
      "id": 16,
      "type": "polyline",
      "shape": "polyline",
      "coord": [
        [
          997.698974609375,
          1932.6527099609375
        ],
        [
          1171.698974609375,
          1932.6527099609375
        ]
      ],
      "rotate": 0,
      "semantic": {
        "element": "标尺",
        "links": []
      },
      "ext": {
        "文字识别结果": [
          "900"
        ]
      }
    },
    {
      "id": 17,
      "type": "polyline",
      "shape": "polyline",
      "coord": [
        [
          1171.698974609375,
          1932.6527099609375
        ],
        [
          1345.698974609375,
          1932.6527099609375
        ]
      ],
      "rotate": 0,
      "semantic": {
        "element": "标尺",
        "links": []
      },
      "ext": {
        "文字识别结果": [
          "900"
        ]
      }
    },
    {
      "id": 18,
      "type": "polyline",
      "shape": "polyline",
      "coord": [
        [
          1345.698974609375,
          1936.6527099609375
        ],
        [
          1539.698974609375,
          1936.6527099609375
        ]
      ],
      "rotate": 0,
      "semantic": {
        "element": "标尺",
        "links": []
      },
      "ext": {
        "文字识别结果": [
          "1000"
        ]
      }
    },
    {
      "id": 19,
      "type": "polyline",
      "shape": "polyline",
      "coord": [
        [
          1539.698974609375,
          1936.6527099609375
        ],
        [
          1729.698974609375,
          1936.6527099609375
        ]
      ],
      "rotate": 0,
      "semantic": {
        "element": "标尺",
        "links": []
      },
      "ext": {
        "文字识别结果": [
          "1000"
        ]
      }
    },
    {
      "id": 20,
      "type": "polyline",
      "shape": "polyline",
      "coord": [
        [
          1729.698974609375,
          1936.6527099609375
        ],
        [
          1891.698974609375,
          1936.6527099609375
        ]
      ],
      "rotate": 0,
      "semantic": {
        "element": "标尺",
        "links": []
      },
      "ext": {
        "文字识别结果": [
          "840"
        ]
      }
    },
    {
      "id": 21,
      "type": "box",
      "shape": "rect",
      "coord": [
        [
          611.698974609375,
          546.6527099609375
        ],
        [
          727.698974609375,
          664.6527099609375
        ]
      ],
      "rotate": 0,
      "semantic": {
        "element": "柱子",
        "links": []
      },
      "ext": {}
    },
    {
      "id": 22,
      "type": "box",
      "shape": "rect",
      "coord": [
        [
          1777.698974609375,
          550.6527099609375
        ],
        [
          1891.698974609375,
          660.6527099609375
        ]
      ],
      "rotate": 0,
      "semantic": {
        "element": "柱子",
        "links": []
      },
      "ext": {}
    },
    {
      "id": 23,
      "type": "box",
      "shape": "rect",
      "coord": [
        [
          611.698974609375,
          1710.6527099609375
        ],
        [
          723.698974609375,
          1822.6527099609375
        ]
      ],
      "rotate": 0,
      "semantic": {
        "element": "柱子",
        "links": []
      },
      "ext": {}
    },
    {
      "id": 24,
      "type": "box",
      "shape": "rect",
      "coord": [
        [
          1777.698974609375,
          1710.6527099609375
        ],
        [
          1891.698974609375,
          1826.6527099609375
        ]
      ],
      "rotate": 0,
      "semantic": {
        "element": "柱子",
        "links": []
      },
      "ext": {}
    },
    {
      "id": 25,
      "type": "box",
      "shape": "rect",
      "coord": [
        [
          917.698974609375,
          756.6527099609375
        ],
        [
          965.698974609375,
          870.6527099609375
        ]
      ],
      "rotate": 0,
      "semantic": {
        "element": "机柜",
        "links": []
      },
      "ext": {
        "文字识别结果": [
          "2"
        ],
        "门朝向": "right",
        "表格匹配结果": [
          "2",
          "传输综合柜",
          "",
          "",
          "",
          "",
          "有",
          "具体以传输专业图纸为准"
        ]
      }
    },
    {
      "id": 26,
      "type": "box",
      "shape": "rect",
      "coord": [
        [
          861.698974609375,
          870.6527099609375
        ],
        [
          965.698974609375,
          990.6527099609375
        ]
      ],
      "rotate": 0,
      "semantic": {
        "element": "机柜",
        "links": []
      },
      "ext": {
        "文字识别结果": [
          "4"
        ],
        "门朝向": "right",
        "表格匹配结果": [
          "4",
          "开关电源",
          "",
          "",
          "",
          "",
          "原有",
          ""
        ]
      }
    },
    {
      "id": 27,
      "type": "box",
      "shape": "rect",
      "coord": [
        [
          889.698974609375,
          1144.6527099609375
        ],
        [
          965.698974609375,
          1258.6527099609375
        ]
      ],
      "rotate": 0,
      "semantic": {
        "element": "机柜",
        "links": []
      },
      "ext": {
        "文字识别结果": [
          "2"
        ],
        "门朝向": "right",
        "表格匹配结果": [
          "2",
          "传输综合柜",
          "",
          "",
          "",
          "",
          "有",
          "具体以传输专业图纸为准"
        ]
      }
    },
    {
      "id": 28,
      "type": "box",
      "shape": "rect",
      "coord": [
        [
          1151.698974609375,
          1374.6527099609375
        ],
        [
          1249.698974609375,
          1432.6527099609375
        ]
      ],
      "rotate": 0,
      "semantic": {
        "element": "机柜",
        "links": []
      },
      "ext": {
        "文字识别结果": [
          "7"
        ],
        "门朝向": "up",
        "表格匹配结果": [
          "7",
          "柜式空调",
          "",
          "",
          "台",
          "",
          "顾有",
          ""
        ]
      }
    },
    {
      "id": 29,
      "type": "box",
      "shape": "rect",
      "coord": [
        [
          651.698974609375,
          989.6527099609375
        ],
        [
          663.698974609375,
          1046.6527099609375
        ]
      ],
      "rotate": 0,
      "semantic": {
        "element": "普通设备",
        "links": []
      },
      "ext": {
        "文字识别结果": [
          ""
        ]
      }
    },
    {
      "id": 30,
      "type": "box",
      "shape": "rect",
      "coord": [
        [
          651.698974609375,
          925.6527099609375
        ],
        [
          671.698974609375,
          990.6527099609375
        ]
      ],
      "rotate": 0,
      "semantic": {
        "element": "普通设备",
        "links": []
      },
      "ext": {
        "文字识别结果": [
          ""
        ]
      }
    },
    {
      "id": 31,
      "type": "box",
      "shape": "rect",
      "coord": [
        [
          663.698974609375,
          990.6527099609375
        ],
        [
          678.698974609375,
          1046.6527099609375
        ]
      ],
      "rotate": 0,
      "semantic": {
        "element": "普通设备",
        "links": []
      },
      "ext": {
        "文字识别结果": [
          ""
        ]
      }
    },
    {
      "id": 32,
      "type": "box",
      "shape": "rect",
      "coord": [
        [
          759.698974609375,
          586.6527099609375
        ],
        [
          821.698974609375,
          604.6527099609375
        ]
      ],
      "rotate": 0,
      "semantic": {
        "element": "普通设备",
        "links": []
      },
      "ext": {
        "文字识别结果": [
          ""
        ]
      }
    },
    {
      "id": 33,
      "type": "box",
      "shape": "rect",
      "coord": [
        [
          761.698974609375,
          604.6527099609375
        ],
        [
          821.698974609375,
          614.6527099609375
        ]
      ],
      "rotate": 0,
      "semantic": {
        "element": "普通设备",
        "links": []
      },
      "ext": {
        "文字识别结果": [
          ""
        ]
      }
    },
    {
      "id": 34,
      "type": "box",
      "shape": "rect",
      "coord": [
        [
          897.698974609375,
          990.6527099609375
        ],
        [
          941.698974609375,
          1096.6527099609375
        ]
      ],
      "rotate": 0,
      "semantic": {
        "element": "普通设备",
        "links": []
      },
      "ext": {
        "文字识别结果": [
          "11"
        ],
        "表格匹配结果": [
          "11",
          "LTE",
          "华为",
          "",
          "",
          "",
          "无",
          "配置222安在"
        ]
      }
    },
    {
      "id": 35,
      "type": "box",
      "shape": "rect",
      "coord": [
        [
          650.698974609375,
          1435.6527099609375
        ],
        [
          976.698974609375,
          1476.6527099609375
        ]
      ],
      "rotate": 0,
      "semantic": {
        "element": "普通设备",
        "links": []
      },
      "ext": {
        "文字识别结果": [
          ""
        ]
      }
    },
    {
      "id": 36,
      "type": "box",
      "shape": "rect",
      "coord": [
        [
          917.698974609375,
          586.6527099609375
        ],
        [
          977.698974609375,
          608.6527099609375
        ]
      ],
      "rotate": 0,
      "semantic": {
        "element": "普通设备",
        "links": []
      },
      "ext": {
        "文字识别结果": [
          ""
        ]
      }
    },
    {
      "id": 37,
      "type": "box",
      "shape": "rect",
      "coord": [
        [
          993.698974609375,
          1386.6527099609375
        ],
        [
          1102.698974609375,
          1432.6527099609375
        ]
      ],
      "rotate": 0,
      "semantic": {
        "element": "普通设备",
        "links": []
      },
      "ext": {
        "文字识别结果": [
          "BBU"
        ]
      }
    },
    {
      "id": 38,
      "type": "box",
      "shape": "rect",
      "coord": [
        [
          1297.698974609375,
          994.6527099609375
        ],
        [
          1341.698974609375,
          1100.6527099609375
        ]
      ],
      "rotate": 0,
      "semantic": {
        "element": "普通设备",
        "links": []
      },
      "ext": {
        "文字识别结果": [
          "20"
        ],
        "表格匹配结果": [
          "20",
          "LTE",
          "爱立信",
          "",
          "",
          "1",
          "新增",
          "置S111.安在新增落地上"
        ]
      }
    },
    {
      "id": 39,
      "type": "box",
      "shape": "rect",
      "coord": [
        [
          1171.698974609375,
          1786.6527099609375
        ],
        [
          1345.698974609375,
          1826.6527099609375
        ]
      ],
      "rotate": 0,
      "semantic": {
        "element": "普通设备",
        "links": []
      },
      "ext": {
        "文字识别结果": [
          ""
        ]
      }
    },
    {
      "id": 40,
      "type": "box",
      "shape": "rect",
      "coord": [
        [
          1305.698974609375,
          759.6527099609375
        ],
        [
          1353.698974609375,
          874.6527099609375
        ]
      ],
      "rotate": 0,
      "semantic": {
        "element": "普通设备",
        "links": []
      },
      "ext": {
        "文字识别结果": [
          "2"
        ],
        "表格匹配结果": [
          "2",
          "传输综合柜",
          "",
          "",
          "",
          "",
          "有",
          "具体以传输专业图纸为准"
        ]
      }
    },
    {
      "id": 41,
      "type": "box",
      "shape": "rect",
      "coord": [
        [
          1273.698974609375,
          874.6527099609375
        ],
        [
          1353.698974609375,
          990.6527099609375
        ]
      ],
      "rotate": 0,
      "semantic": {
        "element": "普通设备",
        "links": []
      },
      "ext": {
        "文字识别结果": [
          "1*"
        ]
      }
    },
    {
      "id": 42,
      "type": "box",
      "shape": "rect",
      "coord": [
        [
          1277.698974609375,
          1163.6527099609375
        ],
        [
          1353.698974609375,
          1278.6527099609375
        ]
      ],
      "rotate": 0,
      "semantic": {
        "element": "普通设备",
        "links": []
      },
      "ext": {
        "文字识别结果": [
          ""
        ]
      }
    },
    {
      "id": 43,
      "type": "box",
      "shape": "rect",
      "coord": [
        [
          1337.698974609375,
          1418.6527099609375
        ],
        [
          1385.698974609375,
          1432.6527099609375
        ]
      ],
      "rotate": 0,
      "semantic": {
        "element": "普通设备",
        "links": []
      },
      "ext": {
        "文字识别结果": [
          ""
        ]
      }
    },
    {
      "id": 44,
      "type": "box",
      "shape": "rect",
      "coord": [
        [
          1373.698974609375,
          585.6527099609375
        ],
        [
          1447.698974609375,
          612.6527099609375
        ]
      ],
      "rotate": 0,
      "semantic": {
        "element": "普通设备",
        "links": []
      },
      "ext": {
        "文字识别结果": [
          ""
        ]
      }
    },
    {
      "id": 45,
      "type": "box",
      "shape": "rect",
      "coord": [
        [
          1385.698974609375,
          1422.6527099609375
        ],
        [
          1483.698974609375,
          1432.6527099609375
        ]
      ],
      "rotate": 0,
      "semantic": {
        "element": "普通设备",
        "links": []
      },
      "ext": {
        "文字识别结果": [
          ""
        ]
      }
    },
    {
      "id": 46,
      "type": "box",
      "shape": "rect",
      "coord": [
        [
          1345.698974609375,
          1786.6527099609375
        ],
        [
          1535.698974609375,
          1822.6527099609375
        ]
      ],
      "rotate": 0,
      "semantic": {
        "element": "普通设备",
        "links": []
      },
      "ext": {
        "文字识别结果": [
          ""
        ]
      }
    },
    {
      "id": 47,
      "type": "polyline",
      "shape": "polyline",
      "coord": [
        [
          1243.698974609375,
          584.6527099609375
        ],
        [
          1243.698974609375,
          758.6527099609375
        ]
      ],
      "rotate": 0,
      "semantic": {
        "element": "标尺",
        "links": []
      },
      "ext": {
        "文字识别结果": [
          "006"
        ]
      }
    },
    {
      "id": 48,
      "type": "polyline",
      "shape": "polyline",
      "coord": [
        [
          1937.698974609375,
          584.6527099609375
        ],
        [
          1937.698974609375,
          1434.6527099609375
        ]
      ],
      "rotate": 0,
      "semantic": {
        "element": "标尺",
        "links": []
      },
      "ext": {
        "文字识别结果": [
          "4400"
        ]
      }
    },
    {
      "id": 49,
      "type": "polyline",
      "shape": "polyline",
      "coord": [
        [
          1131.698974609375,
          988.6527099609375
        ],
        [
          1131.698974609375,
          1106.6527099609375
        ]
      ],
      "rotate": 0,
      "semantic": {
        "element": "标尺",
        "links": []
      },
      "ext": {
        "文字识别结果": [
          "01599"
        ]
      }
    },
    {
      "id": 50,
      "type": "polyline",
      "shape": "polyline",
      "coord": [
        [
          1129.698974609375,
          1105.6527099609375
        ],
        [
          1129.698974609375,
          1142.6527099609375
        ]
      ],
      "rotate": 0,
      "semantic": {
        "element": "标尺",
        "links": []
      },
      "ext": {
        "文字识别结果": [
          "2015"
        ]
      }
    },
    {
      "id": 51,
      "type": "polyline",
      "shape": "polyline",
      "coord": [
        [
          1243.698974609375,
          990.6527099609375
        ],
        [
          1243.698974609375,
          1162.6527099609375
        ]
      ],
      "rotate": 0,
      "semantic": {
        "element": "标尺",
        "links": []
      },
      "ext": {
        "文字识别结果": [
          "006"
        ]
      }
    },
    {
      "id": 52,
      "type": "polyline",
      "shape": "polyline",
      "coord": [
        [
          1311.698974609375,
          1280.6527099609375
        ],
        [
          1311.698974609375,
          1434.6527099609375
        ]
      ],
      "rotate": 0,
      "semantic": {
        "element": "标尺",
        "links": []
      },
      "ext": {
        "文字识别结果": [
          "800"
        ]
      }
    },
    {
      "id": 53,
      "type": "polyline",
      "shape": "polyline",
      "coord": [
        [
          1937.698974609375,
          1474.6527099609375
        ],
        [
          1937.698974609375,
          1786.6527099609375
        ]
      ],
      "rotate": 0,
      "semantic": {
        "element": "标尺",
        "links": []
      },
      "ext": {
        "文字识别结果": [
          "1630"
        ]
      }
    },
    {
      "id": 54,
      "type": "polyline",
      "shape": "polyline",
      "coord": [
        [
          1125.698974609375,
          1142.6527099609375
        ],
        [
          1125.698974609375,
          1434.6527099609375
        ]
      ],
      "rotate": 0,
      "semantic": {
        "element": "标尺",
        "links": []
      },
      "ext": {
        "文字识别结果": [
          "1500"
        ]
      }
    },
    {
      "id": 55,
      "type": "polyline",
      "shape": "polyline",
      "coord": [
        [
          649.698974609375,
          484.6527099609375
        ],
        [
          1853.698974609375,
          484.6527099609375
        ]
      ],
      "rotate": 0,
      "semantic": {
        "element": "标尺",
        "links": []
      },
      "ext": {
        "文字识别结果": [
          "6250"
        ]
      }
    },
    {
      "id": 56,
      "type": "polyline",
      "shape": "polyline",
      "coord": [
        [
          1449.698974609375,
          690.6527099609375
        ],
        [
          1775.698974609375,
          690.6527099609375
        ]
      ],
      "rotate": 0,
      "semantic": {
        "element": "标尺",
        "links": []
      },
      "ext": {
        "文字识别结果": [
          "1700"
        ]
      }
    },
    {
      "id": 57,
      "type": "polyline",
      "shape": "polyline",
      "coord": [
        [
          649.698974609375,
          1300.6527099609375
        ],
        [
          977.698974609375,
          1300.6527099609375
        ]
      ],
      "rotate": 0,
      "semantic": {
        "element": "标尺",
        "links": []
      },
      "ext": {
        "文字识别结果": [
          "1700高士田"
        ]
      }
    },
    {
      "id": 58,
      "type": "polyline",
      "shape": "polyline",
      "coord": [
        [
          1251.698974609375,
          1534.6527099609375
        ],
        [
          1481.698974609375,
          1534.6527099609375
        ]
      ],
      "rotate": 0,
      "semantic": {
        "element": "标尺",
        "links": []
      },
      "ext": {
        "文字识别结果": [
          "1200"
        ]
      }
    },
    {
      "id": 59,
      "type": "polyline",
      "shape": "polyline",
      "coord": [
        [
          1753.698974609375,
          1534.6527099609375
        ],
        [
          1853.698974609375,
          1534.6527099609375
        ]
      ],
      "rotate": 0,
      "semantic": {
        "element": "标尺",
        "links": []
      },
      "ext": {
        "文字识别结果": [
          "530"
        ]
      }
    },
    {
      "id": 60,
      "type": "polyline",
      "shape": "polyline",
      "coord": [
        [
          823.698974609375,
          1934.6527099609375
        ],
        [
          997.698974609375,
          1934.6527099609375
        ]
      ],
      "rotate": 0,
      "semantic": {
        "element": "标尺",
        "links": []
      },
      "ext": {
        "文字识别结果": [
          "900"
        ]
      }
    },
    {
      "id": 61,
      "type": "polyline",
      "shape": "polyline",
      "coord": [
        [
          1481.698974609375,
          1534.6527099609375
        ],
        [
          1557.698974609375,
          1534.6527099609375
        ]
      ],
      "rotate": 0,
      "semantic": {
        "element": "标尺",
        "links": []
      },
      "ext": {
        "文字识别结果": [
          "400"
        ]
      }
    },
    {
      "id": 62,
      "type": "polyline",
      "shape": "polyline",
      "coord": [
        [
          997.698974609375,
          1934.6527099609375
        ],
        [
          1171.698974609375,
          1934.6527099609375
        ]
      ],
      "rotate": 0,
      "semantic": {
        "element": "标尺",
        "links": []
      },
      "ext": {
        "文字识别结果": [
          "900"
        ]
      }
    },
    {
      "id": 63,
      "type": "polyline",
      "shape": "polyline",
      "coord": [
        [
          1171.698974609375,
          1934.6527099609375
        ],
        [
          1343.698974609375,
          1934.6527099609375
        ]
      ],
      "rotate": 0,
      "semantic": {
        "element": "标尺",
        "links": []
      },
      "ext": {
        "文字识别结果": [
          "900"
        ]
      }
    },
    {
      "id": 64,
      "type": "polyline",
      "shape": "polyline",
      "coord": [
        [
          1343.698974609375,
          1934.6527099609375
        ],
        [
          1537.698974609375,
          1934.6527099609375
        ]
      ],
      "rotate": 0,
      "semantic": {
        "element": "标尺",
        "links": []
      },
      "ext": {
        "文字识别结果": [
          "1000"
        ]
      }
    },
    {
      "id": 65,
      "type": "polyline",
      "shape": "polyline",
      "coord": [
        [
          1537.698974609375,
          1934.6527099609375
        ],
        [
          1731.698974609375,
          1934.6527099609375
        ]
      ],
      "rotate": 0,
      "semantic": {
        "element": "标尺",
        "links": []
      },
      "ext": {
        "文字识别结果": [
          "1000"
        ]
      }
    },
    {
      "id": 66,
      "type": "polyline",
      "shape": "polyline",
      "coord": [
        [
          1731.698974609375,
          1934.6527099609375
        ],
        [
          1893.698974609375,
          1934.6527099609375
        ]
      ],
      "rotate": 0,
      "semantic": {
        "element": "标尺",
        "links": []
      },
      "ext": {
        "文字识别结果": [
          "840"
        ]
      }
    },
    {
      "id": 67,
      "type": "box",
      "shape": "rect",
      "coord": [
        [
          609.698974609375,
          544.6527099609375
        ],
        [
          725.698974609375,
          662.6527099609375
        ]
      ],
      "rotate": 0,
      "semantic": {
        "element": "柱子",
        "links": []
      },
      "ext": {}
    },
    {
      "id": 68,
      "type": "box",
      "shape": "rect",
      "coord": [
        [
          1775.698974609375,
          544.6527099609375
        ],
        [
          1893.698974609375,
          662.6527099609375
        ]
      ],
      "rotate": 0,
      "semantic": {
        "element": "柱子",
        "links": []
      },
      "ext": {}
    },
    {
      "id": 69,
      "type": "box",
      "shape": "rect",
      "coord": [
        [
          1777.698974609375,
          548.6527099609375
        ],
        [
          1893.698974609375,
          662.6527099609375
        ]
      ],
      "rotate": 0,
      "semantic": {
        "element": "柱子",
        "links": []
      },
      "ext": {}
    },
    {
      "id": 70,
      "type": "box",
      "shape": "rect",
      "coord": [
        [
          613.698974609375,
          1712.6527099609375
        ],
        [
          725.698974609375,
          1824.6527099609375
        ]
      ],
      "rotate": 0,
      "semantic": {
        "element": "柱子",
        "links": []
      },
      "ext": {}
    },
    {
      "id": 71,
      "type": "box",
      "shape": "rect",
      "coord": [
        [
          1775.698974609375,
          1708.6527099609375
        ],
        [
          1893.698974609375,
          1824.6527099609375
        ]
      ],
      "rotate": 0,
      "semantic": {
        "element": "柱子",
        "links": []
      },
      "ext": {}
    },
    {
      "id": 72,
      "type": "box",
      "shape": "rect",
      "coord": [
        [
          1781.698974609375,
          1712.6527099609375
        ],
        [
          1893.698974609375,
          1824.6527099609375
        ]
      ],
      "rotate": 0,
      "semantic": {
        "element": "柱子",
        "links": []
      },
      "ext": {}
    },
    {
      "id": 73,
      "type": "box",
      "shape": "rect",
      "coord": [
        [
          919.698974609375,
          754.6527099609375
        ],
        [
          964.698974609375,
          872.6527099609375
        ]
      ],
      "rotate": 0,
      "semantic": {
        "element": "机柜",
        "links": []
      },
      "ext": {
        "文字识别结果": [
          "2"
        ],
        "门朝向": "right",
        "表格匹配结果": [
          "2",
          "传输综合柜",
          "",
          "",
          "",
          "",
          "有",
          "具体以传输专业图纸为准"
        ]
      }
    },
    {
      "id": 74,
      "type": "box",
      "shape": "rect",
      "coord": [
        [
          859.698974609375,
          872.6527099609375
        ],
        [
          965.698974609375,
          990.6527099609375
        ]
      ],
      "rotate": 0,
      "semantic": {
        "element": "机柜",
        "links": []
      },
      "ext": {
        "文字识别结果": [
          "4"
        ],
        "门朝向": "right",
        "表格匹配结果": [
          "4",
          "开关电源",
          "",
          "",
          "",
          "",
          "原有",
          ""
        ]
      }
    },
    {
      "id": 75,
      "type": "box",
      "shape": "rect",
      "coord": [
        [
          890.698974609375,
          1145.6527099609375
        ],
        [
          965.698974609375,
          1260.6527099609375
        ]
      ],
      "rotate": 0,
      "semantic": {
        "element": "机柜",
        "links": []
      },
      "ext": {
        "文字识别结果": [
          "2"
        ],
        "门朝向": "right",
        "表格匹配结果": [
          "2",
          "传输综合柜",
          "",
          "",
          "",
          "",
          "有",
          "具体以传输专业图纸为准"
        ]
      }
    },
    {
      "id": 76,
      "type": "box",
      "shape": "rect",
      "coord": [
        [
          919.698974609375,
          584.6527099609375
        ],
        [
          977.698974609375,
          755.6527099609375
        ]
      ],
      "rotate": 0,
      "semantic": {
        "element": "机柜",
        "links": []
      },
      "ext": {
        "文字识别结果": [
          ""
        ],
        "门朝向": "up"
      }
    },
    {
      "id": 77,
      "type": "box",
      "shape": "rect",
      "coord": [
        [
          1274.698974609375,
          876.6527099609375
        ],
        [
          1351.698974609375,
          990.6527099609375
        ]
      ],
      "rotate": 0,
      "semantic": {
        "element": "机柜",
        "links": []
      },
      "ext": {
        "文字识别结果": [
          ""
        ],
        "门朝向": "right"
      }
    },
    {
      "id": 78,
      "type": "box",
      "shape": "rect",
      "coord": [
        [
          649.698974609375,
          928.6527099609375
        ],
        [
          669.698974609375,
          988.6527099609375
        ]
      ],
      "rotate": 0,
      "semantic": {
        "element": "普通设备",
        "links": []
      },
      "ext": {
        "文字识别结果": [
          ""
        ]
      }
    },
    {
      "id": 79,
      "type": "box",
      "shape": "rect",
      "coord": [
        [
          648.698974609375,
          992.6527099609375
        ],
        [
          669.698974609375,
          1046.6527099609375
        ]
      ],
      "rotate": 0,
      "semantic": {
        "element": "普通设备",
        "links": []
      },
      "ext": {
        "文字识别结果": [
          ""
        ]
      }
    },
    {
      "id": 80,
      "type": "box",
      "shape": "rect",
      "coord": [
        [
          759.698974609375,
          584.6527099609375
        ],
        [
          823.698974609375,
          606.6527099609375
        ]
      ],
      "rotate": 0,
      "semantic": {
        "element": "普通设备",
        "links": []
      },
      "ext": {
        "文字识别结果": [
          ""
        ]
      }
    },
    {
      "id": 81,
      "type": "box",
      "shape": "rect",
      "coord": [
        [
          895.698974609375,
          992.6527099609375
        ],
        [
          941.698974609375,
          1098.6527099609375
        ]
      ],
      "rotate": 0,
      "semantic": {
        "element": "普通设备",
        "links": []
      },
      "ext": {
        "文字识别结果": [
          "11"
        ],
        "表格匹配结果": [
          "11",
          "LTE",
          "华为",
          "",
          "",
          "",
          "无",
          "配置222安在"
        ]
      }
    },
    {
      "id": 82,
      "type": "box",
      "shape": "rect",
      "coord": [
        [
          823.698974609375,
          1788.6527099609375
        ],
        [
          997.698974609375,
          1824.6527099609375
        ]
      ],
      "rotate": 0,
      "semantic": {
        "element": "普通设备",
        "links": []
      },
      "ext": {
        "文字识别结果": [
          ""
        ]
      }
    },
    {
      "id": 83,
      "type": "box",
      "shape": "rect",
      "coord": [
        [
          993.698974609375,
          1388.6527099609375
        ],
        [
          1101.698974609375,
          1434.6527099609375
        ]
      ],
      "rotate": 0,
      "semantic": {
        "element": "普通设备",
        "links": []
      },
      "ext": {
        "文字识别结果": [
          "BBU"
        ]
      }
    },
    {
      "id": 84,
      "type": "box",
      "shape": "rect",
      "coord": [
        [
          997.698974609375,
          1788.6527099609375
        ],
        [
          1171.698974609375,
          1824.6527099609375
        ]
      ],
      "rotate": 0,
      "semantic": {
        "element": "普通设备",
        "links": []
      },
      "ext": {
        "文字识别结果": [
          ""
        ]
      }
    },
    {
      "id": 85,
      "type": "box",
      "shape": "rect",
      "coord": [
        [
          1149.698974609375,
          1376.6527099609375
        ],
        [
          1246.698974609375,
          1386.6527099609375
        ]
      ],
      "rotate": 0,
      "semantic": {
        "element": "普通设备",
        "links": []
      },
      "ext": {
        "文字识别结果": [
          ""
        ]
      }
    },
    {
      "id": 86,
      "type": "box",
      "shape": "rect",
      "coord": [
        [
          1149.698974609375,
          1384.6527099609375
        ],
        [
          1251.698974609375,
          1434.6527099609375
        ]
      ],
      "rotate": 0,
      "semantic": {
        "element": "普通设备",
        "links": []
      },
      "ext": {
        "文字识别结果": [
          ""
        ]
      }
    },
    {
      "id": 87,
      "type": "box",
      "shape": "rect",
      "coord": [
        [
          1295.698974609375,
          996.6527099609375
        ],
        [
          1341.698974609375,
          1102.6527099609375
        ]
      ],
      "rotate": 0,
      "semantic": {
        "element": "普通设备",
        "links": []
      },
      "ext": {
        "文字识别结果": [
          "20"
        ],
        "表格匹配结果": [
          "20",
          "LTE",
          "爱立信",
          "",
          "",
          "1",
          "新增",
          "置S111.安在新增落地上"
        ]
      }
    },
    {
      "id": 88,
      "type": "box",
      "shape": "rect",
      "coord": [
        [
          1171.698974609375,
          1788.6527099609375
        ],
        [
          1343.698974609375,
          1824.6527099609375
        ]
      ],
      "rotate": 0,
      "semantic": {
        "element": "普通设备",
        "links": []
      },
      "ext": {
        "文字识别结果": [
          ""
        ]
      }
    },
    {
      "id": 89,
      "type": "box",
      "shape": "rect",
      "coord": [
        [
          1303.698974609375,
          758.6527099609375
        ],
        [
          1351.698974609375,
          872.6527099609375
        ]
      ],
      "rotate": 0,
      "semantic": {
        "element": "普通设备",
        "links": []
      },
      "ext": {
        "文字识别结果": [
          "2"
        ],
        "表格匹配结果": [
          "2",
          "传输综合柜",
          "",
          "",
          "",
          "",
          "有",
          "具体以传输专业图纸为准"
        ]
      }
    },
    {
      "id": 90,
      "type": "box",
      "shape": "rect",
      "coord": [
        [
          1274.698974609375,
          1166.6527099609375
        ],
        [
          1351.698974609375,
          1280.6527099609375
        ]
      ],
      "rotate": 0,
      "semantic": {
        "element": "普通设备",
        "links": []
      },
      "ext": {
        "文字识别结果": [
          ""
        ]
      }
    },
    {
      "id": 91,
      "type": "box",
      "shape": "rect",
      "coord": [
        [
          1335.698974609375,
          1420.6527099609375
        ],
        [
          1385.698974609375,
          1434.6527099609375
        ]
      ],
      "rotate": 0,
      "semantic": {
        "element": "普通设备",
        "links": []
      },
      "ext": {
        "文字识别结果": [
          ""
        ]
      }
    },
    {
      "id": 92,
      "type": "box",
      "shape": "rect",
      "coord": [
        [
          1370.698974609375,
          584.6527099609375
        ],
        [
          1449.698974609375,
          614.6527099609375
        ]
      ],
      "rotate": 0,
      "semantic": {
        "element": "普通设备",
        "links": []
      },
      "ext": {
        "文字识别结果": [
          ""
        ]
      }
    },
    {
      "id": 93,
      "type": "box",
      "shape": "rect",
      "coord": [
        [
          1384.698974609375,
          1412.6527099609375
        ],
        [
          1480.698974609375,
          1420.6527099609375
        ]
      ],
      "rotate": 0,
      "semantic": {
        "element": "普通设备",
        "links": []
      },
      "ext": {
        "文字识别结果": [
          ""
        ]
      }
    },
    {
      "id": 94,
      "type": "box",
      "shape": "rect",
      "coord": [
        [
          1385.698974609375,
          1422.6527099609375
        ],
        [
          1481.698974609375,
          1434.6527099609375
        ]
      ],
      "rotate": 0,
      "semantic": {
        "element": "普通设备",
        "links": []
      },
      "ext": {
        "文字识别结果": [
          ""
        ]
      }
    },
    {
      "id": 95,
      "type": "box",
      "shape": "rect",
      "coord": [
        [
          1343.698974609375,
          1788.6527099609375
        ],
        [
          1537.698974609375,
          1824.6527099609375
        ]
      ],
      "rotate": 0,
      "semantic": {
        "element": "普通设备",
        "links": []
      },
      "ext": {
        "文字识别结果": [
          ""
        ]
      }
    },
    {
      "id": 96,
      "type": "box",
      "shape": "rect",
      "coord": [
        [
          1821.698974609375,
          1186.6527099609375
        ],
        [
          1853.698974609375,
          1300.6527099609375
        ]
      ],
      "rotate": 0,
      "semantic": {
        "element": "普通设备",
        "links": []
      },
      "ext": {
        "文字识别结果": [
          ""
        ]
      }
    },
    {
      "id": 97,
      "type": "box",
      "shape": "rect",
      "coord": [
        [
          1751.698974609375,
          1434.6527099609375
        ],
        [
          1853.698974609375,
          1474.6527099609375
        ]
      ],
      "rotate": 0,
      "semantic": {
        "element": "普通设备",
        "links": []
      },
      "ext": {
        "文字识别结果": [
          ""
        ]
      }
    },
    {
      "id": 99,
      "type": "other",
      "shape": "rect",
      "coord": [
        [
          788.56201171875,
          1320.1990356445312
        ],
        [
          962.2230224609375,
          1368.2581787109375
        ]
      ],
      "rotate": 0,
      "semantic": {
        "element": "带指向性文字",
        "links": []
      },
      "ext": {
        "文字识别结果": [
          "1700",
          "用于室分系统"
        ]
      }
    },
    {
      "id": 100,
      "type": "other",
      "shape": "rect",
      "coord": [
        [
          797.0563659667969,
          676.8239135742188
        ],
        [
          899.2797546386719,
          716.2584838867188
        ]
      ],
      "rotate": 0,
      "semantic": {
        "element": "带指向性文字",
        "links": []
      },
      "ext": {
        "文字识别结果": [
          "人",
          "直放站机"
        ]
      }
    },
    {
      "id": 101,
      "type": "other",
      "shape": "rect",
      "coord": [
        [
          1404.0505981445312,
          1082.5473022460938
        ],
        [
          1443.6380615234375,
          1115.827392578125
        ]
      ],
      "rotate": 0,
      "semantic": {
        "element": "带指向性文字",
        "links": []
      },
      "ext": {
        "文字识别结果": [
          "16"
        ]
      }
    },
    {
      "id": 102,
      "type": "other",
      "shape": "rect",
      "coord": [
        [
          1728.7154541015625,
          1146.4302978515625
        ],
        [
          1773.2637939453125,
          1190.4877319335938
        ]
      ],
      "rotate": 0,
      "semantic": {
        "element": "带指向性文字",
        "links": []
      },
      "ext": {
        "文字识别结果": [
          "8"
        ]
      }
    },
    {
      "id": 103,
      "type": "other",
      "shape": "rect",
      "coord": [
        [
          1306.0226440429688,
          642.8272857666016
        ],
        [
          1358.7763671875,
          684.2576904296875
        ]
      ],
      "rotate": 0,
      "semantic": {
        "element": "带指向性文字",
        "links": []
      },
      "ext": {
        "文字识别结果": [
          "22"
        ]
      }
    },
    {
      "id": 104,
      "type": "other",
      "shape": "rect",
      "coord": [
        [
          791.0388793945312,
          1320.1123657226562
        ],
        [
          959.3281860351562,
          1366.3688354492188
        ]
      ],
      "rotate": 0,
      "semantic": {
        "element": "带指向性文字",
        "links": []
      },
      "ext": {
        "文字识别结果": [
          "1700",
          "用于室分系统"
        ]
      }
    },
    {
      "id": 105,
      "type": "other",
      "shape": "rect",
      "coord": [
        [
          1402.292724609375,
          1081.4944458007812
        ],
        [
          1442.3175048828125,
          1116.0076293945312
        ]
      ],
      "rotate": 0,
      "semantic": {
        "element": "带指向性文字",
        "links": []
      },
      "ext": {
        "文字识别结果": [
          "16"
        ]
      }
    },
    {
      "id": 106,
      "type": "other",
      "shape": "rect",
      "coord": [
        [
          797.4868469238281,
          675.9577941894531
        ],
        [
          897.3115844726562,
          716.1992797851562
        ]
      ],
      "rotate": 0,
      "semantic": {
        "element": "带指向性文字",
        "links": []
      },
      "ext": {
        "文字识别结果": [
          "人",
          "直放站机"
        ]
      }
    },
    {
      "id": 107,
      "type": "other",
      "shape": "rect",
      "coord": [
        [
          1727.7860107421875,
          1144.236572265625
        ],
        [
          1772.556396484375,
          1189.9263916015625
        ]
      ],
      "rotate": 0,
      "semantic": {
        "element": "带指向性文字",
        "links": []
      },
      "ext": {
        "文字识别结果": [
          "8"
        ]
      }
    },
    {
      "id": 108,
      "type": "other",
      "shape": "rect",
      "coord": [
        [
          1306.30517578125,
          643.7972106933594
        ],
        [
          1358.02734375,
          682.7596435546875
        ]
      ],
      "rotate": 0,
      "semantic": {
        "element": "带指向性文字",
        "links": []
      },
      "ext": {
        "文字识别结果": [
          "22"
        ]
      }
    },
    {
      "id": 109,
      "type": "other",
      "shape": "rect",
      "coord": [
        [
          1342.7380981445312,
          1375.1493530273438
        ],
        [
          1373.1215209960938,
          1412.0833129882812
        ]
      ],
      "rotate": 0,
      "semantic": {
        "element": "无指向性文字",
        "links": []
      },
      "ext": {
        "文字识别结果": [
          "8"
        ]
      }
    },
    {
      "id": 110,
      "type": "other",
      "shape": "rect",
      "coord": [
        [
          1412.7047729492188,
          1366.2840576171875
        ],
        [
          1450.9154052734375,
          1405.3704223632812
        ]
      ],
      "rotate": 0,
      "semantic": {
        "element": "无指向性文字",
        "links": []
      },
      "ext": {
        "文字识别结果": [
          "6"
        ]
      }
    },
    {
      "id": 111,
      "type": "other",
      "shape": "rect",
      "coord": [
        [
          766.6678466796875,
          613.1833801269531
        ],
        [
          814.1667175292969,
          658.4869384765625
        ]
      ],
      "rotate": 0,
      "semantic": {
        "element": "无指向性文字",
        "links": []
      },
      "ext": {
        "文字识别结果": [
          ""
        ]
      }
    },
    {
      "id": 112,
      "type": "other",
      "shape": "rect",
      "coord": [
        [
          1342.42578125,
          1373.6336669921875
        ],
        [
          1372.4385375976562,
          1411.2080078125
        ]
      ],
      "rotate": 0,
      "semantic": {
        "element": "无指向性文字",
        "links": []
      },
      "ext": {
        "文字识别结果": [
          "8"
        ]
      }
    },
    {
      "id": 113,
      "type": "other",
      "shape": "rect",
      "coord": [
        [
          1411.9791259765625,
          1364.781494140625
        ],
        [
          1450.2301025390625,
          1403.947021484375
        ]
      ],
      "rotate": 0,
      "semantic": {
        "element": "无指向性文字",
        "links": []
      },
      "ext": {
        "文字识别结果": [
          "6"
        ]
      }
    },
    {
      "id": 114,
      "type": "other",
      "shape": "rect",
      "coord": [
        [
          1533.260986328125,
          1782.586669921875
        ],
        [
          1724.346923828125,
          1883.943603515625
        ]
      ],
      "rotate": 0,
      "semantic": {
        "element": "门",
        "links": []
      },
      "ext": {}
    },
    {
      "id": 115,
      "type": "other",
      "shape": "rect",
      "coord": [
        [
          1572.36474609375,
          1433.885498046875
        ],
        [
          1750.776611328125,
          1502.964111328125
        ]
      ],
      "rotate": 0,
      "semantic": {
        "element": "门",
        "links": []
      },
      "ext": {}
    },
    {
      "id": 116,
      "type": "other",
      "shape": "rect",
      "coord": [
        [
          475.9397277832031,
          2649.9501953125
        ],
        [
          556.348388671875,
          2726.21142578125
        ]
      ],
      "rotate": 0,
      "semantic": {
        "element": "图例小图",
        "links": [
          {
            "pair_id": 124,
            "label": "图例文字",
            "distance": 202.24671936035156
          }
        ]
      },
      "ext": {
        "图例归类": "预留设备"
      }
    },
    {
      "id": 117,
      "type": "other",
      "shape": "rect",
      "coord": [
        [
          475.4408264160156,
          2418.813720703125
        ],
        [
          556.2993774414062,
          2497.57275390625
        ]
      ],
      "rotate": 0,
      "semantic": {
        "element": "图例小图",
        "links": [
          {
            "pair_id": 122,
            "label": "图例文字",
            "distance": 200.0206756591797
          }
        ]
      },
      "ext": {
        "图例归类": "新增设备"
      }
    },
    {
      "id": 118,
      "type": "other",
      "shape": "rect",
      "coord": [
        [
          478.1589050292969,
          2538.128662109375
        ],
        [
          552.0640258789062,
          2617.106689453125
        ]
      ],
      "rotate": 0,
      "semantic": {
        "element": "图例小图",
        "links": [
          {
            "pair_id": 123,
            "label": "图例文字",
            "distance": 201.27931213378906
          }
        ]
      },
      "ext": {
        "图例归类": "原有设备"
      }
    },
    {
      "id": 119,
      "type": "table",
      "shape": "rect",
      "coord": [
        [
          2414.380615234375,
          133.1849365234375
        ],
        [
          4017.269287109375,
          1793.360107421875
        ]
      ],
      "rotate": 0,
      "semantic": {
        "element": "物料表",
        "links": []
      },
      "ext": {
        "表格识别结果": [
          [
            "",
            "",
            "规格型号",
            "安尺（WDxH)",
            "单位",
            "薇量",
            "情况",
            ""
          ],
          [
            "1",
            "GSM900",
            "华为DBS3900",
            "",
            "",
            "",
            "有",
            ""
          ],
          [
            "",
            "DCS1800",
            "华为DBS3900",
            "",
            "",
            "",
            "顾有",
            ""
          ],
          [
            "*",
            "WCDMA设备",
            "华为BTS3900",
            "",
            "",
            "",
            "有",
            ""
          ],
          [
            "2",
            "传输综合柜",
            "",
            "",
            "",
            "",
            "有",
            "具体以传输专业图纸为准"
          ],
          [
            "",
            "集成型传输设备",
            "",
            "",
            "",
            "",
            "无",
            "具体从传输专业图纸为准"
          ],
          [
            "3",
            "DDF盒",
            "",
            "",
            "",
            "",
            "有",
            "底迪距地1米"
          ],
          [
            "3",
            "ODF盒",
            "",
            "",
            "",
            "",
            "原有",
            "底距地1.4米"
          ],
          [
            "4",
            "开关电源",
            "",
            "",
            "",
            "",
            "原有",
            ""
          ],
          [
            "5",
            "蓄电池组",
            "",
            "",
            "组",
            "",
            "顾有",
            "使用95m电线"
          ],
          [
            "6",
            "交流配电箱",
            "",
            "",
            "",
            "",
            "顾有",
            "底边地1.4米"
          ],
          [
            "7",
            "柜式空调",
            "",
            "",
            "台",
            "",
            "顾有",
            ""
          ],
          [
            "",
            "空调室外机",
            "",
            "",
            "台",
            "",
            "原有",
            ""
          ],
          [
            "8",
            "环境控制箱",
            "",
            "",
            "",
            "",
            "顾有",
            "底距地1.4米"
          ],
          [
            "6",
            "PI盒",
            "",
            "",
            "",
            "",
            "原有",
            "底边地1.4米"
          ],
          [
            "10",
            "ODF巢",
            "",
            "",
            "",
            "",
            "无",
            ""
          ],
          [
            "11",
            "LTE",
            "华为",
            "",
            "",
            "",
            "无",
            "配置222安在"
          ],
          [
            "12",
            "LTE",
            "华为",
            "",
            "",
            "",
            "无",
            ""
          ],
          [
            "13",
            "WCDMA",
            "",
            "",
            "",
            "",
            "无",
            ""
          ],
          [
            "14",
            "WCDMA",
            "",
            "",
            "",
            "",
            "无",
            ""
          ],
          [
            "15",
            "室内直流防箱",
            "",
            "",
            "",
            "",
            "无",
            "其体置见专业图绸"
          ],
          [
            "18",
            "藩地安樂",
            "",
            "",
            "",
            "1",
            "新增",
            ""
          ],
          [
            "17",
            "市电油机转换箱",
            "",
            "",
            "",
            "",
            "无",
            "安在便发电的位置"
          ],
          [
            "18",
            "一体化开关电源",
            "",
            "",
            "巢",
            "",
            "无",
            "底高（以承重图为准）"
          ],
          [
            "19",
            "一体化电池柜",
            "",
            "",
            "",
            "",
            "无",
            "高（以承重图为准）"
          ],
          [
            "20",
            "LTE",
            "爱立信",
            "",
            "",
            "1",
            "新增",
            "置S111.安在新增落地上"
          ],
          [
            "21",
            "LTE",
            "爱立信",
            "",
            "",
            "",
            "无",
            ""
          ],
          [
            "22",
            "SPD",
            "爱立信",
            "",
            "",
            "1",
            "新增",
            "挂在室内落地安上"
          ]
        ]
      }
    },
    {
      "id": 120,
      "type": "table",
      "shape": "rect",
      "coord": [
        [
          2302.322998046875,
          2570.288818359375
        ],
        [
          4061.1572265625,
          2870.12158203125
        ]
      ],
      "rotate": 0,
      "semantic": {
        "element": "标题栏",
        "links": []
      },
      "ext": {
        "表格识别结果": [
          [
            "",
            "",
            "寓核",
            "",
            "中讯邮电咨询设计院有限公司",
            ""
          ],
          [
            "处主管",
            "",
            "制图",
            "朱高飞",
            "",
            ""
          ],
          [
            "",
            "",
            "",
            "",
            "新华东无线基站机房设备布置平面",
            ""
          ],
          [
            "设计总负责人",
            "",
            "单位",
            "mm",
            "",
            ""
          ],
          [
            "单项负责人",
            "",
            "比侧",
            "1:50",
            "",
            ""
          ],
          [
            "",
            "",
            "",
            "",
            "图号",
            "2013000(GZ)-YDW-000-01"
          ],
          [
            "设计",
            "期",
            "",
            "2014.3.15",
            "",
            ""
          ]
        ]
      }
    },
    {
      "id": 121,
      "type": "other",
      "shape": "rect",
      "coord": [
        [
          223.39077758789062,
          2365.423828125
        ],
        [
          863.2112426757812,
          2784.001953125
        ]
      ],
      "rotate": 0,
      "semantic": {
        "element": "图例",
        "links": []
      },
      "ext": {}
    },
    {
      "id": 122,
      "type": "other",
      "shape": "rect",
      "coord": [
        [
          620.3907775878906,
          2423.423828125
        ],
        [
          811.3907775878906,
          2495.423828125
        ]
      ],
      "rotate": 0,
      "semantic": {
        "element": "图例文字",
        "links": []
      },
      "ext": {
        "文字识别结果": [
          "新增设备"
        ],
        "图例归类": "新增设备"
      }
    },
    {
      "id": 123,
      "type": "other",
      "shape": "rect",
      "coord": [
        [
          621.3907775878906,
          2535.423828125
        ],
        [
          811.3907775878906,
          2614.423828125
        ]
      ],
      "rotate": 0,
      "semantic": {
        "element": "图例文字",
        "links": []
      },
      "ext": {
        "文字识别结果": [
          "已有设备"
        ],
        "图例归类": "原有设备"
      }
    },
    {
      "id": 124,
      "type": "other",
      "shape": "rect",
      "coord": [
        [
          622.3907775878906,
          2649.423828125
        ],
        [
          814.3907775878906,
          2722.423828125
        ]
      ],
      "rotate": 0,
      "semantic": {
        "element": "图例文字",
        "links": []
      },
      "ext": {
        "文字识别结果": [
          "预留机位"
        ],
        "图例归类": "预留设备"
      }
    },
    {
      "id": 125,
      "type": "other",
      "shape": "rect",
      "coord": [
        [
          1001.4595947265625,
          264.9857177734375
        ],
        [
          1291.9046630859375,
          351.3828125
        ]
      ],
      "rotate": 0,
      "semantic": {
        "element": "建北磁北(夹角)",
        "links": []
      },
      "ext": {
        "文字识别结果": [
          "N"
        ],
        "文字位置": [
          [
            [
              1234.4595947265625,
              253.9857177734375
            ],
            [
              1295.4595947265625,
              305.9857177734375
            ]
          ]
        ],
        "顶点位置": [
          [
            1004.2720947265625,
            331.1539420725029
          ],
          [
            1201.1470947265625,
            292.68665235287676
          ],
          [
            1026.1470947265625,
            331.1539420725029
          ],
          [
            1272.2408447265625,
            336.64926917530664
          ]
        ]
      }
    },
    {
      "id": 126,
      "type": "other",
      "shape": "rect",
      "coord": [
        [
          2308.399169921875,
          1938.6875
        ],
        [
          3570.540771484375,
          2415.569580078125
        ]
      ],
      "rotate": 0,
      "semantic": {
        "element": "说明文字",
        "links": []
      },
      "ext": {
        "文字识别结果": [
          "施工说明：",
          "1.本站为LTE新建站,利旧原有装修机房，净高3000，机房在1层",
          "LTE使用爱立信分布式设备，配置为S1/1/1；",
          "BBU安装在机房内新增落地安装架，RRU安装在：",
          "2.施工时机柜预留尺寸为参考尺寸，以实际订货尺寸为准：",
          "3.基站地址：花都区新华镇石塘村西瓜岭"
        ]
      }
    }
  ]
}