{
  "info": {
    "像素面积": {
      "全部面积": 1948200.0,
      "设备面积": 145862.0,
      "剩余面积": 1802338.0
    },
    "图纸信息": {
      "类型": "机房",
      "名称": "285.png"
    }
  },
  "obj": [
    {
      "id": 1,
      "type": "outline",
      "shape": "polyline",
      "coord": [
        [
          515.3366088867188,
          1682.784423828125
        ],
        [
          1017.3366088867188,
          1686.784423828125
        ],
        [
          555.3366088867188,
          1644.784423828125
        ],
        [
          1017.3366088867188,
          1644.784423828125
        ],
        [
          1017.3366088867188,
          1682.784423828125
        ],
        [
          1207.3366088867188,
          1642.784423828125
        ],
        [
          1323.3366088867188,
          1642.784423828125
        ],
        [
          1207.3366088867188,
          1682.784423828125
        ],
        [
          1363.3366088867188,
          1686.784423828125
        ],
        [
          515.3366088867188,
          538.784423828125
        ],
        [
          515.3366088867188,
          1686.784423828125
        ],
        [
          1363.3366088867188,
          687.784423828125
        ],
        [
          1363.3366088867188,
          1686.784423828125
        ],
        [
          1319.3366088867188,
          720.784423828125
        ],
        [
          1323.3366088867188,
          1642.784423828125
        ],
        [
          555.3366088867188,
          1642.784423828125
        ],
        [
          555.3366088867188,
          1644.784423828125
        ],
        [
          1206.3366088867188,
          1642.784423828125
        ],
        [
          1206.3366088867188,
          1686.784423828125
        ]
      ],
      "rotate": 0,
      "semantic": {
        "element": "墙轮廓",
        "path": [
          "0, 1",
          "2, 3, 4",
          "5, 6",
          "7, 8",
          "9, 10",
          "11, 12",
          "13, 14",
          "15, 16",
          "17, 18"
        ],
        "links": []
      },
      "ext": {}
    },
    {
      "id": 2,
      "type": "outline",
      "shape": "polyline",
      "coord": [
        [
          513.3366088867188,
          540.784423828125
        ],
        [
          515.3366088867188,
          540.784423828125
        ],
        [
          513.3366088867188,
          1684.784423828125
        ],
        [
          515.3366088867188,
          1684.784423828125
        ],
        [
          1015.3366088867188,
          1684.784423828125
        ],
        [
          555.3366088867188,
          1644.784423828125
        ],
        [
          1015.3366088867188,
          1644.784423828125
        ],
        [
          1015.3366088867188,
          1684.784423828125
        ],
        [
          1205.3366088867188,
          1644.784423828125
        ],
        [
          1323.3366088867188,
          1644.784423828125
        ],
        [
          1323.3366088867188,
          718.784423828125
        ],
        [
          1325.3366088867188,
          718.784423828125
        ],
        [
          1325.3366088867188,
          1644.784423828125
        ],
        [
          1209.3366088867188,
          1684.784423828125
        ],
        [
          1363.3366088867188,
          1684.784423828125
        ],
        [
          1363.3366088867188,
          686.784423828125
        ],
        [
          1363.3366088867188,
          1684.784423828125
        ],
        [
          1209.3366088867188,
          1644.784423828125
        ],
        [
          1205.3366088867188,
          1684.784423828125
        ]
      ],
      "rotate": 0,
      "semantic": {
        "element": "墙轮廓",
        "path": [
          "0, 1, 2",
          "3, 4",
          "5, 6, 7",
          "8, 9",
          "10, 11, 12",
          "13, 14",
          "15, 16",
          "17, 18"
        ],
        "links": []
      },
      "ext": {}
    },
    {
      "id": 2,
      "type": "polyline",
      "shape": "polyline",
      "coord": [
        [
          411.33660888671875,
          582.784423828125
        ],
        [
          411.33660888671875,
          1646.784423828125
        ]
      ],
      "rotate": 0,
      "semantic": {
        "element": "标尺",
        "links": []
      },
      "ext": {
        "文字识别结果": [
          "5500"
        ]
      }
    },
    {
      "id": 3,
      "type": "polyline",
      "shape": "polyline",
      "coord": [
        [
          1235.3366088867188,
          1588.784423828125
        ],
        [
          1235.3366088867188,
          1644.784423828125
        ]
      ],
      "rotate": 0,
      "semantic": {
        "element": "标尺",
        "links": []
      },
      "ext": {
        "文字识别结果": [
          "b0善"
        ]
      }
    },
    {
      "id": 4,
      "type": "polyline",
      "shape": "polyline",
      "coord": [
        [
          553.3366088867188,
          478.784423828125
        ],
        [
          1327.3366088867188,
          478.784423828125
        ]
      ],
      "rotate": 0,
      "semantic": {
        "element": "标尺",
        "links": []
      },
      "ext": {
        "文字识别结果": [
          "4000"
        ]
      }
    },
    {
      "id": 5,
      "type": "box",
      "shape": "rect",
      "coord": [
        [
          775.3366088867188,
          930.784423828125
        ],
        [
          891.3366088867188,
          1016.784423828125
        ]
      ],
      "rotate": 0,
      "semantic": {
        "element": "机柜",
        "links": []
      },
      "ext": {
        "文字识别结果": [
          "1"
        ],
        "门朝向": "up",
        "表格匹配结果": [
          "1",
          "GSM900机柜",
          "",
          "600x450x900",
          "樂",
          "",
          "原有",
          ""
        ]
      }
    },
    {
      "id": 6,
      "type": "box",
      "shape": "rect",
      "coord": [
        [
          555.3366088867188,
          1302.784423828125
        ],
        [
          597.3366088867188,
          1382.784423828125
        ]
      ],
      "rotate": 0,
      "semantic": {
        "element": "普通设备",
        "links": []
      },
      "ext": {
        "文字识别结果": [
          ""
        ]
      }
    },
    {
      "id": 7,
      "type": "box",
      "shape": "rect",
      "coord": [
        [
          709.3366088867188,
          1289.784423828125
        ],
        [
          823.3366088867188,
          1370.784423828125
        ]
      ],
      "rotate": 0,
      "semantic": {
        "element": "普通设备",
        "links": []
      },
      "ext": {
        "文字识别结果": [
          ""
        ]
      }
    },
    {
      "id": 8,
      "type": "box",
      "shape": "rect",
      "coord": [
        [
          775.3366088867188,
          1018.784423828125
        ],
        [
          891.3366088867188,
          1096.784423828125
        ]
      ],
      "rotate": 0,
      "semantic": {
        "element": "普通设备",
        "links": []
      },
      "ext": {
        "文字识别结果": [
          "1*"
        ],
        "表格匹配结果": [
          "1*",
          "WCDMA机柜",
          "华为BTS3900",
          "600x450x90",
          "",
          "",
          "原有",
          ""
        ]
      }
    },
    {
      "id": 9,
      "type": "box",
      "shape": "rect",
      "coord": [
        [
          803.3366088867188,
          1620.784423828125
        ],
        [
          899.3366088867188,
          1630.784423828125
        ]
      ],
      "rotate": 0,
      "semantic": {
        "element": "普通设备",
        "links": []
      },
      "ext": {
        "文字识别结果": [
          ""
        ]
      }
    },
    {
      "id": 10,
      "type": "box",
      "shape": "rect",
      "coord": [
        [
          803.3366088867188,
          1632.784423828125
        ],
        [
          899.3366088867188,
          1642.784423828125
        ]
      ],
      "rotate": 0,
      "semantic": {
        "element": "普通设备",
        "links": []
      },
      "ext": {
        "文字识别结果": [
          ""
        ]
      }
    },
    {
      "id": 11,
      "type": "box",
      "shape": "rect",
      "coord": [
        [
          822.3366088867188,
          1322.784423828125
        ],
        [
          937.3366088867188,
          1370.784423828125
        ]
      ],
      "rotate": 0,
      "semantic": {
        "element": "普通设备",
        "links": []
      },
      "ext": {
        "文字识别结果": [
          "2"
        ],
        "表格匹配结果": [
          "2",
          "传输机柜",
          "",
          "",
          "",
          "",
          "原有",
          ""
        ]
      }
    },
    {
      "id": 12,
      "type": "box",
      "shape": "rect",
      "coord": [
        [
          899.3366088867188,
          1628.784423828125
        ],
        [
          947.3366088867188,
          1642.784423828125
        ]
      ],
      "rotate": 0,
      "semantic": {
        "element": "普通设备",
        "links": []
      },
      "ext": {
        "文字识别结果": [
          ""
        ]
      }
    },
    {
      "id": 13,
      "type": "box",
      "shape": "rect",
      "coord": [
        [
          891.3366088867188,
          990.784423828125
        ],
        [
          1012.3366088867188,
          1095.784423828125
        ]
      ],
      "rotate": 0,
      "semantic": {
        "element": "普通设备",
        "links": []
      },
      "ext": {
        "文字识别结果": [
          "4"
        ],
        "表格匹配结果": [
          "4",
          "开关电源",
          "",
          "",
          "樂",
          "",
          "原有",
          ""
        ]
      }
    },
    {
      "id": 14,
      "type": "box",
      "shape": "rect",
      "coord": [
        [
          963.3366088867188,
          1314.784423828125
        ],
        [
          1033.3366088867188,
          1366.784423828125
        ]
      ],
      "rotate": 0,
      "semantic": {
        "element": "普通设备",
        "links": []
      },
      "ext": {
        "文字识别结果": [
          ""
        ]
      }
    },
    {
      "id": 15,
      "type": "box",
      "shape": "rect",
      "coord": [
        [
          1013.3366088867188,
          1045.784423828125
        ],
        [
          1124.3366088867188,
          1096.784423828125
        ]
      ],
      "rotate": 0,
      "semantic": {
        "element": "普通设备",
        "links": []
      },
      "ext": {
        "文字识别结果": [
          "微波架"
        ]
      }
    },
    {
      "id": 16,
      "type": "box",
      "shape": "rect",
      "coord": [
        [
          1125.3366088867188,
          1046.784423828125
        ],
        [
          1242.3366088867188,
          1096.784423828125
        ]
      ],
      "rotate": 0,
      "semantic": {
        "element": "普通设备",
        "links": []
      },
      "ext": {
        "文字识别结果": [
          "2"
        ],
        "表格匹配结果": [
          "2",
          "传输机柜",
          "",
          "",
          "",
          "",
          "原有",
          ""
        ]
      }
    },
    {
      "id": 17,
      "type": "box",
      "shape": "rect",
      "coord": [
        [
          1246.3366088867188,
          820.784423828125
        ],
        [
          1259.3366088867188,
          1028.784423828125
        ]
      ],
      "rotate": 0,
      "semantic": {
        "element": "普通设备",
        "links": []
      },
      "ext": {
        "文字识别结果": [
          ""
        ]
      }
    },
    {
      "id": 18,
      "type": "box",
      "shape": "rect",
      "coord": [
        [
          1299.3366088867188,
          1204.784423828125
        ],
        [
          1311.3366088867188,
          1258.784423828125
        ]
      ],
      "rotate": 0,
      "semantic": {
        "element": "普通设备",
        "links": []
      },
      "ext": {
        "文字识别结果": [
          ""
        ]
      }
    },
    {
      "id": 19,
      "type": "box",
      "shape": "rect",
      "coord": [
        [
          1302.3366088867188,
          981.784423828125
        ],
        [
          1319.3366088867188,
          1029.784423828125
        ]
      ],
      "rotate": 0,
      "semantic": {
        "element": "普通设备",
        "links": []
      },
      "ext": {
        "文字识别结果": [
          ""
        ]
      }
    },
    {
      "id": 20,
      "type": "box",
      "shape": "rect",
      "coord": [
        [
          1311.3366088867188,
          922.784423828125
        ],
        [
          1323.3366088867188,
          978.784423828125
        ]
      ],
      "rotate": 0,
      "semantic": {
        "element": "普通设备",
        "links": []
      },
      "ext": {
        "文字识别结果": [
          ""
        ]
      }
    },
    {
      "id": 21,
      "type": "box",
      "shape": "rect",
      "coord": [
        [
          1310.3366088867188,
          1203.784423828125
        ],
        [
          1323.3366088867188,
          1258.784423828125
        ]
      ],
      "rotate": 0,
      "semantic": {
        "element": "普通设备",
        "links": []
      },
      "ext": {
        "文字识别结果": [
          ""
        ]
      }
    },
    {
      "id": 22,
      "type": "box",
      "shape": "rect",
      "coord": [
        [
          1303.3366088867188,
          1258.784423828125
        ],
        [
          1323.3366088867188,
          1310.784423828125
        ]
      ],
      "rotate": 0,
      "semantic": {
        "element": "普通设备",
        "links": []
      },
      "ext": {
        "文字识别结果": [
          ""
        ]
      }
    },
    {
      "id": 23,
      "type": "polyline",
      "shape": "polyline",
      "coord": [
        [
          1233.3366088867188,
          1584.784423828125
        ],
        [
          1233.3366088867188,
          1644.784423828125
        ]
      ],
      "rotate": 0,
      "semantic": {
        "element": "标尺",
        "links": []
      },
      "ext": {
        "文字识别结果": [
          "b0喜"
        ]
      }
    },
    {
      "id": 24,
      "type": "polyline",
      "shape": "polyline",
      "coord": [
        [
          555.3366088867188,
          480.784423828125
        ],
        [
          1325.3366088867188,
          480.784423828125
        ]
      ],
      "rotate": 0,
      "semantic": {
        "element": "标尺",
        "links": []
      },
      "ext": {
        "文字识别结果": [
          "4000"
        ]
      }
    },
    {
      "id": 25,
      "type": "box",
      "shape": "rect",
      "coord": [
        [
          707.3366088867188,
          1292.784423828125
        ],
        [
          825.3366088867188,
          1378.784423828125
        ]
      ],
      "rotate": 0,
      "semantic": {
        "element": "机柜",
        "links": []
      },
      "ext": {
        "文字识别结果": [
          ""
        ],
        "门朝向": "down"
      }
    },
    {
      "id": 26,
      "type": "box",
      "shape": "rect",
      "coord": [
        [
          825.3366088867188,
          1320.784423828125
        ],
        [
          938.3366088867188,
          1380.784423828125
        ]
      ],
      "rotate": 0,
      "semantic": {
        "element": "机柜",
        "links": []
      },
      "ext": {
        "文字识别结果": [
          "2"
        ],
        "门朝向": "down",
        "表格匹配结果": [
          "2",
          "传输机柜",
          "",
          "",
          "",
          "",
          "原有",
          ""
        ]
      }
    },
    {
      "id": 27,
      "type": "box",
      "shape": "rect",
      "coord": [
        [
          555.3366088867188,
          1303.784423828125
        ],
        [
          595.3366088867188,
          1380.784423828125
        ]
      ],
      "rotate": 0,
      "semantic": {
        "element": "普通设备",
        "links": []
      },
      "ext": {
        "文字识别结果": [
          ""
        ]
      }
    },
    {
      "id": 28,
      "type": "box",
      "shape": "rect",
      "coord": [
        [
          776.3366088867188,
          932.784423828125
        ],
        [
          889.3366088867188,
          1018.784423828125
        ]
      ],
      "rotate": 0,
      "semantic": {
        "element": "普通设备",
        "links": []
      },
      "ext": {
        "文字识别结果": [
          "1"
        ],
        "表格匹配结果": [
          "1",
          "GSM900机柜",
          "",
          "600x450x900",
          "樂",
          "",
          "原有",
          ""
        ]
      }
    },
    {
      "id": 29,
      "type": "box",
      "shape": "rect",
      "coord": [
        [
          777.3366088867188,
          1018.784423828125
        ],
        [
          889.3366088867188,
          1094.784423828125
        ]
      ],
      "rotate": 0,
      "semantic": {
        "element": "普通设备",
        "links": []
      },
      "ext": {
        "文字识别结果": [
          "1*"
        ],
        "表格匹配结果": [
          "1*",
          "WCDMA机柜",
          "华为BTS3900",
          "600x450x90",
          "",
          "",
          "原有",
          ""
        ]
      }
    },
    {
      "id": 30,
      "type": "box",
      "shape": "rect",
      "coord": [
        [
          801.3366088867188,
          1632.784423828125
        ],
        [
          897.3366088867188,
          1644.784423828125
        ]
      ],
      "rotate": 0,
      "semantic": {
        "element": "普通设备",
        "links": []
      },
      "ext": {
        "文字识别结果": [
          ""
        ]
      }
    },
    {
      "id": 31,
      "type": "box",
      "shape": "rect",
      "coord": [
        [
          897.3366088867188,
          1628.784423828125
        ],
        [
          947.3366088867188,
          1644.784423828125
        ]
      ],
      "rotate": 0,
      "semantic": {
        "element": "普通设备",
        "links": []
      },
      "ext": {
        "文字识别结果": [
          ""
        ]
      }
    },
    {
      "id": 32,
      "type": "box",
      "shape": "rect",
      "coord": [
        [
          889.3366088867188,
          988.784423828125
        ],
        [
          1011.3366088867188,
          1094.784423828125
        ]
      ],
      "rotate": 0,
      "semantic": {
        "element": "普通设备",
        "links": []
      },
      "ext": {
        "文字识别结果": [
          "4"
        ],
        "表格匹配结果": [
          "4",
          "开关电源",
          "",
          "",
          "樂",
          "",
          "原有",
          ""
        ]
      }
    },
    {
      "id": 33,
      "type": "box",
      "shape": "rect",
      "coord": [
        [
          963.3366088867188,
          1316.784423828125
        ],
        [
          1035.3366088867188,
          1364.784423828125
        ]
      ],
      "rotate": 0,
      "semantic": {
        "element": "普通设备",
        "links": []
      },
      "ext": {
        "文字识别结果": [
          ""
        ]
      }
    },
    {
      "id": 34,
      "type": "box",
      "shape": "rect",
      "coord": [
        [
          1011.3366088867188,
          1046.784423828125
        ],
        [
          1125.3366088867188,
          1094.784423828125
        ]
      ],
      "rotate": 0,
      "semantic": {
        "element": "普通设备",
        "links": []
      },
      "ext": {
        "文字识别结果": [
          "微波架"
        ]
      }
    },
    {
      "id": 35,
      "type": "box",
      "shape": "rect",
      "coord": [
        [
          1127.3366088867188,
          1046.784423828125
        ],
        [
          1241.3366088867188,
          1094.784423828125
        ]
      ],
      "rotate": 0,
      "semantic": {
        "element": "普通设备",
        "links": []
      },
      "ext": {
        "文字识别结果": [
          "2"
        ],
        "表格匹配结果": [
          "2",
          "传输机柜",
          "",
          "",
          "",
          "",
          "原有",
          ""
        ]
      }
    },
    {
      "id": 36,
      "type": "box",
      "shape": "rect",
      "coord": [
        [
          1301.3366088867188,
          924.784423828125
        ],
        [
          1309.3366088867188,
          978.784423828125
        ]
      ],
      "rotate": 0,
      "semantic": {
        "element": "普通设备",
        "links": []
      },
      "ext": {
        "文字识别结果": [
          ""
        ]
      }
    },
    {
      "id": 37,
      "type": "box",
      "shape": "rect",
      "coord": [
        [
          1301.3366088867188,
          1202.784423828125
        ],
        [
          1309.3366088867188,
          1260.784423828125
        ]
      ],
      "rotate": 0,
      "semantic": {
        "element": "普通设备",
        "links": []
      },
      "ext": {
        "文字识别结果": [
          ""
        ]
      }
    },
    {
      "id": 38,
      "type": "box",
      "shape": "rect",
      "coord": [
        [
          1301.3366088867188,
          1260.784423828125
        ],
        [
          1311.3366088867188,
          1308.784423828125
        ]
      ],
      "rotate": 0,
      "semantic": {
        "element": "普通设备",
        "links": []
      },
      "ext": {
        "文字识别结果": [
          ""
        ]
      }
    },
    {
      "id": 39,
      "type": "box",
      "shape": "rect",
      "coord": [
        [
          1301.3366088867188,
          980.784423828125
        ],
        [
          1316.3366088867188,
          1029.784423828125
        ]
      ],
      "rotate": 0,
      "semantic": {
        "element": "普通设备",
        "links": []
      },
      "ext": {
        "文字识别结果": [
          ""
        ]
      }
    },
    {
      "id": 40,
      "type": "box",
      "shape": "rect",
      "coord": [
        [
          1309.3366088867188,
          924.784423828125
        ],
        [
          1323.3366088867188,
          978.784423828125
        ]
      ],
      "rotate": 0,
      "semantic": {
        "element": "普通设备",
        "links": []
      },
      "ext": {
        "文字识别结果": [
          ""
        ]
      }
    },
    {
      "id": 41,
      "type": "box",
      "shape": "rect",
      "coord": [
        [
          1309.3366088867188,
          1202.784423828125
        ],
        [
          1323.3366088867188,
          1260.784423828125
        ]
      ],
      "rotate": 0,
      "semantic": {
        "element": "普通设备",
        "links": []
      },
      "ext": {
        "文字识别结果": [
          ""
        ]
      }
    },
    {
      "id": 42,
      "type": "box",
      "shape": "rect",
      "coord": [
        [
          1313.3366088867188,
          1260.784423828125
        ],
        [
          1323.3366088867188,
          1308.784423828125
        ]
      ],
      "rotate": 0,
      "semantic": {
        "element": "普通设备",
        "links": []
      },
      "ext": {
        "文字识别结果": [
          ""
        ]
      }
    },
    {
      "id": 44,
      "type": "other",
      "shape": "rect",
      "coord": [
        [
          889.088134765625,
          1199.9508056640625
        ],
        [
          1014.0402221679688,
          1245.100830078125
        ]
      ],
      "rotate": 0,
      "semantic": {
        "element": "带指向性文字",
        "links": []
      },
      "ext": {
        "文字识别结果": [
          "11/11"
        ]
      }
    },
    {
      "id": 45,
      "type": "other",
      "shape": "rect",
      "coord": [
        [
          1073.8502807617188,
          1408.3572387695312
        ],
        [
          1123.6217651367188,
          1447.5826416015625
        ]
      ],
      "rotate": 0,
      "semantic": {
        "element": "带指向性文字",
        "links": []
      },
      "ext": {
        "文字识别结果": [
          "13"
        ]
      }
    },
    {
      "id": 46,
      "type": "other",
      "shape": "rect",
      "coord": [
        [
          578.6499633789062,
          1211.0147705078125
        ],
        [
          745.775146484375,
          1250.6754760742188
        ]
      ],
      "rotate": 0,
      "semantic": {
        "element": "带指向性文字",
        "links": []
      },
      "ext": {
        "文字识别结果": [
          "CDMA直放站"
        ]
      }
    },
    {
      "id": 47,
      "type": "other",
      "shape": "rect",
      "coord": [
        [
          891.1436767578125,
          1198.0520629882812
        ],
        [
          1011.4407348632812,
          1244.617919921875
        ]
      ],
      "rotate": 0,
      "semantic": {
        "element": "带指向性文字",
        "links": []
      },
      "ext": {
        "文字识别结果": [
          "11/11'"
        ]
      }
    },
    {
      "id": 48,
      "type": "other",
      "shape": "rect",
      "coord": [
        [
          1073.4132690429688,
          1409.2249755859375
        ],
        [
          1125.2098999023438,
          1447.905517578125
        ]
      ],
      "rotate": 0,
      "semantic": {
        "element": "带指向性文字",
        "links": []
      },
      "ext": {
        "文字识别结果": [
          "13"
        ]
      }
    },
    {
      "id": 49,
      "type": "other",
      "shape": "rect",
      "coord": [
        [
          581.1950073242188,
          1210.2283325195312
        ],
        [
          743.3739624023438,
          1250.193603515625
        ]
      ],
      "rotate": 0,
      "semantic": {
        "element": "带指向性文字",
        "links": []
      },
      "ext": {
        "文字识别结果": [
          "CDMA直放站"
        ]
      }
    },
    {
      "id": 50,
      "type": "other",
      "shape": "rect",
      "coord": [
        [
          909.7608642578125,
          1579.8162841796875
        ],
        [
          942.2208251953125,
          1616.9219970703125
        ]
      ],
      "rotate": 0,
      "semantic": {
        "element": "无指向性文字",
        "links": []
      },
      "ext": {
        "文字识别结果": [
          "8"
        ]
      }
    },
    {
      "id": 51,
      "type": "other",
      "shape": "rect",
      "coord": [
        [
          830.2114868164062,
          1575.7183837890625
        ],
        [
          865.1264038085938,
          1614.6558837890625
        ]
      ],
      "rotate": 0,
      "semantic": {
        "element": "无指向性文字",
        "links": []
      },
      "ext": {
        "文字识别结果": [
          "6"
        ]
      }
    },
    {
      "id": 52,
      "type": "other",
      "shape": "rect",
      "coord": [
        [
          910.0531616210938,
          1580.0494384765625
        ],
        [
          941.3743896484375,
          1616.748291015625
        ]
      ],
      "rotate": 0,
      "semantic": {
        "element": "无指向性文字",
        "links": []
      },
      "ext": {
        "文字识别结果": [
          "8"
        ]
      }
    },
    {
      "id": 53,
      "type": "other",
      "shape": "rect",
      "coord": [
        [
          829.721435546875,
          1574.315185546875
        ],
        [
          866.6741333007812,
          1614.93310546875
        ]
      ],
      "rotate": 0,
      "semantic": {
        "element": "无指向性文字",
        "links": []
      },
      "ext": {
        "文字识别结果": [
          "6"
        ]
      }
    },
    {
      "id": 54,
      "type": "other",
      "shape": "rect",
      "coord": [
        [
          1011.989990234375,
          1641.249755859375
        ],
        [
          1161.3851318359375,
          1707.455078125
        ]
      ],
      "rotate": 0,
      "semantic": {
        "element": "门",
        "links": []
      },
      "ext": {}
    },
    {
      "id": 55,
      "type": "other",
      "shape": "rect",
      "coord": [
        [
          444.5366516113281,
          2735.325927734375
        ],
        [
          521.3666381835938,
          2809.60888671875
        ]
      ],
      "rotate": 0,
      "semantic": {
        "element": "图例小图",
        "links": [
          {
            "pair_id": 63,
            "label": "图例文字",
            "distance": 198.56011962890625
          }
        ]
      },
      "ext": {
        "图例归类": "预留设备"
      }
    },
    {
      "id": 56,
      "type": "other",
      "shape": "rect",
      "coord": [
        [
          445.35009765625,
          2625.185302734375
        ],
        [
          521.7868041992188,
          2698.0234375
        ]
      ],
      "rotate": 0,
      "semantic": {
        "element": "图例小图",
        "links": [
          {
            "pair_id": 62,
            "label": "图例文字",
            "distance": 197.4433135986328
          }
        ]
      },
      "ext": {
        "图例归类": "原有设备"
      }
    },
    {
      "id": 57,
      "type": "other",
      "shape": "rect",
      "coord": [
        [
          440.8038635253906,
          2505.894287109375
        ],
        [
          521.859130859375,
          2582.638916015625
        ]
      ],
      "rotate": 0,
      "semantic": {
        "element": "图例小图",
        "links": [
          {
            "pair_id": 61,
            "label": "图例文字",
            "distance": 196.68026733398438
          }
        ]
      },
      "ext": {
        "图例归类": "新增设备"
      }
    },
    {
      "id": 58,
      "type": "table",
      "shape": "rect",
      "coord": [
        [
          1883.8756103515625,
          163.6507568359375
        ],
        [
          3957.5869140625,
          1994.235595703125
        ]
      ],
      "rotate": 0,
      "semantic": {
        "element": "物料表",
        "links": []
      },
      "ext": {
        "表格识别结果": [
          [
            "",
            "名",
            "规格型号",
            "安装尽",
            "单位",
            "数量",
            "情况",
            ""
          ],
          [
            "1",
            "GSM900机柜",
            "",
            "600x450x900",
            "樂",
            "",
            "原有",
            ""
          ],
          [
            "",
            "DCS1800机柜",
            "华为BTS3900",
            "600x450x900",
            "樂",
            "",
            "原有",
            ""
          ],
          [
            "",
            "CDMA机柜",
            "",
            "",
            "樂",
            "",
            "无",
            ""
          ],
          [
            "1*",
            "WCDMA机柜",
            "华为BTS3900",
            "600x450x90",
            "",
            "",
            "原有",
            ""
          ],
          [
            "2",
            "传输机柜",
            "",
            "",
            "",
            "",
            "原有",
            ""
          ],
          [
            "3",
            "DDF盒",
            "",
            "",
            "个",
            "",
            "原有",
            ""
          ],
          [
            "3",
            "ODF盒",
            "GPX306",
            "",
            "个",
            "",
            "原有",
            ""
          ],
          [
            "4",
            "开关电源",
            "",
            "",
            "樂",
            "",
            "原有",
            ""
          ],
          [
            "5",
            "蓄电池组",
            "",
            "",
            "组",
            "",
            "原有",
            ""
          ],
          [
            "6",
            "交流配电箱",
            "SACB-1",
            "",
            "个",
            "",
            "原有",
            ""
          ],
          [
            "6",
            "直流配电箱",
            "",
            "",
            "个",
            "",
            "无",
            ""
          ],
          [
            "",
            "柜式空调",
            "",
            "",
            "台",
            "",
            "原有",
            ""
          ],
          [
            "",
            "空调室外机",
            "",
            "",
            "台",
            "",
            "原有",
            ""
          ],
          [
            "8",
            "环境控制箱",
            "BCP-1",
            "",
            "个",
            "",
            "原有",
            ""
          ],
          [
            "9",
            "",
            "",
            "",
            "个",
            "",
            "原有",
            ""
          ],
          [
            "10",
            "ODF樂",
            "",
            "",
            "巢",
            "",
            "无",
            ""
          ],
          [
            "11",
            "WCDMA",
            "龙水口村",
            "247x556x410",
            "个",
            "",
            "原有",
            "配置：S11安装13内"
          ],
          [
            "11",
            "LTE",
            "爱信龙洞水口村",
            "",
            "",
            "1",
            "新增",
            "配置：S11.安13内"
          ],
          [
            "12",
            "LTE",
            "",
            "",
            "个",
            "",
            "无",
            ""
          ],
          [
            "13",
            "落地式安装巢",
            "",
            "",
            "",
            "",
            "原有",
            ""
          ],
          [
            "14",
            "L型支巢",
            "",
            "",
            "巢",
            "",
            "无",
            ""
          ],
          [
            "15",
            "中达一体化电池柜",
            "",
            "",
            "栗",
            "",
            "无",
            ""
          ],
          [
            "16",
            "中达一体化电源柜",
            "",
            "",
            "",
            "",
            "无",
            ""
          ]
        ]
      }
    },
    {
      "id": 59,
      "type": "table",
      "shape": "rect",
      "coord": [
        [
          2297.730712890625,
          2571.5478515625
        ],
        [
          4051.855224609375,
          2869.447265625
        ]
      ],
      "rotate": 0,
      "semantic": {
        "element": "标题栏",
        "links": []
      },
      "ext": {
        "表格识别结果": [
          [
            "",
            "寓核",
            "",
            "中讯邮电询设计院有限公司",
            ""
          ],
          [
            "处主管",
            "制图",
            "",
            "",
            ""
          ],
          [
            "",
            "",
            "",
            "龙水村（）无线基站机房设备布置平面",
            ""
          ],
          [
            "设计总负责人",
            "单位",
            "mm",
            "",
            ""
          ],
          [
            "单项负责人",
            "比彻",
            "1:50",
            "",
            ""
          ],
          [
            "",
            "",
            "",
            "图号",
            "2013000（GZ)-YDW-000-01"
          ],
          [
            "设计",
            "期",
            "2014.6.3",
            "",
            ""
          ]
        ]
      }
    },
    {
      "id": 60,
      "type": "other",
      "shape": "rect",
      "coord": [
        [
          187.5117645263672,
          2455.430908203125
        ],
        [
          828.7332153320312,
          2857.204345703125
        ]
      ],
      "rotate": 0,
      "semantic": {
        "element": "图例",
        "links": []
      },
      "ext": {}
    },
    {
      "id": 61,
      "type": "other",
      "shape": "rect",
      "coord": [
        [
          581.5117645263672,
          2507.430908203125
        ],
        [
          774.5117645263672,
          2582.430908203125
        ]
      ],
      "rotate": 0,
      "semantic": {
        "element": "图例文字",
        "links": []
      },
      "ext": {
        "文字识别结果": [
          "新增设备"
        ],
        "图例归类": "新增设备"
      }
    },
    {
      "id": 62,
      "type": "other",
      "shape": "rect",
      "coord": [
        [
          584.5117645263672,
          2624.430908203125
        ],
        [
          777.5117645263672,
          2699.430908203125
        ]
      ],
      "rotate": 0,
      "semantic": {
        "element": "图例文字",
        "links": []
      },
      "ext": {
        "文字识别结果": [
          "已有设备"
        ],
        "图例归类": "原有设备"
      }
    },
    {
      "id": 63,
      "type": "other",
      "shape": "rect",
      "coord": [
        [
          584.5117645263672,
          2733.430908203125
        ],
        [
          778.5117645263672,
          2809.430908203125
        ]
      ],
      "rotate": 0,
      "semantic": {
        "element": "图例文字",
        "links": []
      },
      "ext": {
        "文字识别结果": [
          "预留机位"
        ],
        "图例归类": "预留设备"
      }
    },
    {
      "id": 64,
      "type": "other",
      "shape": "rect",
      "coord": [
        [
          723.21630859375,
          201.2181396484375
        ],
        [
          1002.1000366210938,
          386.2747802734375
        ]
      ],
      "rotate": 0,
      "semantic": {
        "element": "建北磁北(夹角)",
        "links": []
      },
      "ext": {
        "文字识别结果": [
          "N"
        ],
        "文字位置": [
          [
            [
              720.21630859375,
              215.2181396484375
            ],
            [
              773.21630859375,
              269.2181396484375
            ]
          ]
        ],
        "顶点位置": [
          [
            984.54443359375,
            379.1370585673564
          ],
          [
            799.15380859375,
            273.19111262141047
          ],
          [
            751.48193359375,
            379.1370585673564
          ]
        ]
      }
    },
    {
      "id": 65,
      "type": "other",
      "shape": "rect",
      "coord": [
        [
          1832.797607421875,
          2063.271728515625
        ],
        [
          3300.882568359375,
          2551.196533203125
        ]
      ],
      "rotate": 0,
      "semantic": {
        "element": "说明文字",
        "links": []
      },
      "ext": {
        "文字识别结果": [
          "施工说明：",
          "1.本站为LTE新建站，采用BBU集中放置方案，利旧局端”龙洞龙山机房；",
          "LTE使用爱立信分布式设备，配置为S1/1/1；",
          "BBU安装在机房内落地安装支架上,RRU（远端）挂装在梯间内",
          "2.施工时机柜预留尺寸为参考尺寸.以实际订货尺寸为准：",
          "3.基站地址（局端）:广州渔沙坦金鸡西3巷18号5楼：",
          "基站地址（远端）：广州市天河区龙洞渔沙坦水口文兴街28号；"
        ]
      }
    }
  ]
}