{
  "info": {
    "像素面积": {
      "全部面积": 3675990.0,
      "设备面积": 474610.0,
      "剩余面积": 3201380.0
    },
    "图纸信息": {
      "类型": "机房",
      "名称": "295.png"
    }
  },
  "obj": [
    {
      "id": 1,
      "type": "outline",
      "shape": "polyline",
      "coord": [
        [
          258.4984436035156,
          657.14697265625
        ],
        [
          2184.4984436035156,
          657.14697265625
        ],
        [
          2186.4984436035156,
          657.14697265625
        ],
        [
          2184.4984436035156,
          1533.14697265625
        ],
        [
          258.4984436035156,
          1533.14697265625
        ],
        [
          2184.4984436035156,
          1533.14697265625
        ],
        [
          258.4984436035156,
          657.14697265625
        ],
        [
          258.4984436035156,
          1533.14697265625
        ]
      ],
      "rotate": 0,
      "semantic": {
        "element": "墙轮廓",
        "path": [
          "0, 1, 2, 3",
          "4, 5",
          "6, 7"
        ],
        "links": []
      },
      "ext": {}
    },
    {
      "id": 2,
      "type": "outline",
      "shape": "polyline",
      "coord": [
        [
          100.49844360351562,
          1735.14697265625
        ],
        [
          116.49844360351562,
          1735.14697265625
        ],
        [
          262.4984436035156,
          657.14697265625
        ],
        [
          2184.4984436035156,
          657.14697265625
        ],
        [
          2184.4984436035156,
          1533.14697265625
        ],
        [
          304.4984436035156,
          1487.14697265625
        ],
        [
          306.4984436035156,
          1485.14697265625
        ],
        [
          306.4984436035156,
          1487.14697265625
        ],
        [
          2140.4984436035156,
          1487.14697265625
        ],
        [
          306.4984436035156,
          701.14697265625
        ],
        [
          826.4984436035156,
          701.14697265625
        ],
        [
          2140.4984436035156,
          1485.14697265625
        ],
        [
          2142.4984436035156,
          1487.14697265625
        ],
        [
          260.4984436035156,
          1533.14697265625
        ],
        [
          2184.4984436035156,
          1533.14697265625
        ],
        [
          259.4984436035156,
          657.14697265625
        ],
        [
          259.4984436035156,
          1533.14697265625
        ],
        [
          826.4984436035156,
          657.14697265625
        ],
        [
          830.4984436035156,
          701.14697265625
        ],
        [
          2142.4984436035156,
          701.14697265625
        ],
        [
          2142.4984436035156,
          1485.14697265625
        ],
        [
          304.4984436035156,
          701.14697265625
        ],
        [
          306.4984436035156,
          1485.14697265625
        ]
      ],
      "rotate": 0,
      "semantic": {
        "element": "墙轮廓",
        "path": [
          "0, 1",
          "2, 3, 4",
          "5, 6",
          "7, 8",
          "9, 10",
          "11, 12",
          "13, 14",
          "15, 16",
          "17, 18",
          "19, 20",
          "21, 22"
        ],
        "links": []
      },
      "ext": {}
    },
    {
      "id": 2,
      "type": "polyline",
      "shape": "polyline",
      "coord": [
        [
          202.49844360351562,
          705.14697265625
        ],
        [
          202.49844360351562,
          1493.14697265625
        ]
      ],
      "rotate": 0,
      "semantic": {
        "element": "标尺",
        "links": []
      },
      "ext": {
        "文字识别结果": [
          ""
        ]
      }
    },
    {
      "id": 3,
      "type": "polyline",
      "shape": "polyline",
      "coord": [
        [
          1834.4984436035156,
          721.14697265625
        ],
        [
          1834.4984436035156,
          843.14697265625
        ]
      ],
      "rotate": 0,
      "semantic": {
        "element": "标尺",
        "links": []
      },
      "ext": {
        "文字识别结果": [
          "5"
        ]
      }
    },
    {
      "id": 4,
      "type": "polyline",
      "shape": "polyline",
      "coord": [
        [
          1838.4984436035156,
          723.14697265625
        ],
        [
          1838.4984436035156,
          843.14697265625
        ]
      ],
      "rotate": 0,
      "semantic": {
        "element": "标尺",
        "links": []
      },
      "ext": {
        "文字识别结果": [
          "560"
        ]
      }
    },
    {
      "id": 5,
      "type": "polyline",
      "shape": "polyline",
      "coord": [
        [
          884.4984436035156,
          597.14697265625
        ],
        [
          1146.4984436035156,
          597.14697265625
        ]
      ],
      "rotate": 0,
      "semantic": {
        "element": "标尺",
        "links": []
      },
      "ext": {
        "文字识别结果": [
          "1200"
        ]
      }
    },
    {
      "id": 6,
      "type": "polyline",
      "shape": "polyline",
      "coord": [
        [
          306.4984436035156,
          1627.14697265625
        ],
        [
          2140.4984436035156,
          1627.14697265625
        ]
      ],
      "rotate": 0,
      "semantic": {
        "element": "标尺",
        "links": []
      },
      "ext": {
        "文字识别结果": [
          "8400"
        ]
      }
    },
    {
      "id": 7,
      "type": "polyline",
      "shape": "polyline",
      "coord": [
        [
          1146.4984436035156,
          597.14697265625
        ],
        [
          1518.4984436035156,
          597.14697265625
        ]
      ],
      "rotate": 0,
      "semantic": {
        "element": "标尺",
        "links": []
      },
      "ext": {
        "文字识别结果": [
          "1700"
        ]
      }
    },
    {
      "id": 8,
      "type": "polyline",
      "shape": "polyline",
      "coord": [
        [
          1518.4984436035156,
          597.14697265625
        ],
        [
          1780.4984436035156,
          597.14697265625
        ]
      ],
      "rotate": 0,
      "semantic": {
        "element": "标尺",
        "links": []
      },
      "ext": {
        "文字识别结果": [
          "1200"
        ]
      }
    },
    {
      "id": 9,
      "type": "polyline",
      "shape": "polyline",
      "coord": [
        [
          1780.4984436035156,
          597.14697265625
        ],
        [
          2140.4984436035156,
          597.14697265625
        ]
      ],
      "rotate": 0,
      "semantic": {
        "element": "标尺",
        "links": []
      },
      "ext": {
        "文字识别结果": [
          "1650"
        ]
      }
    },
    {
      "id": 10,
      "type": "box",
      "shape": "rect",
      "coord": [
        [
          690.4984436035156,
          1203.14697265625
        ],
        [
          823.4984436035156,
          1323.14697265625
        ]
      ],
      "rotate": 0,
      "semantic": {
        "element": "机柜",
        "links": []
      },
      "ext": {
        "文字识别结果": [
          "DC"
        ],
        "门朝向": "up"
      }
    },
    {
      "id": 11,
      "type": "box",
      "shape": "rect",
      "coord": [
        [
          824.4984436035156,
          1199.14697265625
        ],
        [
          952.4984436035156,
          1319.14697265625
        ]
      ],
      "rotate": 0,
      "semantic": {
        "element": "机柜",
        "links": []
      },
      "ext": {
        "文字识别结果": [
          "WCDMA"
        ],
        "门朝向": "up"
      }
    },
    {
      "id": 12,
      "type": "box",
      "shape": "rect",
      "coord": [
        [
          824.4984436035156,
          1405.14697265625
        ],
        [
          1006.4984436035156,
          1485.14697265625
        ]
      ],
      "rotate": 0,
      "semantic": {
        "element": "机柜",
        "links": []
      },
      "ext": {
        "文字识别结果": [
          "空调"
        ],
        "门朝向": "up"
      }
    },
    {
      "id": 13,
      "type": "box",
      "shape": "rect",
      "coord": [
        [
          884.4984436035156,
          721.14697265625
        ],
        [
          1146.4984436035156,
          843.14697265625
        ]
      ],
      "rotate": 0,
      "semantic": {
        "element": "机柜",
        "links": []
      },
      "ext": {
        "文字识别结果": [
          "电池"
        ],
        "门朝向": "down"
      }
    },
    {
      "id": 14,
      "type": "box",
      "shape": "rect",
      "coord": [
        [
          1046.4984436035156,
          1203.14697265625
        ],
        [
          1156.4984436035156,
          1271.14697265625
        ]
      ],
      "rotate": 0,
      "semantic": {
        "element": "机柜",
        "links": []
      },
      "ext": {
        "文字识别结果": [
          "原有设备"
        ],
        "门朝向": "up"
      }
    },
    {
      "id": 15,
      "type": "box",
      "shape": "rect",
      "coord": [
        [
          1158.4984436035156,
          1202.14697265625
        ],
        [
          1211.4984436035156,
          1270.14697265625
        ]
      ],
      "rotate": 0,
      "semantic": {
        "element": "机柜",
        "links": []
      },
      "ext": {
        "文字识别结果": [
          "ODF"
        ],
        "门朝向": "up"
      }
    },
    {
      "id": 16,
      "type": "box",
      "shape": "rect",
      "coord": [
        [
          1212.4984436035156,
          1203.14697265625
        ],
        [
          1342.4984436035156,
          1333.14697265625
        ]
      ],
      "rotate": 0,
      "semantic": {
        "element": "机柜",
        "links": []
      },
      "ext": {
        "文字识别结果": [
          "综合机柜"
        ],
        "门朝向": "up"
      }
    },
    {
      "id": 17,
      "type": "box",
      "shape": "rect",
      "coord": [
        [
          1344.4984436035156,
          1203.14697265625
        ],
        [
          1474.4984436035156,
          1335.14697265625
        ]
      ],
      "rotate": 0,
      "semantic": {
        "element": "机柜",
        "links": []
      },
      "ext": {
        "文字识别结果": [
          "DC"
        ],
        "门朝向": "up"
      }
    },
    {
      "id": 18,
      "type": "box",
      "shape": "rect",
      "coord": [
        [
          1474.4984436035156,
          1203.14697265625
        ],
        [
          1530.4984436035156,
          1271.14697265625
        ]
      ],
      "rotate": 0,
      "semantic": {
        "element": "机柜",
        "links": []
      },
      "ext": {
        "文字识别结果": [
          "ODF"
        ],
        "门朝向": "up"
      }
    },
    {
      "id": 19,
      "type": "box",
      "shape": "rect",
      "coord": [
        [
          1474.4984436035156,
          1271.14697265625
        ],
        [
          1530.4984436035156,
          1337.14697265625
        ]
      ],
      "rotate": 0,
      "semantic": {
        "element": "机柜",
        "links": []
      },
      "ext": {
        "文字识别结果": [
          "ODF"
        ],
        "门朝向": "down"
      }
    },
    {
      "id": 20,
      "type": "box",
      "shape": "rect",
      "coord": [
        [
          1518.4984436035156,
          721.14697265625
        ],
        [
          1780.4984436035156,
          843.14697265625
        ]
      ],
      "rotate": 0,
      "semantic": {
        "element": "机柜",
        "links": []
      },
      "ext": {
        "文字识别结果": [
          "电池"
        ],
        "门朝向": "down"
      }
    },
    {
      "id": 21,
      "type": "box",
      "shape": "rect",
      "coord": [
        [
          1748.4984436035156,
          1203.14697265625
        ],
        [
          1878.4984436035156,
          1271.14697265625
        ]
      ],
      "rotate": 0,
      "semantic": {
        "element": "机柜",
        "links": []
      },
      "ext": {
        "文字识别结果": [
          "传输机架"
        ],
        "门朝向": "up"
      }
    },
    {
      "id": 22,
      "type": "box",
      "shape": "rect",
      "coord": [
        [
          1882.4984436035156,
          1202.14697265625
        ],
        [
          2011.4984436035156,
          1270.14697265625
        ]
      ],
      "rotate": 0,
      "semantic": {
        "element": "机柜",
        "links": []
      },
      "ext": {
        "文字识别结果": [
          "传输机架"
        ],
        "门朝向": "up"
      }
    },
    {
      "id": 23,
      "type": "box",
      "shape": "rect",
      "coord": [
        [
          1878.4984436035156,
          1271.14697265625
        ],
        [
          2012.4984436035156,
          1367.14697265625
        ]
      ],
      "rotate": 0,
      "semantic": {
        "element": "机柜",
        "links": []
      },
      "ext": {
        "文字识别结果": [
          "原有设备"
        ],
        "门朝向": "down"
      }
    },
    {
      "id": 24,
      "type": "box",
      "shape": "rect",
      "coord": [
        [
          2108.4984436035156,
          891.14697265625
        ],
        [
          2140.4984436035156,
          989.14697265625
        ]
      ],
      "rotate": 0,
      "semantic": {
        "element": "机柜",
        "links": []
      },
      "ext": {
        "文字识别结果": [
          ""
        ],
        "门朝向": "left"
      }
    },
    {
      "id": 25,
      "type": "box",
      "shape": "rect",
      "coord": [
        [
          2032.4984436035156,
          1001.14697265625
        ],
        [
          2140.4984436035156,
          1129.14697265625
        ]
      ],
      "rotate": 0,
      "semantic": {
        "element": "机柜",
        "links": []
      },
      "ext": {
        "文字识别结果": [
          ""
        ],
        "门朝向": "left"
      }
    },
    {
      "id": 26,
      "type": "box",
      "shape": "rect",
      "coord": [
        [
          2012.4984436035156,
          1203.14697265625
        ],
        [
          2140.4984436035156,
          1335.14697265625
        ]
      ],
      "rotate": 0,
      "semantic": {
        "element": "机柜",
        "links": []
      },
      "ext": {
        "文字识别结果": [
          "传输机架"
        ],
        "门朝向": "up"
      }
    },
    {
      "id": 27,
      "type": "box",
      "shape": "rect",
      "coord": [
        [
          302.4984436035156,
          1093.14697265625
        ],
        [
          336.4984436035156,
          1147.14697265625
        ]
      ],
      "rotate": 0,
      "semantic": {
        "element": "普通设备",
        "links": []
      },
      "ext": {
        "文字识别结果": [
          ""
        ]
      }
    },
    {
      "id": 28,
      "type": "box",
      "shape": "rect",
      "coord": [
        [
          560.4984436035156,
          1211.14697265625
        ],
        [
          689.4984436035156,
          1323.14697265625
        ]
      ],
      "rotate": 0,
      "semantic": {
        "element": "普通设备",
        "links": []
      },
      "ext": {
        "文字识别结果": [
          "DCS1800"
        ]
      }
    },
    {
      "id": 29,
      "type": "box",
      "shape": "rect",
      "coord": [
        [
          1482.4984436035156,
          701.14697265625
        ],
        [
          1494.4984436035156,
          721.14697265625
        ]
      ],
      "rotate": 0,
      "semantic": {
        "element": "普通设备",
        "links": []
      },
      "ext": {
        "文字识别结果": [
          ""
        ]
      }
    },
    {
      "id": 30,
      "type": "box",
      "shape": "rect",
      "coord": [
        [
          1470.4984436035156,
          1445.14697265625
        ],
        [
          1584.4984436035156,
          1489.14697265625
        ]
      ],
      "rotate": 0,
      "semantic": {
        "element": "普通设备",
        "links": []
      },
      "ext": {
        "文字识别结果": [
          "原有设备"
        ]
      }
    },
    {
      "id": 31,
      "type": "box",
      "shape": "rect",
      "coord": [
        [
          1748.4984436035156,
          1453.14697265625
        ],
        [
          1870.4984436035156,
          1485.14697265625
        ]
      ],
      "rotate": 0,
      "semantic": {
        "element": "普通设备",
        "links": []
      },
      "ext": {
        "文字识别结果": [
          "ONU"
        ]
      }
    },
    {
      "id": 32,
      "type": "polyline",
      "shape": "polyline",
      "coord": [
        [
          200.49844360351562,
          709.14697265625
        ],
        [
          200.49844360351562,
          1495.14697265625
        ]
      ],
      "rotate": 0,
      "semantic": {
        "element": "标尺",
        "links": []
      },
      "ext": {
        "文字识别结果": [
          ""
        ]
      }
    },
    {
      "id": 33,
      "type": "polyline",
      "shape": "polyline",
      "coord": [
        [
          1836.4984436035156,
          721.14697265625
        ],
        [
          1836.4984436035156,
          841.14697265625
        ]
      ],
      "rotate": 0,
      "semantic": {
        "element": "标尺",
        "links": []
      },
      "ext": {
        "文字识别结果": [
          "5"
        ]
      }
    },
    {
      "id": 34,
      "type": "polyline",
      "shape": "polyline",
      "coord": [
        [
          884.4984436035156,
          595.14697265625
        ],
        [
          1146.4984436035156,
          595.14697265625
        ]
      ],
      "rotate": 0,
      "semantic": {
        "element": "标尺",
        "links": []
      },
      "ext": {
        "文字识别结果": [
          "1200"
        ]
      }
    },
    {
      "id": 35,
      "type": "polyline",
      "shape": "polyline",
      "coord": [
        [
          304.4984436035156,
          1625.14697265625
        ],
        [
          2142.4984436035156,
          1625.14697265625
        ]
      ],
      "rotate": 0,
      "semantic": {
        "element": "标尺",
        "links": []
      },
      "ext": {
        "文字识别结果": [
          "8400"
        ]
      }
    },
    {
      "id": 36,
      "type": "polyline",
      "shape": "polyline",
      "coord": [
        [
          1146.4984436035156,
          595.14697265625
        ],
        [
          1518.4984436035156,
          595.14697265625
        ]
      ],
      "rotate": 0,
      "semantic": {
        "element": "标尺",
        "links": []
      },
      "ext": {
        "文字识别结果": [
          "1700"
        ]
      }
    },
    {
      "id": 37,
      "type": "polyline",
      "shape": "polyline",
      "coord": [
        [
          1518.4984436035156,
          595.14697265625
        ],
        [
          1780.4984436035156,
          595.14697265625
        ]
      ],
      "rotate": 0,
      "semantic": {
        "element": "标尺",
        "links": []
      },
      "ext": {
        "文字识别结果": [
          "1200"
        ]
      }
    },
    {
      "id": 38,
      "type": "polyline",
      "shape": "polyline",
      "coord": [
        [
          1780.4984436035156,
          595.14697265625
        ],
        [
          2140.4984436035156,
          595.14697265625
        ]
      ],
      "rotate": 0,
      "semantic": {
        "element": "标尺",
        "links": []
      },
      "ext": {
        "文字识别结果": [
          "1650"
        ]
      }
    },
    {
      "id": 39,
      "type": "box",
      "shape": "rect",
      "coord": [
        [
          560.4984436035156,
          1201.14697265625
        ],
        [
          690.4984436035156,
          1321.14697265625
        ]
      ],
      "rotate": 0,
      "semantic": {
        "element": "机柜",
        "links": []
      },
      "ext": {
        "文字识别结果": [
          "DCS1800"
        ],
        "门朝向": "up"
      }
    },
    {
      "id": 40,
      "type": "box",
      "shape": "rect",
      "coord": [
        [
          692.4984436035156,
          1201.14697265625
        ],
        [
          822.4984436035156,
          1321.14697265625
        ]
      ],
      "rotate": 0,
      "semantic": {
        "element": "机柜",
        "links": []
      },
      "ext": {
        "文字识别结果": [
          "DC"
        ],
        "门朝向": "up"
      }
    },
    {
      "id": 41,
      "type": "box",
      "shape": "rect",
      "coord": [
        [
          822.4984436035156,
          1201.14697265625
        ],
        [
          952.4984436035156,
          1319.14697265625
        ]
      ],
      "rotate": 0,
      "semantic": {
        "element": "机柜",
        "links": []
      },
      "ext": {
        "文字识别结果": [
          "WCDMA"
        ],
        "门朝向": "up"
      }
    },
    {
      "id": 42,
      "type": "box",
      "shape": "rect",
      "coord": [
        [
          886.4984436035156,
          721.14697265625
        ],
        [
          1146.4984436035156,
          841.14697265625
        ]
      ],
      "rotate": 0,
      "semantic": {
        "element": "机柜",
        "links": []
      },
      "ext": {
        "文字识别结果": [
          "电池"
        ],
        "门朝向": "down"
      }
    },
    {
      "id": 43,
      "type": "box",
      "shape": "rect",
      "coord": [
        [
          1048.4984436035156,
          1205.14697265625
        ],
        [
          1158.4984436035156,
          1269.14697265625
        ]
      ],
      "rotate": 0,
      "semantic": {
        "element": "机柜",
        "links": []
      },
      "ext": {
        "文字识别结果": [
          "原有设备"
        ],
        "门朝向": "up"
      }
    },
    {
      "id": 44,
      "type": "box",
      "shape": "rect",
      "coord": [
        [
          1158.4984436035156,
          1204.14697265625
        ],
        [
          1210.4984436035156,
          1269.14697265625
        ]
      ],
      "rotate": 0,
      "semantic": {
        "element": "机柜",
        "links": []
      },
      "ext": {
        "文字识别结果": [
          "ODF"
        ],
        "门朝向": "up"
      }
    },
    {
      "id": 45,
      "type": "box",
      "shape": "rect",
      "coord": [
        [
          1214.4984436035156,
          1204.14697265625
        ],
        [
          1344.4984436035156,
          1217.14697265625
        ]
      ],
      "rotate": 0,
      "semantic": {
        "element": "机柜",
        "links": []
      },
      "ext": {
        "文字识别结果": [
          ""
        ],
        "门朝向": "left"
      }
    },
    {
      "id": 46,
      "type": "box",
      "shape": "rect",
      "coord": [
        [
          1214.4984436035156,
          1204.14697265625
        ],
        [
          1344.4984436035156,
          1335.14697265625
        ]
      ],
      "rotate": 0,
      "semantic": {
        "element": "机柜",
        "links": []
      },
      "ext": {
        "文字识别结果": [
          "综合机柜"
        ],
        "门朝向": "up"
      }
    },
    {
      "id": 47,
      "type": "box",
      "shape": "rect",
      "coord": [
        [
          1344.4984436035156,
          1205.14697265625
        ],
        [
          1476.4984436035156,
          1217.14697265625
        ]
      ],
      "rotate": 0,
      "semantic": {
        "element": "机柜",
        "links": []
      },
      "ext": {
        "文字识别结果": [
          ""
        ],
        "门朝向": "right"
      }
    },
    {
      "id": 48,
      "type": "box",
      "shape": "rect",
      "coord": [
        [
          1344.4984436035156,
          1205.14697265625
        ],
        [
          1476.4984436035156,
          1335.14697265625
        ]
      ],
      "rotate": 0,
      "semantic": {
        "element": "机柜",
        "links": []
      },
      "ext": {
        "文字识别结果": [
          "DC"
        ],
        "门朝向": "up"
      }
    },
    {
      "id": 49,
      "type": "box",
      "shape": "rect",
      "coord": [
        [
          1476.4984436035156,
          1205.14697265625
        ],
        [
          1528.4984436035156,
          1269.14697265625
        ]
      ],
      "rotate": 0,
      "semantic": {
        "element": "机柜",
        "links": []
      },
      "ext": {
        "文字识别结果": [
          "ODF"
        ],
        "门朝向": "up"
      }
    },
    {
      "id": 50,
      "type": "box",
      "shape": "rect",
      "coord": [
        [
          1519.4984436035156,
          725.14697265625
        ],
        [
          1780.4984436035156,
          841.14697265625
        ]
      ],
      "rotate": 0,
      "semantic": {
        "element": "机柜",
        "links": []
      },
      "ext": {
        "文字识别结果": [
          "电池"
        ],
        "门朝向": "down"
      }
    },
    {
      "id": 51,
      "type": "box",
      "shape": "rect",
      "coord": [
        [
          1750.4984436035156,
          1204.14697265625
        ],
        [
          1880.4984436035156,
          1269.14697265625
        ]
      ],
      "rotate": 0,
      "semantic": {
        "element": "机柜",
        "links": []
      },
      "ext": {
        "文字识别结果": [
          "传输机架"
        ],
        "门朝向": "up"
      }
    },
    {
      "id": 52,
      "type": "box",
      "shape": "rect",
      "coord": [
        [
          1880.4984436035156,
          1205.14697265625
        ],
        [
          2010.4984436035156,
          1269.14697265625
        ]
      ],
      "rotate": 0,
      "semantic": {
        "element": "机柜",
        "links": []
      },
      "ext": {
        "文字识别结果": [
          "传输机架"
        ],
        "门朝向": "up"
      }
    },
    {
      "id": 53,
      "type": "box",
      "shape": "rect",
      "coord": [
        [
          2106.4984436035156,
          893.14697265625
        ],
        [
          2142.4984436035156,
          987.14697265625
        ]
      ],
      "rotate": 0,
      "semantic": {
        "element": "机柜",
        "links": []
      },
      "ext": {
        "文字识别结果": [
          ""
        ],
        "门朝向": "left"
      }
    },
    {
      "id": 54,
      "type": "box",
      "shape": "rect",
      "coord": [
        [
          304.4984436035156,
          1095.14697265625
        ],
        [
          338.4984436035156,
          1149.14697265625
        ]
      ],
      "rotate": 0,
      "semantic": {
        "element": "普通设备",
        "links": []
      },
      "ext": {
        "文字识别结果": [
          ""
        ]
      }
    },
    {
      "id": 55,
      "type": "box",
      "shape": "rect",
      "coord": [
        [
          822.4984436035156,
          1407.14697265625
        ],
        [
          1003.4984436035156,
          1419.14697265625
        ]
      ],
      "rotate": 0,
      "semantic": {
        "element": "普通设备",
        "links": []
      },
      "ext": {
        "文字识别结果": [
          ""
        ]
      }
    },
    {
      "id": 56,
      "type": "box",
      "shape": "rect",
      "coord": [
        [
          822.4984436035156,
          1419.14697265625
        ],
        [
          1008.4984436035156,
          1487.14697265625
        ]
      ],
      "rotate": 0,
      "semantic": {
        "element": "普通设备",
        "links": []
      },
      "ext": {
        "文字识别结果": [
          "空调"
        ]
      }
    },
    {
      "id": 57,
      "type": "box",
      "shape": "rect",
      "coord": [
        [
          1480.4984436035156,
          699.14697265625
        ],
        [
          1496.4984436035156,
          721.14697265625
        ]
      ],
      "rotate": 0,
      "semantic": {
        "element": "普通设备",
        "links": []
      },
      "ext": {
        "文字识别结果": [
          ""
        ]
      }
    },
    {
      "id": 58,
      "type": "box",
      "shape": "rect",
      "coord": [
        [
          1476.4984436035156,
          1269.14697265625
        ],
        [
          1528.4984436035156,
          1327.14697265625
        ]
      ],
      "rotate": 0,
      "semantic": {
        "element": "普通设备",
        "links": []
      },
      "ext": {
        "文字识别结果": [
          "ODF"
        ]
      }
    },
    {
      "id": 59,
      "type": "box",
      "shape": "rect",
      "coord": [
        [
          1468.4984436035156,
          1447.14697265625
        ],
        [
          1586.4984436035156,
          1487.14697265625
        ]
      ],
      "rotate": 0,
      "semantic": {
        "element": "普通设备",
        "links": []
      },
      "ext": {
        "文字识别结果": [
          "原有设备"
        ]
      }
    },
    {
      "id": 60,
      "type": "box",
      "shape": "rect",
      "coord": [
        [
          1750.4984436035156,
          1450.14697265625
        ],
        [
          1868.4984436035156,
          1487.14697265625
        ]
      ],
      "rotate": 0,
      "semantic": {
        "element": "普通设备",
        "links": []
      },
      "ext": {
        "文字识别结果": [
          "ONU"
        ]
      }
    },
    {
      "id": 61,
      "type": "box",
      "shape": "rect",
      "coord": [
        [
          2034.4984436035156,
          998.14697265625
        ],
        [
          2140.4984436035156,
          1129.14697265625
        ]
      ],
      "rotate": 0,
      "semantic": {
        "element": "普通设备",
        "links": []
      },
      "ext": {
        "文字识别结果": [
          ""
        ]
      }
    },
    {
      "id": 63,
      "type": "other",
      "shape": "rect",
      "coord": [
        [
          1344.3290100097656,
          1006.348388671875
        ],
        [
          1560.5604553222656,
          1191.6258544921875
        ]
      ],
      "rotate": 0,
      "semantic": {
        "element": "带指向性文字",
        "links": []
      },
      "ext": {
        "文字识别结果": [
          "新增DCDU16D",
          "利综合机柜",
          "原有DCDU16D",
          "利NR BBU"
        ]
      }
    },
    {
      "id": 64,
      "type": "other",
      "shape": "rect",
      "coord": [
        [
          818.0787658691406,
          1062.1259765625
        ],
        [
          1004.0285339355469,
          1112.3314208984375
        ]
      ],
      "rotate": 0,
      "semantic": {
        "element": "带指向性文字",
        "links": []
      },
      "ext": {
        "文字识别结果": [
          "利DC电源"
        ]
      }
    },
    {
      "id": 65,
      "type": "other",
      "shape": "rect",
      "coord": [
        [
          1695.0470275878906,
          940.4476318359375
        ],
        [
          1909.7200012207031,
          995.2266845703125
        ]
      ],
      "rotate": 0,
      "semantic": {
        "element": "带指向性文字",
        "links": []
      },
      "ext": {
        "文字识别结果": [
          "利旧开关电源"
        ]
      }
    },
    {
      "id": 66,
      "type": "other",
      "shape": "rect",
      "coord": [
        [
          1926.8218078613281,
          854.650390625
        ],
        [
          2038.1308898925781,
          907.3056640625
        ]
      ],
      "rotate": 0,
      "semantic": {
        "element": "带指向性文字",
        "links": []
      },
      "ext": {
        "文字识别结果": [
          "原有AC"
        ]
      }
    },
    {
      "id": 67,
      "type": "other",
      "shape": "rect",
      "coord": [
        [
          818.3224182128906,
          1059.31494140625
        ],
        [
          999.8935241699219,
          1110.2977294921875
        ]
      ],
      "rotate": 0,
      "semantic": {
        "element": "带指向性文字",
        "links": []
      },
      "ext": {
        "文字识别结果": [
          "利DC电源"
        ]
      }
    },
    {
      "id": 68,
      "type": "other",
      "shape": "rect",
      "coord": [
        [
          1346.7928771972656,
          1003.2828369140625
        ],
        [
          1561.6304016113281,
          1199.7962646484375
        ]
      ],
      "rotate": 0,
      "semantic": {
        "element": "带指向性文字",
        "links": []
      },
      "ext": {
        "文字识别结果": [
          "新增DCDU16D",
          "利综合机柜",
          "原有DCDU16D",
          "利NR BBU"
        ]
      }
    },
    {
      "id": 69,
      "type": "other",
      "shape": "rect",
      "coord": [
        [
          1694.1900939941406,
          938.7320556640625
        ],
        [
          1908.7054748535156,
          992.6866455078125
        ]
      ],
      "rotate": 0,
      "semantic": {
        "element": "带指向性文字",
        "links": []
      },
      "ext": {
        "文字识别结果": [
          "利旧开关电源"
        ]
      }
    },
    {
      "id": 70,
      "type": "other",
      "shape": "rect",
      "coord": [
        [
          1922.3435363769531,
          853.3968505859375
        ],
        [
          2035.3010559082031,
          905.9007568359375
        ]
      ],
      "rotate": 0,
      "semantic": {
        "element": "带指向性文字",
        "links": []
      },
      "ext": {
        "文字识别结果": [
          "原有AC"
        ]
      }
    },
    {
      "id": 71,
      "type": "other",
      "shape": "rect",
      "coord": [
        [
          1429.7068176269531,
          721.02197265625
        ],
        [
          1517.0564270019531,
          761.8824462890625
        ]
      ],
      "rotate": 0,
      "semantic": {
        "element": "无指向性文字",
        "links": []
      },
      "ext": {
        "文字识别结果": [
          "D DF"
        ]
      }
    },
    {
      "id": 72,
      "type": "other",
      "shape": "rect",
      "coord": [
        [
          1427.9007873535156,
          720.326904296875
        ],
        [
          1513.2536926269531,
          761.20556640625
        ]
      ],
      "rotate": 0,
      "semantic": {
        "element": "无指向性文字",
        "links": []
      },
      "ext": {
        "文字识别结果": [
          "D DF"
        ]
      }
    },
    {
      "id": 73,
      "type": "other",
      "shape": "rect",
      "coord": [
        [
          630.4619750976562,
          609.220458984375
        ],
        [
          827.943359375,
          698.1651611328125
        ]
      ],
      "rotate": 0,
      "semantic": {
        "element": "门",
        "links": []
      },
      "ext": {}
    },
    {
      "id": 74,
      "type": "other",
      "shape": "rect",
      "coord": [
        [
          3424.155029296875,
          2440.908935546875
        ],
        [
          3503.605224609375,
          2519.954833984375
        ]
      ],
      "rotate": 0,
      "semantic": {
        "element": "图例小图",
        "links": [
          {
            "pair_id": 83,
            "label": "图例文字",
            "distance": 152.98388671875
          }
        ]
      },
      "ext": {
        "图例归类": "原有设备"
      }
    },
    {
      "id": 75,
      "type": "other",
      "shape": "rect",
      "coord": [
        [
          3422.02685546875,
          2294.644775390625
        ],
        [
          3508.4677734375,
          2377.058349609375
        ]
      ],
      "rotate": 0,
      "semantic": {
        "element": "图例小图",
        "links": [
          {
            "pair_id": 81,
            "label": "图例文字",
            "distance": 151.11669921875
          }
        ]
      },
      "ext": {
        "图例归类": "新增设备"
      }
    },
    {
      "id": 76,
      "type": "other",
      "shape": "rect",
      "coord": [
        [
          3732.376708984375,
          2298.61279296875
        ],
        [
          3815.611572265625,
          2370.7060546875
        ]
      ],
      "rotate": 0,
      "semantic": {
        "element": "图例小图",
        "links": [
          {
            "pair_id": 82,
            "label": "图例文字",
            "distance": 152.369873046875
          }
        ]
      },
      "ext": {
        "图例归类": "预留设备"
      }
    },
    {
      "id": 77,
      "type": "other",
      "shape": "rect",
      "coord": [
        [
          1074.1365966796875,
          1748.525634765625
        ],
        [
          1375.719482421875,
          1822.908935546875
        ]
      ],
      "rotate": 0,
      "semantic": {
        "element": "机房标题",
        "links": []
      },
      "ext": {
        "文字识别结果": [
          "机房（六层）"
        ]
      }
    },
    {
      "id": 78,
      "type": "table",
      "shape": "rect",
      "coord": [
        [
          2250.906005859375,
          156.3914794921875
        ],
        [
          4000.326171875,
          1853.804931640625
        ]
      ],
      "rotate": 0,
      "semantic": {
        "element": "物料表",
        "links": []
      },
      "ext": {
        "表格识别结果": [
          [
            "序号",
            "名称",
            "规格型号",
            "安装（W）",
            "单位",
            "数量",
            "情况",
            "备注"
          ],
          [
            "1",
            "GSM900设备",
            "中兴/B8018",
            "600x550x1600",
            "个",
            "",
            "原有",
            "落地安装"
          ],
          [
            "*",
            "DCS1800设备",
            "中兴/B8018",
            "600x550x1600",
            "个",
            "",
            "原有",
            "落地安装"
          ],
          [
            "",
            "WCDMA设备",
            "中兴/BS8800",
            "600x450x950",
            "个",
            "",
            "无",
            "落地安装"
          ],
          [
            "",
            "",
            "中兴/BBU8200",
            "482x197x88",
            "个",
            "",
            "原有",
            "挂墙安装/安装在双柜内"
          ],
          [
            "3",
            "LTE设备",
            "中兴/BU8200",
            "482x197x88",
            "个",
            "",
            "原有",
            "挂墙安装/安装在柜内"
          ],
          [
            "",
            "",
            "华为/BU3910",
            "482x197x88",
            "个",
            "",
            "无",
            "挂墙安装/安装在X柜内"
          ],
          [
            "4",
            "NR设备",
            "中兴/BUV9200",
            "482x370x88",
            "个",
            "",
            "新增",
            "挂墙安装/安装在综合柜内"
          ],
          [
            "",
            "",
            "华为/BU5900",
            "442310x86",
            "个",
            "",
            "新增",
            "安装在综合柜内"
          ],
          [
            "5",
            "开关电源",
            "艾默生/600A",
            "",
            "个",
            "",
            "新增",
            "落地安装"
          ],
          [
            "6",
            "蓄电池",
            "理土/500AH",
            "",
            "组",
            "",
            "原有",
            "落地安装"
          ],
          [
            "7",
            "空调",
            "柜式/3P",
            "",
            "台",
            "",
            "新增",
            "落地安装"
          ],
          [
            "",
            "",
            "挂式/2P",
            "",
            "台",
            "",
            "无",
            "挂墙安装"
          ],
          [
            "*",
            "空调室外机",
            "",
            "",
            "台",
            "",
            "原有",
            "落地安装/挂墙安装"
          ],
          [
            "8",
            "交流配电箱",
            "",
            "",
            "个",
            "",
            "原有",
            "挂墙安装"
          ],
          [
            "6",
            "环境控制箱",
            "",
            "",
            "个",
            "",
            "原有",
            "挂墙安装"
          ],
          [
            "10",
            "传输设备",
            "",
            "",
            "个",
            "",
            "原有",
            "落地安装/挂墙安装"
          ],
          [
            "1",
            "综合机柜",
            "",
            "",
            "个",
            "",
            "利",
            "落地安装"
          ],
          [
            "12",
            "龙门架",
            "",
            "",
            "个",
            "",
            "原有",
            "落地安装"
          ],
          [
            "13",
            "传输DF",
            "",
            "",
            "个",
            "",
            "原有",
            "挂墙安装/安装在柜内"
          ],
          [
            "14",
            "传输ODF",
            "",
            "",
            "个",
            "",
            "原有",
            "落地安装"
          ],
          [
            "15",
            "传输ODB",
            "",
            "",
            "个",
            "",
            "原有",
            "挂墙安装/安装在双柜内"
          ],
          [
            "16",
            "直流配电单元",
            "DCP6",
            "",
            "个",
            "",
            "原有",
            "挂墙安装/安装在双柜内"
          ],
          [
            "",
            "",
            "DCPD10B",
            "",
            "个",
            "",
            "新增",
            "挂墙安装/安装在综合柜内"
          ],
          [
            "",
            "",
            "DCDU16D",
            "",
            "个",
            "1",
            "新增",
            "安装在综合柜内"
          ],
          [
            "17",
            "整流模块",
            "",
            "",
            "个",
            "",
            "新增",
            "安装在DC柜内"
          ]
        ]
      }
    },
    {
      "id": 79,
      "type": "table",
      "shape": "rect",
      "coord": [
        [
          2228.669921875,
          2553.69287109375
        ],
        [
          4117.1396484375,
          2868.39111328125
        ]
      ],
      "rotate": 0,
      "semantic": {
        "element": "标题栏",
        "links": []
      },
      "ext": {
        "表格识别结果": [
          [
            "",
            "设计总负责人",
            "",
            "中讯邮电咨询设计院有限公司",
            ""
          ],
          [
            "处主管",
            "描图",
            "刘家鹏",
            "",
            ""
          ],
          [
            "",
            "",
            "",
            "深圳龙南约信用基站局端机房设备布置平面图",
            ""
          ],
          [
            "审核人",
            "单位",
            "",
            "",
            ""
          ],
          [
            "专业负责人",
            "比例",
            "1:50",
            "",
            ""
          ],
          [
            "设计人",
            "图号",
            "",
            "",
            "2019SJ0616（SZS-YDW-001（2/11"
          ]
        ]
      }
    },
    {
      "id": 80,
      "type": "other",
      "shape": "rect",
      "coord": [
        [
          3238.864013671875,
          2247.23095703125
        ],
        [
          4019.0595703125,
          2573.785400390625
        ]
      ],
      "rotate": 0,
      "semantic": {
        "element": "图例",
        "links": []
      },
      "ext": {}
    },
    {
      "id": 81,
      "type": "other",
      "shape": "rect",
      "coord": [
        [
          3561.864013671875,
          2319.23095703125
        ],
        [
          3670.864013671875,
          2359.23095703125
        ]
      ],
      "rotate": 0,
      "semantic": {
        "element": "图例文字",
        "links": []
      },
      "ext": {
        "文字识别结果": [
          "新增设备"
        ],
        "图例归类": "新增设备"
      }
    },
    {
      "id": 82,
      "type": "other",
      "shape": "rect",
      "coord": [
        [
          3871.864013671875,
          2318.23095703125
        ],
        [
          3980.864013671875,
          2357.23095703125
        ]
      ],
      "rotate": 0,
      "semantic": {
        "element": "图例文字",
        "links": []
      },
      "ext": {
        "文字识别结果": [
          "预留机位"
        ],
        "图例归类": "预留设备"
      }
    },
    {
      "id": 83,
      "type": "other",
      "shape": "rect",
      "coord": [
        [
          3562.864013671875,
          2463.23095703125
        ],
        [
          3670.864013671875,
          2502.23095703125
        ]
      ],
      "rotate": 0,
      "semantic": {
        "element": "图例文字",
        "links": []
      },
      "ext": {
        "文字识别结果": [
          "已有设备"
        ],
        "图例归类": "原有设备"
      }
    },
    {
      "id": 84,
      "type": "other",
      "shape": "rect",
      "coord": [
        [
          1461.922607421875,
          1763.012451171875
        ],
        [
          1819.3250732421875,
          1808.2705078125
        ]
      ],
      "rotate": 0,
      "semantic": {
        "element": "建北磁北(夹角)",
        "links": []
      },
      "ext": {
        "文字识别结果": [
          "N"
        ],
        "文字位置": [
          [
            [
              1468.922607421875,
              1764.012451171875
            ],
            [
              1496.922607421875,
              1811.012451171875
            ]
          ]
        ],
        "顶点位置": [
          [
            1817.266357421875,
            1785.512451171875
          ],
          [
            1582.141357421875,
            1785.512451171875
          ]
        ]
      }
    },
    {
      "id": 85,
      "type": "other",
      "shape": "rect",
      "coord": [
        [
          300.3555603027344,
          2168.6865234375
        ],
        [
          2040.92333984375,
          2572.40966796875
        ]
      ],
      "rotate": 0,
      "semantic": {
        "element": "说明文字",
        "links": []
      },
      "ext": {
        "文字识别结果": [
          "说明：",
          "1.本站深圳龙岗南约信用社，本期为5G-NR2100共站基站，配置为NR1/1/1，主要为了完善所属区域的5G-NR2100系统无线覆盖及提高网",
          "络容量：本期利旧BBU:",
          "2.本站利旧开关电源为艾默生（600A/-48V）系统，原有4个50A/48V整流模块，经核算，满足本站新增5G-NR2100设备供电需求；",
          "3.本站原有2组艾诺斯华500Ah/2V阀控蓄电池，单层双列立式摆放，经核算，满足本站新增5G-NR2100设备供电需求，无需更换蓄电池；",
          "4.[局端]基站：地址：广东省深圳市龙岗区龙岗植物园路12号6楼顶，经纬度：114.27153°，22.69867°，站址归属于联通；"
        ]
      }
    }
  ]
}