{
  "info": {
    "像素面积": {
      "全部面积": 1378772.0,
      "设备面积": 206005.0,
      "剩余面积": 1172767.0
    },
    "图纸信息": {
      "类型": "机房",
      "名称": "3.png"
    }
  },
  "obj": [
    {
      "id": 1,
      "type": "outline",
      "shape": "polyline",
      "coord": [
        [
          193.02880859375,
          1030.0
        ],
        [
          281.02880859375,
          1030.0
        ],
        [
          281.02880859375,
          1062.0
        ],
        [
          471.02880859375,
          1062.0
        ],
        [
          296.02880859375,
          1052.0
        ],
        [
          471.02880859375,
          1050.0
        ],
        [
          565.02880859375,
          1050.0
        ],
        [
          601.02880859375,
          1050.0
        ],
        [
          565.02880859375,
          1066.0
        ],
        [
          617.02880859375,
          1060.0
        ],
        [
          613.02880859375,
          1030.0
        ],
        [
          699.02880859375,
          1030.0
        ],
        [
          193.02880859375,
          126.0
        ],
        [
          705.02880859375,
          126.0
        ],
        [
          699.02880859375,
          1029.0
        ],
        [
          705.02880859375,
          1030.0
        ],
        [
          97.02880859375,
          26.0
        ],
        [
          97.02880859375,
          1160.0
        ],
        [
          705.02880859375,
          125.0
        ],
        [
          699.02880859375,
          1030.0
        ],
        [
          617.02880859375,
          1030.0
        ],
        [
          613.02880859375,
          1060.0
        ],
        [
          193.02880859375,
          126.0
        ],
        [
          193.02880859375,
          1030.0
        ],
        [
          564.02880859375,
          1050.0
        ],
        [
          565.02880859375,
          1062.0
        ],
        [
          471.02880859375,
          1052.0
        ],
        [
          471.02880859375,
          1062.0
        ],
        [
          612.02880859375,
          1060.0
        ],
        [
          617.02880859375,
          1066.0
        ]
      ],
      "rotate": 0,
      "semantic": {
        "element": "墙轮廓",
        "path": [
          "0, 1, 2, 3",
          "4, 5",
          "6, 7",
          "8, 9",
          "10, 11",
          "12, 13",
          "14, 15",
          "16, 17",
          "18, 19",
          "20, 21",
          "22, 23",
          "24, 25",
          "26, 27",
          "28, 29"
        ],
        "links": []
      },
      "ext": {}
    },
    {
      "id": 2,
      "type": "outline",
      "shape": "polyline",
      "coord": [
        [
          567.02880859375,
          1062.0
        ],
        [
          611.02880859375,
          1062.0
        ],
        [
          611.02880859375,
          1030.0
        ],
        [
          701.02880859375,
          1030.0
        ],
        [
          187.02880859375,
          125.0
        ],
        [
          705.02880859375,
          126.0
        ],
        [
          99.02880859375,
          30.0
        ],
        [
          95.02880859375,
          1160.0
        ],
        [
          701.02880859375,
          125.0
        ],
        [
          705.02880859375,
          1030.0
        ],
        [
          611.02880859375,
          1030.0
        ],
        [
          611.02880859375,
          1062.0
        ],
        [
          566.02880859375,
          1050.0
        ],
        [
          567.02880859375,
          1062.0
        ]
      ],
      "rotate": 0,
      "semantic": {
        "element": "墙轮廓",
        "path": [
          "0, 1",
          "2, 3",
          "4, 5",
          "6, 7",
          "8, 9",
          "10, 11",
          "12, 13"
        ],
        "links": []
      },
      "ext": {}
    },
    {
      "id": 2,
      "type": "polyline",
      "shape": "polyline",
      "coord": [
        [
          185.02880859375,
          134.0
        ],
        [
          185.02880859375,
          228.0
        ]
      ],
      "rotate": 0,
      "semantic": {
        "element": "标尺",
        "links": []
      },
      "ext": {
        "文字识别结果": [
          ""
        ]
      }
    },
    {
      "id": 3,
      "type": "polyline",
      "shape": "polyline",
      "coord": [
        [
          164.02880859375,
          137.0
        ],
        [
          164.02880859375,
          1050.0
        ]
      ],
      "rotate": 0,
      "semantic": {
        "element": "标尺",
        "links": []
      },
      "ext": {
        "文字识别结果": [
          ""
        ]
      }
    },
    {
      "id": 4,
      "type": "polyline",
      "shape": "polyline",
      "coord": [
        [
          733.02880859375,
          138.0
        ],
        [
          733.02880859375,
          384.0
        ]
      ],
      "rotate": 0,
      "semantic": {
        "element": "标尺",
        "links": []
      },
      "ext": {
        "文字识别结果": [
          ""
        ]
      }
    },
    {
      "id": 5,
      "type": "polyline",
      "shape": "polyline",
      "coord": [
        [
          205.02880859375,
          114.0
        ],
        [
          269.02880859375,
          114.0
        ]
      ],
      "rotate": 0,
      "semantic": {
        "element": "标尺",
        "links": []
      },
      "ext": {
        "文字识别结果": [
          ""
        ]
      }
    },
    {
      "id": 6,
      "type": "polyline",
      "shape": "polyline",
      "coord": [
        [
          205.02880859375,
          94.0
        ],
        [
          689.02880859375,
          94.0
        ]
      ],
      "rotate": 0,
      "semantic": {
        "element": "标尺",
        "links": []
      },
      "ext": {
        "文字识别结果": [
          "4230"
        ]
      }
    },
    {
      "id": 7,
      "type": "polyline",
      "shape": "polyline",
      "coord": [
        [
          471.02880859375,
          118.0
        ],
        [
          689.02880859375,
          118.0
        ]
      ],
      "rotate": 0,
      "semantic": {
        "element": "标尺",
        "links": []
      },
      "ext": {
        "文字识别结果": [
          ""
        ]
      }
    },
    {
      "id": 8,
      "type": "polyline",
      "shape": "polyline",
      "coord": [
        [
          205.02880859375,
          1092.0
        ],
        [
          293.02880859375,
          1092.0
        ]
      ],
      "rotate": 0,
      "semantic": {
        "element": "标尺",
        "links": []
      },
      "ext": {
        "文字识别结果": [
          ""
        ]
      }
    },
    {
      "id": 9,
      "type": "polyline",
      "shape": "polyline",
      "coord": [
        [
          471.02880859375,
          1092.0
        ],
        [
          601.02880859375,
          1092.0
        ]
      ],
      "rotate": 0,
      "semantic": {
        "element": "标尺",
        "links": []
      },
      "ext": {
        "文字识别结果": [
          ""
        ]
      }
    },
    {
      "id": 10,
      "type": "polyline",
      "shape": "polyline",
      "coord": [
        [
          601.02880859375,
          1092.0
        ],
        [
          689.02880859375,
          1092.0
        ]
      ],
      "rotate": 0,
      "semantic": {
        "element": "标尺",
        "links": []
      },
      "ext": {
        "文字识别结果": [
          ""
        ]
      }
    },
    {
      "id": 11,
      "type": "box",
      "shape": "rect",
      "coord": [
        [
          205.02880859375,
          416
        ],
        [
          273.02880859375,
          574
        ]
      ],
      "rotate": 0,
      "semantic": {
        "element": "机柜",
        "links": []
      },
      "ext": {
        "文字识别结果": [
          "废机柜桌子"
        ],
        "门朝向": "up"
      }
    },
    {
      "id": 12,
      "type": "box",
      "shape": "rect",
      "coord": [
        [
          419.02880859375,
          138
        ],
        [
          470.02880859375,
          206
        ]
      ],
      "rotate": 0,
      "semantic": {
        "element": "机柜",
        "links": []
      },
      "ext": {
        "文字识别结果": [
          ""
        ],
        "门朝向": "left"
      }
    },
    {
      "id": 13,
      "type": "box",
      "shape": "rect",
      "coord": [
        [
          415.02880859375,
          272
        ],
        [
          470.02880859375,
          344
        ]
      ],
      "rotate": 0,
      "semantic": {
        "element": "机柜",
        "links": []
      },
      "ext": {
        "文字识别结果": [
          "原有设"
        ],
        "门朝向": "left"
      }
    },
    {
      "id": 14,
      "type": "box",
      "shape": "rect",
      "coord": [
        [
          415.02880859375,
          638
        ],
        [
          470.02880859375,
          708
        ]
      ],
      "rotate": 0,
      "semantic": {
        "element": "机柜",
        "links": []
      },
      "ext": {
        "文字识别结果": [
          "BBU"
        ],
        "门朝向": "left"
      }
    },
    {
      "id": 15,
      "type": "box",
      "shape": "rect",
      "coord": [
        [
          415.02880859375,
          206
        ],
        [
          471.02880859375,
          272
        ]
      ],
      "rotate": 0,
      "semantic": {
        "element": "机柜",
        "links": []
      },
      "ext": {
        "文字识别结果": [
          "原有设"
        ],
        "门朝向": "left"
      }
    },
    {
      "id": 16,
      "type": "box",
      "shape": "rect",
      "coord": [
        [
          415.02880859375,
          344
        ],
        [
          471.02880859375,
          440
        ]
      ],
      "rotate": 0,
      "semantic": {
        "element": "机柜",
        "links": []
      },
      "ext": {
        "文字识别结果": [
          "传输分"
        ],
        "门朝向": "left"
      }
    },
    {
      "id": 17,
      "type": "box",
      "shape": "rect",
      "coord": [
        [
          415.02880859375,
          473
        ],
        [
          471.02880859375,
          542
        ]
      ],
      "rotate": 0,
      "semantic": {
        "element": "机柜",
        "links": []
      },
      "ext": {
        "文字识别结果": [
          ""
        ],
        "门朝向": "left"
      }
    },
    {
      "id": 18,
      "type": "box",
      "shape": "rect",
      "coord": [
        [
          415.02880859375,
          542
        ],
        [
          471.02880859375,
          636
        ]
      ],
      "rotate": 0,
      "semantic": {
        "element": "机柜",
        "links": []
      },
      "ext": {
        "文字识别结果": [
          "ODF"
        ],
        "门朝向": "left"
      }
    },
    {
      "id": 19,
      "type": "box",
      "shape": "rect",
      "coord": [
        [
          205.02880859375,
          934
        ],
        [
          257.02880859375,
          1018
        ]
      ],
      "rotate": 0,
      "semantic": {
        "element": "普通设备",
        "links": []
      },
      "ext": {
        "文字识别结果": [
          "交流配"
        ]
      }
    },
    {
      "id": 20,
      "type": "box",
      "shape": "rect",
      "coord": [
        [
          208.02880859375,
          137
        ],
        [
          269.02880859375,
          228
        ]
      ],
      "rotate": 0,
      "semantic": {
        "element": "普通设备",
        "links": []
      },
      "ext": {
        "文字识别结果": [
          "电池"
        ]
      }
    },
    {
      "id": 21,
      "type": "box",
      "shape": "rect",
      "coord": [
        [
          205.02880859375,
          230
        ],
        [
          269.02880859375,
          324
        ]
      ],
      "rotate": 0,
      "semantic": {
        "element": "普通设备",
        "links": []
      },
      "ext": {
        "文字识别结果": [
          "电池"
        ]
      }
    },
    {
      "id": 22,
      "type": "box",
      "shape": "rect",
      "coord": [
        [
          205.02880859375,
          324
        ],
        [
          273.02880859375,
          368
        ]
      ],
      "rotate": 0,
      "semantic": {
        "element": "普通设备",
        "links": []
      },
      "ext": {
        "文字识别结果": [
          "废机柜"
        ]
      }
    },
    {
      "id": 23,
      "type": "box",
      "shape": "rect",
      "coord": [
        [
          205.02880859375,
          368
        ],
        [
          273.02880859375,
          414
        ]
      ],
      "rotate": 0,
      "semantic": {
        "element": "普通设备",
        "links": []
      },
      "ext": {
        "文字识别结果": [
          "废弃机柜"
        ]
      }
    },
    {
      "id": 24,
      "type": "box",
      "shape": "rect",
      "coord": [
        [
          293.02880859375,
          1014
        ],
        [
          363.02880859375,
          1050
        ]
      ],
      "rotate": 0,
      "semantic": {
        "element": "普通设备",
        "links": []
      },
      "ext": {
        "文字识别结果": [
          "空调"
        ]
      }
    },
    {
      "id": 25,
      "type": "box",
      "shape": "rect",
      "coord": [
        [
          414.02880859375,
          708
        ],
        [
          471.02880859375,
          776
        ]
      ],
      "rotate": 0,
      "semantic": {
        "element": "普通设备",
        "links": []
      },
      "ext": {
        "文字识别结果": [
          "BBU"
        ]
      }
    },
    {
      "id": 26,
      "type": "box",
      "shape": "rect",
      "coord": [
        [
          403.02880859375,
          772
        ],
        [
          471.02880859375,
          842
        ]
      ],
      "rotate": 0,
      "semantic": {
        "element": "普通设备",
        "links": []
      },
      "ext": {
        "文字识别结果": [
          ""
        ]
      }
    },
    {
      "id": 27,
      "type": "box",
      "shape": "rect",
      "coord": [
        [
          565.02880859375,
          138
        ],
        [
          689.02880859375,
          384
        ]
      ],
      "rotate": 0,
      "semantic": {
        "element": "普通设备",
        "links": []
      },
      "ext": {
        "文字识别结果": [
          "废设备"
        ]
      }
    },
    {
      "id": 28,
      "type": "polyline",
      "shape": "polyline",
      "coord": [
        [
          187.02880859375,
          134.0
        ],
        [
          187.02880859375,
          228.0
        ]
      ],
      "rotate": 0,
      "semantic": {
        "element": "标尺",
        "links": []
      },
      "ext": {
        "文字识别结果": [
          ""
        ]
      }
    },
    {
      "id": 29,
      "type": "polyline",
      "shape": "polyline",
      "coord": [
        [
          163.02880859375,
          138.0
        ],
        [
          163.02880859375,
          1050.0
        ]
      ],
      "rotate": 0,
      "semantic": {
        "element": "标尺",
        "links": []
      },
      "ext": {
        "文字识别结果": [
          ""
        ]
      }
    },
    {
      "id": 30,
      "type": "polyline",
      "shape": "polyline",
      "coord": [
        [
          733.02880859375,
          138.0
        ],
        [
          733.02880859375,
          384.0
        ]
      ],
      "rotate": 0,
      "semantic": {
        "element": "标尺",
        "links": []
      },
      "ext": {
        "文字识别结果": [
          ""
        ]
      }
    },
    {
      "id": 31,
      "type": "polyline",
      "shape": "polyline",
      "coord": [
        [
          207.02880859375,
          114.0
        ],
        [
          267.02880859375,
          114.0
        ]
      ],
      "rotate": 0,
      "semantic": {
        "element": "标尺",
        "links": []
      },
      "ext": {
        "文字识别结果": [
          ""
        ]
      }
    },
    {
      "id": 32,
      "type": "polyline",
      "shape": "polyline",
      "coord": [
        [
          203.02880859375,
          94.0
        ],
        [
          689.02880859375,
          94.0
        ]
      ],
      "rotate": 0,
      "semantic": {
        "element": "标尺",
        "links": []
      },
      "ext": {
        "文字识别结果": [
          "4230"
        ]
      }
    },
    {
      "id": 33,
      "type": "polyline",
      "shape": "polyline",
      "coord": [
        [
          469.02880859375,
          118.0
        ],
        [
          687.02880859375,
          118.0
        ]
      ],
      "rotate": 0,
      "semantic": {
        "element": "标尺",
        "links": []
      },
      "ext": {
        "文字识别结果": [
          ""
        ]
      }
    },
    {
      "id": 34,
      "type": "polyline",
      "shape": "polyline",
      "coord": [
        [
          563.02880859375,
          408.0
        ],
        [
          687.02880859375,
          408.0
        ]
      ],
      "rotate": 0,
      "semantic": {
        "element": "标尺",
        "links": []
      },
      "ext": {
        "文字识别结果": [
          ""
        ]
      }
    },
    {
      "id": 35,
      "type": "polyline",
      "shape": "polyline",
      "coord": [
        [
          207.02880859375,
          1092.0
        ],
        [
          293.02880859375,
          1092.0
        ]
      ],
      "rotate": 0,
      "semantic": {
        "element": "标尺",
        "links": []
      },
      "ext": {
        "文字识别结果": [
          ""
        ]
      }
    },
    {
      "id": 36,
      "type": "polyline",
      "shape": "polyline",
      "coord": [
        [
          471.02880859375,
          1092.0
        ],
        [
          603.02880859375,
          1092.0
        ]
      ],
      "rotate": 0,
      "semantic": {
        "element": "标尺",
        "links": []
      },
      "ext": {
        "文字识别结果": [
          ""
        ]
      }
    },
    {
      "id": 37,
      "type": "polyline",
      "shape": "polyline",
      "coord": [
        [
          603.02880859375,
          1092.0
        ],
        [
          689.02880859375,
          1092.0
        ]
      ],
      "rotate": 0,
      "semantic": {
        "element": "标尺",
        "links": []
      },
      "ext": {
        "文字识别结果": [
          ""
        ]
      }
    },
    {
      "id": 38,
      "type": "box",
      "shape": "rect",
      "coord": [
        [
          207.02880859375,
          416
        ],
        [
          273.02880859375,
          574
        ]
      ],
      "rotate": 0,
      "semantic": {
        "element": "机柜",
        "links": []
      },
      "ext": {
        "文字识别结果": [
          "废机柜桌子"
        ],
        "门朝向": "up"
      }
    },
    {
      "id": 39,
      "type": "box",
      "shape": "rect",
      "coord": [
        [
          413.02880859375,
          272
        ],
        [
          468.02880859375,
          344
        ]
      ],
      "rotate": 0,
      "semantic": {
        "element": "机柜",
        "links": []
      },
      "ext": {
        "文字识别结果": [
          "原有"
        ],
        "门朝向": "left"
      }
    },
    {
      "id": 40,
      "type": "box",
      "shape": "rect",
      "coord": [
        [
          413.02880859375,
          638
        ],
        [
          468.02880859375,
          708
        ]
      ],
      "rotate": 0,
      "semantic": {
        "element": "机柜",
        "links": []
      },
      "ext": {
        "文字识别结果": [
          "BBU"
        ],
        "门朝向": "left"
      }
    },
    {
      "id": 41,
      "type": "box",
      "shape": "rect",
      "coord": [
        [
          413.02880859375,
          206
        ],
        [
          469.02880859375,
          272
        ]
      ],
      "rotate": 0,
      "semantic": {
        "element": "机柜",
        "links": []
      },
      "ext": {
        "文字识别结果": [
          "原有设"
        ],
        "门朝向": "left"
      }
    },
    {
      "id": 42,
      "type": "box",
      "shape": "rect",
      "coord": [
        [
          413.02880859375,
          344
        ],
        [
          469.02880859375,
          440
        ]
      ],
      "rotate": 0,
      "semantic": {
        "element": "机柜",
        "links": []
      },
      "ext": {
        "文字识别结果": [
          "传输分"
        ],
        "门朝向": "left"
      }
    },
    {
      "id": 43,
      "type": "box",
      "shape": "rect",
      "coord": [
        [
          413.02880859375,
          474
        ],
        [
          469.02880859375,
          542
        ]
      ],
      "rotate": 0,
      "semantic": {
        "element": "机柜",
        "links": []
      },
      "ext": {
        "文字识别结果": [
          "m"
        ],
        "门朝向": "left"
      }
    },
    {
      "id": 44,
      "type": "box",
      "shape": "rect",
      "coord": [
        [
          413.02880859375,
          542
        ],
        [
          469.02880859375,
          636
        ]
      ],
      "rotate": 0,
      "semantic": {
        "element": "机柜",
        "links": []
      },
      "ext": {
        "文字识别结果": [
          "ODF"
        ],
        "门朝向": "left"
      }
    },
    {
      "id": 45,
      "type": "box",
      "shape": "rect",
      "coord": [
        [
          413.02880859375,
          708
        ],
        [
          469.02880859375,
          776
        ]
      ],
      "rotate": 0,
      "semantic": {
        "element": "机柜",
        "links": []
      },
      "ext": {
        "文字识别结果": [
          "BBU"
        ],
        "门朝向": "left"
      }
    },
    {
      "id": 46,
      "type": "box",
      "shape": "rect",
      "coord": [
        [
          413.02880859375,
          772
        ],
        [
          471.02880859375,
          842
        ]
      ],
      "rotate": 0,
      "semantic": {
        "element": "机柜",
        "links": []
      },
      "ext": {
        "文字识别结果": [
          ""
        ],
        "门朝向": "left"
      }
    },
    {
      "id": 47,
      "type": "box",
      "shape": "rect",
      "coord": [
        [
          207.02880859375,
          934
        ],
        [
          255.02880859375,
          1018
        ]
      ],
      "rotate": 0,
      "semantic": {
        "element": "普通设备",
        "links": []
      },
      "ext": {
        "文字识别结果": [
          "交流配"
        ]
      }
    },
    {
      "id": 48,
      "type": "box",
      "shape": "rect",
      "coord": [
        [
          206.02880859375,
          138
        ],
        [
          267.02880859375,
          228
        ]
      ],
      "rotate": 0,
      "semantic": {
        "element": "普通设备",
        "links": []
      },
      "ext": {
        "文字识别结果": [
          "电池"
        ]
      }
    },
    {
      "id": 49,
      "type": "box",
      "shape": "rect",
      "coord": [
        [
          207.02880859375,
          230
        ],
        [
          267.02880859375,
          324
        ]
      ],
      "rotate": 0,
      "semantic": {
        "element": "普通设备",
        "links": []
      },
      "ext": {
        "文字识别结果": [
          "电池"
        ]
      }
    },
    {
      "id": 50,
      "type": "box",
      "shape": "rect",
      "coord": [
        [
          207.02880859375,
          324
        ],
        [
          273.02880859375,
          368
        ]
      ],
      "rotate": 0,
      "semantic": {
        "element": "普通设备",
        "links": []
      },
      "ext": {
        "文字识别结果": [
          "废机柜"
        ]
      }
    },
    {
      "id": 51,
      "type": "box",
      "shape": "rect",
      "coord": [
        [
          207.02880859375,
          368
        ],
        [
          275.02880859375,
          413
        ]
      ],
      "rotate": 0,
      "semantic": {
        "element": "普通设备",
        "links": []
      },
      "ext": {
        "文字识别结果": [
          "废弃机柜"
        ]
      }
    },
    {
      "id": 52,
      "type": "box",
      "shape": "rect",
      "coord": [
        [
          293.02880859375,
          1014
        ],
        [
          361.02880859375,
          1050
        ]
      ],
      "rotate": 0,
      "semantic": {
        "element": "普通设备",
        "links": []
      },
      "ext": {
        "文字识别结果": [
          "空调"
        ]
      }
    },
    {
      "id": 53,
      "type": "box",
      "shape": "rect",
      "coord": [
        [
          413.02880859375,
          138
        ],
        [
          468.02880859375,
          206
        ]
      ],
      "rotate": 0,
      "semantic": {
        "element": "普通设备",
        "links": []
      },
      "ext": {
        "文字识别结果": [
          "2"
        ]
      }
    },
    {
      "id": 54,
      "type": "box",
      "shape": "rect",
      "coord": [
        [
          563.02880859375,
          138
        ],
        [
          687.02880859375,
          384
        ]
      ],
      "rotate": 0,
      "semantic": {
        "element": "普通设备",
        "links": []
      },
      "ext": {
        "文字识别结果": [
          "废设备"
        ]
      }
    },
    {
      "id": 56,
      "type": "other",
      "shape": "rect",
      "coord": [
        [
          478.63909912109375,
          504.7659606933594
        ],
        [
          499.66339111328125,
          524.1226806640625
        ]
      ],
      "rotate": 0,
      "semantic": {
        "element": "带指向性文字",
        "links": []
      },
      "ext": {
        "文字识别结果": [
          ""
        ]
      }
    },
    {
      "id": 57,
      "type": "other",
      "shape": "rect",
      "coord": [
        [
          475.6065673828125,
          530.8522338867188
        ],
        [
          496.67120361328125,
          549.764404296875
        ]
      ],
      "rotate": 0,
      "semantic": {
        "element": "带指向性文字",
        "links": []
      },
      "ext": {
        "文字识别结果": [
          ""
        ]
      }
    },
    {
      "id": 58,
      "type": "other",
      "shape": "rect",
      "coord": [
        [
          474.87054443359375,
          557.7194213867188
        ],
        [
          495.82110595703125,
          577.6458740234375
        ]
      ],
      "rotate": 0,
      "semantic": {
        "element": "带指向性文字",
        "links": []
      },
      "ext": {
        "文字识别结果": [
          "ODF"
        ]
      }
    },
    {
      "id": 59,
      "type": "other",
      "shape": "rect",
      "coord": [
        [
          431.66778564453125,
          443.7451477050781
        ],
        [
          455.9312744140625,
          464.0327453613281
        ]
      ],
      "rotate": 0,
      "semantic": {
        "element": "带指向性文字",
        "links": []
      },
      "ext": {
        "文字识别结果": [
          ""
        ]
      }
    },
    {
      "id": 60,
      "type": "other",
      "shape": "rect",
      "coord": [
        [
          432.3033447265625,
          558.2232055664062
        ],
        [
          458.85540771484375,
          577.3790283203125
        ]
      ],
      "rotate": 0,
      "semantic": {
        "element": "带指向性文字",
        "links": []
      },
      "ext": {
        "文字识别结果": [
          "ODF"
        ]
      }
    },
    {
      "id": 61,
      "type": "other",
      "shape": "rect",
      "coord": [
        [
          477.6357421875,
          504.9947509765625
        ],
        [
          500.19769287109375,
          523.9891357421875
        ]
      ],
      "rotate": 0,
      "semantic": {
        "element": "带指向性文字",
        "links": []
      },
      "ext": {
        "文字识别结果": [
          "(14"
        ]
      }
    },
    {
      "id": 62,
      "type": "other",
      "shape": "rect",
      "coord": [
        [
          476.00982666015625,
          530.5476684570312
        ],
        [
          496.17041015625,
          549.146240234375
        ]
      ],
      "rotate": 0,
      "semantic": {
        "element": "带指向性文字",
        "links": []
      },
      "ext": {
        "文字识别结果": [
          ""
        ]
      }
    },
    {
      "id": 63,
      "type": "other",
      "shape": "rect",
      "coord": [
        [
          474.2498779296875,
          557.1027221679688
        ],
        [
          497.326904296875,
          578.2816772460938
        ]
      ],
      "rotate": 0,
      "semantic": {
        "element": "带指向性文字",
        "links": []
      },
      "ext": {
        "文字识别结果": [
          "ODF"
        ]
      }
    },
    {
      "id": 64,
      "type": "other",
      "shape": "rect",
      "coord": [
        [
          432.82586669921875,
          444.5283508300781
        ],
        [
          455.92962646484375,
          464.0472412109375
        ]
      ],
      "rotate": 0,
      "semantic": {
        "element": "带指向性文字",
        "links": []
      },
      "ext": {
        "文字识别结果": [
          ""
        ]
      }
    },
    {
      "id": 65,
      "type": "other",
      "shape": "rect",
      "coord": [
        [
          434.8876953125,
          558.0773315429688
        ],
        [
          460.1983642578125,
          577.503173828125
        ]
      ],
      "rotate": 0,
      "semantic": {
        "element": "带指向性文字",
        "links": []
      },
      "ext": {
        "文字识别结果": [
          "ODF"
        ]
      }
    },
    {
      "id": 66,
      "type": "other",
      "shape": "rect",
      "coord": [
        [
          477.5340576171875,
          476.1227111816406
        ],
        [
          535.042724609375,
          501.4845275878906
        ]
      ],
      "rotate": 0,
      "semantic": {
        "element": "无指向性文字",
        "links": []
      },
      "ext": {
        "文字识别结果": [
          "（1.4）"
        ]
      }
    },
    {
      "id": 67,
      "type": "other",
      "shape": "rect",
      "coord": [
        [
          477.4527587890625,
          792.2249145507812
        ],
        [
          537.4494018554688,
          823.5352172851562
        ]
      ],
      "rotate": 0,
      "semantic": {
        "element": "无指向性文字",
        "links": []
      },
      "ext": {
        "文字识别结果": [
          "3（1.4）"
        ]
      }
    },
    {
      "id": 68,
      "type": "other",
      "shape": "rect",
      "coord": [
        [
          477.443359375,
          475.698486328125
        ],
        [
          535.17578125,
          501.6886901855469
        ]
      ],
      "rotate": 0,
      "semantic": {
        "element": "无指向性文字",
        "links": []
      },
      "ext": {
        "文字识别结果": [
          "3（1.4）"
        ]
      }
    },
    {
      "id": 69,
      "type": "other",
      "shape": "rect",
      "coord": [
        [
          479.1396484375,
          793.9752807617188
        ],
        [
          536.7029418945312,
          822.3248291015625
        ]
      ],
      "rotate": 0,
      "semantic": {
        "element": "无指向性文字",
        "links": []
      },
      "ext": {
        "文字识别结果": [
          "3（1,4）"
        ]
      }
    },
    {
      "id": 70,
      "type": "other",
      "shape": "rect",
      "coord": [
        [
          470.27630615234375,
          1041.7147216796875
        ],
        [
          572.4319458007812,
          1074.01611328125
        ]
      ],
      "rotate": 0,
      "semantic": {
        "element": "门",
        "links": []
      },
      "ext": {}
    },
    {
      "id": 71,
      "type": "table",
      "shape": "rect",
      "coord": [
        [
          933.1943359375,
          1028.7171630859375
        ],
        [
          1660.2398681640625,
          1165.57568359375
        ]
      ],
      "rotate": 0,
      "semantic": {
        "element": "标题栏",
        "links": []
      },
      "ext": {
        "表格识别结果": [
          [
            "处主管",
            "审核人",
            "",
            "中讯邮电咨询设计院有限公司"
          ],
          [
            "总负责人",
            "单",
            "mm",
            ""
          ],
          [
            "单责人",
            "比",
            "1:50",
            ""
          ],
          [
            "设计人",
            "期",
            "",
            "图号"
          ]
        ]
      }
    }
  ]
}