{
  "info": {
    "像素面积": {
      "全部面积": 3820472.0,
      "设备面积": 1024317.0,
      "剩余面积": 2796155.0
    },
    "图纸信息": {
      "类型": "机房",
      "名称": "315.png"
    }
  },
  "obj": [
    {
      "id": 1,
      "type": "outline",
      "shape": "polyline",
      "coord": [
        [
          542.2252502441406,
          476.4156494140625
        ],
        [
          582.2252502441406,
          476.4156494140625
        ],
        [
          1152.2252502441406,
          476.4156494140625
        ],
        [
          542.2252502441406,
          1724.4156494140625
        ],
        [
          600.2252502441406,
          1724.4156494140625
        ],
        [
          582.2252502441406,
          1688.4156494140625
        ],
        [
          1564.2252502441406,
          1684.4156494140625
        ],
        [
          798.2252502441406,
          1724.4156494140625
        ],
        [
          800.2252502441406,
          1724.4156494140625
        ],
        [
          1390.2252502441406,
          1724.4156494140625
        ],
        [
          1390.2252502441406,
          1978.4156494140625
        ],
        [
          810.2252502441406,
          776.4156494140625
        ],
        [
          1152.2252502441406,
          774.4156494140625
        ],
        [
          1152.2252502441406,
          548.4156494140625
        ],
        [
          1192.2252502441406,
          548.4156494140625
        ],
        [
          810.2252502441406,
          737.4156494140625
        ],
        [
          1156.2252502441406,
          738.4156494140625
        ],
        [
          1195.2252502441406,
          476.4156494140625
        ],
        [
          1738.2252502441406,
          476.4156494140625
        ],
        [
          1738.2252502441406,
          920.4156494140625
        ],
        [
          1152.2252502441406,
          690.4156494140625
        ],
        [
          1196.2252502441406,
          690.4156494140625
        ],
        [
          1196.2252502441406,
          924.4156494140625
        ],
        [
          1390.2252502441406,
          1974.4156494140625
        ],
        [
          1778.2252502441406,
          1978.4156494140625
        ],
        [
          1390.2252502441406,
          1404.4156494140625
        ],
        [
          1738.2252502441406,
          1406.4156494140625
        ],
        [
          1390.2252502441406,
          1538.4156494140625
        ],
        [
          1432.2252502441406,
          1538.4156494140625
        ],
        [
          1196.2252502441406,
          920.4156494140625
        ],
        [
          1738.2252502441406,
          924.4156494140625
        ],
        [
          1432.2252502441406,
          1938.4156494140625
        ],
        [
          1738.2252502441406,
          1938.4156494140625
        ],
        [
          1390.2252502441406,
          1404.4156494140625
        ],
        [
          1738.2252502441406,
          1404.4156494140625
        ],
        [
          1432.2252502441406,
          1446.4156494140625
        ],
        [
          1738.2252502441406,
          1446.4156494140625
        ],
        [
          1738.2252502441406,
          1938.4156494140625
        ],
        [
          1152.2252502441406,
          436.4156494140625
        ],
        [
          1778.2252502441406,
          436.4156494140625
        ],
        [
          1778.2252502441406,
          1974.4156494140625
        ],
        [
          1152.2252502441406,
          436.4156494140625
        ],
        [
          1152.2252502441406,
          548.4156494140625
        ],
        [
          1192.2252502441406,
          476.4156494140625
        ],
        [
          1195.2252502441406,
          548.4156494140625
        ],
        [
          1156.2252502441406,
          690.4156494140625
        ],
        [
          1152.2252502441406,
          737.4156494140625
        ],
        [
          810.2252502441406,
          738.4156494140625
        ],
        [
          810.2252502441406,
          774.4156494140625
        ],
        [
          1390.2252502441406,
          1406.4156494140625
        ],
        [
          1390.2252502441406,
          1538.4156494140625
        ],
        [
          1432.2252502441406,
          1446.4156494140625
        ],
        [
          1432.2252502441406,
          1938.4156494140625
        ],
        [
          798.2252502441406,
          1684.4156494140625
        ],
        [
          798.2252502441406,
          1724.4156494140625
        ],
        [
          582.2252502441406,
          476.4156494140625
        ],
        [
          582.2252502441406,
          1684.4156494140625
        ],
        [
          542.2252502441406,
          476.4156494140625
        ],
        [
          542.2252502441406,
          1724.4156494140625
        ]
      ],
      "rotate": 0,
      "semantic": {
        "element": "墙轮廓",
        "path": [
          "0, 1, 2",
          "3, 4",
          "5, 6",
          "7, 8, 9, 10",
          "11, 12",
          "13, 14",
          "15, 16",
          "17, 18, 19",
          "20, 21, 22",
          "23, 24",
          "25, 26",
          "27, 28",
          "29, 30",
          "31, 32",
          "33, 34",
          "35, 36, 37",
          "38, 39, 40",
          "41, 42",
          "43, 44",
          "45, 46",
          "47, 48",
          "49, 50",
          "51, 52",
          "53, 54",
          "55, 56",
          "57, 58"
        ],
        "links": []
      },
      "ext": {}
    },
    {
      "id": 2,
      "type": "outline",
      "shape": "polyline",
      "coord": [
        [
          540.2252502441406,
          474.4156494140625
        ],
        [
          1740.2252502441406,
          474.4156494140625
        ],
        [
          1740.2252502441406,
          1404.4156494140625
        ],
        [
          540.2252502441406,
          1726.4156494140625
        ],
        [
          602.2252502441406,
          1726.4156494140625
        ],
        [
          800.2252502441406,
          1686.4156494140625
        ],
        [
          1562.2252502441406,
          1686.4156494140625
        ],
        [
          808.2252502441406,
          738.4156494140625
        ],
        [
          1154.2252502441406,
          738.4156494140625
        ],
        [
          808.2252502441406,
          778.4156494140625
        ],
        [
          1154.2252502441406,
          774.4156494140625
        ],
        [
          1154.2252502441406,
          692.4156494140625
        ],
        [
          1194.2252502441406,
          692.4156494140625
        ],
        [
          1194.2252502441406,
          922.4156494140625
        ],
        [
          1196.2252502441406,
          922.4156494140625
        ],
        [
          1154.2252502441406,
          1444.4156494140625
        ],
        [
          1194.2252502441406,
          1444.4156494140625
        ],
        [
          1194.2252502441406,
          960.4156494140625
        ],
        [
          1196.2252502441406,
          962.4156494140625
        ],
        [
          800.2252502441406,
          1726.4156494140625
        ],
        [
          1390.2252502441406,
          1726.4156494140625
        ],
        [
          1392.2252502441406,
          1978.4156494140625
        ],
        [
          1392.2252502441406,
          1976.4156494140625
        ],
        [
          1778.2252502441406,
          1978.4156494140625
        ],
        [
          1392.2252502441406,
          1536.4156494140625
        ],
        [
          1430.2252502441406,
          1536.4156494140625
        ],
        [
          1430.2252502441406,
          1444.4156494140625
        ],
        [
          1740.2252502441406,
          1444.4156494140625
        ],
        [
          1740.2252502441406,
          1936.4156494140625
        ],
        [
          1392.2252502441406,
          1404.4156494140625
        ],
        [
          1740.2252502441406,
          1404.4156494140625
        ],
        [
          1430.2252502441406,
          1936.4156494140625
        ],
        [
          1740.2252502441406,
          1936.4156494140625
        ],
        [
          1196.2252502441406,
          964.4156494140625
        ],
        [
          1740.2252502441406,
          960.4156494140625
        ],
        [
          1585.2252502441406,
          434.4156494140625
        ],
        [
          1780.2252502441406,
          434.4156494140625
        ],
        [
          1392.2252502441406,
          1976.4156494140625
        ],
        [
          1778.2252502441406,
          1976.4156494140625
        ],
        [
          1778.2252502441406,
          434.4156494140625
        ],
        [
          1778.2252502441406,
          1976.4156494140625
        ],
        [
          1154.2252502441406,
          692.4156494140625
        ],
        [
          1154.2252502441406,
          738.4156494140625
        ],
        [
          808.2252502441406,
          738.4156494140625
        ],
        [
          808.2252502441406,
          774.4156494140625
        ],
        [
          1154.2252502441406,
          778.4156494140625
        ],
        [
          1154.2252502441406,
          1444.4156494140625
        ],
        [
          1430.2252502441406,
          1444.4156494140625
        ],
        [
          1430.2252502441406,
          1936.4156494140625
        ],
        [
          1194.2252502441406,
          964.4156494140625
        ],
        [
          1194.2252502441406,
          1444.4156494140625
        ],
        [
          1392.2252502441406,
          1404.4156494140625
        ],
        [
          1392.2252502441406,
          1536.4156494140625
        ],
        [
          800.2252502441406,
          1686.4156494140625
        ],
        [
          800.2252502441406,
          1726.4156494140625
        ],
        [
          540.2252502441406,
          474.4156494140625
        ],
        [
          540.2252502441406,
          1726.4156494140625
        ]
      ],
      "rotate": 0,
      "semantic": {
        "element": "墙轮廓",
        "path": [
          "0, 1, 2",
          "3, 4",
          "5, 6",
          "7, 8",
          "9, 10",
          "11, 12, 13, 14",
          "15, 16",
          "17, 18",
          "19, 20, 21",
          "22, 23",
          "24, 25",
          "26, 27, 28",
          "29, 30",
          "31, 32",
          "33, 34",
          "35, 36",
          "37, 38",
          "39, 40",
          "41, 42",
          "43, 44",
          "45, 46",
          "47, 48",
          "49, 50",
          "51, 52",
          "53, 54",
          "55, 56"
        ],
        "links": []
      },
      "ext": {}
    },
    {
      "id": 2,
      "type": "polyline",
      "shape": "polyline",
      "coord": [
        [
          486.2252502441406,
          476.4156494140625
        ],
        [
          486.2252502441406,
          738.4156494140625
        ]
      ],
      "rotate": 0,
      "semantic": {
        "element": "标尺",
        "links": []
      },
      "ext": {
        "文字识别结果": [
          "1300"
        ]
      }
    },
    {
      "id": 3,
      "type": "polyline",
      "shape": "polyline",
      "coord": [
        [
          486.2252502441406,
          738.4156494140625
        ],
        [
          486.2252502441406,
          776.4156494140625
        ]
      ],
      "rotate": 0,
      "semantic": {
        "element": "标尺",
        "links": []
      },
      "ext": {
        "文字识别结果": [
          ""
        ]
      }
    },
    {
      "id": 4,
      "type": "polyline",
      "shape": "polyline",
      "coord": [
        [
          784.2252502441406,
          774.4156494140625
        ],
        [
          784.2252502441406,
          800.4156494140625
        ]
      ],
      "rotate": 0,
      "semantic": {
        "element": "标尺",
        "links": []
      },
      "ext": {
        "文字识别结果": [
          "30"
        ]
      }
    },
    {
      "id": 5,
      "type": "polyline",
      "shape": "polyline",
      "coord": [
        [
          486.2252502441406,
          776.4156494140625
        ],
        [
          486.2252502441406,
          1688.4156494140625
        ]
      ],
      "rotate": 0,
      "semantic": {
        "element": "标尺",
        "links": []
      },
      "ext": {
        "文字识别结果": [
          "5000"
        ]
      }
    },
    {
      "id": 6,
      "type": "polyline",
      "shape": "polyline",
      "coord": [
        [
          582.2252502441406,
          630.4156494140625
        ],
        [
          688.2252502441406,
          630.4156494140625
        ]
      ],
      "rotate": 0,
      "semantic": {
        "element": "标尺",
        "links": []
      },
      "ext": {
        "文字识别结果": [
          "550"
        ]
      }
    },
    {
      "id": 7,
      "type": "polyline",
      "shape": "polyline",
      "coord": [
        [
          582.2252502441406,
          1816.4156494140625
        ],
        [
          1390.2252502441406,
          1816.4156494140625
        ]
      ],
      "rotate": 0,
      "semantic": {
        "element": "标尺",
        "links": []
      },
      "ext": {
        "文字识别结果": [
          "4100"
        ]
      }
    },
    {
      "id": 8,
      "type": "polyline",
      "shape": "polyline",
      "coord": [
        [
          808.2252502441406,
          630.4156494140625
        ],
        [
          890.2252502441406,
          630.4156494140625
        ]
      ],
      "rotate": 0,
      "semantic": {
        "element": "标尺",
        "links": []
      },
      "ext": {
        "文字识别结果": [
          "410"
        ]
      }
    },
    {
      "id": 9,
      "type": "polyline",
      "shape": "polyline",
      "coord": [
        [
          688.2252502441406,
          630.4156494140625
        ],
        [
          808.2252502441406,
          630.4156494140625
        ]
      ],
      "rotate": 0,
      "semantic": {
        "element": "标尺",
        "links": []
      },
      "ext": {
        "文字识别结果": [
          "600"
        ]
      }
    },
    {
      "id": 10,
      "type": "polyline",
      "shape": "polyline",
      "coord": [
        [
          890.2252502441406,
          630.4156494140625
        ],
        [
          994.2252502441406,
          630.4156494140625
        ]
      ],
      "rotate": 0,
      "semantic": {
        "element": "标尺",
        "links": []
      },
      "ext": {
        "文字识别结果": [
          "520"
        ]
      }
    },
    {
      "id": 11,
      "type": "polyline",
      "shape": "polyline",
      "coord": [
        [
          994.2252502441406,
          630.4156494140625
        ],
        [
          1152.2252502441406,
          630.4156494140625
        ]
      ],
      "rotate": 0,
      "semantic": {
        "element": "标尺",
        "links": []
      },
      "ext": {
        "文字识别结果": [
          "台820"
        ]
      }
    },
    {
      "id": 12,
      "type": "polyline",
      "shape": "polyline",
      "coord": [
        [
          1430.2252502441406,
          2052.4156494140625
        ],
        [
          1742.2252502441406,
          2052.4156494140625
        ]
      ],
      "rotate": 0,
      "semantic": {
        "element": "标尺",
        "links": []
      },
      "ext": {
        "文字识别结果": [
          "1500"
        ]
      }
    },
    {
      "id": 13,
      "type": "polyline",
      "shape": "polyline",
      "coord": [
        [
          486.2252502441406,
          778.4156494140625
        ],
        [
          784.2252502441406,
          778.4156494140625
        ]
      ],
      "rotate": 0,
      "semantic": {
        "element": "标尺",
        "links": []
      },
      "ext": {
        "文字识别结果": [
          ""
        ]
      }
    },
    {
      "id": 14,
      "type": "box",
      "shape": "rect",
      "coord": [
        [
          890.2252502441406,
          738.4156494140625
        ],
        [
          990.2252502441406,
          800.4156494140625
        ]
      ],
      "rotate": 0,
      "semantic": {
        "element": "柱子",
        "links": []
      },
      "ext": {}
    },
    {
      "id": 15,
      "type": "box",
      "shape": "rect",
      "coord": [
        [
          1706.2252502441406,
          1660.4156494140625
        ],
        [
          1778.2252502441406,
          1752.4156494140625
        ]
      ],
      "rotate": 0,
      "semantic": {
        "element": "柱子",
        "links": []
      },
      "ext": {}
    },
    {
      "id": 16,
      "type": "box",
      "shape": "rect",
      "coord": [
        [
          1032.2252502441406,
          1644.4156494140625
        ],
        [
          1064.2252502441406,
          1684.4156494140625
        ]
      ],
      "rotate": 0,
      "semantic": {
        "element": "普通设备",
        "links": []
      },
      "ext": {
        "文字识别结果": [
          ""
        ]
      }
    },
    {
      "id": 17,
      "type": "box",
      "shape": "rect",
      "coord": [
        [
          1152.2252502441406,
          1384.4156494140625
        ],
        [
          1196.2252502441406,
          1445.4156494140625
        ]
      ],
      "rotate": 0,
      "semantic": {
        "element": "普通设备",
        "links": []
      },
      "ext": {
        "文字识别结果": [
          ""
        ]
      }
    },
    {
      "id": 18,
      "type": "box",
      "shape": "rect",
      "coord": [
        [
          1430.2252502441406,
          1446.4156494140625
        ],
        [
          1738.2252502441406,
          1938.4156494140625
        ]
      ],
      "rotate": 0,
      "semantic": {
        "element": "普通设备",
        "links": []
      },
      "ext": {
        "文字识别结果": [
          "厨房卫生间"
        ]
      }
    },
    {
      "id": 19,
      "type": "box",
      "shape": "rect",
      "coord": [
        [
          1620.2252502441406,
          436.4156494140625
        ],
        [
          1698.2252502441406,
          476.4156494140625
        ]
      ],
      "rotate": 0,
      "semantic": {
        "element": "馈线洞",
        "links": []
      },
      "ext": {}
    },
    {
      "id": 20,
      "type": "box",
      "shape": "rect",
      "coord": [
        [
          1006.2252502441406,
          738.4156494140625
        ],
        [
          1020.2252502441406,
          774.4156494140625
        ]
      ],
      "rotate": 0,
      "semantic": {
        "element": "馈线洞",
        "links": []
      },
      "ext": {}
    },
    {
      "id": 21,
      "type": "box",
      "shape": "rect",
      "coord": [
        [
          1004.2252502441406,
          738.4156494140625
        ],
        [
          1020.2252502441406,
          774.4156494140625
        ]
      ],
      "rotate": 0,
      "semantic": {
        "element": "馈线洞",
        "links": []
      },
      "ext": {}
    },
    {
      "id": 22,
      "type": "box",
      "shape": "rect",
      "coord": [
        [
          1698.2252502441406,
          924.4156494140625
        ],
        [
          1742.2252502441406,
          978.4156494140625
        ]
      ],
      "rotate": 0,
      "semantic": {
        "element": "馈线洞",
        "links": []
      },
      "ext": {}
    },
    {
      "id": 23,
      "type": "box",
      "shape": "rect",
      "coord": [
        [
          1390.2252502441406,
          1668.4156494140625
        ],
        [
          1430.2252502441406,
          1684.4156494140625
        ]
      ],
      "rotate": 0,
      "semantic": {
        "element": "馈线洞",
        "links": []
      },
      "ext": {}
    },
    {
      "id": 24,
      "type": "box",
      "shape": "rect",
      "coord": [
        [
          1742.2252502441406,
          1640.4156494140625
        ],
        [
          1778.2252502441406,
          1656.4156494140625
        ]
      ],
      "rotate": 0,
      "semantic": {
        "element": "馈线洞",
        "links": []
      },
      "ext": {}
    },
    {
      "id": 25,
      "type": "polyline",
      "shape": "polyline",
      "coord": [
        [
          790.2252502441406,
          632.4156494140625
        ],
        [
          790.2252502441406,
          774.4156494140625
        ]
      ],
      "rotate": 0,
      "semantic": {
        "element": "标尺",
        "links": []
      },
      "ext": {
        "文字识别结果": [
          ""
        ]
      }
    },
    {
      "id": 26,
      "type": "polyline",
      "shape": "polyline",
      "coord": [
        [
          488.2252502441406,
          474.4156494140625
        ],
        [
          488.2252502441406,
          735.4156494140625
        ]
      ],
      "rotate": 0,
      "semantic": {
        "element": "标尺",
        "links": []
      },
      "ext": {
        "文字识别结果": [
          "1300"
        ]
      }
    },
    {
      "id": 27,
      "type": "polyline",
      "shape": "polyline",
      "coord": [
        [
          488.2252502441406,
          735.4156494140625
        ],
        [
          488.2252502441406,
          774.4156494140625
        ]
      ],
      "rotate": 0,
      "semantic": {
        "element": "标尺",
        "links": []
      },
      "ext": {
        "文字识别结果": [
          ""
        ]
      }
    },
    {
      "id": 28,
      "type": "polyline",
      "shape": "polyline",
      "coord": [
        [
          488.2252502441406,
          774.4156494140625
        ],
        [
          488.2252502441406,
          1685.4156494140625
        ]
      ],
      "rotate": 0,
      "semantic": {
        "element": "标尺",
        "links": []
      },
      "ext": {
        "文字识别结果": [
          "5000"
        ]
      }
    },
    {
      "id": 29,
      "type": "polyline",
      "shape": "polyline",
      "coord": [
        [
          784.2252502441406,
          774.4156494140625
        ],
        [
          784.2252502441406,
          802.4156494140625
        ]
      ],
      "rotate": 0,
      "semantic": {
        "element": "标尺",
        "links": []
      },
      "ext": {
        "文字识别结果": [
          "30"
        ]
      }
    },
    {
      "id": 30,
      "type": "polyline",
      "shape": "polyline",
      "coord": [
        [
          582.2252502441406,
          632.4156494140625
        ],
        [
          690.2252502441406,
          632.4156494140625
        ]
      ],
      "rotate": 0,
      "semantic": {
        "element": "标尺",
        "links": []
      },
      "ext": {
        "文字识别结果": [
          "550"
        ]
      }
    },
    {
      "id": 31,
      "type": "polyline",
      "shape": "polyline",
      "coord": [
        [
          580.2252502441406,
          1816.4156494140625
        ],
        [
          1390.2252502441406,
          1816.4156494140625
        ]
      ],
      "rotate": 0,
      "semantic": {
        "element": "标尺",
        "links": []
      },
      "ext": {
        "文字识别结果": [
          ""
        ]
      }
    },
    {
      "id": 32,
      "type": "polyline",
      "shape": "polyline",
      "coord": [
        [
          690.2252502441406,
          632.4156494140625
        ],
        [
          790.2252502441406,
          632.4156494140625
        ]
      ],
      "rotate": 0,
      "semantic": {
        "element": "标尺",
        "links": []
      },
      "ext": {
        "文字识别结果": [
          "600"
        ]
      }
    },
    {
      "id": 33,
      "type": "polyline",
      "shape": "polyline",
      "coord": [
        [
          790.2252502441406,
          632.4156494140625
        ],
        [
          808.2252502441406,
          632.4156494140625
        ]
      ],
      "rotate": 0,
      "semantic": {
        "element": "标尺",
        "links": []
      },
      "ext": {
        "文字识别结果": [
          ""
        ]
      }
    },
    {
      "id": 34,
      "type": "polyline",
      "shape": "polyline",
      "coord": [
        [
          808.2252502441406,
          632.4156494140625
        ],
        [
          888.2252502441406,
          632.4156494140625
        ]
      ],
      "rotate": 0,
      "semantic": {
        "element": "标尺",
        "links": []
      },
      "ext": {
        "文字识别结果": [
          "410"
        ]
      }
    },
    {
      "id": 35,
      "type": "polyline",
      "shape": "polyline",
      "coord": [
        [
          888.2252502441406,
          632.4156494140625
        ],
        [
          992.2252502441406,
          632.4156494140625
        ]
      ],
      "rotate": 0,
      "semantic": {
        "element": "标尺",
        "links": []
      },
      "ext": {
        "文字识别结果": [
          "520"
        ]
      }
    },
    {
      "id": 36,
      "type": "polyline",
      "shape": "polyline",
      "coord": [
        [
          992.2252502441406,
          632.4156494140625
        ],
        [
          1154.2252502441406,
          632.4156494140625
        ]
      ],
      "rotate": 0,
      "semantic": {
        "element": "标尺",
        "links": []
      },
      "ext": {
        "文字识别结果": [
          "台820"
        ]
      }
    },
    {
      "id": 37,
      "type": "polyline",
      "shape": "polyline",
      "coord": [
        [
          582.2252502441406,
          1812.4156494140625
        ],
        [
          1390.2252502441406,
          1812.4156494140625
        ]
      ],
      "rotate": 0,
      "semantic": {
        "element": "标尺",
        "links": []
      },
      "ext": {
        "文字识别结果": [
          "4100"
        ]
      }
    },
    {
      "id": 38,
      "type": "polyline",
      "shape": "polyline",
      "coord": [
        [
          1430.2252502441406,
          2054.4156494140625
        ],
        [
          1740.2252502441406,
          2054.4156494140625
        ]
      ],
      "rotate": 0,
      "semantic": {
        "element": "标尺",
        "links": []
      },
      "ext": {
        "文字识别结果": [
          "1500"
        ]
      }
    },
    {
      "id": 39,
      "type": "polyline",
      "shape": "polyline",
      "coord": [
        [
          488.2252502441406,
          774.4156494140625
        ],
        [
          784.2252502441406,
          774.4156494140625
        ]
      ],
      "rotate": 0,
      "semantic": {
        "element": "标尺",
        "links": []
      },
      "ext": {
        "文字识别结果": [
          ""
        ]
      }
    },
    {
      "id": 40,
      "type": "box",
      "shape": "rect",
      "coord": [
        [
          892.2252502441406,
          740.4156494140625
        ],
        [
          992.2252502441406,
          802.4156494140625
        ]
      ],
      "rotate": 0,
      "semantic": {
        "element": "柱子",
        "links": []
      },
      "ext": {}
    },
    {
      "id": 41,
      "type": "box",
      "shape": "rect",
      "coord": [
        [
          888.2252502441406,
          738.4156494140625
        ],
        [
          992.2252502441406,
          802.4156494140625
        ]
      ],
      "rotate": 0,
      "semantic": {
        "element": "柱子",
        "links": []
      },
      "ext": {}
    },
    {
      "id": 42,
      "type": "box",
      "shape": "rect",
      "coord": [
        [
          1704.2252502441406,
          1662.4156494140625
        ],
        [
          1780.2252502441406,
          1750.4156494140625
        ]
      ],
      "rotate": 0,
      "semantic": {
        "element": "柱子",
        "links": []
      },
      "ext": {}
    },
    {
      "id": 43,
      "type": "box",
      "shape": "rect",
      "coord": [
        [
          990.2252502441406,
          1665.4156494140625
        ],
        [
          1022.2252502441406,
          1686.4156494140625
        ]
      ],
      "rotate": 0,
      "semantic": {
        "element": "普通设备",
        "links": []
      },
      "ext": {
        "文字识别结果": [
          ""
        ]
      }
    },
    {
      "id": 44,
      "type": "box",
      "shape": "rect",
      "coord": [
        [
          1030.2252502441406,
          1646.4156494140625
        ],
        [
          1066.2252502441406,
          1686.4156494140625
        ]
      ],
      "rotate": 0,
      "semantic": {
        "element": "普通设备",
        "links": []
      },
      "ext": {
        "文字识别结果": [
          ""
        ]
      }
    },
    {
      "id": 45,
      "type": "box",
      "shape": "rect",
      "coord": [
        [
          1430.2252502441406,
          1444.4156494140625
        ],
        [
          1740.2252502441406,
          1936.4156494140625
        ]
      ],
      "rotate": 0,
      "semantic": {
        "element": "普通设备",
        "links": []
      },
      "ext": {
        "文字识别结果": [
          "厨房卫生间"
        ]
      }
    },
    {
      "id": 46,
      "type": "box",
      "shape": "rect",
      "coord": [
        [
          1620.2252502441406,
          434.4156494140625
        ],
        [
          1700.2252502441406,
          474.4156494140625
        ]
      ],
      "rotate": 0,
      "semantic": {
        "element": "馈线洞",
        "links": []
      },
      "ext": {}
    },
    {
      "id": 47,
      "type": "box",
      "shape": "rect",
      "coord": [
        [
          1006.2252502441406,
          736.4156494140625
        ],
        [
          1022.2252502441406,
          774.4156494140625
        ]
      ],
      "rotate": 0,
      "semantic": {
        "element": "馈线洞",
        "links": []
      },
      "ext": {}
    },
    {
      "id": 48,
      "type": "box",
      "shape": "rect",
      "coord": [
        [
          1006.2252502441406,
          738.4156494140625
        ],
        [
          1022.2252502441406,
          774.4156494140625
        ]
      ],
      "rotate": 0,
      "semantic": {
        "element": "馈线洞",
        "links": []
      },
      "ext": {}
    },
    {
      "id": 49,
      "type": "box",
      "shape": "rect",
      "coord": [
        [
          1620.2252502441406,
          922.4156494140625
        ],
        [
          1700.2252502441406,
          960.4156494140625
        ]
      ],
      "rotate": 0,
      "semantic": {
        "element": "馈线洞",
        "links": []
      },
      "ext": {}
    },
    {
      "id": 50,
      "type": "box",
      "shape": "rect",
      "coord": [
        [
          1620.2252502441406,
          924.4156494140625
        ],
        [
          1700.2252502441406,
          960.4156494140625
        ]
      ],
      "rotate": 0,
      "semantic": {
        "element": "馈线洞",
        "links": []
      },
      "ext": {}
    },
    {
      "id": 51,
      "type": "box",
      "shape": "rect",
      "coord": [
        [
          1392.2252502441406,
          1670.4156494140625
        ],
        [
          1430.2252502441406,
          1686.4156494140625
        ]
      ],
      "rotate": 0,
      "semantic": {
        "element": "馈线洞",
        "links": []
      },
      "ext": {}
    },
    {
      "id": 52,
      "type": "box",
      "shape": "rect",
      "coord": [
        [
          1390.2252502441406,
          1670.4156494140625
        ],
        [
          1430.2252502441406,
          1686.4156494140625
        ]
      ],
      "rotate": 0,
      "semantic": {
        "element": "馈线洞",
        "links": []
      },
      "ext": {}
    },
    {
      "id": 53,
      "type": "box",
      "shape": "rect",
      "coord": [
        [
          1740.2252502441406,
          1638.4156494140625
        ],
        [
          1780.2252502441406,
          1658.4156494140625
        ]
      ],
      "rotate": 0,
      "semantic": {
        "element": "馈线洞",
        "links": []
      },
      "ext": {}
    },
    {
      "id": 55,
      "type": "other",
      "shape": "rect",
      "coord": [
        [
          1535.0946350097656,
          1797.3128662109375
        ],
        [
          1663.7430725097656,
          1872.629638671875
        ]
      ],
      "rotate": 0,
      "semantic": {
        "element": "无指向性文字",
        "links": []
      },
      "ext": {
        "文字识别结果": [
          "卫生间"
        ]
      }
    },
    {
      "id": 56,
      "type": "other",
      "shape": "rect",
      "coord": [
        [
          1546.6018371582031,
          1521.5068359375
        ],
        [
          1649.5472717285156,
          1602.84326171875
        ]
      ],
      "rotate": 0,
      "semantic": {
        "element": "无指向性文字",
        "links": []
      },
      "ext": {
        "文字识别结果": [
          "厨房"
        ]
      }
    },
    {
      "id": 57,
      "type": "other",
      "shape": "rect",
      "coord": [
        [
          964.6445007324219,
          523.4798583984375
        ],
        [
          1050.8716125488281,
          595.3558349609375
        ]
      ],
      "rotate": 0,
      "semantic": {
        "element": "无指向性文字",
        "links": []
      },
      "ext": {
        "文字识别结果": [
          "阳台520820"
        ]
      }
    },
    {
      "id": 58,
      "type": "other",
      "shape": "rect",
      "coord": [
        [
          1533.5791320800781,
          1792.7078857421875
        ],
        [
          1663.4653625488281,
          1872.5750732421875
        ]
      ],
      "rotate": 0,
      "semantic": {
        "element": "无指向性文字",
        "links": []
      },
      "ext": {
        "文字识别结果": [
          "卫生间"
        ]
      }
    },
    {
      "id": 59,
      "type": "other",
      "shape": "rect",
      "coord": [
        [
          1546.9969787597656,
          1520.68310546875
        ],
        [
          1647.8911437988281,
          1600.72900390625
        ]
      ],
      "rotate": 0,
      "semantic": {
        "element": "无指向性文字",
        "links": []
      },
      "ext": {
        "文字识别结果": [
          "厨房"
        ]
      }
    },
    {
      "id": 60,
      "type": "other",
      "shape": "rect",
      "coord": [
        [
          960.9067687988281,
          520.2728271484375
        ],
        [
          1053.6374206542969,
          597.8833923339844
        ]
      ],
      "rotate": 0,
      "semantic": {
        "element": "无指向性文字",
        "links": []
      },
      "ext": {
        "文字识别结果": [
          "阳台520820"
        ]
      }
    },
    {
      "id": 61,
      "type": "other",
      "shape": "rect",
      "coord": [
        [
          1389.317138671875,
          1532.82080078125
        ],
        [
          1444.0059814453125,
          1652.19287109375
        ]
      ],
      "rotate": 0,
      "semantic": {
        "element": "门",
        "links": []
      },
      "ext": {}
    },
    {
      "id": 62,
      "type": "other",
      "shape": "rect",
      "coord": [
        [
          609.6839599609375,
          1680.753173828125
        ],
        [
          794.053955078125,
          1754.499755859375
        ]
      ],
      "rotate": 0,
      "semantic": {
        "element": "门",
        "links": []
      },
      "ext": {}
    },
    {
      "id": 63,
      "type": "other",
      "shape": "rect",
      "coord": [
        [
          689.419921875,
          719.0098876953125
        ],
        [
          794.1210327148438,
          768.701416015625
        ]
      ],
      "rotate": 0,
      "semantic": {
        "element": "门",
        "links": []
      },
      "ext": {}
    },
    {
      "id": 64,
      "type": "other",
      "shape": "rect",
      "coord": [
        [
          3624.867919921875,
          2351.529541015625
        ],
        [
          3802.14990234375,
          2384.219482421875
        ]
      ],
      "rotate": 0,
      "semantic": {
        "element": "图例小图",
        "links": [
          {
            "pair_id": 73,
            "label": "图例文字",
            "distance": 168.2188720703125
          }
        ]
      },
      "ext": {
        "图例归类": "电力线缆"
      }
    },
    {
      "id": 65,
      "type": "other",
      "shape": "rect",
      "coord": [
        [
          3618.62255859375,
          2419.454833984375
        ],
        [
          3822.17724609375,
          2448.6796875
        ]
      ],
      "rotate": 0,
      "semantic": {
        "element": "图例小图",
        "links": [
          {
            "pair_id": 74,
            "label": "图例文字",
            "distance": 161.327880859375
          }
        ]
      },
      "ext": {
        "图例归类": "接地线缆"
      }
    },
    {
      "id": 66,
      "type": "other",
      "shape": "rect",
      "coord": [
        [
          927.4783935546875,
          2012.94384765625
        ],
        [
          1238.9749755859375,
          2157.406982421875
        ]
      ],
      "rotate": 0,
      "semantic": {
        "element": "机房标题",
        "links": []
      },
      "ext": {
        "文字识别结果": [
          "无线机房（六层）净高2850"
        ]
      }
    },
    {
      "id": 67,
      "type": "table",
      "shape": "rect",
      "coord": [
        [
          2241.821044921875,
          199.02392578125
        ],
        [
          3715.91796875,
          1166.532470703125
        ]
      ],
      "rotate": 0,
      "semantic": {
        "element": "物料表",
        "links": []
      },
      "ext": {
        "表格识别结果": [
          [
            "线缆",
            "线缆",
            "线缆路由",
            "",
            "导线规格型号",
            "线缆数量",
            "单根长度",
            "总长度",
            "敷设方式"
          ],
          [
            "编号",
            "类型",
            "",
            "到",
            "",
            "",
            "",
            "",
            ""
          ],
          [
            "J01",
            "交流电缆",
            "交流配电箱",
            "室内组合开关电源",
            "ZR-W-1KV-4x16",
            "",
            "",
            "",
            "线槽走线"
          ],
          [
            "201",
            "直流电缆",
            "室内组合开关电源",
            "DCPD6",
            "R-W-IK-IX16",
            "",
            "",
            "",
            "柜内走线"
          ],
          [
            "202",
            "直流电缆",
            "室内组合开关电源",
            "DCDU16D",
            "ZR-W-1KV-2x25",
            "",
            "5",
            "10",
            "线槽走线"
          ],
          [
            "203",
            "直流电缆",
            "DCPD6",
            "LTE BBU",
            "ZR-W-IK-2x16",
            "",
            "",
            "",
            "线槽走线"
          ],
          [
            "204",
            "直流电缆",
            "DCDU16D",
            "NR BU",
            "ZR-W-IKV-2X4",
            "",
            "1",
            "2",
            "柜内走线"
          ],
          [
            "D01",
            "接地线",
            "室内组合开关电源",
            "室内总接地排",
            "ZR-W-IK-Ix 35",
            "",
            "",
            "",
            "柜内走线"
          ],
          [
            "D02",
            "接地线",
            "综合机柜",
            "室内总接地排",
            "ZR-W-IKV-1x35",
            "",
            "",
            "",
            "线槽走线"
          ],
          [
            "D03",
            "接地线",
            "DCDU16D",
            "铁塔机架内地排",
            "ZR-W-IKV-1X6",
            "1",
            "1",
            "1",
            "柜内走线"
          ],
          [
            "D04",
            "接地线",
            "DCPD10B",
            "室内总接地排",
            "ZR-W-IK-Ix6",
            "",
            "",
            "",
            "线槽走线"
          ],
          [
            "D05",
            "接地线",
            "LTE BU",
            "综合机柜内地排",
            "ZR-W-IKV-1x6",
            "",
            "",
            "",
            "柜内走线"
          ],
          [
            "D06",
            "接地线",
            "NR BU",
            "铁塔机架内地排",
            "ZR-W-IKV-I x6",
            "1",
            "1",
            "1",
            "柜内走线"
          ],
          [
            "X01",
            "信号线",
            "LTE BU",
            "传输设备ODB",
            "销装光纤，两",
            "",
            "",
            "",
            "沿杆线"
          ],
          [
            "X02",
            "信号线",
            "NR BU",
            "传输设备ODF",
            "装光纤，两芯",
            "",
            "",
            "",
            "线槽线"
          ]
        ]
      }
    },
    {
      "id": 68,
      "type": "table",
      "shape": "rect",
      "coord": [
        [
          2231.634765625,
          2007.439208984375
        ],
        [
          3049.125732421875,
          2432.219482421875
        ]
      ],
      "rotate": 0,
      "semantic": {
        "element": "物料表",
        "links": []
      },
      "ext": {
        "表格识别结果": [
          [
            "直流电源",
            "",
            "交流电源",
            ""
          ],
          [
            "正极",
            "红色",
            "L相",
            "黄色"
          ],
          [
            "",
            "",
            "L2相",
            "绿色"
          ],
          [
            "负级",
            "蓝色",
            "L3相",
            "红色"
          ],
          [
            "",
            "",
            "中性线",
            "浅蓝色"
          ],
          [
            "",
            "",
            "保护接地线",
            "黄绿色"
          ]
        ]
      }
    },
    {
      "id": 69,
      "type": "table",
      "shape": "rect",
      "coord": [
        [
          395.1864929199219,
          2418.857421875
        ],
        [
          1927.4915771484375,
          2787.18994140625
        ]
      ],
      "rotate": 0,
      "semantic": {
        "element": "物料表",
        "links": []
      },
      "ext": {
        "表格识别结果": [
          [
            "序号",
            "工程作业环节",
            "风险说明",
            "风险处置方案"
          ],
          [
            "1",
            "布放各类线缆",
            "布放电源线未做好绝缘和防护措施导致触电",
            "施工时要按照规范安装设备和布放线缆，做好线"
          ],
          [
            "7",
            "布放各类线缆",
            "施工作业（拉）断邻近电缆、光造成供电或系",
            "施工人员施工时要求遵守施工安全规范，按规范进"
          ]
        ]
      }
    },
    {
      "id": 70,
      "type": "table",
      "shape": "rect",
      "coord": [
        [
          2237.647705078125,
          2551.720458984375
        ],
        [
          4114.6259765625,
          2869.51318359375
        ]
      ],
      "rotate": 0,
      "semantic": {
        "element": "标题栏",
        "links": []
      },
      "ext": {
        "表格识别结果": [
          [
            "",
            "设计总负责人",
            "",
            "中讯邮电咨询设计院有限公司",
            ""
          ],
          [
            "处主管",
            "描图",
            "庄晓彬",
            "",
            ""
          ],
          [
            "",
            "",
            "",
            "2020年中国联通厂东深圳5G基站2C覆盖二期工程-5G增补工程-深工程二",
            ""
          ],
          [
            "审核人",
            "单位",
            "mm",
            "",
            ""
          ],
          [
            "专业负责人",
            "比例",
            "1:50",
            "",
            ""
          ],
          [
            "设计人",
            "月期",
            "2021.06",
            "图号",
            "2021S0616(SS-YDW-012(4/"
          ]
        ]
      }
    },
    {
      "id": 71,
      "type": "other",
      "shape": "rect",
      "coord": [
        [
          3506.227783203125,
          2203.70556640625
        ],
        [
          3977.169677734375,
          2492.438232421875
        ]
      ],
      "rotate": 0,
      "semantic": {
        "element": "图例",
        "links": []
      },
      "ext": {}
    },
    {
      "id": 72,
      "type": "other",
      "shape": "rect",
      "coord": [
        [
          3824.227783203125,
          2283.70556640625
        ],
        [
          3938.227783203125,
          2326.70556640625
        ]
      ],
      "rotate": 0,
      "semantic": {
        "element": "图例文字",
        "links": []
      },
      "ext": {
        "文字识别结果": [
          "信号线缆"
        ],
        "图例归类": "信号电缆"
      }
    },
    {
      "id": 73,
      "type": "other",
      "shape": "rect",
      "coord": [
        [
          3827.227783203125,
          2353.70556640625
        ],
        [
          3936.227783203125,
          2389.70556640625
        ]
      ],
      "rotate": 0,
      "semantic": {
        "element": "图例文字",
        "links": []
      },
      "ext": {
        "文字识别结果": [
          "电力线缆"
        ],
        "图例归类": "电力线缆"
      }
    },
    {
      "id": 74,
      "type": "other",
      "shape": "rect",
      "coord": [
        [
          3825.227783203125,
          2416.70556640625
        ],
        [
          3938.227783203125,
          2455.70556640625
        ]
      ],
      "rotate": 0,
      "semantic": {
        "element": "图例文字",
        "links": []
      },
      "ext": {
        "文字识别结果": [
          "接地线缆"
        ],
        "图例归类": "接地线缆"
      }
    },
    {
      "id": 75,
      "type": "other",
      "shape": "rect",
      "coord": [
        [
          1200.6566162109375,
          974.57373046875
        ],
        [
          1735.955810546875,
          1075.3916015625
        ]
      ],
      "rotate": 0,
      "semantic": {
        "element": "走线架",
        "links": []
      },
      "ext": {}
    },
    {
      "id": 76,
      "type": "other",
      "shape": "rect",
      "coord": [
        [
          695.5813598632812,
          1554.666015625
        ],
        [
          1034.6771240234375,
          1665.21875
        ]
      ],
      "rotate": 0,
      "semantic": {
        "element": "走线架",
        "links": []
      },
      "ext": {}
    },
    {
      "id": 77,
      "type": "other",
      "shape": "rect",
      "coord": [
        [
          597.46142578125,
          752.3583984375
        ],
        [
          704.34228515625,
          1682.789306640625
        ]
      ],
      "rotate": 0,
      "semantic": {
        "element": "走线架",
        "links": []
      },
      "ext": {}
    },
    {
      "id": 78,
      "type": "other",
      "shape": "rect",
      "coord": [
        [
          1212.9013671875,
          1072.25537109375
        ],
        [
          1314.3343505859375,
          1398.31396484375
        ]
      ],
      "rotate": 0,
      "semantic": {
        "element": "走线架",
        "links": []
      },
      "ext": {}
    },
    {
      "id": 79,
      "type": "other",
      "shape": "rect",
      "coord": [
        [
          1029.29443359375,
          708.6622314453125
        ],
        [
          1131.85986328125,
          1733.40185546875
        ]
      ],
      "rotate": 0,
      "semantic": {
        "element": "走线架",
        "links": []
      },
      "ext": {}
    },
    {
      "id": 80,
      "type": "other",
      "shape": "rect",
      "coord": [
        [
          619.0325927734375,
          1879.4765625
        ],
        [
          816.7918090820312,
          2086.281005859375
        ]
      ],
      "rotate": 0,
      "semantic": {
        "element": "建北磁北(夹角)",
        "links": []
      },
      "ext": {
        "文字识别结果": [],
        "文字位置": [],
        "顶点位置": [
          [
            642.3130805783155,
            2087.2734375
          ],
          [
            767.6789342368521,
            1937.0859375
          ],
          [
            633.9553570010797,
            1878.6796875
          ]
        ]
      }
    },
    {
      "id": 81,
      "type": "other",
      "shape": "rect",
      "coord": [
        [
          2237.265625,
          1238.169189453125
        ],
        [
          3808.054443359375,
          1814.531982421875
        ]
      ],
      "rotate": 0,
      "semantic": {
        "element": "说明文字",
        "links": []
      },
      "ext": {
        "文字识别结果": [
          "说明：",
          "1.表中所列长度为参考长度，施工时按实际截取：线缆长度为估列，具体以实测为准",
          "2．本机房原有水平走线架分上、下两层，其中下层离地2.4m、上层离地2.6m，宽220mm;",
          "3.馈线，尾纤，地线和电源线都沿已有走线架分开布放，绑扎；",
          "4.本期电力线缆、信号线缆沿双层走线架分层布放，其中电力线缆走上层走线架、信号线缆走下层走线架。",
          "5、其他电缆与交流电缆之间布放距离要保持20mm以上：交流电缆与馈线、信号线同走线架时，交流电缆应套屏蔽管敷设",
          "6、机架间电缆的布放符合机房电缆布放设计要求，走线合理整齐，路由清晰，不得交叉且需连接可靠：",
          "7.线缆布线要求每隔1m用固定卡固定于走线梯或线槽中，要求走线美观，整齐，牢固",
          "8.同一接地排的接线孔不得接两个线耳"
        ]
      }
    }
  ]
}