{
  "info": {
    "像素面积": {
      "全部面积": 4319100.0,
      "设备面积": 733376.0,
      "剩余面积": 3585724.0
    },
    "图纸信息": {
      "类型": "机房",
      "名称": "318.png"
    }
  },
  "obj": [
    {
      "id": 1,
      "type": "outline",
      "shape": "polyline",
      "coord": [
        [
          326.6606903076172,
          601.373046875
        ],
        [
          2088.660690307617,
          601.373046875
        ],
        [
          327.6606903076172,
          1757.373046875
        ],
        [
          1348.6606903076172,
          1761.373046875
        ],
        [
          1347.6606903076172,
          1409.373046875
        ],
        [
          2095.660690307617,
          1404.373046875
        ],
        [
          326.6606903076172,
          601.373046875
        ],
        [
          326.6606903076172,
          1761.373046875
        ],
        [
          1348.6606903076172,
          1404.373046875
        ],
        [
          1347.6606903076172,
          1757.373046875
        ]
      ],
      "rotate": 0,
      "semantic": {
        "element": "墙轮廓",
        "path": [
          "0, 1",
          "2, 3",
          "4, 5",
          "6, 7",
          "8, 9"
        ],
        "links": []
      },
      "ext": {}
    },
    {
      "id": 2,
      "type": "outline",
      "shape": "polyline",
      "coord": [
        [
          326.6606903076172,
          602.373046875
        ],
        [
          1622.6606903076172,
          603.373046875
        ],
        [
          330.6606903076172,
          1759.373046875
        ],
        [
          1344.6606903076172,
          1759.373046875
        ],
        [
          1346.6606903076172,
          1759.373046875
        ],
        [
          382.6606903076172,
          657.373046875
        ],
        [
          1290.6606903076172,
          657.373046875
        ],
        [
          1290.6606903076172,
          713.373046875
        ],
        [
          382.6606903076172,
          1703.373046875
        ],
        [
          1290.6606903076172,
          1703.373046875
        ],
        [
          1290.6606903076172,
          709.373046875
        ],
        [
          1344.6606903076172,
          713.373046875
        ],
        [
          1344.6606903076172,
          1403.373046875
        ],
        [
          2090.660690307617,
          1399.373046875
        ],
        [
          1290.6606903076172,
          987.373046875
        ],
        [
          1344.6606903076172,
          987.373046875
        ],
        [
          1344.6606903076172,
          1759.373046875
        ],
        [
          1348.6606903076172,
          657.373046875
        ],
        [
          2030.6606903076172,
          657.373046875
        ],
        [
          1618.6606903076172,
          1061.373046875
        ],
        [
          1784.6606903076172,
          1061.373046875
        ],
        [
          1784.6606903076172,
          1225.373046875
        ],
        [
          1618.6606903076172,
          1225.373046875
        ],
        [
          1784.6606903076172,
          1225.373046875
        ],
        [
          1222.6606903076172,
          1343.373046875
        ],
        [
          2034.6606903076172,
          1339.373046875
        ],
        [
          1896.6606903076172,
          601.373046875
        ],
        [
          2090.660690307617,
          601.373046875
        ],
        [
          2090.660690307617,
          1403.373046875
        ],
        [
          1622.6606903076172,
          601.373046875
        ],
        [
          1622.6606903076172,
          1061.373046875
        ],
        [
          326.6606903076172,
          601.373046875
        ],
        [
          326.6606903076172,
          1759.373046875
        ],
        [
          1896.6606903076172,
          601.373046875
        ],
        [
          1896.6606903076172,
          657.373046875
        ],
        [
          382.6606903076172,
          657.373046875
        ],
        [
          382.6606903076172,
          1703.373046875
        ],
        [
          1344.6606903076172,
          657.373046875
        ],
        [
          1348.6606903076172,
          709.373046875
        ],
        [
          2034.6606903076172,
          657.373046875
        ],
        [
          2030.6606903076172,
          1343.373046875
        ],
        [
          1290.6606903076172,
          987.373046875
        ],
        [
          1290.6606903076172,
          1703.373046875
        ]
      ],
      "rotate": 0,
      "semantic": {
        "element": "墙轮廓",
        "path": [
          "0, 1",
          "2, 3, 4",
          "5, 6, 7",
          "8, 9",
          "10, 11",
          "12, 13",
          "14, 15, 16",
          "17, 18",
          "19, 20, 21",
          "22, 23",
          "24, 25",
          "26, 27, 28",
          "29, 30",
          "31, 32",
          "33, 34",
          "35, 36",
          "37, 38",
          "39, 40",
          "41, 42"
        ],
        "links": []
      },
      "ext": {}
    },
    {
      "id": 2,
      "type": "polyline",
      "shape": "polyline",
      "coord": [
        [
          222.6606903076172,
          655.373046875
        ],
        [
          222.6606903076172,
          1701.373046875
        ]
      ],
      "rotate": 0,
      "semantic": {
        "element": "标尺",
        "links": []
      },
      "ext": {
        "文字识别结果": [
          ""
        ]
      }
    },
    {
      "id": 3,
      "type": "polyline",
      "shape": "polyline",
      "coord": [
        [
          876.6606903076172,
          847.373046875
        ],
        [
          876.6606903076172,
          1008.373046875
        ]
      ],
      "rotate": 0,
      "semantic": {
        "element": "标尺",
        "links": []
      },
      "ext": {
        "文字识别结果": [
          ""
        ]
      }
    },
    {
      "id": 4,
      "type": "polyline",
      "shape": "polyline",
      "coord": [
        [
          294.6606903076172,
          1401.373046875
        ],
        [
          294.6606903076172,
          1701.373046875
        ]
      ],
      "rotate": 0,
      "semantic": {
        "element": "标尺",
        "links": []
      },
      "ext": {
        "文字识别结果": [
          ""
        ]
      }
    },
    {
      "id": 5,
      "type": "polyline",
      "shape": "polyline",
      "coord": [
        [
          1224.6606903076172,
          1340.373046875
        ],
        [
          1224.6606903076172,
          1365.373046875
        ]
      ],
      "rotate": 0,
      "semantic": {
        "element": "标尺",
        "links": []
      },
      "ext": {
        "文字识别结果": [
          ""
        ]
      }
    },
    {
      "id": 6,
      "type": "polyline",
      "shape": "polyline",
      "coord": [
        [
          1380.6606903076172,
          1675.373046875
        ],
        [
          1380.6606903076172,
          1701.373046875
        ]
      ],
      "rotate": 0,
      "semantic": {
        "element": "标尺",
        "links": []
      },
      "ext": {
        "文字识别结果": [
          ""
        ]
      }
    },
    {
      "id": 7,
      "type": "polyline",
      "shape": "polyline",
      "coord": [
        [
          876.6606903076172,
          1029.373046875
        ],
        [
          876.6606903076172,
          1207.373046875
        ]
      ],
      "rotate": 0,
      "semantic": {
        "element": "标尺",
        "links": []
      },
      "ext": {
        "文字识别结果": [
          "0"
        ]
      }
    },
    {
      "id": 8,
      "type": "polyline",
      "shape": "polyline",
      "coord": [
        [
          876.6606903076172,
          1008.373046875
        ],
        [
          876.6606903076172,
          1029.373046875
        ]
      ],
      "rotate": 0,
      "semantic": {
        "element": "标尺",
        "links": []
      },
      "ext": {
        "文字识别结果": [
          ""
        ]
      }
    },
    {
      "id": 9,
      "type": "polyline",
      "shape": "polyline",
      "coord": [
        [
          876.6606903076172,
          1207.373046875
        ],
        [
          876.6606903076172,
          1373.373046875
        ]
      ],
      "rotate": 0,
      "semantic": {
        "element": "标尺",
        "links": []
      },
      "ext": {
        "文字识别结果": [
          "00"
        ]
      }
    },
    {
      "id": 10,
      "type": "polyline",
      "shape": "polyline",
      "coord": [
        [
          598.6606903076172,
          1373.373046875
        ],
        [
          598.6606903076172,
          1567.373046875
        ]
      ],
      "rotate": 0,
      "semantic": {
        "element": "标尺",
        "links": []
      },
      "ext": {
        "文字识别结果": [
          "3"
        ]
      }
    },
    {
      "id": 11,
      "type": "polyline",
      "shape": "polyline",
      "coord": [
        [
          384.6606903076172,
          327.373046875
        ],
        [
          1292.6606903076172,
          327.373046875
        ]
      ],
      "rotate": 0,
      "semantic": {
        "element": "标尺",
        "links": []
      },
      "ext": {
        "文字识别结果": [
          "3300"
        ]
      }
    },
    {
      "id": 12,
      "type": "polyline",
      "shape": "polyline",
      "coord": [
        [
          1348.6606903076172,
          327.373046875
        ],
        [
          1620.6606903076172,
          327.373046875
        ]
      ],
      "rotate": 0,
      "semantic": {
        "element": "标尺",
        "links": []
      },
      "ext": {
        "文字识别结果": [
          "1000"
        ]
      }
    },
    {
      "id": 13,
      "type": "polyline",
      "shape": "polyline",
      "coord": [
        [
          380.6606903076172,
          541.373046875
        ],
        [
          630.6606903076172,
          541.373046875
        ]
      ],
      "rotate": 0,
      "semantic": {
        "element": "标尺",
        "links": []
      },
      "ext": {
        "文字识别结果": [
          "900"
        ]
      }
    },
    {
      "id": 14,
      "type": "polyline",
      "shape": "polyline",
      "coord": [
        [
          1138.6606903076172,
          553.373046875
        ],
        [
          1180.6606903076172,
          553.373046875
        ]
      ],
      "rotate": 0,
      "semantic": {
        "element": "标尺",
        "links": []
      },
      "ext": {
        "文字识别结果": [
          ""
        ]
      }
    },
    {
      "id": 15,
      "type": "polyline",
      "shape": "polyline",
      "coord": [
        [
          1482.6606903076172,
          541.373046875
        ],
        [
          1620.6606903076172,
          541.373046875
        ]
      ],
      "rotate": 0,
      "semantic": {
        "element": "标尺",
        "links": []
      },
      "ext": {
        "文字识别结果": [
          "500"
        ]
      }
    },
    {
      "id": 16,
      "type": "polyline",
      "shape": "polyline",
      "coord": [
        [
          524.6606903076172,
          1111.373046875
        ],
        [
          602.6606903076172,
          1111.373046875
        ]
      ],
      "rotate": 0,
      "semantic": {
        "element": "标尺",
        "links": []
      },
      "ext": {
        "文字识别结果": [
          "200"
        ]
      }
    },
    {
      "id": 17,
      "type": "polyline",
      "shape": "polyline",
      "coord": [
        [
          952.6606903076172,
          1267.373046875
        ],
        [
          1118.6606903076172,
          1267.373046875
        ]
      ],
      "rotate": 0,
      "semantic": {
        "element": "标尺",
        "links": []
      },
      "ext": {
        "文字识别结果": [
          "600"
        ]
      }
    },
    {
      "id": 18,
      "type": "polyline",
      "shape": "polyline",
      "coord": [
        [
          1348.6606903076172,
          1461.373046875
        ],
        [
          2092.660690307617,
          1461.373046875
        ]
      ],
      "rotate": 0,
      "semantic": {
        "element": "标尺",
        "links": []
      },
      "ext": {
        "文字识别结果": [
          "2700"
        ]
      }
    },
    {
      "id": 19,
      "type": "polyline",
      "shape": "polyline",
      "coord": [
        [
          384.6606903076172,
          1801.373046875
        ],
        [
          408.6606903076172,
          1801.373046875
        ]
      ],
      "rotate": 0,
      "semantic": {
        "element": "标尺",
        "links": []
      },
      "ext": {
        "文字识别结果": [
          ""
        ]
      }
    },
    {
      "id": 20,
      "type": "polyline",
      "shape": "polyline",
      "coord": [
        [
          1620.6606903076172,
          537.373046875
        ],
        [
          1898.6606903076172,
          537.373046875
        ]
      ],
      "rotate": 0,
      "semantic": {
        "element": "标尺",
        "links": []
      },
      "ext": {
        "文字识别结果": [
          "1000"
        ]
      }
    },
    {
      "id": 21,
      "type": "polyline",
      "shape": "polyline",
      "coord": [
        [
          1898.6606903076172,
          537.373046875
        ],
        [
          2036.6606903076172,
          537.373046875
        ]
      ],
      "rotate": 0,
      "semantic": {
        "element": "标尺",
        "links": []
      },
      "ext": {
        "文字识别结果": [
          "500"
        ]
      }
    },
    {
      "id": 22,
      "type": "box",
      "shape": "rect",
      "coord": [
        [
          412.6606903076172,
          795.373046875
        ],
        [
          508.6606903076172,
          1519.373046875
        ]
      ],
      "rotate": 0,
      "semantic": {
        "element": "机柜",
        "links": []
      },
      "ext": {
        "文字识别结果": [
          "电池"
        ],
        "门朝向": "right"
      }
    },
    {
      "id": 23,
      "type": "box",
      "shape": "rect",
      "coord": [
        [
          614.6606903076172,
          847.373046875
        ],
        [
          752.6606903076172,
          1013.373046875
        ]
      ],
      "rotate": 0,
      "semantic": {
        "element": "机柜",
        "links": []
      },
      "ext": {
        "文字识别结果": [
          "DC柜"
        ],
        "门朝向": "right"
      }
    },
    {
      "id": 24,
      "type": "box",
      "shape": "rect",
      "coord": [
        [
          658.6606903076172,
          1207.373046875
        ],
        [
          752.6606903076172,
          1373.373046875
        ]
      ],
      "rotate": 0,
      "semantic": {
        "element": "机柜",
        "links": []
      },
      "ext": {
        "文字识别结果": [
          "DC"
        ],
        "门朝向": "right"
      }
    },
    {
      "id": 25,
      "type": "box",
      "shape": "rect",
      "coord": [
        [
          602.6606903076172,
          1029.373046875
        ],
        [
          754.6606903076172,
          1191.373046875
        ]
      ],
      "rotate": 0,
      "semantic": {
        "element": "机柜",
        "links": []
      },
      "ext": {
        "文字识别结果": [
          "综合相"
        ],
        "门朝向": "right"
      }
    },
    {
      "id": 26,
      "type": "box",
      "shape": "rect",
      "coord": [
        [
          788.6606903076172,
          656.373046875
        ],
        [
          904.6606903076172,
          723.373046875
        ]
      ],
      "rotate": 0,
      "semantic": {
        "element": "机柜",
        "links": []
      },
      "ext": {
        "文字识别结果": [
          "空调"
        ],
        "门朝向": "down"
      }
    },
    {
      "id": 27,
      "type": "box",
      "shape": "rect",
      "coord": [
        [
          952.6606903076172,
          1295.373046875
        ],
        [
          1118.6606903076172,
          1461.373046875
        ]
      ],
      "rotate": 0,
      "semantic": {
        "element": "机柜",
        "links": []
      },
      "ext": {
        "文字识别结果": [
          "传输"
        ],
        "门朝向": "up"
      }
    },
    {
      "id": 28,
      "type": "box",
      "shape": "rect",
      "coord": [
        [
          408.6606903076172,
          1567.373046875
        ],
        [
          1134.6606903076172,
          1675.373046875
        ]
      ],
      "rotate": 0,
      "semantic": {
        "element": "机柜",
        "links": []
      },
      "ext": {
        "文字识别结果": [
          "电池组"
        ],
        "门朝向": "up"
      }
    },
    {
      "id": 29,
      "type": "box",
      "shape": "rect",
      "coord": [
        [
          1058.6606903076172,
          657.373046875
        ],
        [
          1224.6606903076172,
          727.373046875
        ]
      ],
      "rotate": 0,
      "semantic": {
        "element": "机柜",
        "links": []
      },
      "ext": {
        "文字识别结果": [
          "配电箱"
        ],
        "门朝向": "down"
      }
    },
    {
      "id": 30,
      "type": "box",
      "shape": "rect",
      "coord": [
        [
          1236.6606903076172,
          1175.373046875
        ],
        [
          1292.6606903076172,
          1337.373046875
        ]
      ],
      "rotate": 0,
      "semantic": {
        "element": "机柜",
        "links": []
      },
      "ext": {
        "文字识别结果": [
          "6"
        ],
        "门朝向": "left",
        "表格匹配结果": [
          "6",
          "环境控制箱",
          "",
          "",
          "个",
          "",
          "原有",
          "挂墙安装"
        ]
      }
    },
    {
      "id": 31,
      "type": "box",
      "shape": "rect",
      "coord": [
        [
          1438.6606903076172,
          1061.373046875
        ],
        [
          1602.6606903076172,
          1222.373046875
        ]
      ],
      "rotate": 0,
      "semantic": {
        "element": "机柜",
        "links": []
      },
      "ext": {
        "文字识别结果": [
          "电信设备"
        ],
        "门朝向": "up"
      }
    },
    {
      "id": 32,
      "type": "box",
      "shape": "rect",
      "coord": [
        [
          1620.6606903076172,
          1061.373046875
        ],
        [
          1782.6606903076172,
          1223.373046875
        ]
      ],
      "rotate": 0,
      "semantic": {
        "element": "机柜",
        "links": []
      },
      "ext": {
        "文字识别结果": [
          "电信设备"
        ],
        "门朝向": "up"
      }
    },
    {
      "id": 33,
      "type": "box",
      "shape": "rect",
      "coord": [
        [
          1814.6606903076172,
          1061.373046875
        ],
        [
          1980.6606903076172,
          1223.373046875
        ]
      ],
      "rotate": 0,
      "semantic": {
        "element": "机柜",
        "links": []
      },
      "ext": {
        "文字识别结果": [
          "电信设备"
        ],
        "门朝向": "up"
      }
    },
    {
      "id": 34,
      "type": "box",
      "shape": "rect",
      "coord": [
        [
          836.6606903076172,
          541.373046875
        ],
        [
          1138.6606903076172,
          601.373046875
        ]
      ],
      "rotate": 0,
      "semantic": {
        "element": "普通设备",
        "links": []
      },
      "ext": {
        "文字识别结果": [
          "7"
        ],
        "表格匹配结果": [
          "7",
          "空调",
          "柜式/3P",
          "",
          "台",
          "",
          "原有",
          "落地安装"
        ]
      }
    },
    {
      "id": 35,
      "type": "box",
      "shape": "rect",
      "coord": [
        [
          1276.6606903076172,
          1017.373046875
        ],
        [
          1291.6606903076172,
          1139.373046875
        ]
      ],
      "rotate": 0,
      "semantic": {
        "element": "普通设备",
        "links": []
      },
      "ext": {
        "文字识别结果": [
          ""
        ]
      }
    },
    {
      "id": 36,
      "type": "polyline",
      "shape": "polyline",
      "coord": [
        [
          224.6606903076172,
          657.373046875
        ],
        [
          224.6606903076172,
          1703.373046875
        ]
      ],
      "rotate": 0,
      "semantic": {
        "element": "标尺",
        "links": []
      },
      "ext": {
        "文字识别结果": [
          "2"
        ]
      }
    },
    {
      "id": 37,
      "type": "polyline",
      "shape": "polyline",
      "coord": [
        [
          878.6606903076172,
          851.373046875
        ],
        [
          878.6606903076172,
          1006.373046875
        ]
      ],
      "rotate": 0,
      "semantic": {
        "element": "标尺",
        "links": []
      },
      "ext": {
        "文字识别结果": [
          ""
        ]
      }
    },
    {
      "id": 38,
      "type": "polyline",
      "shape": "polyline",
      "coord": [
        [
          296.6606903076172,
          1399.373046875
        ],
        [
          296.6606903076172,
          1703.373046875
        ]
      ],
      "rotate": 0,
      "semantic": {
        "element": "标尺",
        "links": []
      },
      "ext": {
        "文字识别结果": [
          ""
        ]
      }
    },
    {
      "id": 39,
      "type": "polyline",
      "shape": "polyline",
      "coord": [
        [
          878.6606903076172,
          1207.373046875
        ],
        [
          878.6606903076172,
          1375.373046875
        ]
      ],
      "rotate": 0,
      "semantic": {
        "element": "标尺",
        "links": []
      },
      "ext": {
        "文字识别结果": [
          "10"
        ]
      }
    },
    {
      "id": 40,
      "type": "polyline",
      "shape": "polyline",
      "coord": [
        [
          1222.6606903076172,
          1339.373046875
        ],
        [
          1222.6606903076172,
          1367.373046875
        ]
      ],
      "rotate": 0,
      "semantic": {
        "element": "标尺",
        "links": []
      },
      "ext": {
        "文字识别结果": [
          ""
        ]
      }
    },
    {
      "id": 41,
      "type": "polyline",
      "shape": "polyline",
      "coord": [
        [
          1380.6606903076172,
          1675.373046875
        ],
        [
          1380.6606903076172,
          1703.373046875
        ]
      ],
      "rotate": 0,
      "semantic": {
        "element": "标尺",
        "links": []
      },
      "ext": {
        "文字识别结果": [
          ""
        ]
      }
    },
    {
      "id": 42,
      "type": "polyline",
      "shape": "polyline",
      "coord": [
        [
          878.6606903076172,
          1027.373046875
        ],
        [
          878.6606903076172,
          1189.373046875
        ]
      ],
      "rotate": 0,
      "semantic": {
        "element": "标尺",
        "links": []
      },
      "ext": {
        "文字识别结果": [
          ""
        ]
      }
    },
    {
      "id": 43,
      "type": "polyline",
      "shape": "polyline",
      "coord": [
        [
          878.6606903076172,
          1006.373046875
        ],
        [
          878.6606903076172,
          1027.373046875
        ]
      ],
      "rotate": 0,
      "semantic": {
        "element": "标尺",
        "links": []
      },
      "ext": {
        "文字识别结果": [
          ""
        ]
      }
    },
    {
      "id": 44,
      "type": "polyline",
      "shape": "polyline",
      "coord": [
        [
          878.6606903076172,
          1189.373046875
        ],
        [
          878.6606903076172,
          1208.373046875
        ]
      ],
      "rotate": 0,
      "semantic": {
        "element": "标尺",
        "links": []
      },
      "ext": {
        "文字识别结果": [
          ""
        ]
      }
    },
    {
      "id": 45,
      "type": "polyline",
      "shape": "polyline",
      "coord": [
        [
          600.6606903076172,
          1371.373046875
        ],
        [
          600.6606903076172,
          1565.373046875
        ]
      ],
      "rotate": 0,
      "semantic": {
        "element": "标尺",
        "links": []
      },
      "ext": {
        "文字识别结果": [
          "30"
        ]
      }
    },
    {
      "id": 46,
      "type": "polyline",
      "shape": "polyline",
      "coord": [
        [
          382.6606903076172,
          329.373046875
        ],
        [
          1290.6606903076172,
          329.373046875
        ]
      ],
      "rotate": 0,
      "semantic": {
        "element": "标尺",
        "links": []
      },
      "ext": {
        "文字识别结果": [
          "3300"
        ]
      }
    },
    {
      "id": 47,
      "type": "polyline",
      "shape": "polyline",
      "coord": [
        [
          1346.6606903076172,
          329.373046875
        ],
        [
          1622.6606903076172,
          329.373046875
        ]
      ],
      "rotate": 0,
      "semantic": {
        "element": "标尺",
        "links": []
      },
      "ext": {
        "文字识别结果": [
          "1000"
        ]
      }
    },
    {
      "id": 48,
      "type": "polyline",
      "shape": "polyline",
      "coord": [
        [
          382.6606903076172,
          543.373046875
        ],
        [
          628.6606903076172,
          543.373046875
        ]
      ],
      "rotate": 0,
      "semantic": {
        "element": "标尺",
        "links": []
      },
      "ext": {
        "文字识别结果": [
          "900"
        ]
      }
    },
    {
      "id": 49,
      "type": "polyline",
      "shape": "polyline",
      "coord": [
        [
          1138.6606903076172,
          551.373046875
        ],
        [
          1182.6606903076172,
          551.373046875
        ]
      ],
      "rotate": 0,
      "semantic": {
        "element": "标尺",
        "links": []
      },
      "ext": {
        "文字识别结果": [
          ""
        ]
      }
    },
    {
      "id": 50,
      "type": "polyline",
      "shape": "polyline",
      "coord": [
        [
          524.6606903076172,
          1113.373046875
        ],
        [
          600.6606903076172,
          1113.373046875
        ]
      ],
      "rotate": 0,
      "semantic": {
        "element": "标尺",
        "links": []
      },
      "ext": {
        "文字识别结果": [
          "200"
        ]
      }
    },
    {
      "id": 51,
      "type": "polyline",
      "shape": "polyline",
      "coord": [
        [
          952.6606903076172,
          1267.373046875
        ],
        [
          1118.6606903076172,
          1267.373046875
        ]
      ],
      "rotate": 0,
      "semantic": {
        "element": "标尺",
        "links": []
      },
      "ext": {
        "文字识别结果": [
          "600"
        ]
      }
    },
    {
      "id": 52,
      "type": "polyline",
      "shape": "polyline",
      "coord": [
        [
          1346.6606903076172,
          1461.373046875
        ],
        [
          2090.660690307617,
          1461.373046875
        ]
      ],
      "rotate": 0,
      "semantic": {
        "element": "标尺",
        "links": []
      },
      "ext": {
        "文字识别结果": [
          "2700"
        ]
      }
    },
    {
      "id": 53,
      "type": "polyline",
      "shape": "polyline",
      "coord": [
        [
          382.6606903076172,
          1799.373046875
        ],
        [
          410.6606903076172,
          1799.373046875
        ]
      ],
      "rotate": 0,
      "semantic": {
        "element": "标尺",
        "links": []
      },
      "ext": {
        "文字识别结果": [
          ""
        ]
      }
    },
    {
      "id": 54,
      "type": "polyline",
      "shape": "polyline",
      "coord": [
        [
          1484.6606903076172,
          539.373046875
        ],
        [
          1622.6606903076172,
          539.373046875
        ]
      ],
      "rotate": 0,
      "semantic": {
        "element": "标尺",
        "links": []
      },
      "ext": {
        "文字识别结果": [
          "500"
        ]
      }
    },
    {
      "id": 55,
      "type": "polyline",
      "shape": "polyline",
      "coord": [
        [
          1622.6606903076172,
          539.373046875
        ],
        [
          1896.6606903076172,
          539.373046875
        ]
      ],
      "rotate": 0,
      "semantic": {
        "element": "标尺",
        "links": []
      },
      "ext": {
        "文字识别结果": [
          "1000"
        ]
      }
    },
    {
      "id": 56,
      "type": "polyline",
      "shape": "polyline",
      "coord": [
        [
          1896.6606903076172,
          539.373046875
        ],
        [
          2034.6606903076172,
          539.373046875
        ]
      ],
      "rotate": 0,
      "semantic": {
        "element": "标尺",
        "links": []
      },
      "ext": {
        "文字识别结果": [
          "500"
        ]
      }
    },
    {
      "id": 57,
      "type": "box",
      "shape": "rect",
      "coord": [
        [
          414.6606903076172,
          793.373046875
        ],
        [
          508.6606903076172,
          1517.373046875
        ]
      ],
      "rotate": 0,
      "semantic": {
        "element": "机柜",
        "links": []
      },
      "ext": {
        "文字识别结果": [
          "电池"
        ],
        "门朝向": "right"
      }
    },
    {
      "id": 58,
      "type": "box",
      "shape": "rect",
      "coord": [
        [
          656.6606903076172,
          1209.373046875
        ],
        [
          753.6606903076172,
          1375.373046875
        ]
      ],
      "rotate": 0,
      "semantic": {
        "element": "机柜",
        "links": []
      },
      "ext": {
        "文字识别结果": [
          "DC"
        ],
        "门朝向": "right"
      }
    },
    {
      "id": 59,
      "type": "box",
      "shape": "rect",
      "coord": [
        [
          616.6606903076172,
          851.373046875
        ],
        [
          754.6606903076172,
          1013.373046875
        ]
      ],
      "rotate": 0,
      "semantic": {
        "element": "机柜",
        "links": []
      },
      "ext": {
        "文字识别结果": [
          "DC柜"
        ],
        "门朝向": "right"
      }
    },
    {
      "id": 60,
      "type": "box",
      "shape": "rect",
      "coord": [
        [
          604.6606903076172,
          1027.373046875
        ],
        [
          754.6606903076172,
          1193.373046875
        ]
      ],
      "rotate": 0,
      "semantic": {
        "element": "机柜",
        "links": []
      },
      "ext": {
        "文字识别结果": [
          "综合"
        ],
        "门朝向": "right"
      }
    },
    {
      "id": 61,
      "type": "box",
      "shape": "rect",
      "coord": [
        [
          786.6606903076172,
          657.373046875
        ],
        [
          904.6606903076172,
          725.373046875
        ]
      ],
      "rotate": 0,
      "semantic": {
        "element": "机柜",
        "links": []
      },
      "ext": {
        "文字识别结果": [
          "空调"
        ],
        "门朝向": "down"
      }
    },
    {
      "id": 62,
      "type": "box",
      "shape": "rect",
      "coord": [
        [
          952.6606903076172,
          1295.373046875
        ],
        [
          1115.6606903076172,
          1459.373046875
        ]
      ],
      "rotate": 0,
      "semantic": {
        "element": "机柜",
        "links": []
      },
      "ext": {
        "文字识别结果": [
          "传输相"
        ],
        "门朝向": "up"
      }
    },
    {
      "id": 63,
      "type": "box",
      "shape": "rect",
      "coord": [
        [
          410.6606903076172,
          1565.373046875
        ],
        [
          1132.6606903076172,
          1675.373046875
        ]
      ],
      "rotate": 0,
      "semantic": {
        "element": "机柜",
        "links": []
      },
      "ext": {
        "文字识别结果": [
          "电池组"
        ],
        "门朝向": "up"
      }
    },
    {
      "id": 64,
      "type": "box",
      "shape": "rect",
      "coord": [
        [
          1056.6606903076172,
          657.373046875
        ],
        [
          1222.6606903076172,
          725.373046875
        ]
      ],
      "rotate": 0,
      "semantic": {
        "element": "机柜",
        "links": []
      },
      "ext": {
        "文字识别结果": [
          "配电箱"
        ],
        "门朝向": "down"
      }
    },
    {
      "id": 65,
      "type": "box",
      "shape": "rect",
      "coord": [
        [
          1238.6606903076172,
          1172.373046875
        ],
        [
          1290.6606903076172,
          1339.373046875
        ]
      ],
      "rotate": 0,
      "semantic": {
        "element": "机柜",
        "links": []
      },
      "ext": {
        "文字识别结果": [
          "6"
        ],
        "门朝向": "left",
        "表格匹配结果": [
          "6",
          "环境控制箱",
          "",
          "",
          "个",
          "",
          "原有",
          "挂墙安装"
        ]
      }
    },
    {
      "id": 66,
      "type": "box",
      "shape": "rect",
      "coord": [
        [
          1436.6606903076172,
          1061.373046875
        ],
        [
          1602.6606903076172,
          1225.373046875
        ]
      ],
      "rotate": 0,
      "semantic": {
        "element": "机柜",
        "links": []
      },
      "ext": {
        "文字识别结果": [
          "电信设备"
        ],
        "门朝向": "up"
      }
    },
    {
      "id": 67,
      "type": "box",
      "shape": "rect",
      "coord": [
        [
          1618.6606903076172,
          1061.373046875
        ],
        [
          1784.6606903076172,
          1225.373046875
        ]
      ],
      "rotate": 0,
      "semantic": {
        "element": "机柜",
        "links": []
      },
      "ext": {
        "文字识别结果": [
          "电信设备"
        ],
        "门朝向": "up"
      }
    },
    {
      "id": 68,
      "type": "box",
      "shape": "rect",
      "coord": [
        [
          1816.6606903076172,
          1061.373046875
        ],
        [
          1982.6606903076172,
          1225.373046875
        ]
      ],
      "rotate": 0,
      "semantic": {
        "element": "机柜",
        "links": []
      },
      "ext": {
        "文字识别结果": [
          "电信设备"
        ],
        "门朝向": "up"
      }
    },
    {
      "id": 69,
      "type": "box",
      "shape": "rect",
      "coord": [
        [
          838.6606903076172,
          539.373046875
        ],
        [
          1140.6606903076172,
          599.373046875
        ]
      ],
      "rotate": 0,
      "semantic": {
        "element": "普通设备",
        "links": []
      },
      "ext": {
        "文字识别结果": [
          "7"
        ],
        "表格匹配结果": [
          "7",
          "空调",
          "柜式/3P",
          "",
          "台",
          "",
          "原有",
          "落地安装"
        ]
      }
    },
    {
      "id": 70,
      "type": "box",
      "shape": "rect",
      "coord": [
        [
          1278.6606903076172,
          1015.373046875
        ],
        [
          1290.6606903076172,
          1137.373046875
        ]
      ],
      "rotate": 0,
      "semantic": {
        "element": "普通设备",
        "links": []
      },
      "ext": {
        "文字识别结果": [
          ""
        ]
      }
    },
    {
      "id": 72,
      "type": "other",
      "shape": "rect",
      "coord": [
        [
          964.4534149169922,
          962.43115234375
        ],
        [
          1211.8413543701172,
          1104.8555908203125
        ]
      ],
      "rotate": 0,
      "semantic": {
        "element": "带指向性文字",
        "links": []
      },
      "ext": {
        "文字识别结果": [
          "新增DCDU16D",
          "利旧综合柜 8"
        ]
      }
    },
    {
      "id": 73,
      "type": "other",
      "shape": "rect",
      "coord": [
        [
          772.6443328857422,
          1457.712646484375
        ],
        [
          1037.2148895263672,
          1511.442138671875
        ]
      ],
      "rotate": 0,
      "semantic": {
        "element": "带指向性文字",
        "links": []
      },
      "ext": {
        "文字识别结果": [
          "原有整流电源柜"
        ]
      }
    },
    {
      "id": 74,
      "type": "other",
      "shape": "rect",
      "coord": [
        [
          968.7692718505859,
          962.3621826171875
        ],
        [
          1211.8850555419922,
          1106.2939453125
        ]
      ],
      "rotate": 0,
      "semantic": {
        "element": "带指向性文字",
        "links": []
      },
      "ext": {
        "文字识别结果": [
          "新增DCDU16D",
          "利旧综合柜8"
        ]
      }
    },
    {
      "id": 75,
      "type": "other",
      "shape": "rect",
      "coord": [
        [
          769.1293792724609,
          1457.8990478515625
        ],
        [
          1040.8695526123047,
          1511.9139404296875
        ]
      ],
      "rotate": 0,
      "semantic": {
        "element": "带指向性文字",
        "links": []
      },
      "ext": {
        "文字识别结果": [
          "原有整流电源柜"
        ]
      }
    },
    {
      "id": 76,
      "type": "other",
      "shape": "rect",
      "coord": [
        [
          1629.0556640625,
          580.8741455078125
        ],
        [
          1862.239501953125,
          664.9310302734375
        ]
      ],
      "rotate": 0,
      "semantic": {
        "element": "门",
        "links": []
      },
      "ext": {}
    },
    {
      "id": 77,
      "type": "other",
      "shape": "rect",
      "coord": [
        [
          3423.96240234375,
          2440.721923828125
        ],
        [
          3503.689697265625,
          2520.15185546875
        ]
      ],
      "rotate": 0,
      "semantic": {
        "element": "图例小图",
        "links": [
          {
            "pair_id": 85,
            "label": "图例文字",
            "distance": 153.9368896484375
          }
        ]
      },
      "ext": {
        "图例归类": "原有设备"
      }
    },
    {
      "id": 78,
      "type": "other",
      "shape": "rect",
      "coord": [
        [
          3421.87890625,
          2294.90478515625
        ],
        [
          3508.5751953125,
          2376.925537109375
        ]
      ],
      "rotate": 0,
      "semantic": {
        "element": "图例小图",
        "links": [
          {
            "pair_id": 83,
            "label": "图例文字",
            "distance": 151.535888671875
          }
        ]
      },
      "ext": {
        "图例归类": "新增设备"
      }
    },
    {
      "id": 79,
      "type": "other",
      "shape": "rect",
      "coord": [
        [
          3732.07421875,
          2298.6708984375
        ],
        [
          3815.4765625,
          2370.497802734375
        ]
      ],
      "rotate": 0,
      "semantic": {
        "element": "图例小图",
        "links": [
          {
            "pair_id": 84,
            "label": "图例文字",
            "distance": 152.487548828125
          }
        ]
      },
      "ext": {
        "图例归类": "预留设备"
      }
    },
    {
      "id": 80,
      "type": "table",
      "shape": "rect",
      "coord": [
        [
          2245.476318359375,
          152.89599609375
        ],
        [
          4004.028076171875,
          1860.6474609375
        ]
      ],
      "rotate": 0,
      "semantic": {
        "element": "物料表",
        "links": []
      },
      "ext": {
        "表格识别结果": [
          [
            "房号",
            "名称",
            "规格型号",
            "安装（W）",
            "单位",
            "数量",
            "情况",
            "备淮"
          ],
          [
            "1",
            "GSM900设备",
            "中兴/B8018",
            "600x550x1600",
            "个",
            "",
            "原有",
            "落地安装"
          ],
          [
            "*",
            "DCS1800设备",
            "中兴/B8018",
            "600x550x1600",
            "个",
            "",
            "原有",
            "落地安装"
          ],
          [
            "",
            "WCDMA设备",
            "中兴/BS8800",
            "600x450x950",
            "个",
            "",
            "无",
            "落地安装"
          ],
          [
            "",
            "",
            "中兴/BU8200",
            "482x197x88",
            "个",
            "",
            "原有",
            "挂墙安装/安装在柜内"
          ],
          [
            "",
            "LTE设备",
            "中兴/BU8200",
            "482x197x88",
            "个",
            "",
            "原有",
            "挂墙安装/安装在柜内"
          ],
          [
            "",
            "",
            "华为/BU3910",
            "482x197x88",
            "个",
            "",
            "利旧",
            "挂墙安装/安装在柜内"
          ],
          [
            "4",
            "设备",
            "中兴/BUV9200",
            "482370x88",
            "个",
            "",
            "新增",
            "挂墙安装/安装在综合柜内"
          ],
          [
            "",
            "",
            "华为/BBU5900",
            "442x310x86",
            "个",
            "",
            "原有",
            "挂墙安装/安装在柜内"
          ],
          [
            "5",
            "开关电源",
            "艾默生/600A",
            "",
            "个",
            "",
            "原有",
            "落地安装"
          ],
          [
            "6",
            "蓄电池组",
            "理/500AH",
            "",
            "组",
            "",
            "原有",
            "落地安装"
          ],
          [
            "7",
            "空调",
            "柜式/3P",
            "",
            "台",
            "",
            "原有",
            "落地安装"
          ],
          [
            "",
            "",
            "挂式/2P",
            "",
            "台",
            "",
            "无",
            "挂墙安装"
          ],
          [
            "*",
            "空调室外机",
            "",
            "",
            "台",
            "",
            "原有",
            "落地安装/挂墙安装"
          ],
          [
            "8",
            "交流配电箱",
            "",
            "",
            "个",
            "",
            "原有",
            "挂墙安装"
          ],
          [
            "6",
            "环境控制箱",
            "",
            "",
            "个",
            "",
            "原有",
            "挂墙安装"
          ],
          [
            "10",
            "传输设备",
            "",
            "",
            "个",
            "",
            "原有",
            "落地安装/挂墙安装"
          ],
          [
            "1",
            "综合机柜",
            "",
            "",
            "个",
            "",
            "利",
            "落地安装"
          ],
          [
            "12",
            "龙门架",
            "",
            "",
            "个",
            "",
            "原有",
            "落地安装"
          ],
          [
            "13",
            "传输DF",
            "",
            "",
            "个",
            "",
            "原有",
            "挂墙安装/安装在柜内"
          ],
          [
            "14",
            "传输ODF",
            "",
            "",
            "个",
            "",
            "原有",
            "落地安装"
          ],
          [
            "15",
            "传输ODB",
            "",
            "",
            "个",
            "",
            "原有",
            "挂墙安装/安装在柜内"
          ],
          [
            "16",
            "直流配电单元",
            "DCP6",
            "",
            "个",
            "",
            "原有",
            "挂墙安装/安装在双柜内"
          ],
          [
            "",
            "",
            "DCPD10B",
            "",
            "个",
            "",
            "新增",
            "挂墙安装/安装在综合柜内"
          ],
          [
            "",
            "",
            "DCDU16D",
            "",
            "个",
            "1",
            "新增",
            "挂墙安装/安装在柜内"
          ],
          [
            "17",
            "基带板",
            "",
            "",
            "个",
            "",
            "新增",
            ""
          ]
        ]
      }
    },
    {
      "id": 81,
      "type": "table",
      "shape": "rect",
      "coord": [
        [
          2212.488037109375,
          2550.244384765625
        ],
        [
          4127.63623046875,
          2870.51806640625
        ]
      ],
      "rotate": 0,
      "semantic": {
        "element": "标题栏",
        "links": []
      },
      "ext": {
        "表格识别结果": [
          [
            "",
            "",
            "设计总负责人",
            "",
            "中讯邮电咨询设计院有限公",
            ""
          ],
          [
            "处主管",
            "",
            "描图",
            "刘家鹏",
            "",
            ""
          ],
          [
            "",
            "",
            "",
            "",
            "深圳龙盛龙基站局端机房设备布置平面图",
            ""
          ],
          [
            "审核人",
            "",
            "单位",
            "",
            "",
            ""
          ],
          [
            "专业负责人",
            "",
            "比例",
            "1:50",
            "",
            ""
          ],
          [
            "设计人",
            "期",
            "",
            "2020.07",
            "图",
            "2019SJ0616（SS-YDW-001（2/11)"
          ]
        ]
      }
    },
    {
      "id": 82,
      "type": "other",
      "shape": "rect",
      "coord": [
        [
          3239.762939453125,
          2247.561767578125
        ],
        [
          4019.90966796875,
          2573.67626953125
        ]
      ],
      "rotate": 0,
      "semantic": {
        "element": "图例",
        "links": []
      },
      "ext": {}
    },
    {
      "id": 83,
      "type": "other",
      "shape": "rect",
      "coord": [
        [
          3561.762939453125,
          2319.561767578125
        ],
        [
          3671.762939453125,
          2359.561767578125
        ]
      ],
      "rotate": 0,
      "semantic": {
        "element": "图例文字",
        "links": []
      },
      "ext": {
        "文字识别结果": [
          "新增设备"
        ],
        "图例归类": "新增设备"
      }
    },
    {
      "id": 84,
      "type": "other",
      "shape": "rect",
      "coord": [
        [
          3871.762939453125,
          2318.561767578125
        ],
        [
          3980.762939453125,
          2357.561767578125
        ]
      ],
      "rotate": 0,
      "semantic": {
        "element": "图例文字",
        "links": []
      },
      "ext": {
        "文字识别结果": [
          "预留机位"
        ],
        "图例归类": "预留设备"
      }
    },
    {
      "id": 85,
      "type": "other",
      "shape": "rect",
      "coord": [
        [
          3563.762939453125,
          2463.561767578125
        ],
        [
          3671.762939453125,
          2502.561767578125
        ]
      ],
      "rotate": 0,
      "semantic": {
        "element": "图例文字",
        "links": []
      },
      "ext": {
        "文字识别结果": [
          "已有设备"
        ],
        "图例归类": "原有设备"
      }
    },
    {
      "id": 86,
      "type": "other",
      "shape": "rect",
      "coord": [
        [
          1712.6488037109375,
          1612.4873046875
        ],
        [
          1914.3018798828125,
          1836.703125
        ]
      ],
      "rotate": 0,
      "semantic": {
        "element": "建北磁北(夹角)",
        "links": []
      },
      "ext": {
        "文字识别结果": [
          "40"
        ],
        "文字位置": [
          [
            [
              1820.6488037109375,
              1746.4873046875
            ],
            [
              1857.6488037109375,
              1786.4873046875
            ]
          ]
        ],
        "顶点位置": [
          [
            1902.4623630329713,
            1617.9873046875
          ],
          [
            1791.445413880429,
            1746.6748046875
          ]
        ]
      }
    },
    {
      "id": 87,
      "type": "other",
      "shape": "rect",
      "coord": [
        [
          295.6741027832031,
          2167.99267578125
        ],
        [
          2049.609130859375,
          2570.361328125
        ]
      ],
      "rotate": 0,
      "semantic": {
        "element": "说明文字",
        "links": []
      },
      "ext": {
        "文字识别结果": [
          "说明：",
          "1.本站深圳龙岗盛龙，本期为5G-NR2100共站基站，配置为NR1/1/1/1，主要为了完善所属区域的5G-NR2100系统无线覆盖及提高网络容",
          "量；本期利旧BBU:",
          "2.本站利旧开关电源为艾默生（600A/-48V）系统，已有4个50A/48V整流模块，经核算，满足本站新增5G-NR2100设备供电需求：",
          "3.本站原有2组艾诺斯华500Ah/2V阀控蓄电池，单层双列立式摆放，经核算，满足本站新增5G-NR2100设备供电需求，无需更换蓄电池",
          "4.[局端]基站：地址：广东省深圳市龙岗区盛龙路71号，经纬度：114.25085°，22.72948°，站址归属于联通；"
        ]
      }
    }
  ]
}