{
  "info": {
    "像素面积": {
      "全部面积": 2120400.0,
      "设备面积": 909126.0,
      "剩余面积": 1211274.0
    },
    "图纸信息": {
      "类型": "机房",
      "名称": "320.png"
    }
  },
  "obj": [
    {
      "id": 1,
      "type": "outline",
      "shape": "polyline",
      "coord": [
        [
          627.6596069335938,
          760.170166015625
        ],
        [
          1535.6596069335938,
          760.170166015625
        ],
        [
          631.6596069335938,
          1568.170166015625
        ],
        [
          1343.6596069335938,
          1568.170166015625
        ],
        [
          667.6596069335938,
          1530.170166015625
        ],
        [
          1303.6596069335938,
          1530.170166015625
        ],
        [
          1303.6596069335938,
          1528.170166015625
        ],
        [
          1305.6596069335938,
          1530.170166015625
        ],
        [
          1305.6596069335938,
          1030.170166015625
        ],
        [
          1343.6596069335938,
          1030.170166015625
        ],
        [
          1343.6596069335938,
          1568.170166015625
        ],
        [
          1305.6596069335938,
          1528.170166015625
        ],
        [
          1307.6596069335938,
          1528.170166015625
        ],
        [
          1307.6596069335938,
          836.170166015625
        ],
        [
          1343.6596069335938,
          836.170166015625
        ],
        [
          1343.6596069335938,
          1320.170166015625
        ],
        [
          1867.6596069335938,
          1320.170166015625
        ],
        [
          1343.6596069335938,
          796.170166015625
        ],
        [
          1537.6596069335938,
          796.170166015625
        ],
        [
          1731.6596069335938,
          796.170166015625
        ],
        [
          1827.6596069335938,
          796.170166015625
        ],
        [
          1730.6596069335938,
          760.170166015625
        ],
        [
          1863.6596069335938,
          759.170166015625
        ],
        [
          631.6596069335938,
          760.170166015625
        ],
        [
          627.6596069335938,
          1568.170166015625
        ],
        [
          1867.6596069335938,
          760.170166015625
        ],
        [
          1863.6596069335938,
          1318.170166015625
        ],
        [
          1537.6596069335938,
          760.170166015625
        ],
        [
          1535.6596069335938,
          796.170166015625
        ],
        [
          1307.6596069335938,
          796.170166015625
        ],
        [
          1305.6596069335938,
          836.170166015625
        ],
        [
          1731.6596069335938,
          759.170166015625
        ],
        [
          1730.6596069335938,
          796.170166015625
        ],
        [
          667.6596069335938,
          578.170166015625
        ],
        [
          667.6596069335938,
          1530.170166015625
        ],
        [
          1343.6596069335938,
          796.170166015625
        ],
        [
          1343.6596069335938,
          836.170166015625
        ],
        [
          1305.6596069335938,
          1030.170166015625
        ],
        [
          1307.6596069335938,
          1528.170166015625
        ]
      ],
      "rotate": 0,
      "semantic": {
        "element": "墙轮廓",
        "path": [
          "0, 1",
          "2, 3",
          "4, 5",
          "6, 7",
          "8, 9, 10",
          "11, 12",
          "13, 14",
          "15, 16",
          "17, 18",
          "19, 20",
          "21, 22",
          "23, 24",
          "25, 26",
          "27, 28",
          "29, 30",
          "31, 32",
          "33, 34",
          "35, 36",
          "37, 38"
        ],
        "links": []
      },
      "ext": {}
    },
    {
      "id": 2,
      "type": "outline",
      "shape": "polyline",
      "coord": [
        [
          557.6596069335938,
          718.170166015625
        ],
        [
          1199.6596069335938,
          718.170166015625
        ],
        [
          627.6596069335938,
          758.170166015625
        ],
        [
          1865.6596069335938,
          758.170166015625
        ],
        [
          1865.6596069335938,
          1320.170166015625
        ],
        [
          628.6596069335938,
          1570.170166015625
        ],
        [
          1345.6596069335938,
          1570.170166015625
        ],
        [
          665.6596069335938,
          798.170166015625
        ],
        [
          1305.6596069335938,
          798.170166015625
        ],
        [
          1305.6596069335938,
          836.170166015625
        ],
        [
          1345.6596069335938,
          836.170166015625
        ],
        [
          665.6596069335938,
          1530.170166015625
        ],
        [
          1305.6596069335938,
          1530.170166015625
        ],
        [
          1305.6596069335938,
          1027.170166015625
        ],
        [
          1345.6596069335938,
          1028.170166015625
        ],
        [
          628.6596069335938,
          758.170166015625
        ],
        [
          629.6596069335938,
          1570.170166015625
        ],
        [
          665.6596069335938,
          798.170166015625
        ],
        [
          665.6596069335938,
          1529.170166015625
        ],
        [
          1345.6596069335938,
          1027.170166015625
        ],
        [
          1345.6596069335938,
          1570.170166015625
        ],
        [
          1305.6596069335938,
          1028.170166015625
        ],
        [
          1305.6596069335938,
          1525.170166015625
        ]
      ],
      "rotate": 0,
      "semantic": {
        "element": "墙轮廓",
        "path": [
          "0, 1",
          "2, 3, 4",
          "5, 6",
          "7, 8, 9, 10",
          "11, 12",
          "13, 14",
          "15, 16",
          "17, 18",
          "19, 20",
          "21, 22"
        ],
        "links": []
      },
      "ext": {}
    },
    {
      "id": 2,
      "type": "polyline",
      "shape": "polyline",
      "coord": [
        [
          555.6596069335938,
          796.170166015625
        ],
        [
          555.6596069335938,
          1530.170166015625
        ]
      ],
      "rotate": 0,
      "semantic": {
        "element": "标尺",
        "links": []
      },
      "ext": {
        "文字识别结果": [
          ""
        ]
      }
    },
    {
      "id": 3,
      "type": "polyline",
      "shape": "polyline",
      "coord": [
        [
          1939.6596069335938,
          796.170166015625
        ],
        [
          1939.6596069335938,
          836.170166015625
        ]
      ],
      "rotate": 0,
      "semantic": {
        "element": "标尺",
        "links": []
      },
      "ext": {
        "文字识别结果": [
          "200"
        ]
      }
    },
    {
      "id": 4,
      "type": "polyline",
      "shape": "polyline",
      "coord": [
        [
          607.6596069335938,
          1318.170166015625
        ],
        [
          607.6596069335938,
          1530.170166015625
        ]
      ],
      "rotate": 0,
      "semantic": {
        "element": "标尺",
        "links": []
      },
      "ext": {
        "文字识别结果": [
          ""
        ]
      }
    },
    {
      "id": 5,
      "type": "polyline",
      "shape": "polyline",
      "coord": [
        [
          1367.6596069335938,
          1512.170166015625
        ],
        [
          1367.6596069335938,
          1530.170166015625
        ]
      ],
      "rotate": 0,
      "semantic": {
        "element": "标尺",
        "links": []
      },
      "ext": {
        "文字识别结果": [
          ""
        ]
      }
    },
    {
      "id": 6,
      "type": "polyline",
      "shape": "polyline",
      "coord": [
        [
          1539.6596069335938,
          565.170166015625
        ],
        [
          1539.6596069335938,
          714.170166015625
        ]
      ],
      "rotate": 0,
      "semantic": {
        "element": "标尺",
        "links": []
      },
      "ext": {
        "文字识别结果": [
          ""
        ]
      }
    },
    {
      "id": 7,
      "type": "polyline",
      "shape": "polyline",
      "coord": [
        [
          1939.6596069335938,
          836.170166015625
        ],
        [
          1939.6596069335938,
          1030.170166015625
        ]
      ],
      "rotate": 0,
      "semantic": {
        "element": "标尺",
        "links": []
      },
      "ext": {
        "文字识别结果": [
          ""
        ]
      }
    },
    {
      "id": 8,
      "type": "polyline",
      "shape": "polyline",
      "coord": [
        [
          1939.6596069335938,
          1030.170166015625
        ],
        [
          1939.6596069335938,
          1280.170166015625
        ]
      ],
      "rotate": 0,
      "semantic": {
        "element": "标尺",
        "links": []
      },
      "ext": {
        "文字识别结果": [
          ""
        ]
      }
    },
    {
      "id": 9,
      "type": "polyline",
      "shape": "polyline",
      "coord": [
        [
          667.6596069335938,
          718.170166015625
        ],
        [
          841.6596069335938,
          718.170166015625
        ]
      ],
      "rotate": 0,
      "semantic": {
        "element": "标尺",
        "links": []
      },
      "ext": {
        "文字识别结果": [
          "900"
        ]
      }
    },
    {
      "id": 10,
      "type": "polyline",
      "shape": "polyline",
      "coord": [
        [
          667.6596069335938,
          570.170166015625
        ],
        [
          1305.6596069335938,
          570.170166015625
        ]
      ],
      "rotate": 0,
      "semantic": {
        "element": "标尺",
        "links": []
      },
      "ext": {
        "文字识别结果": [
          "3300"
        ]
      }
    },
    {
      "id": 11,
      "type": "polyline",
      "shape": "polyline",
      "coord": [
        [
          1343.6596069335938,
          566.170166015625
        ],
        [
          1535.6596069335938,
          566.170166015625
        ]
      ],
      "rotate": 0,
      "semantic": {
        "element": "标尺",
        "links": []
      },
      "ext": {
        "文字识别结果": [
          "1000"
        ]
      }
    },
    {
      "id": 12,
      "type": "polyline",
      "shape": "polyline",
      "coord": [
        [
          1197.6596069335938,
          724.170166015625
        ],
        [
          1229.6596069335938,
          724.170166015625
        ]
      ],
      "rotate": 0,
      "semantic": {
        "element": "标尺",
        "links": []
      },
      "ext": {
        "文字识别结果": [
          "150"
        ]
      }
    },
    {
      "id": 13,
      "type": "polyline",
      "shape": "polyline",
      "coord": [
        [
          1343.6596069335938,
          1362.170166015625
        ],
        [
          1867.6596069335938,
          1362.170166015625
        ]
      ],
      "rotate": 0,
      "semantic": {
        "element": "标尺",
        "links": []
      },
      "ext": {
        "文字识别结果": [
          "2700"
        ]
      }
    },
    {
      "id": 14,
      "type": "polyline",
      "shape": "polyline",
      "coord": [
        [
          667.6596069335938,
          1600.170166015625
        ],
        [
          685.6596069335938,
          1600.170166015625
        ]
      ],
      "rotate": 0,
      "semantic": {
        "element": "标尺",
        "links": []
      },
      "ext": {
        "文字识别结果": [
          ""
        ]
      }
    },
    {
      "id": 15,
      "type": "polyline",
      "shape": "polyline",
      "coord": [
        [
          1439.6596069335938,
          714.170166015625
        ],
        [
          1535.6596069335938,
          714.170166015625
        ]
      ],
      "rotate": 0,
      "semantic": {
        "element": "标尺",
        "links": []
      },
      "ext": {
        "文字识别结果": [
          "500"
        ]
      }
    },
    {
      "id": 16,
      "type": "polyline",
      "shape": "polyline",
      "coord": [
        [
          1535.6596069335938,
          714.170166015625
        ],
        [
          1729.6596069335938,
          714.170166015625
        ]
      ],
      "rotate": 0,
      "semantic": {
        "element": "标尺",
        "links": []
      },
      "ext": {
        "文字识别结果": [
          "1000"
        ]
      }
    },
    {
      "id": 17,
      "type": "polyline",
      "shape": "polyline",
      "coord": [
        [
          1729.6596069335938,
          714.170166015625
        ],
        [
          1827.6596069335938,
          714.170166015625
        ]
      ],
      "rotate": 0,
      "semantic": {
        "element": "标尺",
        "links": []
      },
      "ext": {
        "文字识别结果": [
          "500"
        ]
      }
    },
    {
      "id": 18,
      "type": "polyline",
      "shape": "polyline",
      "coord": [
        [
          668.6596069335938,
          1600.170166015625
        ],
        [
          685.6596069335938,
          1600.170166015625
        ]
      ],
      "rotate": 0,
      "semantic": {
        "element": "标尺",
        "links": []
      },
      "ext": {
        "文字识别结果": [
          ""
        ]
      }
    },
    {
      "id": 19,
      "type": "box",
      "shape": "rect",
      "coord": [
        [
          987.6596069335938,
          714.170166015625
        ],
        [
          1201.6596069335938,
          756.170166015625
        ]
      ],
      "rotate": 0,
      "semantic": {
        "element": "普通设备",
        "links": []
      },
      "ext": {
        "文字识别结果": [
          "7"
        ]
      }
    },
    {
      "id": 20,
      "type": "box",
      "shape": "rect",
      "coord": [
        [
          1343.6596069335938,
          796.170166015625
        ],
        [
          1827.6596069335938,
          1280.170166015625
        ]
      ],
      "rotate": 0,
      "semantic": {
        "element": "普通设备",
        "links": []
      },
      "ext": {
        "文字识别结果": [
          ""
        ]
      }
    },
    {
      "id": 21,
      "type": "polyline",
      "shape": "polyline",
      "coord": [
        [
          557.6596069335938,
          798.170166015625
        ],
        [
          557.6596069335938,
          1530.170166015625
        ]
      ],
      "rotate": 0,
      "semantic": {
        "element": "标尺",
        "links": []
      },
      "ext": {
        "文字识别结果": [
          ""
        ]
      }
    },
    {
      "id": 22,
      "type": "polyline",
      "shape": "polyline",
      "coord": [
        [
          1939.6596069335938,
          798.170166015625
        ],
        [
          1939.6596069335938,
          834.170166015625
        ]
      ],
      "rotate": 0,
      "semantic": {
        "element": "标尺",
        "links": []
      },
      "ext": {
        "文字识别结果": [
          "200"
        ]
      }
    },
    {
      "id": 23,
      "type": "polyline",
      "shape": "polyline",
      "coord": [
        [
          605.6596069335938,
          1320.170166015625
        ],
        [
          605.6596069335938,
          1530.170166015625
        ]
      ],
      "rotate": 0,
      "semantic": {
        "element": "标尺",
        "links": []
      },
      "ext": {
        "文字识别结果": [
          ""
        ]
      }
    },
    {
      "id": 24,
      "type": "polyline",
      "shape": "polyline",
      "coord": [
        [
          1368.6596069335938,
          1513.170166015625
        ],
        [
          1368.6596069335938,
          1530.170166015625
        ]
      ],
      "rotate": 0,
      "semantic": {
        "element": "标尺",
        "links": []
      },
      "ext": {
        "文字识别结果": [
          ""
        ]
      }
    },
    {
      "id": 25,
      "type": "polyline",
      "shape": "polyline",
      "coord": [
        [
          1939.6596069335938,
          834.170166015625
        ],
        [
          1939.6596069335938,
          1028.170166015625
        ]
      ],
      "rotate": 0,
      "semantic": {
        "element": "标尺",
        "links": []
      },
      "ext": {
        "文字识别结果": [
          ""
        ]
      }
    },
    {
      "id": 26,
      "type": "polyline",
      "shape": "polyline",
      "coord": [
        [
          1939.6596069335938,
          1028.170166015625
        ],
        [
          1939.6596069335938,
          1280.170166015625
        ]
      ],
      "rotate": 0,
      "semantic": {
        "element": "标尺",
        "links": []
      },
      "ext": {
        "文字识别结果": [
          ""
        ]
      }
    },
    {
      "id": 27,
      "type": "polyline",
      "shape": "polyline",
      "coord": [
        [
          667.6596069335938,
          568.170166015625
        ],
        [
          1305.6596069335938,
          568.170166015625
        ]
      ],
      "rotate": 0,
      "semantic": {
        "element": "标尺",
        "links": []
      },
      "ext": {
        "文字识别结果": [
          "3300"
        ]
      }
    },
    {
      "id": 28,
      "type": "polyline",
      "shape": "polyline",
      "coord": [
        [
          1345.6596069335938,
          568.170166015625
        ],
        [
          1535.6596069335938,
          568.170166015625
        ]
      ],
      "rotate": 0,
      "semantic": {
        "element": "标尺",
        "links": []
      },
      "ext": {
        "文字识别结果": [
          "1000"
        ]
      }
    },
    {
      "id": 29,
      "type": "polyline",
      "shape": "polyline",
      "coord": [
        [
          667.6596069335938,
          718.170166015625
        ],
        [
          841.6596069335938,
          718.170166015625
        ]
      ],
      "rotate": 0,
      "semantic": {
        "element": "标尺",
        "links": []
      },
      "ext": {
        "文字识别结果": [
          "900"
        ]
      }
    },
    {
      "id": 30,
      "type": "polyline",
      "shape": "polyline",
      "coord": [
        [
          1199.6596069335938,
          726.170166015625
        ],
        [
          1227.6596069335938,
          726.170166015625
        ]
      ],
      "rotate": 0,
      "semantic": {
        "element": "标尺",
        "links": []
      },
      "ext": {
        "文字识别结果": [
          "150"
        ]
      }
    },
    {
      "id": 31,
      "type": "polyline",
      "shape": "polyline",
      "coord": [
        [
          1345.6596069335938,
          1360.170166015625
        ],
        [
          1865.6596069335938,
          1360.170166015625
        ]
      ],
      "rotate": 0,
      "semantic": {
        "element": "标尺",
        "links": []
      },
      "ext": {
        "文字识别结果": [
          "2700"
        ]
      }
    },
    {
      "id": 32,
      "type": "polyline",
      "shape": "polyline",
      "coord": [
        [
          667.6596069335938,
          1598.170166015625
        ],
        [
          687.6596069335938,
          1598.170166015625
        ]
      ],
      "rotate": 0,
      "semantic": {
        "element": "标尺",
        "links": []
      },
      "ext": {
        "文字识别结果": [
          ""
        ]
      }
    },
    {
      "id": 33,
      "type": "polyline",
      "shape": "polyline",
      "coord": [
        [
          1441.6596069335938,
          714.170166015625
        ],
        [
          1535.6596069335938,
          714.170166015625
        ]
      ],
      "rotate": 0,
      "semantic": {
        "element": "标尺",
        "links": []
      },
      "ext": {
        "文字识别结果": [
          "500"
        ]
      }
    },
    {
      "id": 34,
      "type": "polyline",
      "shape": "polyline",
      "coord": [
        [
          1535.6596069335938,
          714.170166015625
        ],
        [
          1729.6596069335938,
          714.170166015625
        ]
      ],
      "rotate": 0,
      "semantic": {
        "element": "标尺",
        "links": []
      },
      "ext": {
        "文字识别结果": [
          "1000"
        ]
      }
    },
    {
      "id": 35,
      "type": "polyline",
      "shape": "polyline",
      "coord": [
        [
          1729.6596069335938,
          714.170166015625
        ],
        [
          1825.6596069335938,
          714.170166015625
        ]
      ],
      "rotate": 0,
      "semantic": {
        "element": "标尺",
        "links": []
      },
      "ext": {
        "文字识别结果": [
          "500"
        ]
      }
    },
    {
      "id": 36,
      "type": "box",
      "shape": "rect",
      "coord": [
        [
          985.6596069335938,
          718.170166015625
        ],
        [
          1199.6596069335938,
          758.170166015625
        ]
      ],
      "rotate": 0,
      "semantic": {
        "element": "普通设备",
        "links": []
      },
      "ext": {
        "文字识别结果": [
          "7"
        ]
      }
    },
    {
      "id": 38,
      "type": "other",
      "shape": "rect",
      "coord": [
        [
          1542.8804931640625,
          736.5032958984375
        ],
        [
          1715.14599609375,
          799.095458984375
        ]
      ],
      "rotate": 0,
      "semantic": {
        "element": "门",
        "links": []
      },
      "ext": {}
    },
    {
      "id": 39,
      "type": "other",
      "shape": "rect",
      "coord": [
        [
          3625.810546875,
          2349.33349609375
        ],
        [
          3804.005859375,
          2384.806884765625
        ]
      ],
      "rotate": 0,
      "semantic": {
        "element": "图例小图",
        "links": [
          {
            "pair_id": 49,
            "label": "图例文字",
            "distance": 172.511962890625
          }
        ]
      },
      "ext": {
        "图例归类": "电力线缆"
      }
    },
    {
      "id": 40,
      "type": "other",
      "shape": "rect",
      "coord": [
        [
          3622.469970703125,
          2418.338134765625
        ],
        [
          3823.240966796875,
          2453.624267578125
        ]
      ],
      "rotate": 0,
      "semantic": {
        "element": "图例小图",
        "links": [
          {
            "pair_id": 50,
            "label": "图例文字",
            "distance": 165.064697265625
          }
        ]
      },
      "ext": {
        "图例归类": "接地线缆"
      }
    },
    {
      "id": 41,
      "type": "other",
      "shape": "rect",
      "coord": [
        [
          3623.5927734375,
          2287.68798828125
        ],
        [
          3813.43798828125,
          2333.890869140625
        ]
      ],
      "rotate": 0,
      "semantic": {
        "element": "图例小图",
        "links": [
          {
            "pair_id": 48,
            "label": "图例文字",
            "distance": 169.90478515625
          }
        ]
      },
      "ext": {
        "图例归类": "信号电缆"
      }
    },
    {
      "id": 42,
      "type": "other",
      "shape": "rect",
      "coord": [
        [
          827.7316284179688,
          1670.485595703125
        ],
        [
          1094.57666015625,
          1744.81884765625
        ]
      ],
      "rotate": 0,
      "semantic": {
        "element": "机房标题",
        "links": []
      },
      "ext": {
        "文字识别结果": [
          "机房（九层）"
        ]
      }
    },
    {
      "id": 43,
      "type": "table",
      "shape": "rect",
      "coord": [
        [
          2241.027587890625,
          196.5506591796875
        ],
        [
          3715.354736328125,
          1163.970947265625
        ]
      ],
      "rotate": 0,
      "semantic": {
        "element": "物料表",
        "links": []
      },
      "ext": {
        "表格识别结果": [
          [
            "线缆",
            "线缆",
            "线缆路由",
            "",
            "导线规格型号",
            "线缆数量",
            "单根长度",
            "总长度",
            "敷设方式"
          ],
          [
            "编号",
            "类型",
            "",
            "到",
            "",
            "",
            "",
            "",
            ""
          ],
          [
            "J01",
            "交流电缆",
            "交流配电箱",
            "室内组合开关电源",
            "R-W-1K-4x16",
            "",
            "",
            "",
            "线槽走线"
          ],
          [
            "201",
            "直流电缆",
            "室内组合开关电源",
            "DCDU16D",
            "R-W-1KV-2x25",
            "",
            "7",
            "14",
            "柜内走线"
          ],
          [
            "202",
            "直流电缆",
            "室内组合开关电源",
            "DCPD10B",
            "ZR-VW-IKV-2X25",
            "",
            "",
            "",
            "柜内走线"
          ],
          [
            "203",
            "直流电缆",
            "DCDU16D",
            "NR BU",
            "ZR-W-IKV-2X4",
            "",
            "",
            "",
            "线槽线"
          ],
          [
            "204",
            "直流电缆",
            "DCPD10B",
            "NR BBU",
            "R-VV-IKV-2x 16",
            "",
            "",
            "",
            "线槽走线"
          ],
          [
            "DO1",
            "接地线",
            "室内组合开关电源",
            "室内总接地排",
            "ZR-W-IK-IX35",
            "",
            "",
            "",
            "柜内走线"
          ],
          [
            "D02",
            "接地线",
            "室内组合开关电源",
            "室内总接地排",
            "ZR-W-IKV-IX50",
            "",
            "",
            "",
            "线槽走线"
          ],
          [
            "D03",
            "接地线",
            "DCDU16D",
            "综合机柜内地排",
            "ZR-W-IKV-1 x6",
            "1",
            "1",
            "1",
            "柜内走线"
          ],
          [
            "D04",
            "接地线",
            "NR BBU",
            "综合机柜内地排",
            "ZR-W-1KV-1x6",
            "",
            "",
            "",
            "柜内走线"
          ],
          [
            "D05",
            "接地线",
            "LTE BBU",
            "综合机柜内地排",
            "ZR-W-IKV-x6",
            "",
            "",
            "",
            "柜内走线"
          ],
          [
            "D06",
            "接地线",
            "NR BBU",
            "综合机柜内地排",
            "ZR-W-IKV-IX6",
            "",
            "",
            "",
            "沿杆走线"
          ],
          [
            "X01",
            "信号线",
            "NR AAU",
            "传输设备ODB",
            "销装光纤，两芯",
            "",
            "",
            "",
            "沿杆走线"
          ],
          [
            "X02",
            "信号线",
            "NR BBU",
            "传输设备ODF",
            "销装光纤，两芯",
            "",
            "",
            "",
            "线槽走线"
          ]
        ]
      }
    },
    {
      "id": 44,
      "type": "table",
      "shape": "rect",
      "coord": [
        [
          2234.6669921875,
          2008.163330078125
        ],
        [
          3054.116455078125,
          2434.257568359375
        ]
      ],
      "rotate": 0,
      "semantic": {
        "element": "物料表",
        "links": []
      },
      "ext": {
        "表格识别结果": [
          [
            "直流电源",
            "",
            "交流电源",
            ""
          ],
          [
            "正极",
            "红色",
            "相",
            "黄色"
          ],
          [
            "",
            "",
            "L2相",
            "绿色"
          ],
          [
            "负级",
            "蓝色",
            "L3相",
            "红鱼"
          ],
          [
            "",
            "",
            "中性线",
            "浅蓝色"
          ],
          [
            "",
            "",
            "保护接地线",
            "黄绿色"
          ]
        ]
      }
    },
    {
      "id": 45,
      "type": "table",
      "shape": "rect",
      "coord": [
        [
          393.3856506347656,
          2415.751708984375
        ],
        [
          1922.4183349609375,
          2788.53759765625
        ]
      ],
      "rotate": 0,
      "semantic": {
        "element": "物料表",
        "links": []
      },
      "ext": {
        "表格识别结果": [
          [
            "序号",
            "工程作业环节",
            "风险说明",
            "风险处置方案"
          ],
          [
            "1",
            "布放各类线缆",
            "布放电源线未做好绝缘和防护措施导致触电",
            "施工时要按照规范安装设备和布放线缆，做好线"
          ],
          [
            "",
            "布放各类线缆",
            "施工作业（拉）断邻近电、光造成供电或系",
            "施工人员施工时要求遵守施工安全规范，按规范进"
          ]
        ]
      }
    },
    {
      "id": 46,
      "type": "table",
      "shape": "rect",
      "coord": [
        [
          2235.166748046875,
          2553.434326171875
        ],
        [
          4126.92333984375,
          2872.68212890625
        ]
      ],
      "rotate": 0,
      "semantic": {
        "element": "标题栏",
        "links": []
      },
      "ext": {
        "表格识别结果": [
          [
            "",
            "设计负责人",
            "",
            "中讯邮电询设院有限公司",
            ""
          ],
          [
            "处主管",
            "描图",
            "刘家鹏",
            "",
            ""
          ],
          [
            "",
            "",
            "",
            "深圳龙盛龙基站机柜设备布置平面图",
            ""
          ],
          [
            "审核人",
            "单位",
            "",
            "",
            ""
          ],
          [
            "专业负责人",
            "比例",
            "1:50",
            "",
            ""
          ],
          [
            "设计人",
            "期",
            "2020.07",
            "图号",
            "2019S0616（S)S-YW-001（4/11"
          ]
        ]
      }
    },
    {
      "id": 47,
      "type": "other",
      "shape": "rect",
      "coord": [
        [
          3511.920166015625,
          2197.76318359375
        ],
        [
          3986.609619140625,
          2499.628173828125
        ]
      ],
      "rotate": 0,
      "semantic": {
        "element": "图例",
        "links": []
      },
      "ext": {}
    },
    {
      "id": 48,
      "type": "other",
      "shape": "rect",
      "coord": [
        [
          3831.920166015625,
          2285.76318359375
        ],
        [
          3944.920166015625,
          2326.76318359375
        ]
      ],
      "rotate": 0,
      "semantic": {
        "element": "图例文字",
        "links": []
      },
      "ext": {
        "文字识别结果": [
          "信号线缆"
        ],
        "图例归类": "信号电缆"
      }
    },
    {
      "id": 49,
      "type": "other",
      "shape": "rect",
      "coord": [
        [
          3831.920166015625,
          2355.76318359375
        ],
        [
          3942.920166015625,
          2391.76318359375
        ]
      ],
      "rotate": 0,
      "semantic": {
        "element": "图例文字",
        "links": []
      },
      "ext": {
        "文字识别结果": [
          "电力线缆"
        ],
        "图例归类": "电力线缆"
      }
    },
    {
      "id": 50,
      "type": "other",
      "shape": "rect",
      "coord": [
        [
          3831.920166015625,
          2419.76318359375
        ],
        [
          3943.920166015625,
          2457.76318359375
        ]
      ],
      "rotate": 0,
      "semantic": {
        "element": "图例文字",
        "links": []
      },
      "ext": {
        "文字识别结果": [
          "接地线缆"
        ],
        "图例归类": "接地线缆"
      }
    },
    {
      "id": 51,
      "type": "other",
      "shape": "rect",
      "coord": [
        [
          877.1434326171875,
          800.225830078125
        ],
        [
          939.891845703125,
          1528.561279296875
        ]
      ],
      "rotate": 0,
      "semantic": {
        "element": "走线架",
        "links": []
      },
      "ext": {}
    },
    {
      "id": 52,
      "type": "other",
      "shape": "rect",
      "coord": [
        [
          1173.20361328125,
          1687.234375
        ],
        [
          1510.2174072265625,
          1728.35009765625
        ]
      ],
      "rotate": 0,
      "semantic": {
        "element": "建北磁北(夹角)",
        "links": []
      },
      "ext": {
        "文字识别结果": [
          "N"
        ],
        "文字位置": [
          [
            [
              1176.20361328125,
              1691.234375
            ],
            [
              1201.20361328125,
              1732.234375
            ]
          ]
        ],
        "顶点位置": [
          [
            1490.57861328125,
            1708.5112980769231
          ],
          [
            1279.67236328125,
            1708.5112980769231
          ]
        ]
      }
    },
    {
      "id": 53,
      "type": "other",
      "shape": "rect",
      "coord": [
        [
          2246.869384765625,
          1233.5048828125
        ],
        [
          3995.929931640625,
          1913.335693359375
        ]
      ],
      "rotate": 0,
      "semantic": {
        "element": "说明文字",
        "links": []
      },
      "ext": {
        "文字识别结果": [
          "说明：",
          "1.表中所列长度为参考长度，施工时按实际截取；线缆长度为估列，具体以实测为准；",
          "2．本机房原有水平走线架分上、下两层，其中下层离地XXm、上层离地xxm，宽xxmm；",
          "3.馈线，尾纤，地线和电源线都沿已有走线架分开布放，绑扎；",
          "4.本期电力线缆、信号线缆沿双层走线架分层布放，其中电力线缆走上层走线架、信号线缆走下层走线架。（双层走线描述。。并核",
          "实每层实际线缆类型）",
          "交流与直流电力电缆须分别沿走线架两侧布放，直流电缆与信号线须分别沿走线架两侧布放。（单层走线描述。。）",
          "5、其他电缆与交流电缆之间布放距离要保持20mm以上：交流电缆与馈线、信号线同走线架时，交流电缆应套屏蔽管敷设",
          "6、机架间电缆的布放符合机房电缆布放设计要求，走线合理整齐，路由清晰，不得交叉且需连接可靠：",
          "7.线缆布线要求每隔1m用固定卡固定于走线梯或线槽中，要求走线美观，整齐，牢固；",
          "8.同一接地排的接线孔不得接两个线耳"
        ]
      }
    }
  ]
}