{
  "info": {
    "像素面积": {
      "全部面积": 3443496.0,
      "设备面积": 523075.0,
      "剩余面积": 2920421.0
    },
    "图纸信息": {
      "类型": "机房",
      "名称": "325.png"
    }
  },
  "obj": [
    {
      "id": 1,
      "type": "outline",
      "shape": "polyline",
      "coord": [
        [
          627.7554626464844,
          325.5919189453125
        ],
        [
          1819.7554626464844,
          321.5919189453125
        ],
        [
          627.7554626464844,
          1763.5919189453125
        ],
        [
          1523.7554626464844,
          1763.5919189453125
        ],
        [
          669.7554626464844,
          269.5919189453125
        ],
        [
          671.7554626464844,
          269.5919189453125
        ],
        [
          669.7554626464844,
          963.5919189453125
        ],
        [
          1395.7554626464844,
          963.5919189453125
        ],
        [
          671.7554626464844,
          365.5919189453125
        ],
        [
          1775.7554626464844,
          365.5919189453125
        ],
        [
          673.7554626464844,
          1439.5919189453125
        ],
        [
          1411.7554626464844,
          1439.5919189453125
        ],
        [
          1411.7554626464844,
          1569.5919189453125
        ],
        [
          673.7554626464844,
          1569.5919189453125
        ],
        [
          725.7554626464844,
          1569.5919189453125
        ],
        [
          717.7554626464844,
          1235.5919189453125
        ],
        [
          721.7554626464844,
          1233.5919189453125
        ],
        [
          671.7554626464844,
          1007.5919189453125
        ],
        [
          1399.7554626464844,
          1007.5919189453125
        ],
        [
          671.7554626464844,
          1723.5919189453125
        ],
        [
          1523.7554626464844,
          1723.5919189453125
        ],
        [
          1523.7554626464844,
          1763.5919189453125
        ],
        [
          1613.7554626464844,
          963.5919189453125
        ],
        [
          1775.7554626464844,
          963.5919189453125
        ],
        [
          1740.7554626464844,
          1722.5919189453125
        ],
        [
          1775.7554626464844,
          1722.5919189453125
        ],
        [
          1741.7554626464844,
          1763.5919189453125
        ],
        [
          1743.7554626464844,
          1763.5919189453125
        ],
        [
          1819.7554626464844,
          1763.5919189453125
        ],
        [
          1703.7554626464844,
          499.5919189453125
        ],
        [
          1771.7554626464844,
          499.5919189453125
        ],
        [
          1703.7554626464844,
          615.5919189453125
        ],
        [
          1771.7554626464844,
          615.5919189453125
        ],
        [
          1613.7554626464844,
          1007.5919189453125
        ],
        [
          1775.7554626464844,
          1007.5919189453125
        ],
        [
          1775.7554626464844,
          1719.5919189453125
        ],
        [
          627.7554626464844,
          321.5919189453125
        ],
        [
          627.7554626464844,
          1763.5919189453125
        ],
        [
          1771.7554626464844,
          365.5919189453125
        ],
        [
          1771.7554626464844,
          963.5919189453125
        ],
        [
          1703.7554626464844,
          499.5919189453125
        ],
        [
          1703.7554626464844,
          615.5919189453125
        ],
        [
          1613.7554626464844,
          963.5919189453125
        ],
        [
          1613.7554626464844,
          1007.5919189453125
        ],
        [
          1399.7554626464844,
          963.5919189453125
        ],
        [
          1395.7554626464844,
          1007.5919189453125
        ],
        [
          725.7554626464844,
          1235.5919189453125
        ],
        [
          721.7554626464844,
          1569.5919189453125
        ],
        [
          673.7554626464844,
          1007.5919189453125
        ],
        [
          669.7554626464844,
          1723.5919189453125
        ],
        [
          1743.7554626464844,
          1723.5919189453125
        ],
        [
          1740.7554626464844,
          1763.5919189453125
        ],
        [
          1819.7554626464844,
          325.5919189453125
        ],
        [
          1819.7554626464844,
          1763.5919189453125
        ]
      ],
      "rotate": 0,
      "semantic": {
        "element": "墙轮廓",
        "path": [
          "0, 1",
          "2, 3",
          "4, 5, 6, 7",
          "8, 9",
          "10, 11, 12",
          "13, 14",
          "15, 16",
          "17, 18",
          "19, 20, 21",
          "22, 23",
          "24, 25",
          "26, 27, 28",
          "29, 30",
          "31, 32",
          "33, 34, 35",
          "36, 37",
          "38, 39",
          "40, 41",
          "42, 43",
          "44, 45",
          "46, 47",
          "48, 49",
          "50, 51",
          "52, 53"
        ],
        "links": []
      },
      "ext": {}
    },
    {
      "id": 2,
      "type": "outline",
      "shape": "polyline",
      "coord": [
        [
          627.7554626464844,
          323.5919189453125
        ],
        [
          1821.7554626464844,
          323.5919189453125
        ],
        [
          1821.7554626464844,
          1765.5919189453125
        ],
        [
          627.7554626464844,
          1765.5919189453125
        ],
        [
          1523.7554626464844,
          1765.5919189453125
        ],
        [
          671.7554626464844,
          961.5919189453125
        ],
        [
          1397.7554626464844,
          961.5919189453125
        ],
        [
          1397.7554626464844,
          1005.5919189453125
        ],
        [
          675.7554626464844,
          1439.5919189453125
        ],
        [
          1409.7554626464844,
          1439.5919189453125
        ],
        [
          1409.7554626464844,
          1571.5919189453125
        ],
        [
          671.7554626464844,
          1005.5919189453125
        ],
        [
          1397.7554626464844,
          1005.5919189453125
        ],
        [
          671.7554626464844,
          1721.5919189453125
        ],
        [
          1523.7554626464844,
          1721.5919189453125
        ],
        [
          1523.7554626464844,
          1765.5919189453125
        ],
        [
          1615.7554626464844,
          961.5919189453125
        ],
        [
          1777.7554626464844,
          961.5919189453125
        ],
        [
          1741.7554626464844,
          1721.5919189453125
        ],
        [
          1777.7554626464844,
          1721.5919189453125
        ],
        [
          1615.7554626464844,
          1007.5919189453125
        ],
        [
          1777.7554626464844,
          1007.5919189453125
        ],
        [
          1777.7554626464844,
          1721.5919189453125
        ],
        [
          671.7554626464844,
          367.5919189453125
        ],
        [
          1777.7554626464844,
          367.5919189453125
        ],
        [
          1777.7554626464844,
          961.5919189453125
        ],
        [
          1741.7554626464844,
          1765.5919189453125
        ],
        [
          1821.7554626464844,
          1765.5919189453125
        ],
        [
          627.7554626464844,
          323.5919189453125
        ],
        [
          627.7554626464844,
          1765.5919189453125
        ],
        [
          671.7554626464844,
          367.5919189453125
        ],
        [
          671.7554626464844,
          961.5919189453125
        ],
        [
          1615.7554626464844,
          961.5919189453125
        ],
        [
          1615.7554626464844,
          1007.5919189453125
        ],
        [
          671.7554626464844,
          1005.5919189453125
        ],
        [
          675.7554626464844,
          1721.5919189453125
        ],
        [
          1741.7554626464844,
          1721.5919189453125
        ],
        [
          1741.7554626464844,
          1765.5919189453125
        ]
      ],
      "rotate": 0,
      "semantic": {
        "element": "墙轮廓",
        "path": [
          "0, 1, 2",
          "3, 4",
          "5, 6, 7",
          "8, 9, 10",
          "11, 12",
          "13, 14, 15",
          "16, 17",
          "18, 19",
          "20, 21, 22",
          "23, 24, 25",
          "26, 27",
          "28, 29",
          "30, 31",
          "32, 33",
          "34, 35",
          "36, 37"
        ],
        "links": []
      },
      "ext": {}
    },
    {
      "id": 2,
      "type": "polyline",
      "shape": "polyline",
      "coord": [
        [
          1859.7554626464844,
          1007.5919189453125
        ],
        [
          1859.7554626464844,
          1113.5919189453125
        ]
      ],
      "rotate": 0,
      "semantic": {
        "element": "标尺",
        "links": []
      },
      "ext": {
        "文字识别结果": [
          "500"
        ]
      }
    },
    {
      "id": 3,
      "type": "polyline",
      "shape": "polyline",
      "coord": [
        [
          671.7554626464844,
          269.5919189453125
        ],
        [
          671.7554626464844,
          1423.5919189453125
        ]
      ],
      "rotate": 0,
      "semantic": {
        "element": "标尺",
        "links": []
      },
      "ext": {
        "文字识别结果": [
          ""
        ]
      }
    },
    {
      "id": 4,
      "type": "polyline",
      "shape": "polyline",
      "coord": [
        [
          535.7554626464844,
          365.5919189453125
        ],
        [
          535.7554626464844,
          963.5919189453125
        ]
      ],
      "rotate": 0,
      "semantic": {
        "element": "标尺",
        "links": []
      },
      "ext": {
        "文字识别结果": [
          "2750"
        ]
      }
    },
    {
      "id": 5,
      "type": "polyline",
      "shape": "polyline",
      "coord": [
        [
          833.7554626464844,
          693.5919189453125
        ],
        [
          833.7554626464844,
          947.5919189453125
        ]
      ],
      "rotate": 0,
      "semantic": {
        "element": "标尺",
        "links": []
      },
      "ext": {
        "文字识别结果": [
          "80"
        ]
      }
    },
    {
      "id": 6,
      "type": "polyline",
      "shape": "polyline",
      "coord": [
        [
          535.7554626464844,
          963.5919189453125
        ],
        [
          535.7554626464844,
          1007.5919189453125
        ]
      ],
      "rotate": 0,
      "semantic": {
        "element": "标尺",
        "links": []
      },
      "ext": {
        "文字识别结果": [
          ""
        ]
      }
    },
    {
      "id": 7,
      "type": "polyline",
      "shape": "polyline",
      "coord": [
        [
          535.7554626464844,
          1007.5919189453125
        ],
        [
          535.7554626464844,
          1719.5919189453125
        ]
      ],
      "rotate": 0,
      "semantic": {
        "element": "标尺",
        "links": []
      },
      "ext": {
        "文字识别结果": [
          "3300"
        ]
      }
    },
    {
      "id": 8,
      "type": "polyline",
      "shape": "polyline",
      "coord": [
        [
          837.7554626464844,
          947.5919189453125
        ],
        [
          837.7554626464844,
          1423.5919189453125
        ]
      ],
      "rotate": 0,
      "semantic": {
        "element": "标尺",
        "links": []
      },
      "ext": {
        "文字识别结果": [
          ""
        ]
      }
    },
    {
      "id": 9,
      "type": "polyline",
      "shape": "polyline",
      "coord": [
        [
          669.7554626464844,
          269.5919189453125
        ],
        [
          1775.7554626464844,
          269.5919189453125
        ]
      ],
      "rotate": 0,
      "semantic": {
        "element": "标尺",
        "links": []
      },
      "ext": {
        "文字识别结果": [
          "5100"
        ]
      }
    },
    {
      "id": 10,
      "type": "polyline",
      "shape": "polyline",
      "coord": [
        [
          860.7554626464844,
          1269.5919189453125
        ],
        [
          1015.7554626464844,
          1269.5919189453125
        ]
      ],
      "rotate": 0,
      "semantic": {
        "element": "标尺",
        "links": []
      },
      "ext": {
        "文字识别结果": [
          "600新"
        ]
      }
    },
    {
      "id": 11,
      "type": "polyline",
      "shape": "polyline",
      "coord": [
        [
          1015.7554626464844,
          1269.5919189453125
        ],
        [
          1169.7554626464844,
          1269.5919189453125
        ]
      ],
      "rotate": 0,
      "semantic": {
        "element": "标尺",
        "links": []
      },
      "ext": {
        "文字识别结果": [
          "600增组合开关"
        ]
      }
    },
    {
      "id": 12,
      "type": "polyline",
      "shape": "polyline",
      "coord": [
        [
          1169.7554626464844,
          1269.5919189453125
        ],
        [
          1321.7554626464844,
          1269.5919189453125
        ]
      ],
      "rotate": 0,
      "semantic": {
        "element": "标尺",
        "links": []
      },
      "ext": {
        "文字识别结果": [
          "600电源柜"
        ]
      }
    },
    {
      "id": 13,
      "type": "polyline",
      "shape": "polyline",
      "coord": [
        [
          671.7554626464844,
          1423.5919189453125
        ],
        [
          725.7554626464844,
          1423.5919189453125
        ]
      ],
      "rotate": 0,
      "semantic": {
        "element": "标尺",
        "links": []
      },
      "ext": {
        "文字识别结果": [
          "249"
        ]
      }
    },
    {
      "id": 14,
      "type": "polyline",
      "shape": "polyline",
      "coord": [
        [
          837.7554626464844,
          1423.5919189453125
        ],
        [
          967.7554626464844,
          1423.5919189453125
        ]
      ],
      "rotate": 0,
      "semantic": {
        "element": "标尺",
        "links": []
      },
      "ext": {
        "文字识别结果": [
          "600"
        ]
      }
    },
    {
      "id": 15,
      "type": "polyline",
      "shape": "polyline",
      "coord": [
        [
          725.7554626464844,
          1423.5919189453125
        ],
        [
          837.7554626464844,
          1423.5919189453125
        ]
      ],
      "rotate": 0,
      "semantic": {
        "element": "标尺",
        "links": []
      },
      "ext": {
        "文字识别结果": [
          "600"
        ]
      }
    },
    {
      "id": 16,
      "type": "polyline",
      "shape": "polyline",
      "coord": [
        [
          967.7554626464844,
          1423.5919189453125
        ],
        [
          1097.7554626464844,
          1423.5919189453125
        ]
      ],
      "rotate": 0,
      "semantic": {
        "element": "标尺",
        "links": []
      },
      "ext": {
        "文字识别结果": [
          "落地安装600"
        ]
      }
    },
    {
      "id": 17,
      "type": "polyline",
      "shape": "polyline",
      "coord": [
        [
          1097.7554626464844,
          1423.5919189453125
        ],
        [
          1149.7554626464844,
          1423.5919189453125
        ]
      ],
      "rotate": 0,
      "semantic": {
        "element": "标尺",
        "links": []
      },
      "ext": {
        "文字识别结果": [
          "安装4"
        ]
      }
    },
    {
      "id": 18,
      "type": "polyline",
      "shape": "polyline",
      "coord": [
        [
          1281.7554626464844,
          1423.5919189453125
        ],
        [
          1411.7554626464844,
          1423.5919189453125
        ]
      ],
      "rotate": 0,
      "semantic": {
        "element": "标尺",
        "links": []
      },
      "ext": {
        "文字识别结果": [
          "600"
        ]
      }
    },
    {
      "id": 19,
      "type": "polyline",
      "shape": "polyline",
      "coord": [
        [
          1149.7554626464844,
          1423.5919189453125
        ],
        [
          1281.7554626464844,
          1423.5919189453125
        ]
      ],
      "rotate": 0,
      "semantic": {
        "element": "标尺",
        "links": []
      },
      "ext": {
        "文字识别结果": [
          "600"
        ]
      }
    },
    {
      "id": 20,
      "type": "polyline",
      "shape": "polyline",
      "coord": [
        [
          1119.7554626464844,
          1819.5919189453125
        ],
        [
          1523.7554626464844,
          1819.5919189453125
        ]
      ],
      "rotate": 0,
      "semantic": {
        "element": "标尺",
        "links": []
      },
      "ext": {
        "文字识别结果": [
          "1850"
        ]
      }
    },
    {
      "id": 21,
      "type": "polyline",
      "shape": "polyline",
      "coord": [
        [
          1523.7554626464844,
          1819.5919189453125
        ],
        [
          1741.7554626464844,
          1819.5919189453125
        ]
      ],
      "rotate": 0,
      "semantic": {
        "element": "标尺",
        "links": []
      },
      "ext": {
        "文字识别结果": [
          "1000"
        ]
      }
    },
    {
      "id": 22,
      "type": "box",
      "shape": "rect",
      "coord": [
        [
          675.7554626464844,
          1439.5919189453125
        ],
        [
          725.7554626464844,
          1505.5919189453125
        ]
      ],
      "rotate": 0,
      "semantic": {
        "element": "机柜",
        "links": []
      },
      "ext": {
        "文字识别结果": [
          "ODF"
        ],
        "门朝向": "up"
      }
    },
    {
      "id": 23,
      "type": "box",
      "shape": "rect",
      "coord": [
        [
          675.7554626464844,
          1505.5919189453125
        ],
        [
          725.7554626464844,
          1569.5919189453125
        ]
      ],
      "rotate": 0,
      "semantic": {
        "element": "机柜",
        "links": []
      },
      "ext": {
        "文字识别结果": [
          "ODF"
        ],
        "门朝向": "down"
      }
    },
    {
      "id": 24,
      "type": "box",
      "shape": "rect",
      "coord": [
        [
          725.7554626464844,
          1439.5919189453125
        ],
        [
          837.7554626464844,
          1525.5919189453125
        ]
      ],
      "rotate": 0,
      "semantic": {
        "element": "机柜",
        "links": []
      },
      "ext": {
        "文字识别结果": [
          "龙门架"
        ],
        "门朝向": "up"
      }
    },
    {
      "id": 25,
      "type": "box",
      "shape": "rect",
      "coord": [
        [
          837.7554626464844,
          1439.5919189453125
        ],
        [
          967.7554626464844,
          1569.5919189453125
        ]
      ],
      "rotate": 0,
      "semantic": {
        "element": "机柜",
        "links": []
      },
      "ext": {
        "文字识别结果": [
          "DC"
        ],
        "门朝向": "up"
      }
    },
    {
      "id": 26,
      "type": "box",
      "shape": "rect",
      "coord": [
        [
          971.7554626464844,
          1438.5919189453125
        ],
        [
          1097.7554626464844,
          1449.5919189453125
        ]
      ],
      "rotate": 0,
      "semantic": {
        "element": "机柜",
        "links": []
      },
      "ext": {
        "文字识别结果": [
          ""
        ],
        "门朝向": "right"
      }
    },
    {
      "id": 27,
      "type": "box",
      "shape": "rect",
      "coord": [
        [
          967.7554626464844,
          1451.5919189453125
        ],
        [
          1097.7554626464844,
          1505.5919189453125
        ]
      ],
      "rotate": 0,
      "semantic": {
        "element": "机柜",
        "links": []
      },
      "ext": {
        "文字识别结果": [
          "传输机架"
        ],
        "门朝向": "right"
      }
    },
    {
      "id": 28,
      "type": "box",
      "shape": "rect",
      "coord": [
        [
          971.7554626464844,
          1438.5919189453125
        ],
        [
          1097.7554626464844,
          1505.5919189453125
        ]
      ],
      "rotate": 0,
      "semantic": {
        "element": "机柜",
        "links": []
      },
      "ext": {
        "文字识别结果": [
          "传输机架"
        ],
        "门朝向": "up"
      }
    },
    {
      "id": 29,
      "type": "box",
      "shape": "rect",
      "coord": [
        [
          990.7554626464844,
          1669.5919189453125
        ],
        [
          1119.7554626464844,
          1719.5919189453125
        ]
      ],
      "rotate": 0,
      "semantic": {
        "element": "机柜",
        "links": []
      },
      "ext": {
        "文字识别结果": [
          "AC"
        ],
        "门朝向": "up"
      }
    },
    {
      "id": 30,
      "type": "box",
      "shape": "rect",
      "coord": [
        [
          1099.7554626464844,
          1439.5919189453125
        ],
        [
          1149.7554626464844,
          1505.5919189453125
        ]
      ],
      "rotate": 0,
      "semantic": {
        "element": "机柜",
        "links": []
      },
      "ext": {
        "文字识别结果": [
          "ODF"
        ],
        "门朝向": "up"
      }
    },
    {
      "id": 31,
      "type": "box",
      "shape": "rect",
      "coord": [
        [
          1149.7554626464844,
          1439.5919189453125
        ],
        [
          1281.7554626464844,
          1449.5919189453125
        ]
      ],
      "rotate": 0,
      "semantic": {
        "element": "机柜",
        "links": []
      },
      "ext": {
        "文字识别结果": [
          ""
        ],
        "门朝向": "left"
      }
    },
    {
      "id": 32,
      "type": "box",
      "shape": "rect",
      "coord": [
        [
          1149.7554626464844,
          1439.5919189453125
        ],
        [
          1281.7554626464844,
          1569.5919189453125
        ]
      ],
      "rotate": 0,
      "semantic": {
        "element": "机柜",
        "links": []
      },
      "ext": {
        "文字识别结果": [
          "DC"
        ],
        "门朝向": "up"
      }
    },
    {
      "id": 33,
      "type": "box",
      "shape": "rect",
      "coord": [
        [
          1257.7554626464844,
          1006.5919189453125
        ],
        [
          1367.7554626464844,
          1053.5919189453125
        ]
      ],
      "rotate": 0,
      "semantic": {
        "element": "机柜",
        "links": []
      },
      "ext": {
        "文字识别结果": [
          "MDF"
        ],
        "门朝向": "down"
      }
    },
    {
      "id": 34,
      "type": "box",
      "shape": "rect",
      "coord": [
        [
          1281.7554626464844,
          1439.5919189453125
        ],
        [
          1411.7554626464844,
          1569.5919189453125
        ]
      ],
      "rotate": 0,
      "semantic": {
        "element": "机柜",
        "links": []
      },
      "ext": {
        "文字识别结果": [
          "SDH"
        ],
        "门朝向": "up"
      }
    },
    {
      "id": 35,
      "type": "box",
      "shape": "rect",
      "coord": [
        [
          671.7554626464844,
          1275.5919189453125
        ],
        [
          701.7554626464844,
          1363.5919189453125
        ]
      ],
      "rotate": 0,
      "semantic": {
        "element": "普通设备",
        "links": []
      },
      "ext": {
        "文字识别结果": [
          ""
        ]
      }
    },
    {
      "id": 36,
      "type": "box",
      "shape": "rect",
      "coord": [
        [
          671.7554626464844,
          1101.5919189453125
        ],
        [
          717.7554626464844,
          1233.5919189453125
        ]
      ],
      "rotate": 0,
      "semantic": {
        "element": "普通设备",
        "links": []
      },
      "ext": {
        "文字识别结果": [
          "电信"
        ]
      }
    },
    {
      "id": 37,
      "type": "box",
      "shape": "rect",
      "coord": [
        [
          703.7554626464844,
          1007.5919189453125
        ],
        [
          741.7554626464844,
          1077.5919189453125
        ]
      ],
      "rotate": 0,
      "semantic": {
        "element": "普通设备",
        "links": []
      },
      "ext": {
        "文字识别结果": [
          "电"
        ]
      }
    },
    {
      "id": 38,
      "type": "box",
      "shape": "rect",
      "coord": [
        [
          781.7554626464844,
          1006.5919189453125
        ],
        [
          817.7554626464844,
          1077.5919189453125
        ]
      ],
      "rotate": 0,
      "semantic": {
        "element": "普通设备",
        "links": []
      },
      "ext": {
        "文字识别结果": [
          "信"
        ]
      }
    },
    {
      "id": 39,
      "type": "box",
      "shape": "rect",
      "coord": [
        [
          777.7554626464844,
          1695.5919189453125
        ],
        [
          861.7554626464844,
          1723.5919189453125
        ]
      ],
      "rotate": 0,
      "semantic": {
        "element": "普通设备",
        "links": []
      },
      "ext": {
        "文字识别结果": [
          ""
        ]
      }
    },
    {
      "id": 40,
      "type": "box",
      "shape": "rect",
      "coord": [
        [
          880.7554626464844,
          1707.5919189453125
        ],
        [
          967.7554626464844,
          1723.5919189453125
        ]
      ],
      "rotate": 0,
      "semantic": {
        "element": "普通设备",
        "links": []
      },
      "ext": {
        "文字识别结果": [
          ""
        ]
      }
    },
    {
      "id": 41,
      "type": "box",
      "shape": "rect",
      "coord": [
        [
          889.7554626464844,
          693.5919189453125
        ],
        [
          1011.7554626464844,
          947.5919189453125
        ]
      ],
      "rotate": 0,
      "semantic": {
        "element": "普通设备",
        "links": []
      },
      "ext": {
        "文字识别结果": [
          "电池"
        ]
      }
    },
    {
      "id": 42,
      "type": "box",
      "shape": "rect",
      "coord": [
        [
          857.7554626464844,
          1137.5919189453125
        ],
        [
          1014.7554626464844,
          1213.5919189453125
        ]
      ],
      "rotate": 0,
      "semantic": {
        "element": "普通设备",
        "links": []
      },
      "ext": {
        "文字识别结果": [
          "DCS1800"
        ]
      }
    },
    {
      "id": 43,
      "type": "box",
      "shape": "rect",
      "coord": [
        [
          1099.7554626464844,
          1557.5919189453125
        ],
        [
          1149.7554626464844,
          1569.5919189453125
        ]
      ],
      "rotate": 0,
      "semantic": {
        "element": "普通设备",
        "links": []
      },
      "ext": {
        "文字识别结果": [
          ""
        ]
      }
    },
    {
      "id": 44,
      "type": "box",
      "shape": "rect",
      "coord": [
        [
          1015.7554626464844,
          1136.5919189453125
        ],
        [
          1169.7554626464844,
          1213.5919189453125
        ]
      ],
      "rotate": 0,
      "semantic": {
        "element": "普通设备",
        "links": []
      },
      "ext": {
        "文字识别结果": [
          "电信"
        ]
      }
    },
    {
      "id": 45,
      "type": "box",
      "shape": "rect",
      "coord": [
        [
          1169.7554626464844,
          939.5919189453125
        ],
        [
          1184.7554626464844,
          963.5919189453125
        ]
      ],
      "rotate": 0,
      "semantic": {
        "element": "普通设备",
        "links": []
      },
      "ext": {
        "文字识别结果": [
          ""
        ]
      }
    },
    {
      "id": 46,
      "type": "box",
      "shape": "rect",
      "coord": [
        [
          1087.7554626464844,
          1043.5919189453125
        ],
        [
          1201.7554626464844,
          1053.5919189453125
        ]
      ],
      "rotate": 0,
      "semantic": {
        "element": "普通设备",
        "links": []
      },
      "ext": {
        "文字识别结果": [
          ""
        ]
      }
    },
    {
      "id": 47,
      "type": "box",
      "shape": "rect",
      "coord": [
        [
          1213.7554626464844,
          1699.5919189453125
        ],
        [
          1268.7554626464844,
          1723.5919189453125
        ]
      ],
      "rotate": 0,
      "semantic": {
        "element": "普通设备",
        "links": []
      },
      "ext": {
        "文字识别结果": [
          ""
        ]
      }
    },
    {
      "id": 48,
      "type": "box",
      "shape": "rect",
      "coord": [
        [
          1169.7554626464844,
          1136.5919189453125
        ],
        [
          1320.7554626464844,
          1213.5919189453125
        ]
      ],
      "rotate": 0,
      "semantic": {
        "element": "普通设备",
        "links": []
      },
      "ext": {
        "文字识别结果": [
          "电信"
        ]
      }
    },
    {
      "id": 49,
      "type": "box",
      "shape": "rect",
      "coord": [
        [
          1289.7554626464844,
          1699.5919189453125
        ],
        [
          1321.7554626464844,
          1719.5919189453125
        ]
      ],
      "rotate": 0,
      "semantic": {
        "element": "普通设备",
        "links": []
      },
      "ext": {
        "文字识别结果": [
          ""
        ]
      }
    },
    {
      "id": 50,
      "type": "box",
      "shape": "rect",
      "coord": [
        [
          1339.7554626464844,
          1699.5919189453125
        ],
        [
          1367.7554626464844,
          1723.5919189453125
        ]
      ],
      "rotate": 0,
      "semantic": {
        "element": "普通设备",
        "links": []
      },
      "ext": {
        "文字识别结果": [
          ""
        ]
      }
    },
    {
      "id": 51,
      "type": "box",
      "shape": "rect",
      "coord": [
        [
          1645.7554626464844,
          693.5919189453125
        ],
        [
          1763.7554626464844,
          947.5919189453125
        ]
      ],
      "rotate": 0,
      "semantic": {
        "element": "普通设备",
        "links": []
      },
      "ext": {
        "文字识别结果": [
          "电池"
        ]
      }
    },
    {
      "id": 52,
      "type": "box",
      "shape": "rect",
      "coord": [
        [
          1701.7554626464844,
          499.5919189453125
        ],
        [
          1771.7554626464844,
          615.5919189453125
        ]
      ],
      "rotate": 0,
      "semantic": {
        "element": "普通设备",
        "links": []
      },
      "ext": {
        "文字识别结果": [
          "空调"
        ]
      }
    },
    {
      "id": 53,
      "type": "box",
      "shape": "rect",
      "coord": [
        [
          1729.7554626464844,
          1113.5919189453125
        ],
        [
          1775.7554626464844,
          1249.5919189453125
        ]
      ],
      "rotate": 0,
      "semantic": {
        "element": "普通设备",
        "links": []
      },
      "ext": {
        "文字识别结果": [
          "电信"
        ]
      }
    },
    {
      "id": 54,
      "type": "box",
      "shape": "rect",
      "coord": [
        [
          1729.7554626464844,
          1295.5919189453125
        ],
        [
          1775.7554626464844,
          1431.5919189453125
        ]
      ],
      "rotate": 0,
      "semantic": {
        "element": "普通设备",
        "links": []
      },
      "ext": {
        "文字识别结果": [
          "电信"
        ]
      }
    },
    {
      "id": 55,
      "type": "box",
      "shape": "rect",
      "coord": [
        [
          1729.7554626464844,
          1447.5919189453125
        ],
        [
          1775.7554626464844,
          1581.5919189453125
        ]
      ],
      "rotate": 0,
      "semantic": {
        "element": "普通设备",
        "links": []
      },
      "ext": {
        "文字识别结果": [
          "直放站"
        ]
      }
    },
    {
      "id": 56,
      "type": "box",
      "shape": "rect",
      "coord": [
        [
          1745.7554626464844,
          1605.5919189453125
        ],
        [
          1775.7554626464844,
          1691.5919189453125
        ]
      ],
      "rotate": 0,
      "semantic": {
        "element": "普通设备",
        "links": []
      },
      "ext": {
        "文字识别结果": [
          ""
        ]
      }
    },
    {
      "id": 57,
      "type": "polyline",
      "shape": "polyline",
      "coord": [
        [
          1859.7554626464844,
          1005.5919189453125
        ],
        [
          1859.7554626464844,
          1114.5919189453125
        ]
      ],
      "rotate": 0,
      "semantic": {
        "element": "标尺",
        "links": []
      },
      "ext": {
        "文字识别结果": [
          ""
        ]
      }
    },
    {
      "id": 58,
      "type": "polyline",
      "shape": "polyline",
      "coord": [
        [
          537.7554626464844,
          365.5919189453125
        ],
        [
          537.7554626464844,
          961.5919189453125
        ]
      ],
      "rotate": 0,
      "semantic": {
        "element": "标尺",
        "links": []
      },
      "ext": {
        "文字识别结果": [
          "2750"
        ]
      }
    },
    {
      "id": 59,
      "type": "polyline",
      "shape": "polyline",
      "coord": [
        [
          835.7554626464844,
          691.5919189453125
        ],
        [
          835.7554626464844,
          949.5919189453125
        ]
      ],
      "rotate": 0,
      "semantic": {
        "element": "标尺",
        "links": []
      },
      "ext": {
        "文字识别结果": [
          ""
        ]
      }
    },
    {
      "id": 60,
      "type": "polyline",
      "shape": "polyline",
      "coord": [
        [
          537.7554626464844,
          1005.5919189453125
        ],
        [
          537.7554626464844,
          1721.5919189453125
        ]
      ],
      "rotate": 0,
      "semantic": {
        "element": "标尺",
        "links": []
      },
      "ext": {
        "文字识别结果": [
          "3300"
        ]
      }
    },
    {
      "id": 61,
      "type": "polyline",
      "shape": "polyline",
      "coord": [
        [
          537.7554626464844,
          961.5919189453125
        ],
        [
          537.7554626464844,
          1005.5919189453125
        ]
      ],
      "rotate": 0,
      "semantic": {
        "element": "标尺",
        "links": []
      },
      "ext": {
        "文字识别结果": [
          ""
        ]
      }
    },
    {
      "id": 62,
      "type": "polyline",
      "shape": "polyline",
      "coord": [
        [
          839.7554626464844,
          949.5919189453125
        ],
        [
          839.7554626464844,
          1421.5919189453125
        ]
      ],
      "rotate": 0,
      "semantic": {
        "element": "标尺",
        "links": []
      },
      "ext": {
        "文字识别结果": [
          ""
        ]
      }
    },
    {
      "id": 63,
      "type": "polyline",
      "shape": "polyline",
      "coord": [
        [
          671.7554626464844,
          271.5919189453125
        ],
        [
          1777.7554626464844,
          271.5919189453125
        ]
      ],
      "rotate": 0,
      "semantic": {
        "element": "标尺",
        "links": []
      },
      "ext": {
        "文字识别结果": [
          "5100"
        ]
      }
    },
    {
      "id": 64,
      "type": "polyline",
      "shape": "polyline",
      "coord": [
        [
          859.7554626464844,
          1269.5919189453125
        ],
        [
          1013.7554626464844,
          1269.5919189453125
        ]
      ],
      "rotate": 0,
      "semantic": {
        "element": "标尺",
        "links": []
      },
      "ext": {
        "文字识别结果": [
          "600新"
        ]
      }
    },
    {
      "id": 65,
      "type": "polyline",
      "shape": "polyline",
      "coord": [
        [
          727.7554626464844,
          1423.5919189453125
        ],
        [
          837.7554626464844,
          1423.5919189453125
        ]
      ],
      "rotate": 0,
      "semantic": {
        "element": "标尺",
        "links": []
      },
      "ext": {
        "文字识别结果": [
          "600"
        ]
      }
    },
    {
      "id": 66,
      "type": "polyline",
      "shape": "polyline",
      "coord": [
        [
          671.7554626464844,
          1425.5919189453125
        ],
        [
          727.7554626464844,
          1425.5919189453125
        ]
      ],
      "rotate": 0,
      "semantic": {
        "element": "标尺",
        "links": []
      },
      "ext": {
        "文字识别结果": [
          "4"
        ]
      }
    },
    {
      "id": 67,
      "type": "polyline",
      "shape": "polyline",
      "coord": [
        [
          969.7554626464844,
          1421.5919189453125
        ],
        [
          1099.7554626464844,
          1421.5919189453125
        ]
      ],
      "rotate": 0,
      "semantic": {
        "element": "标尺",
        "links": []
      },
      "ext": {
        "文字识别结果": [
          "落地安装600"
        ]
      }
    },
    {
      "id": 68,
      "type": "polyline",
      "shape": "polyline",
      "coord": [
        [
          1013.7554626464844,
          1269.5919189453125
        ],
        [
          1167.7554626464844,
          1269.5919189453125
        ]
      ],
      "rotate": 0,
      "semantic": {
        "element": "标尺",
        "links": []
      },
      "ext": {
        "文字识别结果": [
          "600增组合开关"
        ]
      }
    },
    {
      "id": 69,
      "type": "polyline",
      "shape": "polyline",
      "coord": [
        [
          837.7554626464844,
          1425.5919189453125
        ],
        [
          969.7554626464844,
          1425.5919189453125
        ]
      ],
      "rotate": 0,
      "semantic": {
        "element": "标尺",
        "links": []
      },
      "ext": {
        "文字识别结果": [
          "600"
        ]
      }
    },
    {
      "id": 70,
      "type": "polyline",
      "shape": "polyline",
      "coord": [
        [
          1167.7554626464844,
          1269.5919189453125
        ],
        [
          1321.7554626464844,
          1269.5919189453125
        ]
      ],
      "rotate": 0,
      "semantic": {
        "element": "标尺",
        "links": []
      },
      "ext": {
        "文字识别结果": [
          "600电源柜"
        ]
      }
    },
    {
      "id": 71,
      "type": "polyline",
      "shape": "polyline",
      "coord": [
        [
          1099.7554626464844,
          1421.5919189453125
        ],
        [
          1151.7554626464844,
          1421.5919189453125
        ]
      ],
      "rotate": 0,
      "semantic": {
        "element": "标尺",
        "links": []
      },
      "ext": {
        "文字识别结果": [
          "安装4"
        ]
      }
    },
    {
      "id": 72,
      "type": "polyline",
      "shape": "polyline",
      "coord": [
        [
          1151.7554626464844,
          1421.5919189453125
        ],
        [
          1279.7554626464844,
          1421.5919189453125
        ]
      ],
      "rotate": 0,
      "semantic": {
        "element": "标尺",
        "links": []
      },
      "ext": {
        "文字识别结果": [
          "600"
        ]
      }
    },
    {
      "id": 73,
      "type": "polyline",
      "shape": "polyline",
      "coord": [
        [
          1279.7554626464844,
          1421.5919189453125
        ],
        [
          1409.7554626464844,
          1421.5919189453125
        ]
      ],
      "rotate": 0,
      "semantic": {
        "element": "标尺",
        "links": []
      },
      "ext": {
        "文字识别结果": [
          "600"
        ]
      }
    },
    {
      "id": 74,
      "type": "polyline",
      "shape": "polyline",
      "coord": [
        [
          1119.7554626464844,
          1821.5919189453125
        ],
        [
          1523.7554626464844,
          1821.5919189453125
        ]
      ],
      "rotate": 0,
      "semantic": {
        "element": "标尺",
        "links": []
      },
      "ext": {
        "文字识别结果": [
          "1850"
        ]
      }
    },
    {
      "id": 75,
      "type": "polyline",
      "shape": "polyline",
      "coord": [
        [
          1523.7554626464844,
          1821.5919189453125
        ],
        [
          1741.7554626464844,
          1821.5919189453125
        ]
      ],
      "rotate": 0,
      "semantic": {
        "element": "标尺",
        "links": []
      },
      "ext": {
        "文字识别结果": [
          "1000"
        ]
      }
    },
    {
      "id": 76,
      "type": "polyline",
      "shape": "polyline",
      "coord": [
        [
          537.7554626464844,
          1005.5919189453125
        ],
        [
          1859.7554626464844,
          1005.5919189453125
        ]
      ],
      "rotate": 0,
      "semantic": {
        "element": "标尺",
        "links": []
      },
      "ext": {
        "文字识别结果": [
          ""
        ]
      }
    },
    {
      "id": 77,
      "type": "box",
      "shape": "rect",
      "coord": [
        [
          675.7554626464844,
          1439.5919189453125
        ],
        [
          727.7554626464844,
          1502.5919189453125
        ]
      ],
      "rotate": 0,
      "semantic": {
        "element": "机柜",
        "links": []
      },
      "ext": {
        "文字识别结果": [
          "ODF"
        ],
        "门朝向": "up"
      }
    },
    {
      "id": 78,
      "type": "box",
      "shape": "rect",
      "coord": [
        [
          675.7554626464844,
          1503.5919189453125
        ],
        [
          727.7554626464844,
          1571.5919189453125
        ]
      ],
      "rotate": 0,
      "semantic": {
        "element": "机柜",
        "links": []
      },
      "ext": {
        "文字识别结果": [
          "ODF"
        ],
        "门朝向": "down"
      }
    },
    {
      "id": 79,
      "type": "box",
      "shape": "rect",
      "coord": [
        [
          727.7554626464844,
          1439.5919189453125
        ],
        [
          837.7554626464844,
          1527.5919189453125
        ]
      ],
      "rotate": 0,
      "semantic": {
        "element": "机柜",
        "links": []
      },
      "ext": {
        "文字识别结果": [
          "龙门架"
        ],
        "门朝向": "up"
      }
    },
    {
      "id": 80,
      "type": "box",
      "shape": "rect",
      "coord": [
        [
          839.7554626464844,
          1439.5919189453125
        ],
        [
          969.7554626464844,
          1571.5919189453125
        ]
      ],
      "rotate": 0,
      "semantic": {
        "element": "机柜",
        "links": []
      },
      "ext": {
        "文字识别结果": [
          "DC"
        ],
        "门朝向": "up"
      }
    },
    {
      "id": 81,
      "type": "box",
      "shape": "rect",
      "coord": [
        [
          859.7554626464844,
          1135.5919189453125
        ],
        [
          1013.7554626464844,
          1221.5919189453125
        ]
      ],
      "rotate": 0,
      "semantic": {
        "element": "机柜",
        "links": []
      },
      "ext": {
        "文字识别结果": [
          "DCS1800"
        ],
        "门朝向": "down"
      }
    },
    {
      "id": 82,
      "type": "box",
      "shape": "rect",
      "coord": [
        [
          969.7554626464844,
          1439.5919189453125
        ],
        [
          1099.7554626464844,
          1451.5919189453125
        ]
      ],
      "rotate": 0,
      "semantic": {
        "element": "机柜",
        "links": []
      },
      "ext": {
        "文字识别结果": [
          ""
        ],
        "门朝向": "right"
      }
    },
    {
      "id": 83,
      "type": "box",
      "shape": "rect",
      "coord": [
        [
          969.7554626464844,
          1451.5919189453125
        ],
        [
          1099.7554626464844,
          1503.5919189453125
        ]
      ],
      "rotate": 0,
      "semantic": {
        "element": "机柜",
        "links": []
      },
      "ext": {
        "文字识别结果": [
          "传输机架"
        ],
        "门朝向": "right"
      }
    },
    {
      "id": 84,
      "type": "box",
      "shape": "rect",
      "coord": [
        [
          969.7554626464844,
          1439.5919189453125
        ],
        [
          1099.7554626464844,
          1503.5919189453125
        ]
      ],
      "rotate": 0,
      "semantic": {
        "element": "机柜",
        "links": []
      },
      "ext": {
        "文字识别结果": [
          "传输机架"
        ],
        "门朝向": "up"
      }
    },
    {
      "id": 85,
      "type": "box",
      "shape": "rect",
      "coord": [
        [
          1099.7554626464844,
          1439.5919189453125
        ],
        [
          1151.7554626464844,
          1503.5919189453125
        ]
      ],
      "rotate": 0,
      "semantic": {
        "element": "机柜",
        "links": []
      },
      "ext": {
        "文字识别结果": [
          "ODF"
        ],
        "门朝向": "up"
      }
    },
    {
      "id": 86,
      "type": "box",
      "shape": "rect",
      "coord": [
        [
          1099.7554626464844,
          1503.5919189453125
        ],
        [
          1150.7554626464844,
          1571.5919189453125
        ]
      ],
      "rotate": 0,
      "semantic": {
        "element": "机柜",
        "links": []
      },
      "ext": {
        "文字识别结果": [
          "OD"
        ],
        "门朝向": "down"
      }
    },
    {
      "id": 87,
      "type": "box",
      "shape": "rect",
      "coord": [
        [
          1013.7554626464844,
          1135.5919189453125
        ],
        [
          1167.7554626464844,
          1221.5919189453125
        ]
      ],
      "rotate": 0,
      "semantic": {
        "element": "机柜",
        "links": []
      },
      "ext": {
        "文字识别结果": [
          "电信"
        ],
        "门朝向": "down"
      }
    },
    {
      "id": 88,
      "type": "box",
      "shape": "rect",
      "coord": [
        [
          1087.7554626464844,
          1005.5919189453125
        ],
        [
          1199.7554626464844,
          1055.5919189453125
        ]
      ],
      "rotate": 0,
      "semantic": {
        "element": "机柜",
        "links": []
      },
      "ext": {
        "文字识别结果": [
          "MDF"
        ],
        "门朝向": "down"
      }
    },
    {
      "id": 89,
      "type": "box",
      "shape": "rect",
      "coord": [
        [
          1151.7554626464844,
          1439.5919189453125
        ],
        [
          1279.7554626464844,
          1567.5919189453125
        ]
      ],
      "rotate": 0,
      "semantic": {
        "element": "机柜",
        "links": []
      },
      "ext": {
        "文字识别结果": [
          "DC"
        ],
        "门朝向": "up"
      }
    },
    {
      "id": 90,
      "type": "box",
      "shape": "rect",
      "coord": [
        [
          1167.7554626464844,
          1135.5919189453125
        ],
        [
          1320.7554626464844,
          1223.5919189453125
        ]
      ],
      "rotate": 0,
      "semantic": {
        "element": "机柜",
        "links": []
      },
      "ext": {
        "文字识别结果": [
          "电信"
        ],
        "门朝向": "down"
      }
    },
    {
      "id": 91,
      "type": "box",
      "shape": "rect",
      "coord": [
        [
          1257.7554626464844,
          1005.5919189453125
        ],
        [
          1369.7554626464844,
          1055.5919189453125
        ]
      ],
      "rotate": 0,
      "semantic": {
        "element": "机柜",
        "links": []
      },
      "ext": {
        "文字识别结果": [
          "MDF"
        ],
        "门朝向": "down"
      }
    },
    {
      "id": 92,
      "type": "box",
      "shape": "rect",
      "coord": [
        [
          1279.7554626464844,
          1439.5919189453125
        ],
        [
          1409.7554626464844,
          1571.5919189453125
        ]
      ],
      "rotate": 0,
      "semantic": {
        "element": "机柜",
        "links": []
      },
      "ext": {
        "文字识别结果": [
          "SDH"
        ],
        "门朝向": "up"
      }
    },
    {
      "id": 93,
      "type": "box",
      "shape": "rect",
      "coord": [
        [
          671.7554626464844,
          1277.5919189453125
        ],
        [
          703.7554626464844,
          1365.5919189453125
        ]
      ],
      "rotate": 0,
      "semantic": {
        "element": "普通设备",
        "links": []
      },
      "ext": {
        "文字识别结果": [
          ""
        ]
      }
    },
    {
      "id": 94,
      "type": "box",
      "shape": "rect",
      "coord": [
        [
          671.7554626464844,
          1099.5919189453125
        ],
        [
          719.7554626464844,
          1233.5919189453125
        ]
      ],
      "rotate": 0,
      "semantic": {
        "element": "普通设备",
        "links": []
      },
      "ext": {
        "文字识别结果": [
          "电信"
        ]
      }
    },
    {
      "id": 95,
      "type": "box",
      "shape": "rect",
      "coord": [
        [
          703.7554626464844,
          1005.5919189453125
        ],
        [
          743.7554626464844,
          1079.5919189453125
        ]
      ],
      "rotate": 0,
      "semantic": {
        "element": "普通设备",
        "links": []
      },
      "ext": {
        "文字识别结果": [
          "电"
        ]
      }
    },
    {
      "id": 96,
      "type": "box",
      "shape": "rect",
      "coord": [
        [
          779.7554626464844,
          1007.5919189453125
        ],
        [
          815.7554626464844,
          1079.5919189453125
        ]
      ],
      "rotate": 0,
      "semantic": {
        "element": "普通设备",
        "links": []
      },
      "ext": {
        "文字识别结果": [
          "信"
        ]
      }
    },
    {
      "id": 97,
      "type": "box",
      "shape": "rect",
      "coord": [
        [
          779.7554626464844,
          1693.5919189453125
        ],
        [
          863.7554626464844,
          1705.5919189453125
        ]
      ],
      "rotate": 0,
      "semantic": {
        "element": "普通设备",
        "links": []
      },
      "ext": {
        "文字识别结果": [
          ""
        ]
      }
    },
    {
      "id": 98,
      "type": "box",
      "shape": "rect",
      "coord": [
        [
          779.7554626464844,
          1705.5919189453125
        ],
        [
          863.7554626464844,
          1721.5919189453125
        ]
      ],
      "rotate": 0,
      "semantic": {
        "element": "普通设备",
        "links": []
      },
      "ext": {
        "文字识别结果": [
          ""
        ]
      }
    },
    {
      "id": 99,
      "type": "box",
      "shape": "rect",
      "coord": [
        [
          881.7554626464844,
          1693.5919189453125
        ],
        [
          969.7554626464844,
          1705.5919189453125
        ]
      ],
      "rotate": 0,
      "semantic": {
        "element": "普通设备",
        "links": []
      },
      "ext": {
        "文字识别结果": [
          ""
        ]
      }
    },
    {
      "id": 100,
      "type": "box",
      "shape": "rect",
      "coord": [
        [
          881.7554626464844,
          1705.5919189453125
        ],
        [
          969.7554626464844,
          1721.5919189453125
        ]
      ],
      "rotate": 0,
      "semantic": {
        "element": "普通设备",
        "links": []
      },
      "ext": {
        "文字识别结果": [
          ""
        ]
      }
    },
    {
      "id": 101,
      "type": "box",
      "shape": "rect",
      "coord": [
        [
          889.7554626464844,
          691.5919189453125
        ],
        [
          1009.7554626464844,
          949.5919189453125
        ]
      ],
      "rotate": 0,
      "semantic": {
        "element": "普通设备",
        "links": []
      },
      "ext": {
        "文字识别结果": [
          "电池"
        ]
      }
    },
    {
      "id": 102,
      "type": "box",
      "shape": "rect",
      "coord": [
        [
          989.7554626464844,
          1669.5919189453125
        ],
        [
          1119.7554626464844,
          1721.5919189453125
        ]
      ],
      "rotate": 0,
      "semantic": {
        "element": "普通设备",
        "links": []
      },
      "ext": {
        "文字识别结果": [
          "AC"
        ]
      }
    },
    {
      "id": 103,
      "type": "box",
      "shape": "rect",
      "coord": [
        [
          1073.7554626464844,
          885.5919189453125
        ],
        [
          1159.7554626464844,
          961.5919189453125
        ]
      ],
      "rotate": 0,
      "semantic": {
        "element": "普通设备",
        "links": []
      },
      "ext": {
        "文字识别结果": [
          "传输"
        ]
      }
    },
    {
      "id": 104,
      "type": "box",
      "shape": "rect",
      "coord": [
        [
          1211.7554626464844,
          1701.5919189453125
        ],
        [
          1269.7554626464844,
          1721.5919189453125
        ]
      ],
      "rotate": 0,
      "semantic": {
        "element": "普通设备",
        "links": []
      },
      "ext": {
        "文字识别结果": [
          ""
        ]
      }
    },
    {
      "id": 105,
      "type": "box",
      "shape": "rect",
      "coord": [
        [
          1289.7554626464844,
          1701.5919189453125
        ],
        [
          1321.7554626464844,
          1721.5919189453125
        ]
      ],
      "rotate": 0,
      "semantic": {
        "element": "普通设备",
        "links": []
      },
      "ext": {
        "文字识别结果": [
          ""
        ]
      }
    },
    {
      "id": 106,
      "type": "box",
      "shape": "rect",
      "coord": [
        [
          1337.7554626464844,
          1701.5919189453125
        ],
        [
          1365.7554626464844,
          1721.5919189453125
        ]
      ],
      "rotate": 0,
      "semantic": {
        "element": "普通设备",
        "links": []
      },
      "ext": {
        "文字识别结果": [
          ""
        ]
      }
    },
    {
      "id": 107,
      "type": "box",
      "shape": "rect",
      "coord": [
        [
          1639.7554626464844,
          1023.5919189453125
        ],
        [
          1709.7554626464844,
          1139.5919189453125
        ]
      ],
      "rotate": 0,
      "semantic": {
        "element": "普通设备",
        "links": []
      },
      "ext": {
        "文字识别结果": [
          "空调"
        ]
      }
    },
    {
      "id": 108,
      "type": "box",
      "shape": "rect",
      "coord": [
        [
          1643.7554626464844,
          695.5919189453125
        ],
        [
          1757.7554626464844,
          948.5919189453125
        ]
      ],
      "rotate": 0,
      "semantic": {
        "element": "普通设备",
        "links": []
      },
      "ext": {
        "文字识别结果": [
          "电池"
        ]
      }
    },
    {
      "id": 109,
      "type": "box",
      "shape": "rect",
      "coord": [
        [
          1701.7554626464844,
          501.5919189453125
        ],
        [
          1769.7554626464844,
          615.5919189453125
        ]
      ],
      "rotate": 0,
      "semantic": {
        "element": "普通设备",
        "links": []
      },
      "ext": {
        "文字识别结果": [
          "空调"
        ]
      }
    },
    {
      "id": 110,
      "type": "box",
      "shape": "rect",
      "coord": [
        [
          1729.7554626464844,
          1447.5919189453125
        ],
        [
          1776.7554626464844,
          1583.5919189453125
        ]
      ],
      "rotate": 0,
      "semantic": {
        "element": "普通设备",
        "links": []
      },
      "ext": {
        "文字识别结果": [
          "直放站"
        ]
      }
    },
    {
      "id": 111,
      "type": "box",
      "shape": "rect",
      "coord": [
        [
          1729.7554626464844,
          1115.5919189453125
        ],
        [
          1777.7554626464844,
          1249.5919189453125
        ]
      ],
      "rotate": 0,
      "semantic": {
        "element": "普通设备",
        "links": []
      },
      "ext": {
        "文字识别结果": [
          "电信"
        ]
      }
    },
    {
      "id": 112,
      "type": "box",
      "shape": "rect",
      "coord": [
        [
          1729.7554626464844,
          1297.5919189453125
        ],
        [
          1777.7554626464844,
          1431.5919189453125
        ]
      ],
      "rotate": 0,
      "semantic": {
        "element": "普通设备",
        "links": []
      },
      "ext": {
        "文字识别结果": [
          "电信"
        ]
      }
    },
    {
      "id": 113,
      "type": "box",
      "shape": "rect",
      "coord": [
        [
          1745.7554626464844,
          1607.5919189453125
        ],
        [
          1777.7554626464844,
          1693.5919189453125
        ]
      ],
      "rotate": 0,
      "semantic": {
        "element": "普通设备",
        "links": []
      },
      "ext": {
        "文字识别结果": [
          ""
        ]
      }
    },
    {
      "id": 115,
      "type": "other",
      "shape": "rect",
      "coord": [
        [
          833.0282897949219,
          1586.63037109375
        ],
        [
          1017.9744567871094,
          1677.663330078125
        ]
      ],
      "rotate": 0,
      "semantic": {
        "element": "带指向性文字",
        "links": []
      },
      "ext": {
        "文字识别结果": [
          "新增DCDU-16D",
          "利旧龙门架",
          "AO"
        ]
      }
    },
    {
      "id": 116,
      "type": "other",
      "shape": "rect",
      "coord": [
        [
          976.8820495605469,
          1273.3131103515625
        ],
        [
          1233.7090759277344,
          1373.78173828125
        ]
      ],
      "rotate": 0,
      "semantic": {
        "element": "带指向性文字",
        "links": []
      },
      "ext": {
        "文字识别结果": [
          "00",
          "600",
          "600",
          "新增组合开关电源柜",
          "落地安装",
          "600",
          "249、6",
          "600"
        ]
      }
    },
    {
      "id": 117,
      "type": "other",
      "shape": "rect",
      "coord": [
        [
          772.0644226074219,
          1294.5035400390625
        ],
        [
          928.8178405761719,
          1336.4774169921875
        ]
      ],
      "rotate": 0,
      "semantic": {
        "element": "带指向性文字",
        "links": []
      },
      "ext": {
        "文字识别结果": [
          "新增NR BBU"
        ]
      }
    },
    {
      "id": 118,
      "type": "other",
      "shape": "rect",
      "coord": [
        [
          1109.9886779785156,
          1583.894287109375
        ],
        [
          1203.8210754394531,
          1627.921630859375
        ]
      ],
      "rotate": 0,
      "semantic": {
        "element": "带指向性文字",
        "links": []
      },
      "ext": {
        "文字识别结果": [
          "ODI",
          "利旧AC"
        ]
      }
    },
    {
      "id": 119,
      "type": "other",
      "shape": "rect",
      "coord": [
        [
          737.7334289550781,
          1778.90771484375
        ],
        [
          797.0408630371094,
          1826.6591796875
        ]
      ],
      "rotate": 0,
      "semantic": {
        "element": "带指向性文字",
        "links": []
      },
      "ext": {
        "文字识别结果": [
          "电信"
        ]
      }
    },
    {
      "id": 120,
      "type": "other",
      "shape": "rect",
      "coord": [
        [
          1330.1747741699219,
          1600.642333984375
        ],
        [
          1392.6515808105469,
          1647.550537109375
        ]
      ],
      "rotate": 0,
      "semantic": {
        "element": "带指向性文字",
        "links": []
      },
      "ext": {
        "文字识别结果": [
          "电信"
        ]
      }
    },
    {
      "id": 121,
      "type": "other",
      "shape": "rect",
      "coord": [
        [
          1191.9366760253906,
          853.7706298828125
        ],
        [
          1245.8644714355469,
          898.8903198242188
        ]
      ],
      "rotate": 0,
      "semantic": {
        "element": "带指向性文字",
        "links": []
      },
      "ext": {
        "文字识别结果": [
          "DDF"
        ]
      }
    },
    {
      "id": 122,
      "type": "other",
      "shape": "rect",
      "coord": [
        [
          1066.3669738769531,
          1845.3927001953125
        ],
        [
          1284.9180603027344,
          1952.4111328125
        ]
      ],
      "rotate": 0,
      "semantic": {
        "element": "带指向性文字",
        "links": []
      },
      "ext": {
        "文字识别结果": [
          "租赁机房（8层）",
          "机房净高2800mm"
        ]
      }
    },
    {
      "id": 123,
      "type": "other",
      "shape": "rect",
      "coord": [
        [
          836.0162658691406,
          1585.021484375
        ],
        [
          1015.3382263183594,
          1675.298583984375
        ]
      ],
      "rotate": 0,
      "semantic": {
        "element": "带指向性文字",
        "links": []
      },
      "ext": {
        "文字识别结果": [
          "新增DCDU-16D",
          "利旧龙门架",
          "AO"
        ]
      }
    },
    {
      "id": 124,
      "type": "other",
      "shape": "rect",
      "coord": [
        [
          978.3491516113281,
          1273.2945556640625
        ],
        [
          1237.2790222167969,
          1374.2747802734375
        ]
      ],
      "rotate": 0,
      "semantic": {
        "element": "带指向性文字",
        "links": []
      },
      "ext": {
        "文字识别结果": [
          "00",
          "600",
          "600",
          "新增组合开关电源柜",
          "落地安装",
          "2496",
          "600",
          "600"
        ]
      }
    },
    {
      "id": 125,
      "type": "other",
      "shape": "rect",
      "coord": [
        [
          777.1131896972656,
          1292.455810546875
        ],
        [
          927.6149597167969,
          1334.61865234375
        ]
      ],
      "rotate": 0,
      "semantic": {
        "element": "带指向性文字",
        "links": []
      },
      "ext": {
        "文字识别结果": [
          "600",
          "新增NR BBU"
        ]
      }
    },
    {
      "id": 126,
      "type": "other",
      "shape": "rect",
      "coord": [
        [
          1110.7138977050781,
          1583.232421875
        ],
        [
          1200.6076354980469,
          1626.39453125
        ]
      ],
      "rotate": 0,
      "semantic": {
        "element": "带指向性文字",
        "links": []
      },
      "ext": {
        "文字识别结果": [
          "ODI",
          "利旧AC"
        ]
      }
    },
    {
      "id": 127,
      "type": "other",
      "shape": "rect",
      "coord": [
        [
          1328.0110778808594,
          1598.9442138671875
        ],
        [
          1391.8614196777344,
          1645.3807373046875
        ]
      ],
      "rotate": 0,
      "semantic": {
        "element": "带指向性文字",
        "links": []
      },
      "ext": {
        "文字识别结果": [
          "电信"
        ]
      }
    },
    {
      "id": 128,
      "type": "other",
      "shape": "rect",
      "coord": [
        [
          737.2203063964844,
          1776.36865234375
        ],
        [
          796.4499206542969,
          1825.3406982421875
        ]
      ],
      "rotate": 0,
      "semantic": {
        "element": "带指向性文字",
        "links": []
      },
      "ext": {
        "文字识别结果": [
          "电信"
        ]
      }
    },
    {
      "id": 129,
      "type": "other",
      "shape": "rect",
      "coord": [
        [
          1192.1430358886719,
          852.2045288085938
        ],
        [
          1245.3499450683594,
          899.4996948242188
        ]
      ],
      "rotate": 0,
      "semantic": {
        "element": "带指向性文字",
        "links": []
      },
      "ext": {
        "文字识别结果": [
          "DDF"
        ]
      }
    },
    {
      "id": 130,
      "type": "other",
      "shape": "rect",
      "coord": [
        [
          1678.0671081542969,
          1631.492919921875
        ],
        [
          1744.2024841308594,
          1684.4747314453125
        ]
      ],
      "rotate": 0,
      "semantic": {
        "element": "无指向性文字",
        "links": []
      },
      "ext": {
        "文字识别结果": [
          "防雷"
        ]
      }
    },
    {
      "id": 131,
      "type": "other",
      "shape": "rect",
      "coord": [
        [
          1676.5304870605469,
          1628.7923583984375
        ],
        [
          1744.1062927246094,
          1685.7548828125
        ]
      ],
      "rotate": 0,
      "semantic": {
        "element": "无指向性文字",
        "links": []
      },
      "ext": {
        "文字识别结果": [
          "防雷"
        ]
      }
    },
    {
      "id": 132,
      "type": "other",
      "shape": "rect",
      "coord": [
        [
          1525.12353515625,
          1709.3271484375
        ],
        [
          1741.04541015625,
          1804.554931640625
        ]
      ],
      "rotate": 0,
      "semantic": {
        "element": "门",
        "links": []
      },
      "ext": {}
    },
    {
      "id": 133,
      "type": "other",
      "shape": "rect",
      "coord": [
        [
          3379.3701171875,
          2357.25439453125
        ],
        [
          3458.020263671875,
          2434.609130859375
        ]
      ],
      "rotate": 0,
      "semantic": {
        "element": "图例小图",
        "links": [
          {
            "pair_id": 142,
            "label": "图例文字",
            "distance": 156.6580810546875
          }
        ]
      },
      "ext": {
        "图例归类": "原有设备"
      }
    },
    {
      "id": 134,
      "type": "other",
      "shape": "rect",
      "coord": [
        [
          3374.28173828125,
          2207.284423828125
        ],
        [
          3461.970703125,
          2295.80859375
        ]
      ],
      "rotate": 0,
      "semantic": {
        "element": "图例小图",
        "links": [
          {
            "pair_id": 140,
            "label": "图例文字",
            "distance": 156.72705078125
          }
        ]
      },
      "ext": {
        "图例归类": "新增设备"
      }
    },
    {
      "id": 135,
      "type": "other",
      "shape": "rect",
      "coord": [
        [
          3683.196044921875,
          2209.916259765625
        ],
        [
          3767.531982421875,
          2290.70458984375
        ]
      ],
      "rotate": 0,
      "semantic": {
        "element": "图例小图",
        "links": [
          {
            "pair_id": 141,
            "label": "图例文字",
            "distance": 158.4892578125
          }
        ]
      },
      "ext": {
        "图例归类": "预留设备"
      }
    },
    {
      "id": 136,
      "type": "other",
      "shape": "rect",
      "coord": [
        [
          1067.54296875,
          1839.843505859375
        ],
        [
          1292.9437255859375,
          1942.991455078125
        ]
      ],
      "rotate": 0,
      "semantic": {
        "element": "机房标题",
        "links": []
      },
      "ext": {
        "文字识别结果": [
          "185租赁机房（8层）机房净高2800mm"
        ]
      }
    },
    {
      "id": 137,
      "type": "table",
      "shape": "rect",
      "coord": [
        [
          2219.4375,
          323.451416015625
        ],
        [
          3975.51318359375,
          2009.72265625
        ]
      ],
      "rotate": 0,
      "semantic": {
        "element": "物料表",
        "links": []
      },
      "ext": {
        "表格识别结果": [
          [
            "序号",
            "名称",
            "规格型号",
            "安（W",
            "单位",
            "数量",
            "情况",
            "备注"
          ],
          [
            "1",
            "GSM900设备",
            "中兴/B8018",
            "600x550x1600",
            "个",
            "",
            "原有",
            "落地安装"
          ],
          [
            "1*",
            "DCS1800设备",
            "中兴/B8018",
            "600x550x1600",
            "个",
            "",
            "原有",
            "落地安装"
          ],
          [
            "2",
            "WCDMA设备",
            "中兴/BS8800",
            "600x450x950",
            "个",
            "",
            "无",
            "落地安装"
          ],
          [
            "",
            "",
            "中兴/BBU8200",
            "482x197x88",
            "个",
            "",
            "原有",
            "挂墙安装/安装在柜内"
          ],
          [
            "3",
            "LT设备",
            "中兴/BBU8200",
            "482x197x88",
            "个",
            "",
            "原有",
            "挂墙安装/安装在柜内"
          ],
          [
            "",
            "",
            "华为/BBU3910",
            "482x197x88",
            "个",
            "",
            "无",
            "挂墙安装/安装在柜内"
          ],
          [
            "4",
            "设备",
            "中兴/BBUV9200",
            "482x370x88",
            "个",
            "",
            "无",
            "挂墙安装/安装在柜内"
          ],
          [
            "",
            "",
            "华为/BBU5900",
            "442x310x86",
            "个",
            "1",
            "新增",
            "配置S1/1/1"
          ],
          [
            "5",
            "开关电源",
            "艾默生/600A",
            "",
            "个",
            "1",
            "新增",
            "落地安装"
          ],
          [
            "",
            "整流模块",
            "R48/2900U",
            "",
            "个",
            "4",
            "新增",
            ""
          ],
          [
            "6",
            "蓄电池组",
            "华达/400AH",
            "",
            "组",
            "",
            "原有",
            "落地安装"
          ],
          [
            "7",
            "空调",
            "柜式/3P",
            "",
            "台",
            "",
            "原有",
            "落地安装"
          ],
          [
            "",
            "",
            "挂式/2P",
            "",
            "台",
            "",
            "无",
            "挂墙安装"
          ],
          [
            "*",
            "空调室外机",
            "",
            "",
            "台",
            "",
            "原有",
            "落地安装/挂墙安装"
          ],
          [
            "8",
            "交流配电箱",
            "",
            "",
            "个",
            "",
            "原有",
            "挂墙安装"
          ],
          [
            "6",
            "环境控制箱",
            "",
            "",
            "个",
            "",
            "原有",
            "挂墙安装"
          ],
          [
            "10",
            "传输设备",
            "",
            "",
            "个",
            "",
            "原有",
            "落地安装/挂墙安装"
          ],
          [
            "11",
            "综合机柜",
            "",
            "",
            "个",
            "",
            "原有",
            "落地安装"
          ],
          [
            "12",
            "龙门架",
            "",
            "",
            "个",
            "",
            "原有",
            "落地安装"
          ],
          [
            "13",
            "传输DF",
            "",
            "",
            "个",
            "",
            "原有",
            "挂墙安装/安装在柜内"
          ],
          [
            "14",
            "传输ODF",
            "",
            "",
            "个",
            "",
            "原有",
            "落地安装"
          ],
          [
            "15",
            "传输ODB",
            "",
            "",
            "个",
            "",
            "原有",
            "挂墙安装/安装在柜内"
          ],
          [
            "16",
            "直流配电单元",
            "DCP6",
            "",
            "个",
            "",
            "原有",
            "挂墙安装/安装在双柜内"
          ],
          [
            "",
            "",
            "DCPD10B",
            "",
            "个",
            "",
            "无",
            "挂墙安装/安装在柜内"
          ],
          [
            "",
            "",
            "DCDU16D",
            "",
            "个",
            "1",
            "新增",
            "安装在龙门架内"
          ]
        ]
      }
    },
    {
      "id": 138,
      "type": "table",
      "shape": "rect",
      "coord": [
        [
          2242.073486328125,
          2546.16796875
        ],
        [
          4112.9189453125,
          2870.14111328125
        ]
      ],
      "rotate": 0,
      "semantic": {
        "element": "标题栏",
        "links": []
      },
      "ext": {
        "表格识别结果": [
          [
            "",
            "设计总负责人",
            "张秦",
            "中讯邮电咨询设计院有限公"
          ],
          [
            "处主管",
            "描图",
            "彭英杰",
            ""
          ],
          [
            "",
            "",
            "",
            "2019年中国联通广东深圳5G实验网一期工程"
          ],
          [
            "审核人",
            "单位",
            "mm",
            ""
          ],
          [
            "专业负责人",
            "例",
            "1:50",
            ""
          ],
          [
            "设计人",
            "期",
            "",
            "图号"
          ]
        ]
      }
    },
    {
      "id": 139,
      "type": "other",
      "shape": "rect",
      "coord": [
        [
          3188.853271484375,
          2158.439697265625
        ],
        [
          3977.811767578125,
          2489.893310546875
        ]
      ],
      "rotate": 0,
      "semantic": {
        "element": "图例",
        "links": []
      },
      "ext": {}
    },
    {
      "id": 140,
      "type": "other",
      "shape": "rect",
      "coord": [
        [
          3520.853271484375,
          2238.439697265625
        ],
        [
          3628.853271484375,
          2278.439697265625
        ]
      ],
      "rotate": 0,
      "semantic": {
        "element": "图例文字",
        "links": []
      },
      "ext": {
        "文字识别结果": [
          "新增设备"
        ],
        "图例归类": "新增设备"
      }
    },
    {
      "id": 141,
      "type": "other",
      "shape": "rect",
      "coord": [
        [
          3829.853271484375,
          2237.439697265625
        ],
        [
          3937.853271484375,
          2277.439697265625
        ]
      ],
      "rotate": 0,
      "semantic": {
        "element": "图例文字",
        "links": []
      },
      "ext": {
        "文字识别结果": [
          "预留机位"
        ],
        "图例归类": "预留设备"
      }
    },
    {
      "id": 142,
      "type": "other",
      "shape": "rect",
      "coord": [
        [
          3521.853271484375,
          2380.439697265625
        ],
        [
          3628.853271484375,
          2424.439697265625
        ]
      ],
      "rotate": 0,
      "semantic": {
        "element": "图例文字",
        "links": []
      },
      "ext": {
        "文字识别结果": [
          "已有设备"
        ],
        "图例归类": "原有设备"
      }
    },
    {
      "id": 143,
      "type": "other",
      "shape": "rect",
      "coord": [
        [
          312.2723083496094,
          2176.999755859375
        ],
        [
          1992.9420166015625,
          2491.26806640625
        ]
      ],
      "rotate": 0,
      "semantic": {
        "element": "说明文字",
        "links": []
      },
      "ext": {
        "文字识别结果": [
          "说明：",
          "1.本站与深圳龙岗龙东共站址，本期为5G-NR共站基站，配置为S1/1/1，主要为了完善所属区域的5G-NR系统无线覆盖及提高网络容量",
          "：本期采用BBU本端放置：",
          "2.本站新增一套艾默生PS48600电源系统，配4个50A/-48V整流模块，经核算，满足本站新增NR设备供电需求：",
          "3.[局端]基站：地址：广东省深圳市龙岗区龙东育贤东六巷3号8楼，经纬度:114.28902°，22.72488°，站址归属于中国联通；"
        ]
      }
    }
  ]
}