{
  "info": {
    "像素面积": {
      "全部面积": 2339820.0,
      "设备面积": 231735.0,
      "剩余面积": 2108085.0
    },
    "图纸信息": {
      "类型": "机房",
      "名称": "327.png"
    }
  },
  "obj": [
    {
      "id": 1,
      "type": "outline",
      "shape": "polyline",
      "coord": [
        [
          591.2151489257812,
          459.1976318359375
        ],
        [
          1853.2151489257812,
          459.1976318359375
        ],
        [
          591.2151489257812,
          1390.1976318359375
        ],
        [
          1105.2151489257812,
          1390.1976318359375
        ],
        [
          635.2151489257812,
          510.1976318359375
        ],
        [
          1298.2151489257812,
          508.1976318359375
        ],
        [
          637.2151489257812,
          1344.1976318359375
        ],
        [
          1105.2151489257812,
          1345.1976318359375
        ],
        [
          639.2151489257812,
          1346.1976318359375
        ],
        [
          1105.2151489257812,
          1345.1976318359375
        ],
        [
          1249.2151489257812,
          574.1976318359375
        ],
        [
          1295.2151489257812,
          574.1976318359375
        ],
        [
          1299.2151489257812,
          1345.1976318359375
        ],
        [
          1806.2151489257812,
          1346.1976318359375
        ],
        [
          1299.2151489257812,
          1345.1976318359375
        ],
        [
          1806.2151489257812,
          1344.1976318359375
        ],
        [
          1299.2151489257812,
          1390.1976318359375
        ],
        [
          1851.2151489257812,
          1390.1976318359375
        ],
        [
          1851.2151489257812,
          1086.1976318359375
        ],
        [
          2081.2151489257812,
          1090.1976318359375
        ],
        [
          591.2151489257812,
          542.1976318359375
        ],
        [
          1853.2151489257812,
          542.1976318359375
        ],
        [
          639.2151489257812,
          508.1976318359375
        ],
        [
          635.2151489257812,
          1344.1976318359375
        ],
        [
          1853.2151489257812,
          460.1976318359375
        ],
        [
          1851.2151489257812,
          1390.1976318359375
        ],
        [
          591.2151489257812,
          464.1976318359375
        ],
        [
          591.2151489257812,
          1390.1976318359375
        ],
        [
          1295.2151489257812,
          510.1976318359375
        ],
        [
          1298.2151489257812,
          574.1976318359375
        ],
        [
          1105.2151489257812,
          1344.1976318359375
        ],
        [
          1105.2151489257812,
          1390.1976318359375
        ],
        [
          1299.2151489257812,
          1346.1976318359375
        ],
        [
          1299.2151489257812,
          1390.1976318359375
        ]
      ],
      "rotate": 0,
      "semantic": {
        "element": "墙轮廓",
        "path": [
          "0, 1",
          "2, 3",
          "4, 5",
          "6, 7",
          "8, 9",
          "10, 11",
          "12, 13",
          "14, 15",
          "16, 17",
          "18, 19",
          "20, 21",
          "22, 23",
          "24, 25",
          "26, 27",
          "28, 29",
          "30, 31",
          "32, 33"
        ],
        "links": []
      },
      "ext": {}
    },
    {
      "id": 2,
      "type": "outline",
      "shape": "polyline",
      "coord": [
        [
          588.2151489257812,
          463.1976318359375
        ],
        [
          1851.2151489257812,
          463.1976318359375
        ],
        [
          591.2151489257812,
          1388.1976318359375
        ],
        [
          1107.2151489257812,
          1388.1976318359375
        ],
        [
          635.2151489257812,
          1344.1976318359375
        ],
        [
          1107.2151489257812,
          1344.1976318359375
        ],
        [
          1107.2151489257812,
          1388.1976318359375
        ],
        [
          1301.2151489257812,
          1344.1976318359375
        ],
        [
          1803.2151489257812,
          1344.1976318359375
        ],
        [
          1805.2151489257812,
          1344.1976318359375
        ],
        [
          1301.2151489257812,
          1388.1976318359375
        ],
        [
          1851.2151489257812,
          1388.1976318359375
        ],
        [
          593.2151489257812,
          460.1976318359375
        ],
        [
          1851.2151489257812,
          463.1976318359375
        ],
        [
          1851.2151489257812,
          460.1976318359375
        ],
        [
          1851.2151489257812,
          1388.1976318359375
        ],
        [
          593.2151489257812,
          463.1976318359375
        ],
        [
          593.2151489257812,
          1388.1976318359375
        ],
        [
          1301.2151489257812,
          1344.1976318359375
        ],
        [
          1301.2151489257812,
          1388.1976318359375
        ]
      ],
      "rotate": 0,
      "semantic": {
        "element": "墙轮廓",
        "path": [
          "0, 1",
          "2, 3",
          "4, 5, 6",
          "7, 8, 9",
          "10, 11",
          "12, 13",
          "14, 15",
          "16, 17",
          "18, 19"
        ],
        "links": []
      },
      "ext": {}
    },
    {
      "id": 2,
      "type": "polyline",
      "shape": "polyline",
      "coord": [
        [
          487.21514892578125,
          508.1976318359375
        ],
        [
          487.21514892578125,
          1344.1976318359375
        ]
      ],
      "rotate": 0,
      "semantic": {
        "element": "标尺",
        "links": []
      },
      "ext": {
        "文字识别结果": [
          ""
        ]
      }
    },
    {
      "id": 3,
      "type": "polyline",
      "shape": "polyline",
      "coord": [
        [
          487.21514892578125,
          506.1976318359375
        ],
        [
          487.21514892578125,
          1344.1976318359375
        ]
      ],
      "rotate": 0,
      "semantic": {
        "element": "标尺",
        "links": []
      },
      "ext": {
        "文字识别结果": [
          "20028"
        ]
      }
    },
    {
      "id": 4,
      "type": "polyline",
      "shape": "polyline",
      "coord": [
        [
          1553.2151489257812,
          852.1976318359375
        ],
        [
          1553.2151489257812,
          1168.1976318359375
        ]
      ],
      "rotate": 0,
      "semantic": {
        "element": "标尺",
        "links": []
      },
      "ext": {
        "文字识别结果": [
          "39101390"
        ]
      }
    },
    {
      "id": 5,
      "type": "polyline",
      "shape": "polyline",
      "coord": [
        [
          547.2151489257812,
          1062.1976318359375
        ],
        [
          547.2151489257812,
          1152.1976318359375
        ]
      ],
      "rotate": 0,
      "semantic": {
        "element": "标尺",
        "links": []
      },
      "ext": {
        "文字识别结果": [
          "060"
        ]
      }
    },
    {
      "id": 6,
      "type": "polyline",
      "shape": "polyline",
      "coord": [
        [
          1645.2151489257812,
          1118.1976318359375
        ],
        [
          1645.2151489257812,
          1342.1976318359375
        ]
      ],
      "rotate": 0,
      "semantic": {
        "element": "标尺",
        "links": []
      },
      "ext": {
        "文字识别结果": [
          "1000"
        ]
      }
    },
    {
      "id": 7,
      "type": "polyline",
      "shape": "polyline",
      "coord": [
        [
          547.2151489257812,
          1152.1976318359375
        ],
        [
          547.2151489257812,
          1344.1976318359375
        ]
      ],
      "rotate": 0,
      "semantic": {
        "element": "标尺",
        "links": []
      },
      "ext": {
        "文字识别结果": [
          "850"
        ]
      }
    },
    {
      "id": 8,
      "type": "polyline",
      "shape": "polyline",
      "coord": [
        [
          1553.2151489257812,
          1168.1976318359375
        ],
        [
          1553.2151489257812,
          1344.1976318359375
        ]
      ],
      "rotate": 0,
      "semantic": {
        "element": "标尺",
        "links": []
      },
      "ext": {
        "文字识别结果": [
          "780"
        ]
      }
    },
    {
      "id": 9,
      "type": "polyline",
      "shape": "polyline",
      "coord": [
        [
          635.2151489257812,
          396.1976318359375
        ],
        [
          757.2151489257812,
          396.1976318359375
        ]
      ],
      "rotate": 0,
      "semantic": {
        "element": "标尺",
        "links": []
      },
      "ext": {
        "文字识别结果": [
          "530大"
        ]
      }
    },
    {
      "id": 10,
      "type": "polyline",
      "shape": "polyline",
      "coord": [
        [
          1411.2151489257812,
          404.1976318359375
        ],
        [
          1807.2151489257812,
          404.1976318359375
        ]
      ],
      "rotate": 0,
      "semantic": {
        "element": "标尺",
        "links": []
      },
      "ext": {
        "文字识别结果": [
          "1750"
        ]
      }
    },
    {
      "id": 11,
      "type": "polyline",
      "shape": "polyline",
      "coord": [
        [
          635.2151489257812,
          674.1976318359375
        ],
        [
          1025.2151489257812,
          674.1976318359375
        ]
      ],
      "rotate": 0,
      "semantic": {
        "element": "标尺",
        "links": []
      },
      "ext": {
        "文字识别结果": [
          "1720"
        ]
      }
    },
    {
      "id": 12,
      "type": "polyline",
      "shape": "polyline",
      "coord": [
        [
          635.2151489257812,
          1316.1976318359375
        ],
        [
          1807.2151489257812,
          1316.1976318359375
        ]
      ],
      "rotate": 0,
      "semantic": {
        "element": "标尺",
        "links": []
      },
      "ext": {
        "文字识别结果": [
          "5170"
        ]
      }
    },
    {
      "id": 13,
      "type": "polyline",
      "shape": "polyline",
      "coord": [
        [
          635.2151489257812,
          1216.1976318359375
        ],
        [
          1355.2151489257812,
          1216.1976318359375
        ]
      ],
      "rotate": 0,
      "semantic": {
        "element": "标尺",
        "links": []
      },
      "ext": {
        "文字识别结果": [
          "3180"
        ]
      }
    },
    {
      "id": 14,
      "type": "box",
      "shape": "rect",
      "coord": [
        [
          591.2151489257812,
          464.1976318359375
        ],
        [
          689.2151489257812,
          542.1976318359375
        ]
      ],
      "rotate": 0,
      "semantic": {
        "element": "柱子",
        "links": []
      },
      "ext": {}
    },
    {
      "id": 15,
      "type": "box",
      "shape": "rect",
      "coord": [
        [
          1755.2151489257812,
          464.1976318359375
        ],
        [
          1851.2151489257812,
          542.1976318359375
        ]
      ],
      "rotate": 0,
      "semantic": {
        "element": "柱子",
        "links": []
      },
      "ext": {}
    },
    {
      "id": 16,
      "type": "box",
      "shape": "rect",
      "coord": [
        [
          757.2151489257812,
          508.1976318359375
        ],
        [
          891.2151489257812,
          586.1976318359375
        ]
      ],
      "rotate": 0,
      "semantic": {
        "element": "机柜",
        "links": []
      },
      "ext": {
        "文字识别结果": [
          ""
        ],
        "门朝向": "down"
      }
    },
    {
      "id": 17,
      "type": "box",
      "shape": "rect",
      "coord": [
        [
          1027.2151489257812,
          784.1976318359375
        ],
        [
          1161.2151489257812,
          852.1976318359375
        ]
      ],
      "rotate": 0,
      "semantic": {
        "element": "机柜",
        "links": []
      },
      "ext": {
        "文字识别结果": [
          "2"
        ],
        "门朝向": "down",
        "表格匹配结果": [
          "2",
          "5GRRU射频单元",
          "RRU5916",
          "452*352*140",
          "台",
          "28",
          "710W",
          "重量不含外壳"
        ]
      }
    },
    {
      "id": 18,
      "type": "box",
      "shape": "rect",
      "coord": [
        [
          1161.2151489257812,
          718.1976318359375
        ],
        [
          1299.2151489257812,
          852.1976318359375
        ]
      ],
      "rotate": 0,
      "semantic": {
        "element": "机柜",
        "links": []
      },
      "ext": {
        "文字识别结果": [
          "4"
        ],
        "门朝向": "down",
        "表格匹配结果": [
          "4",
          "空开",
          "",
          "个",
          "",
          ""
        ]
      }
    },
    {
      "id": 19,
      "type": "box",
      "shape": "rect",
      "coord": [
        [
          1347.2151489257812,
          752.1976318359375
        ],
        [
          1485.2151489257812,
          852.1976318359375
        ]
      ],
      "rotate": 0,
      "semantic": {
        "element": "机柜",
        "links": []
      },
      "ext": {
        "文字识别结果": [
          ""
        ],
        "门朝向": "down"
      }
    },
    {
      "id": 20,
      "type": "box",
      "shape": "rect",
      "coord": [
        [
          1358.2151489257812,
          1033.1976318359375
        ],
        [
          1493.2151489257812,
          1168.1976318359375
        ]
      ],
      "rotate": 0,
      "semantic": {
        "element": "机柜",
        "links": []
      },
      "ext": {
        "文字识别结果": [
          "2"
        ],
        "门朝向": "down",
        "表格匹配结果": [
          "2",
          "5GRRU射频单元",
          "RRU5916",
          "452*352*140",
          "台",
          "28",
          "710W",
          "重量不含外壳"
        ]
      }
    },
    {
      "id": 21,
      "type": "box",
      "shape": "rect",
      "coord": [
        [
          1493.2151489257812,
          508.1976318359375
        ],
        [
          1629.2151489257812,
          586.1976318359375
        ]
      ],
      "rotate": 0,
      "semantic": {
        "element": "机柜",
        "links": []
      },
      "ext": {
        "文字识别结果": [
          ""
        ],
        "门朝向": "down"
      }
    },
    {
      "id": 22,
      "type": "box",
      "shape": "rect",
      "coord": [
        [
          634.2151489257812,
          952.1976318359375
        ],
        [
          653.2151489257812,
          1062.1976318359375
        ]
      ],
      "rotate": 0,
      "semantic": {
        "element": "普通设备",
        "links": []
      },
      "ext": {
        "文字识别结果": [
          ""
        ]
      }
    },
    {
      "id": 23,
      "type": "box",
      "shape": "rect",
      "coord": [
        [
          635.2151489257812,
          1150.1976318359375
        ],
        [
          653.2151489257812,
          1212.1976318359375
        ]
      ],
      "rotate": 0,
      "semantic": {
        "element": "普通设备",
        "links": []
      },
      "ext": {
        "文字识别结果": [
          ""
        ]
      }
    },
    {
      "id": 24,
      "type": "box",
      "shape": "rect",
      "coord": [
        [
          652.2151489257812,
          951.1976318359375
        ],
        [
          665.2151489257812,
          1065.1976318359375
        ]
      ],
      "rotate": 0,
      "semantic": {
        "element": "普通设备",
        "links": []
      },
      "ext": {
        "文字识别结果": [
          ""
        ]
      }
    },
    {
      "id": 25,
      "type": "box",
      "shape": "rect",
      "coord": [
        [
          923.2151489257812,
          764.1976318359375
        ],
        [
          983.2151489257812,
          808.1976318359375
        ]
      ],
      "rotate": 0,
      "semantic": {
        "element": "普通设备",
        "links": []
      },
      "ext": {
        "文字识别结果": [
          ""
        ]
      }
    },
    {
      "id": 26,
      "type": "box",
      "shape": "rect",
      "coord": [
        [
          891.2151489257812,
          839.1976318359375
        ],
        [
          1025.2151489257812,
          852.1976318359375
        ]
      ],
      "rotate": 0,
      "semantic": {
        "element": "普通设备",
        "links": []
      },
      "ext": {
        "文字识别结果": [
          ""
        ]
      }
    },
    {
      "id": 27,
      "type": "box",
      "shape": "rect",
      "coord": [
        [
          1249.2151489257812,
          507.1976318359375
        ],
        [
          1267.2151489257812,
          574.1976318359375
        ]
      ],
      "rotate": 0,
      "semantic": {
        "element": "普通设备",
        "links": []
      },
      "ext": {
        "文字识别结果": [
          ""
        ]
      }
    },
    {
      "id": 28,
      "type": "box",
      "shape": "rect",
      "coord": [
        [
          1263.2151489257812,
          508.1976318359375
        ],
        [
          1283.2151489257812,
          574.1976318359375
        ]
      ],
      "rotate": 0,
      "semantic": {
        "element": "普通设备",
        "links": []
      },
      "ext": {
        "文字识别结果": [
          ""
        ]
      }
    },
    {
      "id": 29,
      "type": "box",
      "shape": "rect",
      "coord": [
        [
          1283.2151489257812,
          507.1976318359375
        ],
        [
          1295.2151489257812,
          574.1976318359375
        ]
      ],
      "rotate": 0,
      "semantic": {
        "element": "普通设备",
        "links": []
      },
      "ext": {
        "文字识别结果": [
          ""
        ]
      }
    },
    {
      "id": 30,
      "type": "box",
      "shape": "rect",
      "coord": [
        [
          1220.2151489257812,
          1158.1976318359375
        ],
        [
          1355.2151489257812,
          1168.1976318359375
        ]
      ],
      "rotate": 0,
      "semantic": {
        "element": "普通设备",
        "links": []
      },
      "ext": {
        "文字识别结果": [
          ""
        ]
      }
    },
    {
      "id": 31,
      "type": "box",
      "shape": "rect",
      "coord": [
        [
          1762.2151489257812,
          864.1976318359375
        ],
        [
          1775.2151489257812,
          970.1976318359375
        ]
      ],
      "rotate": 0,
      "semantic": {
        "element": "普通设备",
        "links": []
      },
      "ext": {
        "文字识别结果": [
          ""
        ]
      }
    },
    {
      "id": 32,
      "type": "box",
      "shape": "rect",
      "coord": [
        [
          1771.2151489257812,
          1078.1976318359375
        ],
        [
          1783.2151489257812,
          1208.1976318359375
        ]
      ],
      "rotate": 0,
      "semantic": {
        "element": "普通设备",
        "links": []
      },
      "ext": {
        "文字识别结果": [
          ""
        ]
      }
    },
    {
      "id": 33,
      "type": "box",
      "shape": "rect",
      "coord": [
        [
          1775.2151489257812,
          649.1976318359375
        ],
        [
          1807.2151489257812,
          756.1976318359375
        ]
      ],
      "rotate": 0,
      "semantic": {
        "element": "普通设备",
        "links": []
      },
      "ext": {
        "文字识别结果": [
          ""
        ]
      }
    },
    {
      "id": 34,
      "type": "box",
      "shape": "rect",
      "coord": [
        [
          1790.2151489257812,
          864.1976318359375
        ],
        [
          1807.2151489257812,
          926.1976318359375
        ]
      ],
      "rotate": 0,
      "semantic": {
        "element": "普通设备",
        "links": []
      },
      "ext": {
        "文字识别结果": [
          ""
        ]
      }
    },
    {
      "id": 35,
      "type": "box",
      "shape": "rect",
      "coord": [
        [
          1783.2151489257812,
          970.1976318359375
        ],
        [
          1807.2151489257812,
          1078.1976318359375
        ]
      ],
      "rotate": 0,
      "semantic": {
        "element": "普通设备",
        "links": []
      },
      "ext": {
        "文字识别结果": [
          ""
        ]
      }
    },
    {
      "id": 36,
      "type": "box",
      "shape": "rect",
      "coord": [
        [
          1783.2151489257812,
          1078.1976318359375
        ],
        [
          1807.2151489257812,
          1208.1976318359375
        ]
      ],
      "rotate": 0,
      "semantic": {
        "element": "普通设备",
        "links": []
      },
      "ext": {
        "文字识别结果": [
          ""
        ]
      }
    },
    {
      "id": 37,
      "type": "polyline",
      "shape": "polyline",
      "coord": [
        [
          485.21514892578125,
          508.1976318359375
        ],
        [
          485.21514892578125,
          1344.1976318359375
        ]
      ],
      "rotate": 0,
      "semantic": {
        "element": "标尺",
        "links": []
      },
      "ext": {
        "文字识别结果": [
          "0028"
        ]
      }
    },
    {
      "id": 38,
      "type": "polyline",
      "shape": "polyline",
      "coord": [
        [
          1555.2151489257812,
          854.1976318359375
        ],
        [
          1555.2151489257812,
          1170.1976318359375
        ]
      ],
      "rotate": 0,
      "semantic": {
        "element": "标尺",
        "links": []
      },
      "ext": {
        "文字识别结果": [
          "39101390"
        ]
      }
    },
    {
      "id": 39,
      "type": "polyline",
      "shape": "polyline",
      "coord": [
        [
          1645.2151489257812,
          1118.1976318359375
        ],
        [
          1645.2151489257812,
          1344.1976318359375
        ]
      ],
      "rotate": 0,
      "semantic": {
        "element": "标尺",
        "links": []
      },
      "ext": {
        "文字识别结果": [
          "1000"
        ]
      }
    },
    {
      "id": 40,
      "type": "polyline",
      "shape": "polyline",
      "coord": [
        [
          545.2151489257812,
          1150.1976318359375
        ],
        [
          545.2151489257812,
          1344.1976318359375
        ]
      ],
      "rotate": 0,
      "semantic": {
        "element": "标尺",
        "links": []
      },
      "ext": {
        "文字识别结果": [
          "850"
        ]
      }
    },
    {
      "id": 41,
      "type": "polyline",
      "shape": "polyline",
      "coord": [
        [
          545.2151489257812,
          1062.1976318359375
        ],
        [
          545.2151489257812,
          1150.1976318359375
        ]
      ],
      "rotate": 0,
      "semantic": {
        "element": "标尺",
        "links": []
      },
      "ext": {
        "文字识别结果": [
          "060"
        ]
      }
    },
    {
      "id": 42,
      "type": "polyline",
      "shape": "polyline",
      "coord": [
        [
          1555.2151489257812,
          1170.1976318359375
        ],
        [
          1555.2151489257812,
          1344.1976318359375
        ]
      ],
      "rotate": 0,
      "semantic": {
        "element": "标尺",
        "links": []
      },
      "ext": {
        "文字识别结果": [
          "780"
        ]
      }
    },
    {
      "id": 43,
      "type": "polyline",
      "shape": "polyline",
      "coord": [
        [
          635.2151489257812,
          394.1976318359375
        ],
        [
          755.2151489257812,
          394.1976318359375
        ]
      ],
      "rotate": 0,
      "semantic": {
        "element": "标尺",
        "links": []
      },
      "ext": {
        "文字识别结果": [
          "530十"
        ]
      }
    },
    {
      "id": 44,
      "type": "polyline",
      "shape": "polyline",
      "coord": [
        [
          1411.2151489257812,
          402.1976318359375
        ],
        [
          1805.2151489257812,
          402.1976318359375
        ]
      ],
      "rotate": 0,
      "semantic": {
        "element": "标尺",
        "links": []
      },
      "ext": {
        "文字识别结果": [
          "1750"
        ]
      }
    },
    {
      "id": 45,
      "type": "polyline",
      "shape": "polyline",
      "coord": [
        [
          635.2151489257812,
          670.1976318359375
        ],
        [
          1027.2151489257812,
          670.1976318359375
        ]
      ],
      "rotate": 0,
      "semantic": {
        "element": "标尺",
        "links": []
      },
      "ext": {
        "文字识别结果": [
          "1720"
        ]
      }
    },
    {
      "id": 46,
      "type": "polyline",
      "shape": "polyline",
      "coord": [
        [
          635.2151489257812,
          1214.1976318359375
        ],
        [
          1357.2151489257812,
          1214.1976318359375
        ]
      ],
      "rotate": 0,
      "semantic": {
        "element": "标尺",
        "links": []
      },
      "ext": {
        "文字识别结果": [
          "3180"
        ]
      }
    },
    {
      "id": 47,
      "type": "polyline",
      "shape": "polyline",
      "coord": [
        [
          635.2151489257812,
          1316.1976318359375
        ],
        [
          1805.2151489257812,
          1316.1976318359375
        ]
      ],
      "rotate": 0,
      "semantic": {
        "element": "标尺",
        "links": []
      },
      "ext": {
        "文字识别结果": [
          "5170"
        ]
      }
    },
    {
      "id": 48,
      "type": "box",
      "shape": "rect",
      "coord": [
        [
          591.2151489257812,
          464.1976318359375
        ],
        [
          687.2151489257812,
          540.1976318359375
        ]
      ],
      "rotate": 0,
      "semantic": {
        "element": "柱子",
        "links": []
      },
      "ext": {}
    },
    {
      "id": 49,
      "type": "box",
      "shape": "rect",
      "coord": [
        [
          1753.2151489257812,
          464.1976318359375
        ],
        [
          1851.2151489257812,
          540.1976318359375
        ]
      ],
      "rotate": 0,
      "semantic": {
        "element": "柱子",
        "links": []
      },
      "ext": {}
    },
    {
      "id": 50,
      "type": "box",
      "shape": "rect",
      "coord": [
        [
          1027.2151489257812,
          786.1976318359375
        ],
        [
          1163.2151489257812,
          854.1976318359375
        ]
      ],
      "rotate": 0,
      "semantic": {
        "element": "机柜",
        "links": []
      },
      "ext": {
        "文字识别结果": [
          "2"
        ],
        "门朝向": "down",
        "表格匹配结果": [
          "2",
          "5GRRU射频单元",
          "RRU5916",
          "452*352*140",
          "台",
          "28",
          "710W",
          "重量不含外壳"
        ]
      }
    },
    {
      "id": 51,
      "type": "box",
      "shape": "rect",
      "coord": [
        [
          1163.2151489257812,
          718.1976318359375
        ],
        [
          1297.2151489257812,
          854.1976318359375
        ]
      ],
      "rotate": 0,
      "semantic": {
        "element": "机柜",
        "links": []
      },
      "ext": {
        "文字识别结果": [
          "4"
        ],
        "门朝向": "down",
        "表格匹配结果": [
          "4",
          "空开",
          "",
          "个",
          "",
          ""
        ]
      }
    },
    {
      "id": 52,
      "type": "box",
      "shape": "rect",
      "coord": [
        [
          1348.2151489257812,
          754.1976318359375
        ],
        [
          1483.2151489257812,
          854.1976318359375
        ]
      ],
      "rotate": 0,
      "semantic": {
        "element": "机柜",
        "links": []
      },
      "ext": {
        "文字识别结果": [
          ""
        ],
        "门朝向": "down"
      }
    },
    {
      "id": 53,
      "type": "box",
      "shape": "rect",
      "coord": [
        [
          1357.2151489257812,
          1032.1976318359375
        ],
        [
          1491.2151489257812,
          1170.1976318359375
        ]
      ],
      "rotate": 0,
      "semantic": {
        "element": "机柜",
        "links": []
      },
      "ext": {
        "文字识别结果": [
          "2"
        ],
        "门朝向": "down",
        "表格匹配结果": [
          "2",
          "5GRRU射频单元",
          "RRU5916",
          "452*352*140",
          "台",
          "28",
          "710W",
          "重量不含外壳"
        ]
      }
    },
    {
      "id": 54,
      "type": "box",
      "shape": "rect",
      "coord": [
        [
          1773.2151489257812,
          648.1976318359375
        ],
        [
          1805.2151489257812,
          758.1976318359375
        ]
      ],
      "rotate": 0,
      "semantic": {
        "element": "机柜",
        "links": []
      },
      "ext": {
        "文字识别结果": [
          ""
        ],
        "门朝向": "left"
      }
    },
    {
      "id": 55,
      "type": "box",
      "shape": "rect",
      "coord": [
        [
          634.2151489257812,
          952.1976318359375
        ],
        [
          651.2151489257812,
          1062.1976318359375
        ]
      ],
      "rotate": 0,
      "semantic": {
        "element": "普通设备",
        "links": []
      },
      "ext": {
        "文字识别结果": [
          ""
        ]
      }
    },
    {
      "id": 56,
      "type": "box",
      "shape": "rect",
      "coord": [
        [
          635.2151489257812,
          1150.1976318359375
        ],
        [
          655.2151489257812,
          1210.1976318359375
        ]
      ],
      "rotate": 0,
      "semantic": {
        "element": "普通设备",
        "links": []
      },
      "ext": {
        "文字识别结果": [
          ""
        ]
      }
    },
    {
      "id": 57,
      "type": "box",
      "shape": "rect",
      "coord": [
        [
          651.2151489257812,
          952.1976318359375
        ],
        [
          663.2151489257812,
          1064.1976318359375
        ]
      ],
      "rotate": 0,
      "semantic": {
        "element": "普通设备",
        "links": []
      },
      "ext": {
        "文字识别结果": [
          ""
        ]
      }
    },
    {
      "id": 58,
      "type": "box",
      "shape": "rect",
      "coord": [
        [
          757.2151489257812,
          508.1976318359375
        ],
        [
          892.2151489257812,
          576.1976318359375
        ]
      ],
      "rotate": 0,
      "semantic": {
        "element": "普通设备",
        "links": []
      },
      "ext": {
        "文字识别结果": [
          ""
        ]
      }
    },
    {
      "id": 59,
      "type": "box",
      "shape": "rect",
      "coord": [
        [
          925.2151489257812,
          766.1976318359375
        ],
        [
          983.2151489257812,
          806.1976318359375
        ]
      ],
      "rotate": 0,
      "semantic": {
        "element": "普通设备",
        "links": []
      },
      "ext": {
        "文字识别结果": [
          ""
        ]
      }
    },
    {
      "id": 60,
      "type": "box",
      "shape": "rect",
      "coord": [
        [
          889.2151489257812,
          842.1976318359375
        ],
        [
          1027.2151489257812,
          854.1976318359375
        ]
      ],
      "rotate": 0,
      "semantic": {
        "element": "普通设备",
        "links": []
      },
      "ext": {
        "文字识别结果": [
          ""
        ]
      }
    },
    {
      "id": 61,
      "type": "box",
      "shape": "rect",
      "coord": [
        [
          1281.2151489257812,
          508.1976318359375
        ],
        [
          1297.2151489257812,
          572.1976318359375
        ]
      ],
      "rotate": 0,
      "semantic": {
        "element": "普通设备",
        "links": []
      },
      "ext": {
        "文字识别结果": [
          ""
        ]
      }
    },
    {
      "id": 62,
      "type": "box",
      "shape": "rect",
      "coord": [
        [
          1221.2151489257812,
          1158.1976318359375
        ],
        [
          1356.2151489257812,
          1170.1976318359375
        ]
      ],
      "rotate": 0,
      "semantic": {
        "element": "普通设备",
        "links": []
      },
      "ext": {
        "文字识别结果": [
          ""
        ]
      }
    },
    {
      "id": 63,
      "type": "box",
      "shape": "rect",
      "coord": [
        [
          1495.2151489257812,
          576.1976318359375
        ],
        [
          1629.2151489257812,
          588.1976318359375
        ]
      ],
      "rotate": 0,
      "semantic": {
        "element": "普通设备",
        "links": []
      },
      "ext": {
        "文字识别结果": [
          ""
        ]
      }
    },
    {
      "id": 64,
      "type": "box",
      "shape": "rect",
      "coord": [
        [
          1761.2151489257812,
          862.1976318359375
        ],
        [
          1772.2151489257812,
          972.1976318359375
        ]
      ],
      "rotate": 0,
      "semantic": {
        "element": "普通设备",
        "links": []
      },
      "ext": {
        "文字识别结果": [
          ""
        ]
      }
    },
    {
      "id": 65,
      "type": "box",
      "shape": "rect",
      "coord": [
        [
          1761.2151489257812,
          1214.1976318359375
        ],
        [
          1772.2151489257812,
          1314.1976318359375
        ]
      ],
      "rotate": 0,
      "semantic": {
        "element": "普通设备",
        "links": []
      },
      "ext": {
        "文字识别结果": [
          ""
        ]
      }
    },
    {
      "id": 66,
      "type": "box",
      "shape": "rect",
      "coord": [
        [
          1772.2151489257812,
          1080.1976318359375
        ],
        [
          1783.2151489257812,
          1206.1976318359375
        ]
      ],
      "rotate": 0,
      "semantic": {
        "element": "普通设备",
        "links": []
      },
      "ext": {
        "文字识别结果": [
          ""
        ]
      }
    },
    {
      "id": 67,
      "type": "box",
      "shape": "rect",
      "coord": [
        [
          1789.2151489257812,
          862.1976318359375
        ],
        [
          1804.2151489257812,
          928.1976318359375
        ]
      ],
      "rotate": 0,
      "semantic": {
        "element": "普通设备",
        "links": []
      },
      "ext": {
        "文字识别结果": [
          ""
        ]
      }
    },
    {
      "id": 68,
      "type": "box",
      "shape": "rect",
      "coord": [
        [
          1785.2151489257812,
          972.1976318359375
        ],
        [
          1805.2151489257812,
          1078.1976318359375
        ]
      ],
      "rotate": 0,
      "semantic": {
        "element": "普通设备",
        "links": []
      },
      "ext": {
        "文字识别结果": [
          ""
        ]
      }
    },
    {
      "id": 69,
      "type": "box",
      "shape": "rect",
      "coord": [
        [
          1785.2151489257812,
          1076.1976318359375
        ],
        [
          1805.2151489257812,
          1210.1976318359375
        ]
      ],
      "rotate": 0,
      "semantic": {
        "element": "普通设备",
        "links": []
      },
      "ext": {
        "文字识别结果": [
          ""
        ]
      }
    },
    {
      "id": 71,
      "type": "other",
      "shape": "rect",
      "coord": [
        [
          1888.1516723632812,
          591.3790283203125
        ],
        [
          2033.6775512695312,
          707.0140991210938
        ]
      ],
      "rotate": 0,
      "semantic": {
        "element": "带指向性文字",
        "links": []
      },
      "ext": {
        "文字识别结果": [
          "电信设备",
          "ODF盒"
        ]
      }
    },
    {
      "id": 72,
      "type": "other",
      "shape": "rect",
      "coord": [
        [
          1337.1904296875,
          610.8787841796875
        ],
        [
          1586.1051635742188,
          664.6273803710938
        ]
      ],
      "rotate": 0,
      "semantic": {
        "element": "带指向性文字",
        "links": []
      },
      "ext": {
        "文字识别结果": [
          "原有交转直模块"
        ]
      }
    },
    {
      "id": 73,
      "type": "other",
      "shape": "rect",
      "coord": [
        [
          1893.0746459960938,
          990.2841796875
        ],
        [
          2034.2156372070312,
          1053.9442138671875
        ]
      ],
      "rotate": 0,
      "semantic": {
        "element": "带指向性文字",
        "links": []
      },
      "ext": {
        "文字识别结果": [
          "电信设备"
        ]
      }
    },
    {
      "id": 74,
      "type": "other",
      "shape": "rect",
      "coord": [
        [
          1886.4321899414062,
          1128.275146484375
        ],
        [
          2032.2727661132812,
          1190.6759033203125
        ]
      ],
      "rotate": 0,
      "semantic": {
        "element": "带指向性文字",
        "links": []
      },
      "ext": {
        "文字识别结果": [
          "电信设备"
        ]
      }
    },
    {
      "id": 75,
      "type": "other",
      "shape": "rect",
      "coord": [
        [
          962.1608276367188,
          837.6204833984375
        ],
        [
          1640.4140014648438,
          1116.1126708984375
        ]
      ],
      "rotate": 0,
      "semantic": {
        "element": "带指向性文字",
        "links": []
      },
      "ext": {
        "文字识别结果": [
          "14",
          "新增一台华为5G",
          "BBU3910",
          "利旧DCPD10",
          "1390",
          "利旧综合机柜安装",
          "新增BBU挡风板",
          "1*"
        ]
      }
    },
    {
      "id": 76,
      "type": "other",
      "shape": "rect",
      "coord": [
        [
          1887.5466918945312,
          591.0717163085938
        ],
        [
          2034.4010620117188,
          708.932861328125
        ]
      ],
      "rotate": 0,
      "semantic": {
        "element": "带指向性文字",
        "links": []
      },
      "ext": {
        "文字识别结果": [
          "电信设备",
          "ODF盒"
        ]
      }
    },
    {
      "id": 77,
      "type": "other",
      "shape": "rect",
      "coord": [
        [
          1341.2066040039062,
          611.0967407226562
        ],
        [
          1589.3320922851562,
          665.4590454101562
        ]
      ],
      "rotate": 0,
      "semantic": {
        "element": "带指向性文字",
        "links": []
      },
      "ext": {
        "文字识别结果": [
          "原有交转直模块"
        ]
      }
    },
    {
      "id": 78,
      "type": "other",
      "shape": "rect",
      "coord": [
        [
          1893.6786499023438,
          991.5386962890625
        ],
        [
          2034.7351684570312,
          1056.6300048828125
        ]
      ],
      "rotate": 0,
      "semantic": {
        "element": "带指向性文字",
        "links": []
      },
      "ext": {
        "文字识别结果": [
          "电信设备"
        ]
      }
    },
    {
      "id": 79,
      "type": "other",
      "shape": "rect",
      "coord": [
        [
          1888.6719360351562,
          1129.627685546875
        ],
        [
          2030.7394409179688,
          1194.1614990234375
        ]
      ],
      "rotate": 0,
      "semantic": {
        "element": "带指向性文字",
        "links": []
      },
      "ext": {
        "文字识别结果": [
          "电信设备"
        ]
      }
    },
    {
      "id": 80,
      "type": "other",
      "shape": "rect",
      "coord": [
        [
          973.8401489257812,
          845.7808837890625
        ],
        [
          1603.8793334960938,
          1117.0494384765625
        ]
      ],
      "rotate": 0,
      "semantic": {
        "element": "带指向性文字",
        "links": []
      },
      "ext": {
        "文字识别结果": [
          "2",
          "新增一台华为5G",
          "BBU391①",
          "利旧DCPD10",
          "1390",
          "利旧综合机柜安装",
          "新增BBU挡风板",
          "√*"
        ]
      }
    },
    {
      "id": 81,
      "type": "other",
      "shape": "rect",
      "coord": [
        [
          1104.10009765625,
          1347.6728515625
        ],
        [
          1300.432861328125,
          1415.748779296875
        ]
      ],
      "rotate": 0,
      "semantic": {
        "element": "门",
        "links": []
      },
      "ext": {}
    },
    {
      "id": 82,
      "type": "other",
      "shape": "rect",
      "coord": [
        [
          3443.22216796875,
          133.4007568359375
        ],
        [
          3530.90966796875,
          188.59228515625
        ]
      ],
      "rotate": 0,
      "semantic": {
        "element": "图例小图",
        "links": [
          {
            "pair_id": 93,
            "label": "图例文字",
            "distance": 143.49755859375
          }
        ]
      },
      "ext": {
        "图例归类": "预留设备"
      }
    },
    {
      "id": 83,
      "type": "other",
      "shape": "rect",
      "coord": [
        [
          2808.3154296875,
          127.8306884765625
        ],
        [
          2892.825439453125,
          191.8837890625
        ]
      ],
      "rotate": 0,
      "semantic": {
        "element": "图例小图",
        "links": [
          {
            "pair_id": 92,
            "label": "图例文字",
            "distance": 136.9930419921875
          }
        ]
      },
      "ext": {
        "图例归类": "新增设备"
      }
    },
    {
      "id": 84,
      "type": "other",
      "shape": "rect",
      "coord": [
        [
          3141.776611328125,
          133.8177490234375
        ],
        [
          3224.53076171875,
          186.35302734375
        ]
      ],
      "rotate": 0,
      "semantic": {
        "element": "图例小图",
        "links": [
          {
            "pair_id": 94,
            "label": "图例文字",
            "distance": 110.9097900390625
          }
        ]
      },
      "ext": {
        "图例归类": "原有设备"
      }
    },
    {
      "id": 85,
      "type": "other",
      "shape": "rect",
      "coord": [
        [
          3805.418701171875,
          132.6273193359375
        ],
        [
          3890.115966796875,
          185.2523193359375
        ]
      ],
      "rotate": 0,
      "semantic": {
        "element": "图例小图",
        "links": [
          {
            "pair_id": 95,
            "label": "图例文字",
            "distance": 135.796142578125
          }
        ]
      },
      "ext": {
        "图例归类": "拆除设备"
      }
    },
    {
      "id": 86,
      "type": "other",
      "shape": "rect",
      "coord": [
        [
          1022.3427124023438,
          1490.82177734375
        ],
        [
          1398.7896728515625,
          1686.603271484375
        ]
      ],
      "rotate": 0,
      "semantic": {
        "element": "机房标题",
        "links": []
      },
      "ext": {
        "文字识别结果": [
          "阳江合山合广1层"
        ]
      }
    },
    {
      "id": 87,
      "type": "table",
      "shape": "rect",
      "coord": [
        [
          2463.62353515625,
          270.838134765625
        ],
        [
          3917.4306640625,
          1427.476318359375
        ]
      ],
      "rotate": 0,
      "semantic": {
        "element": "物料表",
        "links": []
      },
      "ext": {
        "表格识别结果": [
          [
            "",
            "设备名称",
            "设备型号",
            "单位",
            "数量",
            "分类",
            "备注"
          ],
          [
            "1",
            "GSM900设备",
            "",
            "",
            "",
            "原有",
            ""
          ],
          [
            "",
            "DCS1800设备",
            "",
            "",
            "",
            "原有",
            ""
          ],
          [
            "1*",
            "WCDMA设备",
            "",
            "",
            "",
            "原有",
            ""
          ],
          [
            "2",
            "传输综合柜",
            "",
            "",
            "",
            "原有",
            "具体以传输专业图纸为准"
          ],
          [
            "2",
            "集成型传输设备",
            "",
            "",
            "",
            "无",
            "具体以传输专业图纸为准"
          ],
          [
            "3",
            "DDF盒",
            "",
            "个",
            "",
            "原有",
            "具体以传输专业图纸为准"
          ],
          [
            "3",
            "OF盒",
            "",
            "个",
            "",
            "原有",
            "具体以传输专业图纸为准"
          ],
          [
            "4",
            "开关电源",
            "",
            "",
            "",
            "利旧",
            ""
          ],
          [
            "5",
            "蓄电池组",
            "双登GFM-500",
            "组",
            "",
            "原有",
            "立式2层2列"
          ],
          [
            "6",
            "交流配电箱（AC）",
            "SACSB-I",
            "个",
            "",
            "原有",
            "下沿距地1100mm"
          ],
          [
            "7",
            "柜式空调",
            "",
            "台",
            "",
            "原有",
            ""
          ],
          [
            "7",
            "空调室外机",
            "",
            "台",
            "",
            "原有",
            ""
          ],
          [
            "8",
            "环境控制箱",
            "",
            "个",
            "",
            "原有",
            ""
          ],
          [
            "",
            "OF架",
            "",
            "个",
            "",
            "原有",
            ""
          ],
          [
            "10",
            "综合柜",
            "2200*600*600",
            "",
            "",
            "原有",
            ""
          ]
        ]
      }
    },
    {
      "id": 88,
      "type": "table",
      "shape": "rect",
      "coord": [
        [
          2388.84130859375,
          1476.041259765625
        ],
        [
          3933.465576171875,
          1933.738037109375
        ]
      ],
      "rotate": 0,
      "semantic": {
        "element": "物料表",
        "links": []
      },
      "ext": {
        "表格识别结果": [
          [
            "序号",
            "设备名称",
            "设备型号",
            "单位",
            "数量",
            "备"
          ],
          [
            "1",
            "5G BBU（NR)",
            "华为3910",
            "台",
            "1",
            "挂墙安装"
          ],
          [
            "",
            "5G DCDU",
            "DCPD10",
            "台",
            "",
            "利传输机柜安装"
          ],
          [
            "3",
            "交流配电箱",
            "",
            "个",
            "",
            ""
          ],
          [
            "4",
            "空开",
            "",
            "个",
            "",
            ""
          ],
          [
            "5",
            "地线排",
            "",
            "块",
            "",
            ""
          ],
          [
            "6",
            "交转直模块",
            "",
            "块",
            "",
            "室内挂墙安装"
          ]
        ]
      }
    },
    {
      "id": 89,
      "type": "table",
      "shape": "rect",
      "coord": [
        [
          2353.31884765625,
          1958.031494140625
        ],
        [
          4070.130615234375,
          2457.587890625
        ]
      ],
      "rotate": 0,
      "semantic": {
        "element": "物料表",
        "links": []
      },
      "ext": {
        "表格识别结果": [
          [
            "序号",
            "设备名称",
            "规格型号",
            "典型设备尽寸",
            "单位",
            "重量（kg)",
            "典型/最大",
            "备注"
          ],
          [
            "1",
            "5GBBU基带单元",
            "BU3910",
            "86*442*310",
            "台",
            "",
            "1000W",
            ""
          ],
          [
            "2",
            "5GRRU射频单元",
            "RRU5916",
            "452*352*140",
            "台",
            "28",
            "710W",
            "重量不含外壳"
          ],
          [
            "3",
            "直流配电单元",
            "DCPD10",
            "42*442*65",
            "台",
            "1.95",
            "",
            "输出10路30A"
          ]
        ]
      }
    },
    {
      "id": 90,
      "type": "table",
      "shape": "rect",
      "coord": [
        [
          2070.77294921875,
          2492.884765625
        ],
        [
          4123.9541015625,
          2872.673828125
        ]
      ],
      "rotate": 0,
      "semantic": {
        "element": "标题栏",
        "links": []
      },
      "ext": {
        "表格识别结果": [
          [
            "",
            "",
            "审核人",
            "",
            "中讯邮电咨询设计院有限公司",
            ""
          ],
          [
            "处主管",
            "",
            "制图人",
            "林文校",
            "",
            ""
          ],
          [
            "",
            "",
            "",
            "",
            "2021年中国联通东阳江5G基站2C覆盖二期-阳江程",
            ""
          ],
          [
            "设计总负责人",
            "",
            "单位",
            "mm",
            "",
            ""
          ],
          [
            "单项负责人",
            "陈",
            "比",
            "1:100",
            "",
            ""
          ],
          [
            "设计人",
            "陈",
            "期",
            "2021-07",
            "图",
            "2021SJ0"
          ]
        ]
      }
    },
    {
      "id": 91,
      "type": "other",
      "shape": "rect",
      "coord": [
        [
          2685.0634765625,
          73.1761474609375
        ],
        [
          4146.94921875,
          249.944091796875
        ]
      ],
      "rotate": 0,
      "semantic": {
        "element": "图例",
        "links": []
      },
      "ext": {}
    },
    {
      "id": 92,
      "type": "other",
      "shape": "rect",
      "coord": [
        [
          2905.0634765625,
          139.1761474609375
        ],
        [
          3070.0634765625,
          180.1761474609375
        ]
      ],
      "rotate": 0,
      "semantic": {
        "element": "图例文字",
        "links": []
      },
      "ext": {
        "文字识别结果": [
          "本期新增设备"
        ],
        "图例归类": "新增设备"
      }
    },
    {
      "id": 93,
      "type": "other",
      "shape": "rect",
      "coord": [
        [
          3546.0634765625,
          144.1761474609375
        ],
        [
          3715.0634765625,
          194.1761474609375
        ]
      ],
      "rotate": 0,
      "semantic": {
        "element": "图例文字",
        "links": []
      },
      "ext": {
        "文字识别结果": [
          "预留设备位置"
        ],
        "图例归类": "预留设备"
      }
    },
    {
      "id": 94,
      "type": "other",
      "shape": "rect",
      "coord": [
        [
          3238.0634765625,
          147.1761474609375
        ],
        [
          3350.0634765625,
          191.1761474609375
        ]
      ],
      "rotate": 0,
      "semantic": {
        "element": "图例文字",
        "links": []
      },
      "ext": {
        "文字识别结果": [
          "原有设备"
        ],
        "图例归类": "原有设备"
      }
    },
    {
      "id": 95,
      "type": "other",
      "shape": "rect",
      "coord": [
        [
          3899.0634765625,
          150.1761474609375
        ],
        [
          4068.0634765625,
          191.1761474609375
        ]
      ],
      "rotate": 0,
      "semantic": {
        "element": "图例文字",
        "links": []
      },
      "ext": {
        "文字识别结果": [
          "本期拆除设备"
        ],
        "图例归类": "拆除设备"
      }
    },
    {
      "id": 96,
      "type": "other",
      "shape": "rect",
      "coord": [
        [
          2073.876220703125,
          769.1336669921875
        ],
        [
          2279.6875,
          1121.66357421875
        ]
      ],
      "rotate": 0,
      "semantic": {
        "element": "建北磁北(夹角)",
        "links": []
      },
      "ext": {
        "文字识别结果": [
          "30°",
          "N"
        ],
        "文字位置": [
          [
            [
              2100.876220703125,
              1004.1336669921875
            ],
            [
              2183.876220703125,
              1026.1336669921875
            ]
          ],
          [
            [
              2214.876220703125,
              1057.1336669921875
            ],
            [
              2278.876220703125,
              1125.1336669921875
            ]
          ]
        ],
        "顶点位置": [
          [
            2087.4034934303977,
            777.9101375804228
          ],
          [
            2209.92470555161,
            1017.0317062078738
          ],
          [
            2080.955008581913,
            1088.1219022863052
          ]
        ]
      }
    },
    {
      "id": 97,
      "type": "other",
      "shape": "rect",
      "coord": [
        [
          166.6061553955078,
          1863.676513671875
        ],
        [
          2060.462158203125,
          2716.492431640625
        ]
      ],
      "rotate": 0,
      "semantic": {
        "element": "说明文字",
        "links": []
      },
      "ext": {
        "文字识别结果": [
          "说明：",
          "1.本站为NR共站新增站点”阳江合山邮政”采用BBU集中放置方式.",
          "上联至”阳江合山合广”基站,利旧原有租赁机房，位于地面，高3300MM，满足通信机房建设相关强制性规范",
          "NR使用华为分布式设备，系统频段2100M,配置4TR,配置为S111（高),传输配置GE(100M）；",
          "新建1台NR BBU3910利旧综合机柜安装：",
          "2．施工时机柜预留尺寸为参考尺寸，以实际订货尺寸为准；机柜安装应符合相关的规范要求；",
          "3．本期使用220V市电/48V直流接入电，站点机房无线主设备总功耗峰值约需4KW;",
          "4．基站地址（局端)：阳江市阳东县合山镇合广路100号，经纬度：E112.12281,N21.96639；站址归属于铁塔，",
          "基站地址（远端）:阳江市阳东区合山镇邮政局.经纬度;E112.125116°,N21.966480°,站址归属于铁塔",
          "5.后备电情况说明：（站点处于厂区，需物业反馈电源情况是否稳定，待动力评审后再考虑配置后备电池）",
          "备注：一台BBU功耗峰值约1000W,一台5G RRU功耗峰值约710W;",
          "注：接电方案需要设计院支联通运维&网建三方评审后方能决定本次图纸接申付作参考"
        ]
      }
    }
  ]
}