{
  "info": {
    "像素面积": {
      "全部面积": 513808.0,
      "设备面积": 133473.0,
      "剩余面积": 380335.0
    },
    "图纸信息": {
      "类型": "机房",
      "名称": "34.png"
    }
  },
  "obj": [
    {
      "id": 1,
      "type": "outline",
      "shape": "polyline",
      "coord": [
        [
          259.36534118652344,
          155.35000610351562
        ],
        [
          399.36534118652344,
          155.35000610351562
        ],
        [
          259.36534118652344,
          689.3500061035156
        ],
        [
          497.36534118652344,
          689.3500061035156
        ],
        [
          465.36534118652344,
          155.35000610351562
        ],
        [
          497.36534118652344,
          155.35000610351562
        ],
        [
          497.36534118652344,
          689.3500061035156
        ],
        [
          275.36534118652344,
          671.3500061035156
        ],
        [
          481.36534118652344,
          671.3500061035156
        ],
        [
          259.36534118652344,
          155.35000610351562
        ],
        [
          259.36534118652344,
          689.3500061035156
        ],
        [
          481.36534118652344,
          155.35000610351562
        ],
        [
          481.36534118652344,
          671.3500061035156
        ],
        [
          275.36534118652344,
          175.35000610351562
        ],
        [
          275.36534118652344,
          671.3500061035156
        ],
        [
          461.36534118652344,
          155.35000610351562
        ],
        [
          461.36534118652344,
          259.3500061035156
        ]
      ],
      "rotate": 0,
      "semantic": {
        "element": "墙轮廓",
        "path": [
          "0, 1",
          "2, 3",
          "4, 5, 6",
          "7, 8",
          "9, 10",
          "11, 12",
          "13, 14",
          "15, 16"
        ],
        "links": []
      },
      "ext": {}
    },
    {
      "id": 2,
      "type": "outline",
      "shape": "polyline",
      "coord": [
        [
          944.8817138671875,
          152.08883666992188
        ],
        [
          1068.8817138671875,
          156.08883666992188
        ],
        [
          1086.8817138671875,
          156.08883666992188
        ],
        [
          1086.8817138671875,
          176.08883666992188
        ],
        [
          944.8817138671875,
          690.0888366699219
        ],
        [
          1186.8817138671875,
          690.0888366699219
        ],
        [
          964.8817138671875,
          176.08883666992188
        ],
        [
          1086.8817138671875,
          176.08883666992188
        ],
        [
          1024.8817138671875,
          462.0888366699219
        ],
        [
          1068.8817138671875,
          462.0888366699219
        ],
        [
          1124.8817138671875,
          350.0888366699219
        ],
        [
          1158.8817138671875,
          350.0888366699219
        ],
        [
          1154.8817138671875,
          156.08883666992188
        ],
        [
          1186.8817138671875,
          156.08883666992188
        ],
        [
          1186.8817138671875,
          690.0888366699219
        ],
        [
          960.8817138671875,
          672.0888366699219
        ],
        [
          1166.8817138671875,
          672.0888366699219
        ],
        [
          944.8817138671875,
          156.08883666992188
        ],
        [
          944.8817138671875,
          690.0888366699219
        ],
        [
          1166.8817138671875,
          156.08883666992188
        ],
        [
          1166.8817138671875,
          672.0888366699219
        ],
        [
          960.8817138671875,
          176.08883666992188
        ],
        [
          964.8817138671875,
          672.0888366699219
        ],
        [
          1024.8817138671875,
          334.0888366699219
        ],
        [
          1024.8817138671875,
          462.0888366699219
        ],
        [
          1068.8817138671875,
          152.08883666992188
        ],
        [
          1068.8817138671875,
          462.0888366699219
        ],
        [
          1124.8817138671875,
          350.0888366699219
        ],
        [
          1124.8817138671875,
          580.0888366699219
        ]
      ],
      "rotate": 0,
      "semantic": {
        "element": "墙轮廓",
        "path": [
          "0, 1, 2, 3",
          "4, 5",
          "6, 7",
          "8, 9",
          "10, 11",
          "12, 13, 14",
          "15, 16",
          "17, 18",
          "19, 20",
          "21, 22",
          "23, 24",
          "25, 26",
          "27, 28"
        ],
        "links": []
      },
      "ext": {}
    },
    {
      "id": 3,
      "type": "outline",
      "shape": "polyline",
      "coord": [
        [
          257.36534118652344,
          687.3500061035156
        ],
        [
          499.36534118652344,
          691.3500061035156
        ],
        [
          261.36534118652344,
          157.35000610351562
        ],
        [
          399.36534118652344,
          157.35000610351562
        ],
        [
          438.36534118652344,
          351.3500061035156
        ],
        [
          475.36534118652344,
          351.3500061035156
        ],
        [
          475.36534118652344,
          673.3500061035156
        ],
        [
          467.36534118652344,
          157.35000610351562
        ],
        [
          499.36534118652344,
          157.35000610351562
        ],
        [
          499.36534118652344,
          687.3500061035156
        ],
        [
          277.36534118652344,
          673.3500061035156
        ],
        [
          479.36534118652344,
          673.3500061035156
        ],
        [
          257.36534118652344,
          157.35000610351562
        ],
        [
          261.36534118652344,
          691.3500061035156
        ],
        [
          277.36534118652344,
          173.35000610351562
        ],
        [
          277.36534118652344,
          673.3500061035156
        ],
        [
          439.36534118652344,
          351.3500061035156
        ],
        [
          438.36534118652344,
          529.3500061035156
        ]
      ],
      "rotate": 0,
      "semantic": {
        "element": "墙轮廓",
        "path": [
          "0, 1",
          "2, 3",
          "4, 5, 6",
          "7, 8, 9",
          "10, 11",
          "12, 13",
          "14, 15",
          "16, 17"
        ],
        "links": []
      },
      "ext": {}
    },
    {
      "id": 4,
      "type": "outline",
      "shape": "polyline",
      "coord": [
        [
          942.8817138671875,
          158.08883666992188
        ],
        [
          1084.8817138671875,
          158.08883666992188
        ],
        [
          946.8817138671875,
          688.0888366699219
        ],
        [
          1184.8817138671875,
          688.0888366699219
        ],
        [
          1026.8817138671875,
          530.0888366699219
        ],
        [
          1160.8817138671875,
          526.0888366699219
        ],
        [
          1152.8817138671875,
          154.08883666992188
        ],
        [
          1184.8817138671875,
          154.08883666992188
        ],
        [
          946.8817138671875,
          158.08883666992188
        ],
        [
          942.8817138671875,
          688.0888366699219
        ],
        [
          1184.8817138671875,
          158.08883666992188
        ],
        [
          1184.8817138671875,
          688.0888366699219
        ],
        [
          1163.8817138671875,
          530.0888366699219
        ],
        [
          1163.8817138671875,
          670.0888366699219
        ]
      ],
      "rotate": 0,
      "semantic": {
        "element": "墙轮廓",
        "path": [
          "0, 1",
          "2, 3",
          "4, 5",
          "6, 7",
          "8, 9",
          "10, 11",
          "12, 13"
        ],
        "links": []
      },
      "ext": {}
    },
    {
      "id": 4,
      "type": "polyline",
      "shape": "polyline",
      "coord": [
        [
          383.36534118652344,
          175.35000610351562
        ],
        [
          383.36534118652344,
          226.35000610351562
        ]
      ],
      "rotate": 0,
      "semantic": {
        "element": "标尺",
        "links": []
      },
      "ext": {
        "文字识别结果": [
          ""
        ]
      }
    },
    {
      "id": 5,
      "type": "polyline",
      "shape": "polyline",
      "coord": [
        [
          533.3653411865234,
          175.35000610351562
        ],
        [
          533.3653411865234,
          671.3500061035156
        ]
      ],
      "rotate": 0,
      "semantic": {
        "element": "标尺",
        "links": []
      },
      "ext": {
        "文字识别结果": [
          "800"
        ]
      }
    },
    {
      "id": 6,
      "type": "polyline",
      "shape": "polyline",
      "coord": [
        [
          335.36534118652344,
          515.3500061035156
        ],
        [
          335.36534118652344,
          527.3500061035156
        ]
      ],
      "rotate": 0,
      "semantic": {
        "element": "标尺",
        "links": []
      },
      "ext": {
        "文字识别结果": [
          ""
        ]
      }
    },
    {
      "id": 7,
      "type": "polyline",
      "shape": "polyline",
      "coord": [
        [
          383.36534118652344,
          226.35000610351562
        ],
        [
          383.36534118652344,
          497.3500061035156
        ]
      ],
      "rotate": 0,
      "semantic": {
        "element": "标尺",
        "links": []
      },
      "ext": {
        "文字识别结果": [
          ""
        ]
      }
    },
    {
      "id": 8,
      "type": "polyline",
      "shape": "polyline",
      "coord": [
        [
          465.36534118652344,
          151.35000610351562
        ],
        [
          465.36534118652344,
          174.35000610351562
        ]
      ],
      "rotate": 0,
      "semantic": {
        "element": "标尺",
        "links": []
      },
      "ext": {
        "文字识别结果": [
          ""
        ]
      }
    },
    {
      "id": 9,
      "type": "polyline",
      "shape": "polyline",
      "coord": [
        [
          275.36534118652344,
          711.3500061035156
        ],
        [
          481.36534118652344,
          711.3500061035156
        ]
      ],
      "rotate": 0,
      "semantic": {
        "element": "标尺",
        "links": []
      },
      "ext": {
        "文字识别结果": [
          "2800"
        ]
      }
    },
    {
      "id": 10,
      "type": "polyline",
      "shape": "polyline",
      "coord": [
        [
          465.36534118652344,
          151.35000610351562
        ],
        [
          480.36534118652344,
          151.35000610351562
        ]
      ],
      "rotate": 0,
      "semantic": {
        "element": "标尺",
        "links": []
      },
      "ext": {
        "文字识别结果": [
          "900"
        ]
      }
    },
    {
      "id": 11,
      "type": "polyline",
      "shape": "polyline",
      "coord": [
        [
          382.36534118652344,
          227.35000610351562
        ],
        [
          481.36534118652344,
          227.35000610351562
        ]
      ],
      "rotate": 0,
      "semantic": {
        "element": "标尺",
        "links": []
      },
      "ext": {
        "文字识别结果": [
          ""
        ]
      }
    },
    {
      "id": 12,
      "type": "box",
      "shape": "rect",
      "coord": [
        [
          275.36534118652344,
          671.3500061035156
        ],
        [
          355.36534118652344,
          687.3500061035156
        ]
      ],
      "rotate": 0,
      "semantic": {
        "element": "机柜",
        "links": []
      },
      "ext": {
        "文字识别结果": [
          ""
        ],
        "门朝向": "right"
      }
    },
    {
      "id": 13,
      "type": "box",
      "shape": "rect",
      "coord": [
        [
          481.36534118652344,
          155.35000610351562
        ],
        [
          497.36534118652344,
          687.3500061035156
        ]
      ],
      "rotate": 0,
      "semantic": {
        "element": "机柜",
        "links": []
      },
      "ext": {
        "文字识别结果": [
          ""
        ],
        "门朝向": "up-down"
      }
    },
    {
      "id": 14,
      "type": "box",
      "shape": "rect",
      "coord": [
        [
          274.36534118652344,
          449.3500061035156
        ],
        [
          283.36534118652344,
          535.3500061035156
        ]
      ],
      "rotate": 0,
      "semantic": {
        "element": "普通设备",
        "links": []
      },
      "ext": {
        "文字识别结果": [
          ""
        ]
      }
    },
    {
      "id": 15,
      "type": "box",
      "shape": "rect",
      "coord": [
        [
          275.36534118652344,
          267.3500061035156
        ],
        [
          299.36534118652344,
          309.3500061035156
        ]
      ],
      "rotate": 0,
      "semantic": {
        "element": "普通设备",
        "links": []
      },
      "ext": {
        "文字识别结果": [
          ""
        ]
      }
    },
    {
      "id": 16,
      "type": "box",
      "shape": "rect",
      "coord": [
        [
          283.36534118652344,
          535.3500061035156
        ],
        [
          299.36534118652344,
          571.3500061035156
        ]
      ],
      "rotate": 0,
      "semantic": {
        "element": "普通设备",
        "links": []
      },
      "ext": {
        "文字识别结果": [
          ""
        ]
      }
    },
    {
      "id": 17,
      "type": "box",
      "shape": "rect",
      "coord": [
        [
          290.36534118652344,
          587.3500061035156
        ],
        [
          319.36534118652344,
          615.3500061035156
        ]
      ],
      "rotate": 0,
      "semantic": {
        "element": "普通设备",
        "links": []
      },
      "ext": {
        "文字识别结果": [
          "3"
        ]
      }
    },
    {
      "id": 18,
      "type": "box",
      "shape": "rect",
      "coord": [
        [
          339.36534118652344,
          421.3500061035156
        ],
        [
          363.36534118652344,
          465.3500061035156
        ]
      ],
      "rotate": 0,
      "semantic": {
        "element": "普通设备",
        "links": []
      },
      "ext": {
        "文字识别结果": [
          ""
        ]
      }
    },
    {
      "id": 19,
      "type": "box",
      "shape": "rect",
      "coord": [
        [
          323.36534118652344,
          175.35000610351562
        ],
        [
          367.36534118652344,
          195.35000610351562
        ]
      ],
      "rotate": 0,
      "semantic": {
        "element": "普通设备",
        "links": []
      },
      "ext": {
        "文字识别结果": [
          "流箱"
        ]
      }
    },
    {
      "id": 20,
      "type": "box",
      "shape": "rect",
      "coord": [
        [
          339.36534118652344,
          227.35000610351562
        ],
        [
          379.36534118652344,
          267.3500061035156
        ]
      ],
      "rotate": 0,
      "semantic": {
        "element": "普通设备",
        "links": []
      },
      "ext": {
        "文字识别结果": [
          "电源"
        ]
      }
    },
    {
      "id": 21,
      "type": "box",
      "shape": "rect",
      "coord": [
        [
          367.36534118652344,
          271.3500061035156
        ],
        [
          379.36534118652344,
          287.3500061035156
        ]
      ],
      "rotate": 0,
      "semantic": {
        "element": "普通设备",
        "links": []
      },
      "ext": {
        "文字识别结果": [
          ""
        ]
      }
    },
    {
      "id": 22,
      "type": "box",
      "shape": "rect",
      "coord": [
        [
          339.36534118652344,
          287.3500061035156
        ],
        [
          379.36534118652344,
          333.3500061035156
        ]
      ],
      "rotate": 0,
      "semantic": {
        "element": "普通设备",
        "links": []
      },
      "ext": {
        "文字识别结果": [
          "综合柜"
        ]
      }
    },
    {
      "id": 23,
      "type": "box",
      "shape": "rect",
      "coord": [
        [
          339.36534118652344,
          333.3500061035156
        ],
        [
          379.36534118652344,
          377.3500061035156
        ]
      ],
      "rotate": 0,
      "semantic": {
        "element": "普通设备",
        "links": []
      },
      "ext": {
        "文字识别结果": [
          "BTS"
        ]
      }
    },
    {
      "id": 24,
      "type": "box",
      "shape": "rect",
      "coord": [
        [
          339.36534118652344,
          377.3500061035156
        ],
        [
          379.36534118652344,
          421.3500061035156
        ]
      ],
      "rotate": 0,
      "semantic": {
        "element": "普通设备",
        "links": []
      },
      "ext": {
        "文字识别结果": [
          "BTS"
        ]
      }
    },
    {
      "id": 25,
      "type": "box",
      "shape": "rect",
      "coord": [
        [
          363.36534118652344,
          421.3500061035156
        ],
        [
          379.36534118652344,
          465.3500061035156
        ]
      ],
      "rotate": 0,
      "semantic": {
        "element": "普通设备",
        "links": []
      },
      "ext": {
        "文字识别结果": [
          "分"
        ]
      }
    },
    {
      "id": 26,
      "type": "box",
      "shape": "rect",
      "coord": [
        [
          363.36534118652344,
          497.3500061035156
        ],
        [
          379.36534118652344,
          515.3500061035156
        ]
      ],
      "rotate": 0,
      "semantic": {
        "element": "普通设备",
        "links": []
      },
      "ext": {
        "文字识别结果": [
          ""
        ]
      }
    },
    {
      "id": 27,
      "type": "box",
      "shape": "rect",
      "coord": [
        [
          339.36534118652344,
          527.3500061035156
        ],
        [
          379.36534118652344,
          571.3500061035156
        ]
      ],
      "rotate": 0,
      "semantic": {
        "element": "普通设备",
        "links": []
      },
      "ext": {
        "文字识别结果": [
          "BTS"
        ]
      }
    },
    {
      "id": 28,
      "type": "box",
      "shape": "rect",
      "coord": [
        [
          323.36534118652344,
          579.3500061035156
        ],
        [
          379.36534118652344,
          623.3500061035156
        ]
      ],
      "rotate": 0,
      "semantic": {
        "element": "普通设备",
        "links": []
      },
      "ext": {
        "文字识别结果": [
          "CK600-X8"
        ]
      }
    },
    {
      "id": 29,
      "type": "box",
      "shape": "rect",
      "coord": [
        [
          379.36534118652344,
          671.3500061035156
        ],
        [
          419.36534118652344,
          687.3500061035156
        ]
      ],
      "rotate": 0,
      "semantic": {
        "element": "普通设备",
        "links": []
      },
      "ext": {
        "文字识别结果": [
          ""
        ]
      }
    },
    {
      "id": 30,
      "type": "box",
      "shape": "rect",
      "coord": [
        [
          419.36534118652344,
          671.3500061035156
        ],
        [
          445.36534118652344,
          687.3500061035156
        ]
      ],
      "rotate": 0,
      "semantic": {
        "element": "普通设备",
        "links": []
      },
      "ext": {
        "文字识别结果": [
          ""
        ]
      }
    },
    {
      "id": 31,
      "type": "box",
      "shape": "rect",
      "coord": [
        [
          439.36534118652344,
          349.3500061035156
        ],
        [
          473.36534118652344,
          531.3500061035156
        ]
      ],
      "rotate": 0,
      "semantic": {
        "element": "普通设备",
        "links": []
      },
      "ext": {
        "文字识别结果": [
          ""
        ]
      }
    },
    {
      "id": 32,
      "type": "box",
      "shape": "rect",
      "coord": [
        [
          439.36534118652344,
          607.3500061035156
        ],
        [
          480.36534118652344,
          651.3500061035156
        ]
      ],
      "rotate": 0,
      "semantic": {
        "element": "普通设备",
        "links": []
      },
      "ext": {
        "文字识别结果": [
          ""
        ]
      }
    },
    {
      "id": 33,
      "type": "box",
      "shape": "rect",
      "coord": [
        [
          460.36534118652344,
          270.3500061035156
        ],
        [
          481.36534118652344,
          313.3500061035156
        ]
      ],
      "rotate": 0,
      "semantic": {
        "element": "普通设备",
        "links": []
      },
      "ext": {
        "文字识别结果": [
          "电宿"
        ]
      }
    },
    {
      "id": 34,
      "type": "box",
      "shape": "rect",
      "coord": [
        [
          439.36534118652344,
          535.3500061035156
        ],
        [
          481.36534118652344,
          579.3500061035156
        ]
      ],
      "rotate": 0,
      "semantic": {
        "element": "普通设备",
        "links": []
      },
      "ext": {
        "文字识别结果": [
          ""
        ]
      }
    },
    {
      "id": 35,
      "type": "box",
      "shape": "rect",
      "coord": [
        [
          366.36534118652344,
          650.3500061035156
        ],
        [
          481.36534118652344,
          671.3500061035156
        ]
      ],
      "rotate": 0,
      "semantic": {
        "element": "普通设备",
        "links": []
      },
      "ext": {
        "文字识别结果": [
          ""
        ]
      }
    },
    {
      "id": 36,
      "type": "box",
      "shape": "rect",
      "coord": [
        [
          447.36534118652344,
          671.3500061035156
        ],
        [
          481.36534118652344,
          687.3500061035156
        ]
      ],
      "rotate": 0,
      "semantic": {
        "element": "普通设备",
        "links": []
      },
      "ext": {
        "文字识别结果": [
          ""
        ]
      }
    },
    {
      "id": 37,
      "type": "polyline",
      "shape": "polyline",
      "coord": [
        [
          1068.8817138671875,
          176.08883666992188
        ],
        [
          1068.8817138671875,
          228.08883666992188
        ]
      ],
      "rotate": 0,
      "semantic": {
        "element": "标尺",
        "links": []
      },
      "ext": {
        "文字识别结果": [
          ""
        ]
      }
    },
    {
      "id": 38,
      "type": "polyline",
      "shape": "polyline",
      "coord": [
        [
          1218.8817138671875,
          176.08883666992188
        ],
        [
          1218.8817138671875,
          672.0888366699219
        ]
      ],
      "rotate": 0,
      "semantic": {
        "element": "标尺",
        "links": []
      },
      "ext": {
        "文字识别结果": [
          "0089"
        ]
      }
    },
    {
      "id": 39,
      "type": "polyline",
      "shape": "polyline",
      "coord": [
        [
          1068.8817138671875,
          466.0888366699219
        ],
        [
          1068.8817138671875,
          496.0888366699219
        ]
      ],
      "rotate": 0,
      "semantic": {
        "element": "标尺",
        "links": []
      },
      "ext": {
        "文字识别结果": [
          ""
        ]
      }
    },
    {
      "id": 40,
      "type": "polyline",
      "shape": "polyline",
      "coord": [
        [
          1024.8817138671875,
          513.0888366699219
        ],
        [
          1024.8817138671875,
          528.0888366699219
        ]
      ],
      "rotate": 0,
      "semantic": {
        "element": "标尺",
        "links": []
      },
      "ext": {
        "文字识别结果": [
          ""
        ]
      }
    },
    {
      "id": 41,
      "type": "polyline",
      "shape": "polyline",
      "coord": [
        [
          1154.8817138671875,
          152.08883666992188
        ],
        [
          1154.8817138671875,
          176.08883666992188
        ]
      ],
      "rotate": 0,
      "semantic": {
        "element": "标尺",
        "links": []
      },
      "ext": {
        "文字识别结果": [
          ""
        ]
      }
    },
    {
      "id": 42,
      "type": "polyline",
      "shape": "polyline",
      "coord": [
        [
          1068.8817138671875,
          228.08883666992188
        ],
        [
          1166.8817138671875,
          228.08883666992188
        ]
      ],
      "rotate": 0,
      "semantic": {
        "element": "标尺",
        "links": []
      },
      "ext": {
        "文字识别结果": [
          ""
        ]
      }
    },
    {
      "id": 43,
      "type": "polyline",
      "shape": "polyline",
      "coord": [
        [
          964.8817138671875,
          708.0888366699219
        ],
        [
          1166.8817138671875,
          708.0888366699219
        ]
      ],
      "rotate": 0,
      "semantic": {
        "element": "标尺",
        "links": []
      },
      "ext": {
        "文字识别结果": [
          "2800"
        ]
      }
    },
    {
      "id": 44,
      "type": "polyline",
      "shape": "polyline",
      "coord": [
        [
          1153.8817138671875,
          152.08883666992188
        ],
        [
          1169.8817138671875,
          152.08883666992188
        ]
      ],
      "rotate": 0,
      "semantic": {
        "element": "标尺",
        "links": []
      },
      "ext": {
        "文字识别结果": [
          ""
        ]
      }
    },
    {
      "id": 45,
      "type": "box",
      "shape": "rect",
      "coord": [
        [
          963.8817138671875,
          267.0888366699219
        ],
        [
          984.8817138671875,
          310.0888366699219
        ]
      ],
      "rotate": 0,
      "semantic": {
        "element": "普通设备",
        "links": []
      },
      "ext": {
        "文字识别结果": [
          ""
        ]
      }
    },
    {
      "id": 46,
      "type": "box",
      "shape": "rect",
      "coord": [
        [
          960.8817138671875,
          532.0888366699219
        ],
        [
          984.8817138671875,
          568.0888366699219
        ]
      ],
      "rotate": 0,
      "semantic": {
        "element": "普通设备",
        "links": []
      },
      "ext": {
        "文字识别结果": [
          ""
        ]
      }
    },
    {
      "id": 47,
      "type": "box",
      "shape": "rect",
      "coord": [
        [
          1146.8817138671875,
          216.08883666992188
        ],
        [
          1165.8817138671875,
          264.0888366699219
        ]
      ],
      "rotate": 0,
      "semantic": {
        "element": "普通设备",
        "links": []
      },
      "ext": {
        "文字识别结果": [
          ""
        ]
      }
    },
    {
      "id": 48,
      "type": "box",
      "shape": "rect",
      "coord": [
        [
          1146.8817138671875,
          268.0888366699219
        ],
        [
          1166.8817138671875,
          312.0888366699219
        ]
      ],
      "rotate": 0,
      "semantic": {
        "element": "普通设备",
        "links": []
      },
      "ext": {
        "文字识别结果": [
          "电信"
        ]
      }
    },
    {
      "id": 49,
      "type": "box",
      "shape": "rect",
      "coord": [
        [
          1124.8817138671875,
          536.0888366699219
        ],
        [
          1166.8817138671875,
          580.0888366699219
        ]
      ],
      "rotate": 0,
      "semantic": {
        "element": "普通设备",
        "links": []
      },
      "ext": {
        "文字识别结果": [
          ""
        ]
      }
    },
    {
      "id": 50,
      "type": "box",
      "shape": "rect",
      "coord": [
        [
          1123.8817138671875,
          608.0888366699219
        ],
        [
          1166.8817138671875,
          648.0888366699219
        ]
      ],
      "rotate": 0,
      "semantic": {
        "element": "普通设备",
        "links": []
      },
      "ext": {
        "文字识别结果": [
          ""
        ]
      }
    },
    {
      "id": 51,
      "type": "box",
      "shape": "rect",
      "coord": [
        [
          1130.8817138671875,
          672.0888366699219
        ],
        [
          1166.8817138671875,
          688.0888366699219
        ]
      ],
      "rotate": 0,
      "semantic": {
        "element": "普通设备",
        "links": []
      },
      "ext": {
        "文字识别结果": [
          ""
        ]
      }
    },
    {
      "id": 52,
      "type": "polyline",
      "shape": "polyline",
      "coord": [
        [
          385.36534118652344,
          173.35000610351562
        ],
        [
          385.36534118652344,
          226.35000610351562
        ]
      ],
      "rotate": 0,
      "semantic": {
        "element": "标尺",
        "links": []
      },
      "ext": {
        "文字识别结果": [
          ""
        ]
      }
    },
    {
      "id": 53,
      "type": "polyline",
      "shape": "polyline",
      "coord": [
        [
          535.3653411865234,
          173.35000610351562
        ],
        [
          535.3653411865234,
          671.3500061035156
        ]
      ],
      "rotate": 0,
      "semantic": {
        "element": "标尺",
        "links": []
      },
      "ext": {
        "文字识别结果": [
          "800"
        ]
      }
    },
    {
      "id": 54,
      "type": "polyline",
      "shape": "polyline",
      "coord": [
        [
          467.36534118652344,
          149.35000610351562
        ],
        [
          467.36534118652344,
          173.35000610351562
        ]
      ],
      "rotate": 0,
      "semantic": {
        "element": "标尺",
        "links": []
      },
      "ext": {
        "文字识别结果": [
          ""
        ]
      }
    },
    {
      "id": 55,
      "type": "polyline",
      "shape": "polyline",
      "coord": [
        [
          385.36534118652344,
          226.35000610351562
        ],
        [
          385.36534118652344,
          497.3500061035156
        ]
      ],
      "rotate": 0,
      "semantic": {
        "element": "标尺",
        "links": []
      },
      "ext": {
        "文字识别结果": [
          ""
        ]
      }
    },
    {
      "id": 56,
      "type": "polyline",
      "shape": "polyline",
      "coord": [
        [
          383.36534118652344,
          229.35000610351562
        ],
        [
          483.36534118652344,
          229.35000610351562
        ]
      ],
      "rotate": 0,
      "semantic": {
        "element": "标尺",
        "links": []
      },
      "ext": {
        "文字识别结果": [
          ""
        ]
      }
    },
    {
      "id": 57,
      "type": "polyline",
      "shape": "polyline",
      "coord": [
        [
          277.36534118652344,
          711.3500061035156
        ],
        [
          483.36534118652344,
          711.3500061035156
        ]
      ],
      "rotate": 0,
      "semantic": {
        "element": "标尺",
        "links": []
      },
      "ext": {
        "文字识别结果": [
          "2800"
        ]
      }
    },
    {
      "id": 58,
      "type": "polyline",
      "shape": "polyline",
      "coord": [
        [
          467.36534118652344,
          149.35000610351562
        ],
        [
          482.36534118652344,
          149.35000610351562
        ]
      ],
      "rotate": 0,
      "semantic": {
        "element": "标尺",
        "links": []
      },
      "ext": {
        "文字识别结果": [
          "900"
        ]
      }
    },
    {
      "id": 59,
      "type": "box",
      "shape": "rect",
      "coord": [
        [
          277.36534118652344,
          673.3500061035156
        ],
        [
          353.36534118652344,
          687.3500061035156
        ]
      ],
      "rotate": 0,
      "semantic": {
        "element": "机柜",
        "links": []
      },
      "ext": {
        "文字识别结果": [
          ""
        ],
        "门朝向": "right"
      }
    },
    {
      "id": 60,
      "type": "box",
      "shape": "rect",
      "coord": [
        [
          277.36534118652344,
          265.3500061035156
        ],
        [
          297.36534118652344,
          311.3500061035156
        ]
      ],
      "rotate": 0,
      "semantic": {
        "element": "普通设备",
        "links": []
      },
      "ext": {
        "文字识别结果": [
          "直流箱"
        ]
      }
    },
    {
      "id": 61,
      "type": "box",
      "shape": "rect",
      "coord": [
        [
          277.36534118652344,
          533.3500061035156
        ],
        [
          297.36534118652344,
          569.3500061035156
        ]
      ],
      "rotate": 0,
      "semantic": {
        "element": "普通设备",
        "links": []
      },
      "ext": {
        "文字识别结果": [
          ""
        ]
      }
    },
    {
      "id": 62,
      "type": "box",
      "shape": "rect",
      "coord": [
        [
          289.36534118652344,
          585.3500061035156
        ],
        [
          321.36534118652344,
          617.3500061035156
        ]
      ],
      "rotate": 0,
      "semantic": {
        "element": "普通设备",
        "links": []
      },
      "ext": {
        "文字识别结果": [
          ""
        ]
      }
    },
    {
      "id": 63,
      "type": "box",
      "shape": "rect",
      "coord": [
        [
          341.36534118652344,
          419.3500061035156
        ],
        [
          359.36534118652344,
          463.3500061035156
        ]
      ],
      "rotate": 0,
      "semantic": {
        "element": "普通设备",
        "links": []
      },
      "ext": {
        "文字识别结果": [
          ""
        ]
      }
    },
    {
      "id": 64,
      "type": "box",
      "shape": "rect",
      "coord": [
        [
          325.36534118652344,
          172.35000610351562
        ],
        [
          369.36534118652344,
          196.35000610351562
        ]
      ],
      "rotate": 0,
      "semantic": {
        "element": "普通设备",
        "links": []
      },
      "ext": {
        "文字识别结果": [
          "交流箱"
        ]
      }
    },
    {
      "id": 65,
      "type": "box",
      "shape": "rect",
      "coord": [
        [
          341.36534118652344,
          229.35000610351562
        ],
        [
          377.36534118652344,
          267.3500061035156
        ]
      ],
      "rotate": 0,
      "semantic": {
        "element": "普通设备",
        "links": []
      },
      "ext": {
        "文字识别结果": [
          ""
        ]
      }
    },
    {
      "id": 66,
      "type": "box",
      "shape": "rect",
      "coord": [
        [
          365.36534118652344,
          270.3500061035156
        ],
        [
          377.36534118652344,
          287.3500061035156
        ]
      ],
      "rotate": 0,
      "semantic": {
        "element": "普通设备",
        "links": []
      },
      "ext": {
        "文字识别结果": [
          ""
        ]
      }
    },
    {
      "id": 67,
      "type": "box",
      "shape": "rect",
      "coord": [
        [
          341.36534118652344,
          287.3500061035156
        ],
        [
          377.36534118652344,
          331.3500061035156
        ]
      ],
      "rotate": 0,
      "semantic": {
        "element": "普通设备",
        "links": []
      },
      "ext": {
        "文字识别结果": [
          "综合柜"
        ]
      }
    },
    {
      "id": 68,
      "type": "box",
      "shape": "rect",
      "coord": [
        [
          341.36534118652344,
          331.3500061035156
        ],
        [
          377.36534118652344,
          375.3500061035156
        ]
      ],
      "rotate": 0,
      "semantic": {
        "element": "普通设备",
        "links": []
      },
      "ext": {
        "文字识别结果": [
          "BTS"
        ]
      }
    },
    {
      "id": 69,
      "type": "box",
      "shape": "rect",
      "coord": [
        [
          341.36534118652344,
          374.3500061035156
        ],
        [
          377.36534118652344,
          419.3500061035156
        ]
      ],
      "rotate": 0,
      "semantic": {
        "element": "普通设备",
        "links": []
      },
      "ext": {
        "文字识别结果": [
          "BTS"
        ]
      }
    },
    {
      "id": 70,
      "type": "box",
      "shape": "rect",
      "coord": [
        [
          361.36534118652344,
          419.3500061035156
        ],
        [
          377.36534118652344,
          463.3500061035156
        ]
      ],
      "rotate": 0,
      "semantic": {
        "element": "普通设备",
        "links": []
      },
      "ext": {
        "文字识别结果": [
          ""
        ]
      }
    },
    {
      "id": 71,
      "type": "box",
      "shape": "rect",
      "coord": [
        [
          361.36534118652344,
          497.3500061035156
        ],
        [
          377.36534118652344,
          517.3500061035156
        ]
      ],
      "rotate": 0,
      "semantic": {
        "element": "普通设备",
        "links": []
      },
      "ext": {
        "文字识别结果": [
          "2"
        ],
        "表格匹配结果": [
          "2",
          "波分柜",
          "20060300",
          "",
          "1",
          "本期新增"
        ]
      }
    },
    {
      "id": 72,
      "type": "box",
      "shape": "rect",
      "coord": [
        [
          325.36534118652344,
          577.3500061035156
        ],
        [
          377.36534118652344,
          621.3500061035156
        ]
      ],
      "rotate": 0,
      "semantic": {
        "element": "普通设备",
        "links": []
      },
      "ext": {
        "文字识别结果": [
          "CX600-X8"
        ]
      }
    },
    {
      "id": 73,
      "type": "box",
      "shape": "rect",
      "coord": [
        [
          379.36534118652344,
          673.3500061035156
        ],
        [
          419.36534118652344,
          687.3500061035156
        ]
      ],
      "rotate": 0,
      "semantic": {
        "element": "普通设备",
        "links": []
      },
      "ext": {
        "文字识别结果": [
          ""
        ]
      }
    },
    {
      "id": 74,
      "type": "box",
      "shape": "rect",
      "coord": [
        [
          419.36534118652344,
          673.3500061035156
        ],
        [
          447.36534118652344,
          687.3500061035156
        ]
      ],
      "rotate": 0,
      "semantic": {
        "element": "普通设备",
        "links": []
      },
      "ext": {
        "文字识别结果": [
          ""
        ]
      }
    },
    {
      "id": 75,
      "type": "box",
      "shape": "rect",
      "coord": [
        [
          438.36534118652344,
          351.3500061035156
        ],
        [
          475.36534118652344,
          529.3500061035156
        ]
      ],
      "rotate": 0,
      "semantic": {
        "element": "普通设备",
        "links": []
      },
      "ext": {
        "文字识别结果": [
          ""
        ]
      }
    },
    {
      "id": 76,
      "type": "box",
      "shape": "rect",
      "coord": [
        [
          367.36534118652344,
          657.3500061035156
        ],
        [
          478.36534118652344,
          667.3500061035156
        ]
      ],
      "rotate": 0,
      "semantic": {
        "element": "普通设备",
        "links": []
      },
      "ext": {
        "文字识别结果": [
          ""
        ]
      }
    },
    {
      "id": 77,
      "type": "box",
      "shape": "rect",
      "coord": [
        [
          439.36534118652344,
          536.3500061035156
        ],
        [
          482.36534118652344,
          581.3500061035156
        ]
      ],
      "rotate": 0,
      "semantic": {
        "element": "普通设备",
        "links": []
      },
      "ext": {
        "文字识别结果": [
          ""
        ]
      }
    },
    {
      "id": 78,
      "type": "box",
      "shape": "rect",
      "coord": [
        [
          459.36534118652344,
          217.35000610351562
        ],
        [
          483.36534118652344,
          259.3500061035156
        ]
      ],
      "rotate": 0,
      "semantic": {
        "element": "普通设备",
        "links": []
      },
      "ext": {
        "文字识别结果": [
          ""
        ]
      }
    },
    {
      "id": 79,
      "type": "box",
      "shape": "rect",
      "coord": [
        [
          459.36534118652344,
          269.3500061035156
        ],
        [
          483.36534118652344,
          311.3500061035156
        ]
      ],
      "rotate": 0,
      "semantic": {
        "element": "普通设备",
        "links": []
      },
      "ext": {
        "文字识别结果": [
          "电信"
        ]
      }
    },
    {
      "id": 80,
      "type": "box",
      "shape": "rect",
      "coord": [
        [
          439.36534118652344,
          605.3500061035156
        ],
        [
          483.36534118652344,
          649.3500061035156
        ]
      ],
      "rotate": 0,
      "semantic": {
        "element": "普通设备",
        "links": []
      },
      "ext": {
        "文字识别结果": [
          ""
        ]
      }
    },
    {
      "id": 81,
      "type": "box",
      "shape": "rect",
      "coord": [
        [
          447.36534118652344,
          673.3500061035156
        ],
        [
          483.36534118652344,
          687.3500061035156
        ]
      ],
      "rotate": 0,
      "semantic": {
        "element": "普通设备",
        "links": []
      },
      "ext": {
        "文字识别结果": [
          ""
        ]
      }
    },
    {
      "id": 82,
      "type": "box",
      "shape": "rect",
      "coord": [
        [
          478.36534118652344,
          157.35000610351562
        ],
        [
          499.36534118652344,
          173.35000610351562
        ]
      ],
      "rotate": 0,
      "semantic": {
        "element": "普通设备",
        "links": []
      },
      "ext": {
        "文字识别结果": [
          ""
        ]
      }
    },
    {
      "id": 83,
      "type": "box",
      "shape": "rect",
      "coord": [
        [
          479.36534118652344,
          673.3500061035156
        ],
        [
          499.36534118652344,
          687.3500061035156
        ]
      ],
      "rotate": 0,
      "semantic": {
        "element": "普通设备",
        "links": []
      },
      "ext": {
        "文字识别结果": [
          ""
        ]
      }
    },
    {
      "id": 84,
      "type": "polyline",
      "shape": "polyline",
      "coord": [
        [
          1070.8817138671875,
          174.08883666992188
        ],
        [
          1070.8817138671875,
          228.08883666992188
        ]
      ],
      "rotate": 0,
      "semantic": {
        "element": "标尺",
        "links": []
      },
      "ext": {
        "文字识别结果": [
          ""
        ]
      }
    },
    {
      "id": 85,
      "type": "polyline",
      "shape": "polyline",
      "coord": [
        [
          1220.8817138671875,
          174.08883666992188
        ],
        [
          1220.8817138671875,
          670.0888366699219
        ]
      ],
      "rotate": 0,
      "semantic": {
        "element": "标尺",
        "links": []
      },
      "ext": {
        "文字识别结果": [
          "0089"
        ]
      }
    },
    {
      "id": 86,
      "type": "polyline",
      "shape": "polyline",
      "coord": [
        [
          1070.8817138671875,
          227.08883666992188
        ],
        [
          1070.8817138671875,
          498.0888366699219
        ]
      ],
      "rotate": 0,
      "semantic": {
        "element": "标尺",
        "links": []
      },
      "ext": {
        "文字识别结果": [
          ""
        ]
      }
    },
    {
      "id": 87,
      "type": "polyline",
      "shape": "polyline",
      "coord": [
        [
          1022.8817138671875,
          514.0888366699219
        ],
        [
          1022.8817138671875,
          526.0888366699219
        ]
      ],
      "rotate": 0,
      "semantic": {
        "element": "标尺",
        "links": []
      },
      "ext": {
        "文字识别结果": [
          ""
        ]
      }
    },
    {
      "id": 88,
      "type": "polyline",
      "shape": "polyline",
      "coord": [
        [
          1152.8817138671875,
          150.08883666992188
        ],
        [
          1152.8817138671875,
          174.08883666992188
        ]
      ],
      "rotate": 0,
      "semantic": {
        "element": "标尺",
        "links": []
      },
      "ext": {
        "文字识别结果": [
          ""
        ]
      }
    },
    {
      "id": 89,
      "type": "polyline",
      "shape": "polyline",
      "coord": [
        [
          1067.8817138671875,
          230.08883666992188
        ],
        [
          1168.8817138671875,
          230.08883666992188
        ]
      ],
      "rotate": 0,
      "semantic": {
        "element": "标尺",
        "links": []
      },
      "ext": {
        "文字识别结果": [
          ""
        ]
      }
    },
    {
      "id": 90,
      "type": "polyline",
      "shape": "polyline",
      "coord": [
        [
          1152.8817138671875,
          149.08883666992188
        ],
        [
          1168.8817138671875,
          149.08883666992188
        ]
      ],
      "rotate": 0,
      "semantic": {
        "element": "标尺",
        "links": []
      },
      "ext": {
        "文字识别结果": [
          ""
        ]
      }
    },
    {
      "id": 91,
      "type": "polyline",
      "shape": "polyline",
      "coord": [
        [
          962.8817138671875,
          708.0888366699219
        ],
        [
          1168.8817138671875,
          708.0888366699219
        ]
      ],
      "rotate": 0,
      "semantic": {
        "element": "标尺",
        "links": []
      },
      "ext": {
        "文字识别结果": [
          "2800"
        ]
      }
    },
    {
      "id": 92,
      "type": "polyline",
      "shape": "polyline",
      "coord": [
        [
          1152.8817138671875,
          150.08883666992188
        ],
        [
          1168.8817138671875,
          150.08883666992188
        ]
      ],
      "rotate": 0,
      "semantic": {
        "element": "标尺",
        "links": []
      },
      "ext": {
        "文字识别结果": [
          ""
        ]
      }
    },
    {
      "id": 93,
      "type": "box",
      "shape": "rect",
      "coord": [
        [
          962.8817138671875,
          266.0888366699219
        ],
        [
          982.8817138671875,
          312.0888366699219
        ]
      ],
      "rotate": 0,
      "semantic": {
        "element": "普通设备",
        "links": []
      },
      "ext": {
        "文字识别结果": [
          "直流箱"
        ]
      }
    },
    {
      "id": 94,
      "type": "box",
      "shape": "rect",
      "coord": [
        [
          962.8817138671875,
          534.0888366699219
        ],
        [
          982.8817138671875,
          570.0888366699219
        ]
      ],
      "rotate": 0,
      "semantic": {
        "element": "普通设备",
        "links": []
      },
      "ext": {
        "文字识别结果": [
          "空调"
        ]
      }
    },
    {
      "id": 95,
      "type": "box",
      "shape": "rect",
      "coord": [
        [
          1124.8817138671875,
          538.0888366699219
        ],
        [
          1167.8817138671875,
          582.0888366699219
        ]
      ],
      "rotate": 0,
      "semantic": {
        "element": "普通设备",
        "links": []
      },
      "ext": {
        "文字识别结果": [
          ""
        ]
      }
    },
    {
      "id": 96,
      "type": "box",
      "shape": "rect",
      "coord": [
        [
          1144.8817138671875,
          270.0888366699219
        ],
        [
          1168.8817138671875,
          312.0888366699219
        ]
      ],
      "rotate": 0,
      "semantic": {
        "element": "普通设备",
        "links": []
      },
      "ext": {
        "文字识别结果": [
          "电信"
        ]
      }
    },
    {
      "id": 97,
      "type": "box",
      "shape": "rect",
      "coord": [
        [
          1132.8817138671875,
          670.0888366699219
        ],
        [
          1168.8817138671875,
          688.0888366699219
        ]
      ],
      "rotate": 0,
      "semantic": {
        "element": "普通设备",
        "links": []
      },
      "ext": {
        "文字识别结果": [
          ""
        ]
      }
    },
    {
      "id": 99,
      "type": "other",
      "shape": "rect",
      "coord": [
        [
          313.82618713378906,
          630.6570129394531
        ],
        [
          345.1105499267578,
          650.4628601074219
        ]
      ],
      "rotate": 0,
      "semantic": {
        "element": "带指向性文字",
        "links": []
      },
      "ext": {
        "文字识别结果": [
          ""
        ]
      }
    },
    {
      "id": 100,
      "type": "other",
      "shape": "rect",
      "coord": [
        [
          1000.2872314453125,
          630.6829528808594
        ],
        [
          1031.6368103027344,
          650.0888977050781
        ]
      ],
      "rotate": 0,
      "semantic": {
        "element": "带指向性文字",
        "links": []
      },
      "ext": {
        "文字识别结果": [
          ""
        ]
      }
    },
    {
      "id": 101,
      "type": "other",
      "shape": "rect",
      "coord": [
        [
          314.7097930908203,
          630.8711853027344
        ],
        [
          345.97206115722656,
          648.6255798339844
        ]
      ],
      "rotate": 0,
      "semantic": {
        "element": "带指向性文字",
        "links": []
      },
      "ext": {
        "文字识别结果": [
          ""
        ]
      }
    },
    {
      "id": 102,
      "type": "other",
      "shape": "rect",
      "coord": [
        [
          1000.6575622558594,
          630.6586608886719
        ],
        [
          1031.1783752441406,
          648.2723083496094
        ]
      ],
      "rotate": 0,
      "semantic": {
        "element": "带指向性文字",
        "links": []
      },
      "ext": {
        "文字识别结果": [
          ""
        ]
      }
    },
    {
      "id": 103,
      "type": "other",
      "shape": "rect",
      "coord": [
        [
          148.05543518066406,
          119.91270446777344
        ],
        [
          200.1259002685547,
          172.09121704101562
        ]
      ],
      "rotate": 0,
      "semantic": {
        "element": "无指向性文字",
        "links": []
      },
      "ext": {
        "文字识别结果": [
          "备注：1:电信0DF2:0DF柜3：视放设备"
        ]
      }
    },
    {
      "id": 104,
      "type": "other",
      "shape": "rect",
      "coord": [
        [
          397.9165954589844,
          118.9166259765625
        ],
        [
          459.0248718261719,
          167.46380615234375
        ]
      ],
      "rotate": 0,
      "semantic": {
        "element": "门",
        "links": []
      },
      "ext": {}
    },
    {
      "id": 105,
      "type": "other",
      "shape": "rect",
      "coord": [
        [
          1088.334228515625,
          124.09048461914062
        ],
        [
          1141.4298095703125,
          167.7010498046875
        ]
      ],
      "rotate": 0,
      "semantic": {
        "element": "门",
        "links": []
      },
      "ext": {}
    },
    {
      "id": 106,
      "type": "other",
      "shape": "rect",
      "coord": [
        [
          588.4223022460938,
          1004.74365234375
        ],
        [
          640.6964721679688,
          1038.1546630859375
        ]
      ],
      "rotate": 0,
      "semantic": {
        "element": "图例小图",
        "links": [
          {
            "pair_id": 120,
            "label": "图例文字",
            "distance": 64.26423645019531
          }
        ]
      },
      "ext": {
        "图例归类": "穿墙洞"
      }
    },
    {
      "id": 107,
      "type": "other",
      "shape": "rect",
      "coord": [
        [
          232.3648681640625,
          1051.631591796875
        ],
        [
          307.82891845703125,
          1086.313720703125
        ]
      ],
      "rotate": 0,
      "semantic": {
        "element": "图例小图",
        "links": [
          {
            "pair_id": 121,
            "label": "图例文字",
            "distance": 78.72673034667969
          }
        ]
      },
      "ext": {
        "图例归类": "新增走线架"
      }
    },
    {
      "id": 108,
      "type": "other",
      "shape": "rect",
      "coord": [
        [
          406.52764892578125,
          1052.1351318359375
        ],
        [
          488.8414306640625,
          1086.9093017578125
        ]
      ],
      "rotate": 0,
      "semantic": {
        "element": "图例小图",
        "links": [
          {
            "pair_id": 122,
            "label": "图例文字",
            "distance": 86.63908386230469
          }
        ]
      },
      "ext": {
        "图例归类": "原有走线架"
      }
    },
    {
      "id": 109,
      "type": "other",
      "shape": "rect",
      "coord": [
        [
          240.27940368652344,
          1004.2095947265625
        ],
        [
          296.53546142578125,
          1037.9576416015625
        ]
      ],
      "rotate": 0,
      "semantic": {
        "element": "图例小图",
        "links": [
          {
            "pair_id": 118,
            "label": "图例文字",
            "distance": 84.91619110107422
          }
        ]
      },
      "ext": {
        "图例归类": "新增设备"
      }
    },
    {
      "id": 110,
      "type": "other",
      "shape": "rect",
      "coord": [
        [
          423.7204895019531,
          1005.3955078125
        ],
        [
          478.89599609375,
          1037.505859375
        ]
      ],
      "rotate": 0,
      "semantic": {
        "element": "图例小图",
        "links": [
          {
            "pair_id": 119,
            "label": "图例文字",
            "distance": 80.515380859375
          }
        ]
      },
      "ext": {
        "图例归类": "原有设备"
      }
    },
    {
      "id": 111,
      "type": "other",
      "shape": "rect",
      "coord": [
        [
          1048.32861328125,
          970.072509765625
        ],
        [
          1159.1925048828125,
          984.745361328125
        ]
      ],
      "rotate": 0,
      "semantic": {
        "element": "图例小图",
        "links": [
          {
            "pair_id": 126,
            "label": "图例文字",
            "distance": 114.72979736328125
          }
        ]
      },
      "ext": {
        "图例归类": "软光纤路由"
      }
    },
    {
      "id": 112,
      "type": "other",
      "shape": "rect",
      "coord": [
        [
          1047.5439453125,
          914.514404296875
        ],
        [
          1161.7899169921875,
          932.7264404296875
        ]
      ],
      "rotate": 0,
      "semantic": {
        "element": "图例小图",
        "links": [
          {
            "pair_id": 124,
            "label": "图例文字",
            "distance": 195.32342529296875
          }
        ]
      },
      "ext": {
        "图例归类": "未归类成功"
      }
    },
    {
      "id": 113,
      "type": "other",
      "shape": "rect",
      "coord": [
        [
          1047.593017578125,
          941.7755126953125
        ],
        [
          1155.9847412109375,
          958.096923828125
        ]
      ],
      "rotate": 0,
      "semantic": {
        "element": "图例小图",
        "links": [
          {
            "pair_id": 125,
            "label": "图例文字",
            "distance": 197.70147705078125
          }
        ]
      },
      "ext": {
        "图例归类": "未归类成功"
      }
    },
    {
      "id": 114,
      "type": "table",
      "shape": "rect",
      "coord": [
        [
          191.04954528808594,
          786.284912109375
        ],
        [
          698.431640625,
          918.32080078125
        ]
      ],
      "rotate": 0,
      "semantic": {
        "element": "物料表",
        "links": []
      },
      "ext": {
        "表格识别结果": [
          [
            "房号",
            "设备名称",
            "机尺寸()",
            "单位",
            "数量",
            "备注"
          ],
          [
            "1",
            "OF柜",
            "2200x60300",
            "樂",
            "",
            "本期新增"
          ],
          [
            "2",
            "波分柜",
            "20060300",
            "",
            "1",
            "本期新增"
          ]
        ]
      }
    },
    {
      "id": 115,
      "type": "table",
      "shape": "rect",
      "coord": [
        [
          851.8973999023438,
          1022.9140625
        ],
        [
          1539.3050537109375,
          1138.9744873046875
        ]
      ],
      "rotate": 0,
      "semantic": {
        "element": "标题栏",
        "links": []
      },
      "ext": {
        "表格识别结果": [
          [
            "院主管",
            "",
            "",
            "中讯邮电咨询设计院有限公司"
          ],
          [
            "处主管",
            "校核",
            "",
            ""
          ],
          [
            "设计总负责人",
            "制（撒)图",
            "",
            ""
          ],
          [
            "单项负责人",
            "单位、比例",
            "m1:50",
            ""
          ],
          [
            "设计",
            "期",
            "2013.10",
            "图号"
          ]
        ]
      }
    },
    {
      "id": 116,
      "type": "other",
      "shape": "rect",
      "coord": [
        [
          162.82362365722656,
          937.841796875
        ],
        [
          747.525634765625,
          1147.5186767578125
        ]
      ],
      "rotate": 0,
      "semantic": {
        "element": "图例",
        "links": []
      },
      "ext": {}
    },
    {
      "id": 117,
      "type": "other",
      "shape": "rect",
      "coord": [
        [
          977.4903564453125,
          861.87060546875
        ],
        [
          1482.2559814453125,
          1044.0518798828125
        ]
      ],
      "rotate": 0,
      "semantic": {
        "element": "图例",
        "links": []
      },
      "ext": {}
    },
    {
      "id": 118,
      "type": "other",
      "shape": "rect",
      "coord": [
        [
          314.82362365722656,
          1010.841796875
        ],
        [
          391.82362365722656,
          1030.841796875
        ]
      ],
      "rotate": 0,
      "semantic": {
        "element": "图例文字",
        "links": []
      },
      "ext": {
        "文字识别结果": [
          "本期安装设备"
        ],
        "图例归类": "新增设备"
      }
    },
    {
      "id": 119,
      "type": "other",
      "shape": "rect",
      "coord": [
        [
          506.82362365722656,
          1011.841796875
        ],
        [
          556.8236236572266,
          1028.841796875
        ]
      ],
      "rotate": 0,
      "semantic": {
        "element": "图例文字",
        "links": []
      },
      "ext": {
        "文字识别结果": [
          "原有设备"
        ],
        "图例归类": "原有设备"
      }
    },
    {
      "id": 120,
      "type": "other",
      "shape": "rect",
      "coord": [
        [
          658.8236236572266,
          1013.841796875
        ],
        [
          698.8236236572266,
          1030.841796875
        ]
      ],
      "rotate": 0,
      "semantic": {
        "element": "图例文字",
        "links": []
      },
      "ext": {
        "文字识别结果": [
          "穿墙洞"
        ],
        "图例归类": "穿墙洞"
      }
    },
    {
      "id": 121,
      "type": "other",
      "shape": "rect",
      "coord": [
        [
          315.82362365722656,
          1059.841796875
        ],
        [
          381.82362365722656,
          1078.841796875
        ]
      ],
      "rotate": 0,
      "semantic": {
        "element": "图例文字",
        "links": []
      },
      "ext": {
        "文字识别结果": [
          "新装走线架"
        ],
        "图例归类": "新增走线架"
      }
    },
    {
      "id": 122,
      "type": "other",
      "shape": "rect",
      "coord": [
        [
          500.82362365722656,
          1060.841796875
        ],
        [
          567.8236236572266,
          1080.841796875
        ]
      ],
      "rotate": 0,
      "semantic": {
        "element": "图例文字",
        "links": []
      },
      "ext": {
        "文字识别结果": [
          "原有走线架"
        ],
        "图例归类": "原有走线架"
      }
    },
    {
      "id": 123,
      "type": "other",
      "shape": "rect",
      "coord": [
        [
          1011.4903564453125,
          879.87060546875
        ],
        [
          1219.4903564453125,
          896.87060546875
        ]
      ],
      "rotate": 0,
      "semantic": {
        "element": "图例文字",
        "links": []
      },
      "ext": {
        "文字识别结果": [
          "说明：原有走线架高2500mm，宽450mm"
        ],
        "图例归类": "未归类成功"
      }
    },
    {
      "id": 124,
      "type": "other",
      "shape": "rect",
      "coord": [
        [
          1176.4903564453125,
          916.87060546875
        ],
        [
          1423.4903564453125,
          929.87060546875
        ]
      ],
      "rotate": 0,
      "semantic": {
        "element": "图例文字",
        "links": []
      },
      "ext": {
        "文字识别结果": [
          "电源线布放路由，具体见第二页电缆布线表格"
        ],
        "图例归类": "未归类成功"
      }
    },
    {
      "id": 125,
      "type": "other",
      "shape": "rect",
      "coord": [
        [
          1174.4903564453125,
          942.87060546875
        ],
        [
          1424.4903564453125,
          959.87060546875
        ]
      ],
      "rotate": 0,
      "semantic": {
        "element": "图例文字",
        "links": []
      },
      "ext": {
        "文字识别结果": [
          "接地线布放路由，具体见第二页电缆布线表格"
        ],
        "图例归类": "未归类成功"
      }
    },
    {
      "id": 126,
      "type": "other",
      "shape": "rect",
      "coord": [
        [
          1174.4903564453125,
          971.87060546875
        ],
        [
          1262.4903564453125,
          988.87060546875
        ]
      ],
      "rotate": 0,
      "semantic": {
        "element": "图例文字",
        "links": []
      },
      "ext": {
        "文字识别结果": [
          "软光纤布放路由"
        ],
        "图例归类": "软光纤路由"
      }
    },
    {
      "id": 127,
      "type": "other",
      "shape": "rect",
      "coord": [
        [
          1068.30126953125,
          324.99847412109375
        ],
        [
          1165.78173828125,
          350.20819091796875
        ]
      ],
      "rotate": 0,
      "semantic": {
        "element": "走线架",
        "links": []
      },
      "ext": {}
    },
    {
      "id": 128,
      "type": "other",
      "shape": "rect",
      "coord": [
        [
          1029.529296875,
          166.6187744140625
        ],
        [
          1069.61962890625,
          687.7081298828125
        ]
      ],
      "rotate": 0,
      "semantic": {
        "element": "走线架",
        "links": []
      },
      "ext": {}
    },
    {
      "id": 129,
      "type": "other",
      "shape": "rect",
      "coord": [
        [
          963.2388916015625,
          317.427978515625
        ],
        [
          1030.0543212890625,
          346.4595947265625
        ]
      ],
      "rotate": 0,
      "semantic": {
        "element": "走线架",
        "links": []
      },
      "ext": {}
    },
    {
      "id": 130,
      "type": "other",
      "shape": "rect",
      "coord": [
        [
          1104.7510986328125,
          322.5108642578125
        ],
        [
          1132.6953125,
          699.7578125
        ]
      ],
      "rotate": 0,
      "semantic": {
        "element": "走线架",
        "links": []
      },
      "ext": {}
    },
    {
      "id": 131,
      "type": "other",
      "shape": "rect",
      "coord": [
        [
          1064.6268310546875,
          572.0393676757812
        ],
        [
          1113.9130859375,
          597.7005004882812
        ]
      ],
      "rotate": 0,
      "semantic": {
        "element": "走线架",
        "links": []
      },
      "ext": {}
    },
    {
      "id": 132,
      "type": "other",
      "shape": "rect",
      "coord": [
        [
          1387.53662109375,
          160.6558837890625
        ],
        [
          1436.7020263671875,
          230.26953125
        ]
      ],
      "rotate": 0,
      "semantic": {
        "element": "建北磁北(夹角)",
        "links": []
      },
      "ext": {
        "文字识别结果": [],
        "文字位置": [],
        "顶点位置": [
          [
            1412.03662109375,
            169.2496337890625
          ],
          [
            1407.9618547386099,
            207.8433837890625
          ]
        ]
      }
    },
    {
      "id": 133,
      "type": "other",
      "shape": "rect",
      "coord": [
        [
          125.97341918945312,
          102.61383056640625
        ],
        [
          205.10421752929688,
          174.117431640625
        ]
      ],
      "rotate": 0,
      "semantic": {
        "element": "说明文字",
        "links": []
      },
      "ext": {
        "文字识别结果": [
          "备注：",
          "1:电信0DF",
          "2:0DF柜",
          "3：裸放设备"
        ]
      }
    },
    {
      "id": 134,
      "type": "other",
      "shape": "rect",
      "coord": [
        [
          1010.187255859375,
          873.25830078125
        ],
        [
          1222.552734375,
          900.3807373046875
        ]
      ],
      "rotate": 0,
      "semantic": {
        "element": "说明文字",
        "links": []
      },
      "ext": {
        "文字识别结果": [
          "说明：原有走线架高2500mm，宽450mm",
          "电源线布放路由"
        ]
      }
    }
  ]
}