{
  "info": {
    "像素面积": {
      "全部面积": 3561364.0,
      "设备面积": 573156.0,
      "剩余面积": 2988208.0
    },
    "图纸信息": {
      "类型": "机房",
      "名称": "351.png"
    }
  },
  "obj": [
    {
      "id": 1,
      "type": "outline",
      "shape": "polyline",
      "coord": [
        [
          1296.1541748046875,
          989.579833984375
        ],
        [
          2310.1541748046875,
          993.579833984375
        ],
        [
          1296.1541748046875,
          2311.579833984375
        ],
        [
          1974.1541748046875,
          2311.579833984375
        ],
        [
          1352.1541748046875,
          1823.579833984375
        ],
        [
          1462.1541748046875,
          1823.579833984375
        ],
        [
          1352.1541748046875,
          2259.579833984375
        ],
        [
          1970.1541748046875,
          2257.579833984375
        ],
        [
          1352.1541748046875,
          2259.579833984375
        ],
        [
          1970.1541748046875,
          2259.579833984375
        ],
        [
          2216.1541748046875,
          2257.579833984375
        ],
        [
          2592.1541748046875,
          2257.579833984375
        ],
        [
          2312.1541748046875,
          1106.579833984375
        ],
        [
          2526.1541748046875,
          1107.579833984375
        ],
        [
          2310.1541748046875,
          989.579833984375
        ],
        [
          2644.1541748046875,
          989.579833984375
        ],
        [
          2366.1541748046875,
          1737.579833984375
        ],
        [
          2524.1541748046875,
          1741.579833984375
        ],
        [
          1352.1541748046875,
          1047.579833984375
        ],
        [
          2592.1541748046875,
          1047.579833984375
        ],
        [
          2592.1541748046875,
          2257.579833984375
        ],
        [
          2212.1541748046875,
          2311.579833984375
        ],
        [
          2644.1541748046875,
          2311.579833984375
        ],
        [
          1296.1541748046875,
          993.579833984375
        ],
        [
          1296.1541748046875,
          2311.579833984375
        ],
        [
          2644.1541748046875,
          993.579833984375
        ],
        [
          2644.1541748046875,
          2311.579833984375
        ],
        [
          2312.1541748046875,
          989.579833984375
        ],
        [
          2310.1541748046875,
          1107.579833984375
        ],
        [
          2524.1541748046875,
          1106.579833984375
        ],
        [
          2526.1541748046875,
          1737.579833984375
        ],
        [
          1462.1541748046875,
          1821.579833984375
        ],
        [
          1462.1541748046875,
          1823.579833984375
        ],
        [
          1352.1541748046875,
          1047.579833984375
        ],
        [
          1352.1541748046875,
          2259.579833984375
        ],
        [
          2215.1541748046875,
          2257.579833984375
        ],
        [
          2215.1541748046875,
          2311.579833984375
        ],
        [
          1974.1541748046875,
          2259.579833984375
        ],
        [
          1970.1541748046875,
          2311.579833984375
        ]
      ],
      "rotate": 0,
      "semantic": {
        "element": "墙轮廓",
        "path": [
          "0, 1",
          "2, 3",
          "4, 5",
          "6, 7",
          "8, 9",
          "10, 11",
          "12, 13",
          "14, 15",
          "16, 17",
          "18, 19, 20",
          "21, 22",
          "23, 24",
          "25, 26",
          "27, 28",
          "29, 30",
          "31, 32",
          "33, 34",
          "35, 36",
          "37, 38"
        ],
        "links": []
      },
      "ext": {}
    },
    {
      "id": 2,
      "type": "outline",
      "shape": "polyline",
      "coord": [
        [
          1298.1541748046875,
          991.579833984375
        ],
        [
          1964.1541748046875,
          991.579833984375
        ],
        [
          1298.1541748046875,
          2313.579833984375
        ],
        [
          1972.1541748046875,
          2313.579833984375
        ],
        [
          1354.1541748046875,
          1045.579833984375
        ],
        [
          2590.1541748046875,
          1045.579833984375
        ],
        [
          1350.1541748046875,
          2257.579833984375
        ],
        [
          1972.1541748046875,
          2257.579833984375
        ],
        [
          1972.1541748046875,
          2313.579833984375
        ],
        [
          2214.1541748046875,
          2313.579833984375
        ],
        [
          2648.1541748046875,
          2313.579833984375
        ],
        [
          2234.1541748046875,
          991.579833984375
        ],
        [
          2648.1541748046875,
          993.579833984375
        ],
        [
          2648.1541748046875,
          2312.579833984375
        ],
        [
          2214.1541748046875,
          2257.579833984375
        ],
        [
          2593.1541748046875,
          2257.579833984375
        ],
        [
          1298.1541748046875,
          991.579833984375
        ],
        [
          1298.1541748046875,
          2313.579833984375
        ],
        [
          1350.1541748046875,
          1045.579833984375
        ],
        [
          1354.1541748046875,
          2257.579833984375
        ],
        [
          2593.1541748046875,
          1045.579833984375
        ],
        [
          2590.1541748046875,
          2257.579833984375
        ],
        [
          2214.1541748046875,
          2257.579833984375
        ],
        [
          2214.1541748046875,
          2313.579833984375
        ]
      ],
      "rotate": 0,
      "semantic": {
        "element": "墙轮廓",
        "path": [
          "0, 1",
          "2, 3",
          "4, 5",
          "6, 7, 8",
          "9, 10",
          "11, 12, 13",
          "14, 15",
          "16, 17",
          "18, 19",
          "20, 21",
          "22, 23"
        ],
        "links": []
      },
      "ext": {}
    },
    {
      "id": 2,
      "type": "polyline",
      "shape": "polyline",
      "coord": [
        [
          2718.1541748046875,
          1045.579833984375
        ],
        [
          2718.1541748046875,
          1179.579833984375
        ]
      ],
      "rotate": 0,
      "semantic": {
        "element": "标尺",
        "links": []
      },
      "ext": {
        "文字识别结果": [
          "1009"
        ]
      }
    },
    {
      "id": 3,
      "type": "polyline",
      "shape": "polyline",
      "coord": [
        [
          1150.1541748046875,
          1043.579833984375
        ],
        [
          1150.1541748046875,
          2257.579833984375
        ]
      ],
      "rotate": 0,
      "semantic": {
        "element": "标尺",
        "links": []
      },
      "ext": {
        "文字识别结果": [
          "4500"
        ]
      }
    },
    {
      "id": 4,
      "type": "polyline",
      "shape": "polyline",
      "coord": [
        [
          1238.1541748046875,
          1272.579833984375
        ],
        [
          1238.1541748046875,
          1312.579833984375
        ]
      ],
      "rotate": 0,
      "semantic": {
        "element": "标尺",
        "links": []
      },
      "ext": {
        "文字识别结果": [
          ""
        ]
      }
    },
    {
      "id": 5,
      "type": "polyline",
      "shape": "polyline",
      "coord": [
        [
          2708.1541748046875,
          1277.579833984375
        ],
        [
          2708.1541748046875,
          1337.579833984375
        ]
      ],
      "rotate": 0,
      "semantic": {
        "element": "标尺",
        "links": []
      },
      "ext": {
        "文字识别结果": [
          ""
        ]
      }
    },
    {
      "id": 6,
      "type": "polyline",
      "shape": "polyline",
      "coord": [
        [
          1238.1541748046875,
          1821.579833984375
        ],
        [
          1238.1541748046875,
          1862.579833984375
        ]
      ],
      "rotate": 0,
      "semantic": {
        "element": "标尺",
        "links": []
      },
      "ext": {
        "文字识别结果": [
          ""
        ]
      }
    },
    {
      "id": 7,
      "type": "polyline",
      "shape": "polyline",
      "coord": [
        [
          2706.1541748046875,
          1724.579833984375
        ],
        [
          2706.1541748046875,
          1781.579833984375
        ]
      ],
      "rotate": 0,
      "semantic": {
        "element": "标尺",
        "links": []
      },
      "ext": {
        "文字识别结果": [
          ""
        ]
      }
    },
    {
      "id": 8,
      "type": "polyline",
      "shape": "polyline",
      "coord": [
        [
          1258.1541748046875,
          2065.579833984375
        ],
        [
          1258.1541748046875,
          2197.579833984375
        ]
      ],
      "rotate": 0,
      "semantic": {
        "element": "标尺",
        "links": []
      },
      "ext": {
        "文字识别结果": [
          "10091"
        ]
      }
    },
    {
      "id": 9,
      "type": "polyline",
      "shape": "polyline",
      "coord": [
        [
          2716.1541748046875,
          2049.579833984375
        ],
        [
          2716.1541748046875,
          2255.579833984375
        ]
      ],
      "rotate": 0,
      "semantic": {
        "element": "标尺",
        "links": []
      },
      "ext": {
        "文字识别结果": [
          "800"
        ]
      }
    },
    {
      "id": 10,
      "type": "polyline",
      "shape": "polyline",
      "coord": [
        [
          1238.1541748046875,
          1312.579833984375
        ],
        [
          1238.1541748046875,
          1502.579833984375
        ]
      ],
      "rotate": 0,
      "semantic": {
        "element": "标尺",
        "links": []
      },
      "ext": {
        "文字识别结果": [
          "100↓"
        ]
      }
    },
    {
      "id": 11,
      "type": "polyline",
      "shape": "polyline",
      "coord": [
        [
          2708.1541748046875,
          1337.579833984375
        ],
        [
          2708.1541748046875,
          1429.579833984375
        ]
      ],
      "rotate": 0,
      "semantic": {
        "element": "标尺",
        "links": []
      },
      "ext": {
        "文字识别结果": [
          "Koot"
        ]
      }
    },
    {
      "id": 12,
      "type": "polyline",
      "shape": "polyline",
      "coord": [
        [
          2708.1541748046875,
          1429.579833984375
        ],
        [
          2708.1541748046875,
          1491.579833984375
        ]
      ],
      "rotate": 0,
      "semantic": {
        "element": "标尺",
        "links": []
      },
      "ext": {
        "文字识别结果": [
          ""
        ]
      }
    },
    {
      "id": 13,
      "type": "polyline",
      "shape": "polyline",
      "coord": [
        [
          1238.1541748046875,
          1502.579833984375
        ],
        [
          1238.1541748046875,
          1693.579833984375
        ]
      ],
      "rotate": 0,
      "semantic": {
        "element": "标尺",
        "links": []
      },
      "ext": {
        "文字识别结果": [
          "100"
        ]
      }
    },
    {
      "id": 14,
      "type": "polyline",
      "shape": "polyline",
      "coord": [
        [
          2710.1541748046875,
          1491.579833984375
        ],
        [
          2710.1541748046875,
          1574.579833984375
        ]
      ],
      "rotate": 0,
      "semantic": {
        "element": "标尺",
        "links": []
      },
      "ext": {
        "文字识别结果": [
          "2p0"
        ]
      }
    },
    {
      "id": 15,
      "type": "polyline",
      "shape": "polyline",
      "coord": [
        [
          2710.1541748046875,
          1574.579833984375
        ],
        [
          2710.1541748046875,
          1633.579833984375
        ]
      ],
      "rotate": 0,
      "semantic": {
        "element": "标尺",
        "links": []
      },
      "ext": {
        "文字识别结果": [
          ""
        ]
      }
    },
    {
      "id": 16,
      "type": "polyline",
      "shape": "polyline",
      "coord": [
        [
          1237.1541748046875,
          1693.579833984375
        ],
        [
          1237.1541748046875,
          1822.579833984375
        ]
      ],
      "rotate": 0,
      "semantic": {
        "element": "标尺",
        "links": []
      },
      "ext": {
        "文字识别结果": [
          "100"
        ]
      }
    },
    {
      "id": 17,
      "type": "polyline",
      "shape": "polyline",
      "coord": [
        [
          2708.1541748046875,
          1721.579833984375
        ],
        [
          2708.1541748046875,
          1781.579833984375
        ]
      ],
      "rotate": 0,
      "semantic": {
        "element": "标尺",
        "links": []
      },
      "ext": {
        "文字识别结果": [
          ""
        ]
      }
    },
    {
      "id": 18,
      "type": "polyline",
      "shape": "polyline",
      "coord": [
        [
          2708.1541748046875,
          1633.579833984375
        ],
        [
          2708.1541748046875,
          1721.579833984375
        ]
      ],
      "rotate": 0,
      "semantic": {
        "element": "标尺",
        "links": []
      },
      "ext": {
        "文字识别结果": [
          "200"
        ]
      }
    },
    {
      "id": 19,
      "type": "polyline",
      "shape": "polyline",
      "coord": [
        [
          2712.1541748046875,
          1781.579833984375
        ],
        [
          2712.1541748046875,
          2257.579833984375
        ]
      ],
      "rotate": 0,
      "semantic": {
        "element": "标尺",
        "links": []
      },
      "ext": {
        "文字识别结果": [
          "800"
        ]
      }
    },
    {
      "id": 20,
      "type": "polyline",
      "shape": "polyline",
      "coord": [
        [
          1352.1541748046875,
          925.579833984375
        ],
        [
          1502.1541748046875,
          925.579833984375
        ]
      ],
      "rotate": 0,
      "semantic": {
        "element": "标尺",
        "links": []
      },
      "ext": {
        "文字识别结果": [
          "500"
        ]
      }
    },
    {
      "id": 21,
      "type": "polyline",
      "shape": "polyline",
      "coord": [
        [
          1658.1541748046875,
          965.579833984375
        ],
        [
          1716.1541748046875,
          965.579833984375
        ]
      ],
      "rotate": 0,
      "semantic": {
        "element": "标尺",
        "links": []
      },
      "ext": {
        "文字识别结果": [
          ""
        ]
      }
    },
    {
      "id": 22,
      "type": "polyline",
      "shape": "polyline",
      "coord": [
        [
          1655.1541748046875,
          965.579833984375
        ],
        [
          1716.1541748046875,
          965.579833984375
        ]
      ],
      "rotate": 0,
      "semantic": {
        "element": "标尺",
        "links": []
      },
      "ext": {
        "文字识别结果": [
          ""
        ]
      }
    },
    {
      "id": 23,
      "type": "polyline",
      "shape": "polyline",
      "coord": [
        [
          1966.1541748046875,
          965.579833984375
        ],
        [
          2022.1541748046875,
          965.579833984375
        ]
      ],
      "rotate": 0,
      "semantic": {
        "element": "标尺",
        "links": []
      },
      "ext": {
        "文字识别结果": [
          ""
        ]
      }
    },
    {
      "id": 24,
      "type": "polyline",
      "shape": "polyline",
      "coord": [
        [
          2478.1541748046875,
          949.579833984375
        ],
        [
          2592.1541748046875,
          949.579833984375
        ]
      ],
      "rotate": 0,
      "semantic": {
        "element": "标尺",
        "links": []
      },
      "ext": {
        "文字识别结果": [
          "24430"
        ]
      }
    },
    {
      "id": 25,
      "type": "polyline",
      "shape": "polyline",
      "coord": [
        [
          2496.1541748046875,
          2193.579833984375
        ],
        [
          2592.1541748046875,
          2193.579833984375
        ]
      ],
      "rotate": 0,
      "semantic": {
        "element": "标尺",
        "links": []
      },
      "ext": {
        "文字识别结果": [
          "350"
        ]
      }
    },
    {
      "id": 26,
      "type": "polyline",
      "shape": "polyline",
      "coord": [
        [
          1352.1541748046875,
          2351.579833984375
        ],
        [
          1514.1541748046875,
          2351.579833984375
        ]
      ],
      "rotate": 0,
      "semantic": {
        "element": "标尺",
        "links": []
      },
      "ext": {
        "文字识别结果": [
          "600"
        ]
      }
    },
    {
      "id": 27,
      "type": "polyline",
      "shape": "polyline",
      "coord": [
        [
          1352.1541748046875,
          2415.579833984375
        ],
        [
          1610.1541748046875,
          2415.579833984375
        ]
      ],
      "rotate": 0,
      "semantic": {
        "element": "标尺",
        "links": []
      },
      "ext": {
        "文字识别结果": [
          "6001000"
        ]
      }
    },
    {
      "id": 28,
      "type": "polyline",
      "shape": "polyline",
      "coord": [
        [
          1974.1541748046875,
          2387.579833984375
        ],
        [
          2216.1541748046875,
          2387.579833984375
        ]
      ],
      "rotate": 0,
      "semantic": {
        "element": "标尺",
        "links": []
      },
      "ext": {
        "文字识别结果": [
          "900"
        ]
      }
    },
    {
      "id": 29,
      "type": "polyline",
      "shape": "polyline",
      "coord": [
        [
          1352.1541748046875,
          2537.579833984375
        ],
        [
          2592.1541748046875,
          2537.579833984375
        ]
      ],
      "rotate": 0,
      "semantic": {
        "element": "标尺",
        "links": []
      },
      "ext": {
        "文字识别结果": [
          "4600"
        ]
      }
    },
    {
      "id": 30,
      "type": "polyline",
      "shape": "polyline",
      "coord": [
        [
          1716.1541748046875,
          965.579833984375
        ],
        [
          2022.1541748046875,
          965.579833984375
        ]
      ],
      "rotate": 0,
      "semantic": {
        "element": "标尺",
        "links": []
      },
      "ext": {
        "文字识别结果": [
          "200"
        ]
      }
    },
    {
      "id": 31,
      "type": "polyline",
      "shape": "polyline",
      "coord": [
        [
          2026.1541748046875,
          965.579833984375
        ],
        [
          2136.1541748046875,
          965.579833984375
        ]
      ],
      "rotate": 0,
      "semantic": {
        "element": "标尺",
        "links": []
      },
      "ext": {
        "文字识别结果": [
          "200"
        ]
      }
    },
    {
      "id": 32,
      "type": "polyline",
      "shape": "polyline",
      "coord": [
        [
          2196.1541748046875,
          965.579833984375
        ],
        [
          2310.1541748046875,
          965.579833984375
        ]
      ],
      "rotate": 0,
      "semantic": {
        "element": "标尺",
        "links": []
      },
      "ext": {
        "文字识别结果": [
          "200L"
        ]
      }
    },
    {
      "id": 33,
      "type": "polyline",
      "shape": "polyline",
      "coord": [
        [
          2136.1541748046875,
          965.579833984375
        ],
        [
          2196.1541748046875,
          965.579833984375
        ]
      ],
      "rotate": 0,
      "semantic": {
        "element": "标尺",
        "links": []
      },
      "ext": {
        "文字识别结果": [
          ""
        ]
      }
    },
    {
      "id": 34,
      "type": "polyline",
      "shape": "polyline",
      "coord": [
        [
          2310.1541748046875,
          965.579833984375
        ],
        [
          2370.1541748046875,
          965.579833984375
        ]
      ],
      "rotate": 0,
      "semantic": {
        "element": "标尺",
        "links": []
      },
      "ext": {
        "文字识别结果": [
          ""
        ]
      }
    },
    {
      "id": 35,
      "type": "polyline",
      "shape": "polyline",
      "coord": [
        [
          2216.1541748046875,
          2387.579833984375
        ],
        [
          2592.1541748046875,
          2387.579833984375
        ]
      ],
      "rotate": 0,
      "semantic": {
        "element": "标尺",
        "links": []
      },
      "ext": {
        "文字识别结果": [
          "1400"
        ]
      }
    },
    {
      "id": 36,
      "type": "box",
      "shape": "rect",
      "coord": [
        [
          1610.1541748046875,
          1257.579833984375
        ],
        [
          1752.1541748046875,
          1417.579833984375
        ]
      ],
      "rotate": 0,
      "semantic": {
        "element": "机柜",
        "links": []
      },
      "ext": {
        "文字识别结果": [
          "2"
        ],
        "门朝向": "right",
        "表格匹配结果": [
          "2",
          "传输设备",
          "",
          "",
          "樂",
          "4",
          "原有"
        ]
      }
    },
    {
      "id": 37,
      "type": "box",
      "shape": "rect",
      "coord": [
        [
          1610.1541748046875,
          1417.579833984375
        ],
        [
          1752.1541748046875,
          1579.579833984375
        ]
      ],
      "rotate": 0,
      "semantic": {
        "element": "机柜",
        "links": []
      },
      "ext": {
        "文字识别结果": [
          "1W"
        ],
        "门朝向": "right",
        "表格匹配结果": [
          "1W",
          "主设备",
          "",
          "60600180",
          "",
          "",
          "原有"
        ]
      }
    },
    {
      "id": 38,
      "type": "box",
      "shape": "rect",
      "coord": [
        [
          1610.1541748046875,
          1579.579833984375
        ],
        [
          1752.1541748046875,
          1741.579833984375
        ]
      ],
      "rotate": 0,
      "semantic": {
        "element": "机柜",
        "links": []
      },
      "ext": {
        "文字识别结果": [
          "1W"
        ],
        "门朝向": "right",
        "表格匹配结果": [
          "1W",
          "主设备",
          "",
          "60600180",
          "",
          "",
          "原有"
        ]
      }
    },
    {
      "id": 39,
      "type": "box",
      "shape": "rect",
      "coord": [
        [
          2334.1541748046875,
          2097.579833984375
        ],
        [
          2496.1541748046875,
          2255.579833984375
        ]
      ],
      "rotate": 0,
      "semantic": {
        "element": "机柜",
        "links": []
      },
      "ext": {
        "文字识别结果": [
          "电信"
        ],
        "门朝向": "up"
      }
    },
    {
      "id": 40,
      "type": "box",
      "shape": "rect",
      "coord": [
        [
          1352.1541748046875,
          1875.579833984375
        ],
        [
          1428.1541748046875,
          2081.579833984375
        ]
      ],
      "rotate": 0,
      "semantic": {
        "element": "普通设备",
        "links": []
      },
      "ext": {
        "文字识别结果": [
          "5"
        ],
        "表格匹配结果": [
          "5",
          "空调",
          "",
          "975x190x310",
          "台",
          "2",
          "原有"
        ]
      }
    },
    {
      "id": 41,
      "type": "box",
      "shape": "rect",
      "coord": [
        [
          1351.1541748046875,
          1313.579833984375
        ],
        [
          1462.1541748046875,
          1463.579833984375
        ]
      ],
      "rotate": 0,
      "semantic": {
        "element": "普通设备",
        "links": []
      },
      "ext": {
        "文字识别结果": [
          "2"
        ],
        "表格匹配结果": [
          "2",
          "传输设备",
          "",
          "",
          "樂",
          "4",
          "原有"
        ]
      }
    },
    {
      "id": 42,
      "type": "box",
      "shape": "rect",
      "coord": [
        [
          1352.1541748046875,
          1499.579833984375
        ],
        [
          1462.1541748046875,
          1651.579833984375
        ]
      ],
      "rotate": 0,
      "semantic": {
        "element": "普通设备",
        "links": []
      },
      "ext": {
        "文字识别结果": [
          "2"
        ],
        "表格匹配结果": [
          "2",
          "传输设备",
          "",
          "",
          "樂",
          "4",
          "原有"
        ]
      }
    },
    {
      "id": 43,
      "type": "box",
      "shape": "rect",
      "coord": [
        [
          1352.1541748046875,
          1673.579833984375
        ],
        [
          1462.1541748046875,
          1821.579833984375
        ]
      ],
      "rotate": 0,
      "semantic": {
        "element": "普通设备",
        "links": []
      },
      "ext": {
        "文字识别结果": [
          "2"
        ],
        "表格匹配结果": [
          "2",
          "传输设备",
          "",
          "",
          "樂",
          "4",
          "原有"
        ]
      }
    },
    {
      "id": 44,
      "type": "box",
      "shape": "rect",
      "coord": [
        [
          1496.1541748046875,
          2201.579833984375
        ],
        [
          1570.1541748046875,
          2257.579833984375
        ]
      ],
      "rotate": 0,
      "semantic": {
        "element": "普通设备",
        "links": []
      },
      "ext": {
        "文字识别结果": [
          "3D"
        ],
        "表格匹配结果": [
          "3D",
          "电涌保护馨",
          "",
          "3001",
          "",
          "1",
          "原有"
        ]
      }
    },
    {
      "id": 45,
      "type": "box",
      "shape": "rect",
      "coord": [
        [
          1569.1541748046875,
          2197.579833984375
        ],
        [
          1732.1541748046875,
          2257.579833984375
        ]
      ],
      "rotate": 0,
      "semantic": {
        "element": "普通设备",
        "links": []
      },
      "ext": {
        "文字识别结果": [
          "3A"
        ],
        "表格匹配结果": [
          "3A",
          "交流配电箱",
          "",
          "550x/00x180",
          "个",
          "",
          "原有"
        ]
      }
    },
    {
      "id": 46,
      "type": "box",
      "shape": "rect",
      "coord": [
        [
          1783.1541748046875,
          1047.579833984375
        ],
        [
          1808.1541748046875,
          1071.579833984375
        ]
      ],
      "rotate": 0,
      "semantic": {
        "element": "普通设备",
        "links": []
      },
      "ext": {
        "文字识别结果": [
          ""
        ]
      }
    },
    {
      "id": 47,
      "type": "box",
      "shape": "rect",
      "coord": [
        [
          1752.1541748046875,
          2205.579833984375
        ],
        [
          1896.1541748046875,
          2257.579833984375
        ]
      ],
      "rotate": 0,
      "semantic": {
        "element": "普通设备",
        "links": []
      },
      "ext": {
        "文字识别结果": [
          "6"
        ],
        "表格匹配结果": [
          "6",
          "环境监控",
          "",
          "320x500x150",
          "台",
          "",
          "原有"
        ]
      }
    },
    {
      "id": 48,
      "type": "box",
      "shape": "rect",
      "coord": [
        [
          1898.1541748046875,
          1047.579833984375
        ],
        [
          2002.1541748046875,
          1103.579833984375
        ]
      ],
      "rotate": 0,
      "semantic": {
        "element": "普通设备",
        "links": []
      },
      "ext": {
        "文字识别结果": [
          ""
        ]
      }
    },
    {
      "id": 49,
      "type": "box",
      "shape": "rect",
      "coord": [
        [
          2068.1541748046875,
          1047.579833984375
        ],
        [
          2092.1541748046875,
          1071.579833984375
        ]
      ],
      "rotate": 0,
      "semantic": {
        "element": "普通设备",
        "links": []
      },
      "ext": {
        "文字识别结果": [
          ""
        ]
      }
    },
    {
      "id": 50,
      "type": "box",
      "shape": "rect",
      "coord": [
        [
          2094.1541748046875,
          1046.579833984375
        ],
        [
          2109.1541748046875,
          1071.579833984375
        ]
      ],
      "rotate": 0,
      "semantic": {
        "element": "普通设备",
        "links": []
      },
      "ext": {
        "文字识别结果": [
          ""
        ]
      }
    },
    {
      "id": 51,
      "type": "box",
      "shape": "rect",
      "coord": [
        [
          2434.1541748046875,
          1626.579833984375
        ],
        [
          2524.1541748046875,
          1721.579833984375
        ]
      ],
      "rotate": 0,
      "semantic": {
        "element": "普通设备",
        "links": []
      },
      "ext": {
        "文字识别结果": [
          "34"
        ]
      }
    },
    {
      "id": 52,
      "type": "box",
      "shape": "rect",
      "coord": [
        [
          2434.1541748046875,
          1182.579833984375
        ],
        [
          2525.1541748046875,
          1277.579833984375
        ]
      ],
      "rotate": 0,
      "semantic": {
        "element": "普通设备",
        "links": []
      },
      "ext": {
        "文字识别结果": [
          "34"
        ]
      }
    },
    {
      "id": 53,
      "type": "box",
      "shape": "rect",
      "coord": [
        [
          2433.1541748046875,
          1482.579833984375
        ],
        [
          2525.1541748046875,
          1575.579833984375
        ]
      ],
      "rotate": 0,
      "semantic": {
        "element": "普通设备",
        "links": []
      },
      "ext": {
        "文字识别结果": [
          "34"
        ]
      }
    },
    {
      "id": 54,
      "type": "box",
      "shape": "rect",
      "coord": [
        [
          2433.1541748046875,
          1336.579833984375
        ],
        [
          2526.1541748046875,
          1428.579833984375
        ]
      ],
      "rotate": 0,
      "semantic": {
        "element": "普通设备",
        "links": []
      },
      "ext": {
        "文字识别结果": [
          "34"
        ]
      }
    },
    {
      "id": 55,
      "type": "box",
      "shape": "rect",
      "coord": [
        [
          2525.1541748046875,
          1183.579833984375
        ],
        [
          2591.1541748046875,
          1277.579833984375
        ]
      ],
      "rotate": 0,
      "semantic": {
        "element": "普通设备",
        "links": []
      },
      "ext": {
        "文字识别结果": [
          "18"
        ]
      }
    },
    {
      "id": 56,
      "type": "box",
      "shape": "rect",
      "coord": [
        [
          2526.1541748046875,
          1627.579833984375
        ],
        [
          2591.1541748046875,
          1721.579833984375
        ]
      ],
      "rotate": 0,
      "semantic": {
        "element": "普通设备",
        "links": []
      },
      "ext": {
        "文字识别结果": [
          "18"
        ]
      }
    },
    {
      "id": 57,
      "type": "box",
      "shape": "rect",
      "coord": [
        [
          2486.1541748046875,
          1046.579833984375
        ],
        [
          2592.1541748046875,
          1099.579833984375
        ]
      ],
      "rotate": 0,
      "semantic": {
        "element": "普通设备",
        "links": []
      },
      "ext": {
        "文字识别结果": [
          ""
        ]
      }
    },
    {
      "id": 58,
      "type": "box",
      "shape": "rect",
      "coord": [
        [
          2526.1541748046875,
          1277.579833984375
        ],
        [
          2592.1541748046875,
          1337.579833984375
        ]
      ],
      "rotate": 0,
      "semantic": {
        "element": "普通设备",
        "links": []
      },
      "ext": {
        "文字识别结果": [
          ""
        ]
      }
    },
    {
      "id": 59,
      "type": "box",
      "shape": "rect",
      "coord": [
        [
          2526.1541748046875,
          1337.579833984375
        ],
        [
          2592.1541748046875,
          1429.579833984375
        ]
      ],
      "rotate": 0,
      "semantic": {
        "element": "普通设备",
        "links": []
      },
      "ext": {
        "文字识别结果": [
          "18"
        ]
      }
    },
    {
      "id": 60,
      "type": "box",
      "shape": "rect",
      "coord": [
        [
          2526.1541748046875,
          1479.579833984375
        ],
        [
          2592.1541748046875,
          1571.579833984375
        ]
      ],
      "rotate": 0,
      "semantic": {
        "element": "普通设备",
        "links": []
      },
      "ext": {
        "文字识别结果": [
          "18"
        ]
      }
    },
    {
      "id": 61,
      "type": "box",
      "shape": "rect",
      "coord": [
        [
          2525.1541748046875,
          1575.579833984375
        ],
        [
          2592.1541748046875,
          1625.579833984375
        ]
      ],
      "rotate": 0,
      "semantic": {
        "element": "普通设备",
        "links": []
      },
      "ext": {
        "文字识别结果": [
          ""
        ]
      }
    },
    {
      "id": 62,
      "type": "box",
      "shape": "rect",
      "coord": [
        [
          2494.1541748046875,
          1769.579833984375
        ],
        [
          2592.1541748046875,
          2049.579833984375
        ]
      ],
      "rotate": 0,
      "semantic": {
        "element": "普通设备",
        "links": []
      },
      "ext": {
        "文字识别结果": [
          "5"
        ],
        "表格匹配结果": [
          "5",
          "空调",
          "",
          "975x190x310",
          "台",
          "2",
          "原有"
        ]
      }
    },
    {
      "id": 63,
      "type": "polyline",
      "shape": "polyline",
      "coord": [
        [
          1152.1541748046875,
          1045.579833984375
        ],
        [
          1152.1541748046875,
          2257.579833984375
        ]
      ],
      "rotate": 0,
      "semantic": {
        "element": "标尺",
        "links": []
      },
      "ext": {
        "文字识别结果": [
          "4500"
        ]
      }
    },
    {
      "id": 64,
      "type": "polyline",
      "shape": "polyline",
      "coord": [
        [
          2720.1541748046875,
          1045.579833984375
        ],
        [
          2720.1541748046875,
          1181.579833984375
        ]
      ],
      "rotate": 0,
      "semantic": {
        "element": "标尺",
        "links": []
      },
      "ext": {
        "文字识别结果": [
          "+o0g1"
        ]
      }
    },
    {
      "id": 65,
      "type": "polyline",
      "shape": "polyline",
      "coord": [
        [
          1236.1541748046875,
          1271.579833984375
        ],
        [
          1236.1541748046875,
          1311.579833984375
        ]
      ],
      "rotate": 0,
      "semantic": {
        "element": "标尺",
        "links": []
      },
      "ext": {
        "文字识别结果": [
          ""
        ]
      }
    },
    {
      "id": 66,
      "type": "polyline",
      "shape": "polyline",
      "coord": [
        [
          2708.1541748046875,
          1275.579833984375
        ],
        [
          2708.1541748046875,
          1339.579833984375
        ]
      ],
      "rotate": 0,
      "semantic": {
        "element": "标尺",
        "links": []
      },
      "ext": {
        "文字识别结果": [
          ""
        ]
      }
    },
    {
      "id": 67,
      "type": "polyline",
      "shape": "polyline",
      "coord": [
        [
          1258.1541748046875,
          2067.579833984375
        ],
        [
          1258.1541748046875,
          2195.579833984375
        ]
      ],
      "rotate": 0,
      "semantic": {
        "element": "标尺",
        "links": []
      },
      "ext": {
        "文字识别结果": [
          "500↓"
        ]
      }
    },
    {
      "id": 68,
      "type": "polyline",
      "shape": "polyline",
      "coord": [
        [
          2716.1541748046875,
          2051.579833984375
        ],
        [
          2716.1541748046875,
          2257.579833984375
        ]
      ],
      "rotate": 0,
      "semantic": {
        "element": "标尺",
        "links": []
      },
      "ext": {
        "文字识别结果": [
          "800"
        ]
      }
    },
    {
      "id": 69,
      "type": "polyline",
      "shape": "polyline",
      "coord": [
        [
          1236.1541748046875,
          1311.579833984375
        ],
        [
          1236.1541748046875,
          1501.579833984375
        ]
      ],
      "rotate": 0,
      "semantic": {
        "element": "标尺",
        "links": []
      },
      "ext": {
        "文字识别结果": [
          "100米"
        ]
      }
    },
    {
      "id": 70,
      "type": "polyline",
      "shape": "polyline",
      "coord": [
        [
          2708.1541748046875,
          1339.579833984375
        ],
        [
          2708.1541748046875,
          1429.579833984375
        ]
      ],
      "rotate": 0,
      "semantic": {
        "element": "标尺",
        "links": []
      },
      "ext": {
        "文字识别结果": [
          "200"
        ]
      }
    },
    {
      "id": 71,
      "type": "polyline",
      "shape": "polyline",
      "coord": [
        [
          1236.1541748046875,
          1501.579833984375
        ],
        [
          1236.1541748046875,
          1691.579833984375
        ]
      ],
      "rotate": 0,
      "semantic": {
        "element": "标尺",
        "links": []
      },
      "ext": {
        "文字识别结果": [
          "100!"
        ]
      }
    },
    {
      "id": 72,
      "type": "polyline",
      "shape": "polyline",
      "coord": [
        [
          2708.1541748046875,
          1573.579833984375
        ],
        [
          2708.1541748046875,
          1635.579833984375
        ]
      ],
      "rotate": 0,
      "semantic": {
        "element": "标尺",
        "links": []
      },
      "ext": {
        "文字识别结果": [
          ""
        ]
      }
    },
    {
      "id": 73,
      "type": "polyline",
      "shape": "polyline",
      "coord": [
        [
          2708.1541748046875,
          1493.579833984375
        ],
        [
          2708.1541748046875,
          1573.579833984375
        ]
      ],
      "rotate": 0,
      "semantic": {
        "element": "标尺",
        "links": []
      },
      "ext": {
        "文字识别结果": [
          "2p0"
        ]
      }
    },
    {
      "id": 74,
      "type": "polyline",
      "shape": "polyline",
      "coord": [
        [
          2708.1541748046875,
          1429.579833984375
        ],
        [
          2708.1541748046875,
          1493.579833984375
        ]
      ],
      "rotate": 0,
      "semantic": {
        "element": "标尺",
        "links": []
      },
      "ext": {
        "文字识别结果": [
          ""
        ]
      }
    },
    {
      "id": 75,
      "type": "polyline",
      "shape": "polyline",
      "coord": [
        [
          1236.1541748046875,
          1691.579833984375
        ],
        [
          1236.1541748046875,
          1861.579833984375
        ]
      ],
      "rotate": 0,
      "semantic": {
        "element": "标尺",
        "links": []
      },
      "ext": {
        "文字识别结果": [
          "100"
        ]
      }
    },
    {
      "id": 76,
      "type": "polyline",
      "shape": "polyline",
      "coord": [
        [
          2708.1541748046875,
          1635.579833984375
        ],
        [
          2708.1541748046875,
          1723.579833984375
        ]
      ],
      "rotate": 0,
      "semantic": {
        "element": "标尺",
        "links": []
      },
      "ext": {
        "文字识别结果": [
          "a+"
        ]
      }
    },
    {
      "id": 77,
      "type": "polyline",
      "shape": "polyline",
      "coord": [
        [
          2708.1541748046875,
          1723.579833984375
        ],
        [
          2708.1541748046875,
          1781.579833984375
        ]
      ],
      "rotate": 0,
      "semantic": {
        "element": "标尺",
        "links": []
      },
      "ext": {
        "文字识别结果": [
          ""
        ]
      }
    },
    {
      "id": 78,
      "type": "polyline",
      "shape": "polyline",
      "coord": [
        [
          1350.1541748046875,
          923.579833984375
        ],
        [
          1504.1541748046875,
          923.579833984375
        ]
      ],
      "rotate": 0,
      "semantic": {
        "element": "标尺",
        "links": []
      },
      "ext": {
        "文字识别结果": [
          "500"
        ]
      }
    },
    {
      "id": 79,
      "type": "polyline",
      "shape": "polyline",
      "coord": [
        [
          1658.1541748046875,
          963.579833984375
        ],
        [
          1718.1541748046875,
          963.579833984375
        ]
      ],
      "rotate": 0,
      "semantic": {
        "element": "标尺",
        "links": []
      },
      "ext": {
        "文字识别结果": [
          ""
        ]
      }
    },
    {
      "id": 80,
      "type": "polyline",
      "shape": "polyline",
      "coord": [
        [
          2478.1541748046875,
          947.579833984375
        ],
        [
          2590.1541748046875,
          947.579833984375
        ]
      ],
      "rotate": 0,
      "semantic": {
        "element": "标尺",
        "links": []
      },
      "ext": {
        "文字识别结果": [
          "44301"
        ]
      }
    },
    {
      "id": 81,
      "type": "polyline",
      "shape": "polyline",
      "coord": [
        [
          1354.1541748046875,
          2415.579833984375
        ],
        [
          1608.1541748046875,
          2415.579833984375
        ]
      ],
      "rotate": 0,
      "semantic": {
        "element": "标尺",
        "links": []
      },
      "ext": {
        "文字识别结果": [
          "6001000"
        ]
      }
    },
    {
      "id": 82,
      "type": "polyline",
      "shape": "polyline",
      "coord": [
        [
          1354.1541748046875,
          2349.579833984375
        ],
        [
          1512.1541748046875,
          2349.579833984375
        ]
      ],
      "rotate": 0,
      "semantic": {
        "element": "标尺",
        "links": []
      },
      "ext": {
        "文字识别结果": [
          "600"
        ]
      }
    },
    {
      "id": 83,
      "type": "polyline",
      "shape": "polyline",
      "coord": [
        [
          1972.1541748046875,
          2389.579833984375
        ],
        [
          2214.1541748046875,
          2389.579833984375
        ]
      ],
      "rotate": 0,
      "semantic": {
        "element": "标尺",
        "links": []
      },
      "ext": {
        "文字识别结果": [
          "900"
        ]
      }
    },
    {
      "id": 84,
      "type": "polyline",
      "shape": "polyline",
      "coord": [
        [
          2494.1541748046875,
          2197.579833984375
        ],
        [
          2590.1541748046875,
          2197.579833984375
        ]
      ],
      "rotate": 0,
      "semantic": {
        "element": "标尺",
        "links": []
      },
      "ext": {
        "文字识别结果": [
          "350"
        ]
      }
    },
    {
      "id": 85,
      "type": "polyline",
      "shape": "polyline",
      "coord": [
        [
          1354.1541748046875,
          2539.579833984375
        ],
        [
          2590.1541748046875,
          2539.579833984375
        ]
      ],
      "rotate": 0,
      "semantic": {
        "element": "标尺",
        "links": []
      },
      "ext": {
        "文字识别结果": [
          "4600"
        ]
      }
    },
    {
      "id": 86,
      "type": "polyline",
      "shape": "polyline",
      "coord": [
        [
          1718.1541748046875,
          963.579833984375
        ],
        [
          2024.1541748046875,
          963.579833984375
        ]
      ],
      "rotate": 0,
      "semantic": {
        "element": "标尺",
        "links": []
      },
      "ext": {
        "文字识别结果": [
          "200"
        ]
      }
    },
    {
      "id": 87,
      "type": "polyline",
      "shape": "polyline",
      "coord": [
        [
          2024.1541748046875,
          963.579833984375
        ],
        [
          2134.1541748046875,
          963.579833984375
        ]
      ],
      "rotate": 0,
      "semantic": {
        "element": "标尺",
        "links": []
      },
      "ext": {
        "文字识别结果": [
          "200"
        ]
      }
    },
    {
      "id": 88,
      "type": "polyline",
      "shape": "polyline",
      "coord": [
        [
          2134.1541748046875,
          963.579833984375
        ],
        [
          2194.1541748046875,
          963.579833984375
        ]
      ],
      "rotate": 0,
      "semantic": {
        "element": "标尺",
        "links": []
      },
      "ext": {
        "文字识别结果": [
          ""
        ]
      }
    },
    {
      "id": 89,
      "type": "polyline",
      "shape": "polyline",
      "coord": [
        [
          2194.1541748046875,
          963.579833984375
        ],
        [
          2308.1541748046875,
          963.579833984375
        ]
      ],
      "rotate": 0,
      "semantic": {
        "element": "标尺",
        "links": []
      },
      "ext": {
        "文字识别结果": [
          "200L"
        ]
      }
    },
    {
      "id": 90,
      "type": "polyline",
      "shape": "polyline",
      "coord": [
        [
          2308.1541748046875,
          963.579833984375
        ],
        [
          2372.1541748046875,
          963.579833984375
        ]
      ],
      "rotate": 0,
      "semantic": {
        "element": "标尺",
        "links": []
      },
      "ext": {
        "文字识别结果": [
          ""
        ]
      }
    },
    {
      "id": 91,
      "type": "polyline",
      "shape": "polyline",
      "coord": [
        [
          2214.1541748046875,
          2389.579833984375
        ],
        [
          2593.1541748046875,
          2389.579833984375
        ]
      ],
      "rotate": 0,
      "semantic": {
        "element": "标尺",
        "links": []
      },
      "ext": {
        "文字识别结果": [
          "1400"
        ]
      }
    },
    {
      "id": 92,
      "type": "box",
      "shape": "rect",
      "coord": [
        [
          1572.1541748046875,
          2195.579833984375
        ],
        [
          1730.1541748046875,
          2257.579833984375
        ]
      ],
      "rotate": 0,
      "semantic": {
        "element": "机柜",
        "links": []
      },
      "ext": {
        "文字识别结果": [
          "3A"
        ],
        "门朝向": "up",
        "表格匹配结果": [
          "3A",
          "交流配电箱",
          "",
          "550x/00x180",
          "个",
          "",
          "原有"
        ]
      }
    },
    {
      "id": 93,
      "type": "box",
      "shape": "rect",
      "coord": [
        [
          1608.1541748046875,
          1259.579833984375
        ],
        [
          1750.1541748046875,
          1417.579833984375
        ]
      ],
      "rotate": 0,
      "semantic": {
        "element": "机柜",
        "links": []
      },
      "ext": {
        "文字识别结果": [
          "2"
        ],
        "门朝向": "right",
        "表格匹配结果": [
          "2",
          "传输设备",
          "",
          "",
          "樂",
          "4",
          "原有"
        ]
      }
    },
    {
      "id": 94,
      "type": "box",
      "shape": "rect",
      "coord": [
        [
          1608.1541748046875,
          1417.579833984375
        ],
        [
          1750.1541748046875,
          1577.579833984375
        ]
      ],
      "rotate": 0,
      "semantic": {
        "element": "机柜",
        "links": []
      },
      "ext": {
        "文字识别结果": [
          "1W"
        ],
        "门朝向": "right",
        "表格匹配结果": [
          "1W",
          "主设备",
          "",
          "60600180",
          "",
          "",
          "原有"
        ]
      }
    },
    {
      "id": 95,
      "type": "box",
      "shape": "rect",
      "coord": [
        [
          1607.1541748046875,
          1581.579833984375
        ],
        [
          1750.1541748046875,
          1739.579833984375
        ]
      ],
      "rotate": 0,
      "semantic": {
        "element": "机柜",
        "links": []
      },
      "ext": {
        "文字识别结果": [
          "1W"
        ],
        "门朝向": "right",
        "表格匹配结果": [
          "1W",
          "主设备",
          "",
          "60600180",
          "",
          "",
          "原有"
        ]
      }
    },
    {
      "id": 96,
      "type": "box",
      "shape": "rect",
      "coord": [
        [
          1350.1541748046875,
          1877.579833984375
        ],
        [
          1428.1541748046875,
          2079.579833984375
        ]
      ],
      "rotate": 0,
      "semantic": {
        "element": "普通设备",
        "links": []
      },
      "ext": {
        "文字识别结果": [
          "5"
        ],
        "表格匹配结果": [
          "5",
          "空调",
          "",
          "975x190x310",
          "台",
          "2",
          "原有"
        ]
      }
    },
    {
      "id": 97,
      "type": "box",
      "shape": "rect",
      "coord": [
        [
          1350.1541748046875,
          1311.579833984375
        ],
        [
          1460.1541748046875,
          1461.579833984375
        ]
      ],
      "rotate": 0,
      "semantic": {
        "element": "普通设备",
        "links": []
      },
      "ext": {
        "文字识别结果": [
          "2"
        ],
        "表格匹配结果": [
          "2",
          "传输设备",
          "",
          "",
          "樂",
          "4",
          "原有"
        ]
      }
    },
    {
      "id": 98,
      "type": "box",
      "shape": "rect",
      "coord": [
        [
          1350.1541748046875,
          1501.579833984375
        ],
        [
          1464.1541748046875,
          1651.579833984375
        ]
      ],
      "rotate": 0,
      "semantic": {
        "element": "普通设备",
        "links": []
      },
      "ext": {
        "文字识别结果": [
          "2"
        ],
        "表格匹配结果": [
          "2",
          "传输设备",
          "",
          "",
          "樂",
          "4",
          "原有"
        ]
      }
    },
    {
      "id": 99,
      "type": "box",
      "shape": "rect",
      "coord": [
        [
          1354.1541748046875,
          1671.579833984375
        ],
        [
          1464.1541748046875,
          1821.579833984375
        ]
      ],
      "rotate": 0,
      "semantic": {
        "element": "普通设备",
        "links": []
      },
      "ext": {
        "文字识别结果": [
          "2"
        ],
        "表格匹配结果": [
          "2",
          "传输设备",
          "",
          "",
          "樂",
          "4",
          "原有"
        ]
      }
    },
    {
      "id": 100,
      "type": "box",
      "shape": "rect",
      "coord": [
        [
          1492.1541748046875,
          2199.579833984375
        ],
        [
          1572.1541748046875,
          2257.579833984375
        ]
      ],
      "rotate": 0,
      "semantic": {
        "element": "普通设备",
        "links": []
      },
      "ext": {
        "文字识别结果": [
          "3D"
        ],
        "表格匹配结果": [
          "3D",
          "电涌保护馨",
          "",
          "3001",
          "",
          "1",
          "原有"
        ]
      }
    },
    {
      "id": 101,
      "type": "box",
      "shape": "rect",
      "coord": [
        [
          1754.1541748046875,
          2207.579833984375
        ],
        [
          1896.1541748046875,
          2257.579833984375
        ]
      ],
      "rotate": 0,
      "semantic": {
        "element": "普通设备",
        "links": []
      },
      "ext": {
        "文字识别结果": [
          "6"
        ],
        "表格匹配结果": [
          "6",
          "环境监控",
          "",
          "320x500x150",
          "台",
          "",
          "原有"
        ]
      }
    },
    {
      "id": 102,
      "type": "box",
      "shape": "rect",
      "coord": [
        [
          1896.1541748046875,
          1045.579833984375
        ],
        [
          2004.1541748046875,
          1101.579833984375
        ]
      ],
      "rotate": 0,
      "semantic": {
        "element": "普通设备",
        "links": []
      },
      "ext": {
        "文字识别结果": [
          ""
        ]
      }
    },
    {
      "id": 103,
      "type": "box",
      "shape": "rect",
      "coord": [
        [
          2066.1541748046875,
          1045.579833984375
        ],
        [
          2094.1541748046875,
          1069.579833984375
        ]
      ],
      "rotate": 0,
      "semantic": {
        "element": "普通设备",
        "links": []
      },
      "ext": {
        "文字识别结果": [
          ""
        ]
      }
    },
    {
      "id": 104,
      "type": "box",
      "shape": "rect",
      "coord": [
        [
          2090.1541748046875,
          1045.579833984375
        ],
        [
          2110.1541748046875,
          1069.579833984375
        ]
      ],
      "rotate": 0,
      "semantic": {
        "element": "普通设备",
        "links": []
      },
      "ext": {
        "文字识别结果": [
          ""
        ]
      }
    },
    {
      "id": 105,
      "type": "box",
      "shape": "rect",
      "coord": [
        [
          2336.1541748046875,
          2126.579833984375
        ],
        [
          2498.1541748046875,
          2257.579833984375
        ]
      ],
      "rotate": 0,
      "semantic": {
        "element": "普通设备",
        "links": []
      },
      "ext": {
        "文字识别结果": [
          "电信"
        ]
      }
    },
    {
      "id": 106,
      "type": "box",
      "shape": "rect",
      "coord": [
        [
          2432.1541748046875,
          1181.579833984375
        ],
        [
          2526.1541748046875,
          1275.579833984375
        ]
      ],
      "rotate": 0,
      "semantic": {
        "element": "普通设备",
        "links": []
      },
      "ext": {
        "文字识别结果": [
          "34"
        ]
      }
    },
    {
      "id": 107,
      "type": "box",
      "shape": "rect",
      "coord": [
        [
          2432.1541748046875,
          1335.579833984375
        ],
        [
          2526.1541748046875,
          1429.579833984375
        ]
      ],
      "rotate": 0,
      "semantic": {
        "element": "普通设备",
        "links": []
      },
      "ext": {
        "文字识别结果": [
          "34"
        ]
      }
    },
    {
      "id": 108,
      "type": "box",
      "shape": "rect",
      "coord": [
        [
          2432.1541748046875,
          1481.579833984375
        ],
        [
          2526.1541748046875,
          1573.579833984375
        ]
      ],
      "rotate": 0,
      "semantic": {
        "element": "普通设备",
        "links": []
      },
      "ext": {
        "文字识别结果": [
          "34"
        ]
      }
    },
    {
      "id": 109,
      "type": "box",
      "shape": "rect",
      "coord": [
        [
          2432.1541748046875,
          1627.579833984375
        ],
        [
          2526.1541748046875,
          1719.579833984375
        ]
      ],
      "rotate": 0,
      "semantic": {
        "element": "普通设备",
        "links": []
      },
      "ext": {
        "文字识别结果": [
          "34"
        ]
      }
    },
    {
      "id": 110,
      "type": "box",
      "shape": "rect",
      "coord": [
        [
          2486.1541748046875,
          1044.579833984375
        ],
        [
          2590.1541748046875,
          1101.579833984375
        ]
      ],
      "rotate": 0,
      "semantic": {
        "element": "普通设备",
        "links": []
      },
      "ext": {
        "文字识别结果": [
          ""
        ]
      }
    },
    {
      "id": 111,
      "type": "box",
      "shape": "rect",
      "coord": [
        [
          2525.1541748046875,
          1185.579833984375
        ],
        [
          2590.1541748046875,
          1275.579833984375
        ]
      ],
      "rotate": 0,
      "semantic": {
        "element": "普通设备",
        "links": []
      },
      "ext": {
        "文字识别结果": [
          "18"
        ]
      }
    },
    {
      "id": 112,
      "type": "box",
      "shape": "rect",
      "coord": [
        [
          2526.1541748046875,
          1275.579833984375
        ],
        [
          2590.1541748046875,
          1335.579833984375
        ]
      ],
      "rotate": 0,
      "semantic": {
        "element": "普通设备",
        "links": []
      },
      "ext": {
        "文字识别结果": [
          ""
        ]
      }
    },
    {
      "id": 113,
      "type": "box",
      "shape": "rect",
      "coord": [
        [
          2526.1541748046875,
          1335.579833984375
        ],
        [
          2590.1541748046875,
          1429.579833984375
        ]
      ],
      "rotate": 0,
      "semantic": {
        "element": "普通设备",
        "links": []
      },
      "ext": {
        "文字识别结果": [
          "18"
        ]
      }
    },
    {
      "id": 114,
      "type": "box",
      "shape": "rect",
      "coord": [
        [
          2526.1541748046875,
          1429.579833984375
        ],
        [
          2590.1541748046875,
          1481.579833984375
        ]
      ],
      "rotate": 0,
      "semantic": {
        "element": "普通设备",
        "links": []
      },
      "ext": {
        "文字识别结果": [
          ""
        ]
      }
    },
    {
      "id": 115,
      "type": "box",
      "shape": "rect",
      "coord": [
        [
          2526.1541748046875,
          1481.579833984375
        ],
        [
          2590.1541748046875,
          1573.579833984375
        ]
      ],
      "rotate": 0,
      "semantic": {
        "element": "普通设备",
        "links": []
      },
      "ext": {
        "文字识别结果": [
          "18"
        ]
      }
    },
    {
      "id": 116,
      "type": "box",
      "shape": "rect",
      "coord": [
        [
          2526.1541748046875,
          1573.579833984375
        ],
        [
          2590.1541748046875,
          1627.579833984375
        ]
      ],
      "rotate": 0,
      "semantic": {
        "element": "普通设备",
        "links": []
      },
      "ext": {
        "文字识别结果": [
          ""
        ]
      }
    },
    {
      "id": 117,
      "type": "box",
      "shape": "rect",
      "coord": [
        [
          2526.1541748046875,
          1627.579833984375
        ],
        [
          2590.1541748046875,
          1719.579833984375
        ]
      ],
      "rotate": 0,
      "semantic": {
        "element": "普通设备",
        "links": []
      },
      "ext": {
        "文字识别结果": [
          "18"
        ]
      }
    },
    {
      "id": 118,
      "type": "box",
      "shape": "rect",
      "coord": [
        [
          2494.1541748046875,
          1771.579833984375
        ],
        [
          2590.1541748046875,
          2051.579833984375
        ]
      ],
      "rotate": 0,
      "semantic": {
        "element": "普通设备",
        "links": []
      },
      "ext": {
        "文字识别结果": [
          "5"
        ],
        "表格匹配结果": [
          "5",
          "空调",
          "",
          "975x190x310",
          "台",
          "2",
          "原有"
        ]
      }
    },
    {
      "id": 120,
      "type": "other",
      "shape": "rect",
      "coord": [
        [
          1893.2630615234375,
          1095.0414428710938
        ],
        [
          2006.471923828125,
          1160.1917114257812
        ]
      ],
      "rotate": 0,
      "semantic": {
        "element": "无指向性文字",
        "links": []
      },
      "ext": {
        "文字识别结果": [
          "RRURF"
        ]
      }
    },
    {
      "id": 121,
      "type": "other",
      "shape": "rect",
      "coord": [
        [
          2368.4166259765625,
          1097.0751953125
        ],
        [
          2480.3126220703125,
          1150.9618225097656
        ]
      ],
      "rotate": 0,
      "semantic": {
        "element": "无指向性文字",
        "links": []
      },
      "ext": {
        "文字识别结果": [
          "RURRUR"
        ]
      }
    },
    {
      "id": 122,
      "type": "other",
      "shape": "rect",
      "coord": [
        [
          2263.9189453125,
          1094.0740051269531
        ],
        [
          2373.9925537109375,
          1160.8462219238281
        ]
      ],
      "rotate": 0,
      "semantic": {
        "element": "无指向性文字",
        "links": []
      },
      "ext": {
        "文字识别结果": [
          "RRURE"
        ]
      }
    },
    {
      "id": 123,
      "type": "other",
      "shape": "rect",
      "coord": [
        [
          2003.845458984375,
          1095.3193664550781
        ],
        [
          2113.3726806640625,
          1160.6189270019531
        ]
      ],
      "rotate": 0,
      "semantic": {
        "element": "无指向性文字",
        "links": []
      },
      "ext": {
        "文字识别结果": [
          "URRU"
        ]
      }
    },
    {
      "id": 124,
      "type": "other",
      "shape": "rect",
      "coord": [
        [
          2483.0072021484375,
          1093.9869079589844
        ],
        [
          2587.528076171875,
          1159.3726501464844
        ]
      ],
      "rotate": 0,
      "semantic": {
        "element": "无指向性文字",
        "links": []
      },
      "ext": {
        "文字识别结果": [
          "URRU"
        ]
      }
    },
    {
      "id": 125,
      "type": "other",
      "shape": "rect",
      "coord": [
        [
          1464.189697265625,
          1074.6016540527344
        ],
        [
          1539.0850830078125,
          1134.4983825683594
        ]
      ],
      "rotate": 0,
      "semantic": {
        "element": "无指向性文字",
        "links": []
      },
      "ext": {
        "文字识别结果": [
          "DDF"
        ]
      }
    },
    {
      "id": 126,
      "type": "other",
      "shape": "rect",
      "coord": [
        [
          1569.08251953125,
          1078.4569702148438
        ],
        [
          1618.803955078125,
          1138.1427612304688
        ]
      ],
      "rotate": 0,
      "semantic": {
        "element": "无指向性文字",
        "links": []
      },
      "ext": {
        "文字识别结果": [
          ""
        ]
      }
    },
    {
      "id": 127,
      "type": "other",
      "shape": "rect",
      "coord": [
        [
          2372.229248046875,
          1096.5917663574219
        ],
        [
          2478.35986328125,
          1152.6568603515625
        ]
      ],
      "rotate": 0,
      "semantic": {
        "element": "无指向性文字",
        "links": []
      },
      "ext": {
        "文字识别结果": [
          "URRUR"
        ]
      }
    },
    {
      "id": 128,
      "type": "other",
      "shape": "rect",
      "coord": [
        [
          1895.479736328125,
          1095.4798583984375
        ],
        [
          2002.7171630859375,
          1159.4543762207031
        ]
      ],
      "rotate": 0,
      "semantic": {
        "element": "无指向性文字",
        "links": []
      },
      "ext": {
        "文字识别结果": [
          "RRUR1"
        ]
      }
    },
    {
      "id": 129,
      "type": "other",
      "shape": "rect",
      "coord": [
        [
          2003.2716064453125,
          1095.8788757324219
        ],
        [
          2115.30908203125,
          1160.0506591796875
        ]
      ],
      "rotate": 0,
      "semantic": {
        "element": "无指向性文字",
        "links": []
      },
      "ext": {
        "文字识别结果": [
          "URRU"
        ]
      }
    },
    {
      "id": 130,
      "type": "other",
      "shape": "rect",
      "coord": [
        [
          2265.993896484375,
          1094.9047546386719
        ],
        [
          2367.630615234375,
          1159.8382568359375
        ]
      ],
      "rotate": 0,
      "semantic": {
        "element": "无指向性文字",
        "links": []
      },
      "ext": {
        "文字识别结果": [
          "RRUR"
        ]
      }
    },
    {
      "id": 131,
      "type": "other",
      "shape": "rect",
      "coord": [
        [
          2484.898193359375,
          1093.8028869628906
        ],
        [
          2590.8646240234375,
          1160.1256103515625
        ]
      ],
      "rotate": 0,
      "semantic": {
        "element": "无指向性文字",
        "links": []
      },
      "ext": {
        "文字识别结果": [
          "URRU"
        ]
      }
    },
    {
      "id": 132,
      "type": "other",
      "shape": "rect",
      "coord": [
        [
          1462.1846313476562,
          1075.7911682128906
        ],
        [
          1543.74755859375,
          1135.0872192382812
        ]
      ],
      "rotate": 0,
      "semantic": {
        "element": "无指向性文字",
        "links": []
      },
      "ext": {
        "文字识别结果": [
          ""
        ]
      }
    },
    {
      "id": 133,
      "type": "other",
      "shape": "rect",
      "coord": [
        [
          1570.9697265625,
          1077.3607788085938
        ],
        [
          1618.3392333984375,
          1139.88134765625
        ]
      ],
      "rotate": 0,
      "semantic": {
        "element": "无指向性文字",
        "links": []
      },
      "ext": {
        "文字识别结果": [
          ""
        ]
      }
    },
    {
      "id": 134,
      "type": "other",
      "shape": "rect",
      "coord": [
        [
          1964.11279296875,
          2236.715087890625
        ],
        [
          2213.3232421875,
          2350.11962890625
        ]
      ],
      "rotate": 0,
      "semantic": {
        "element": "门",
        "links": []
      },
      "ext": {}
    },
    {
      "id": 135,
      "type": "other",
      "shape": "rect",
      "coord": [
        [
          4691.1171875,
          2398.28369140625
        ],
        [
          4816.984375,
          2526.98095703125
        ]
      ],
      "rotate": 0,
      "semantic": {
        "element": "图例小图",
        "links": [
          {
            "pair_id": 146,
            "label": "图例文字",
            "distance": 178.241943359375
          }
        ]
      },
      "ext": {
        "图例归类": "新增设备"
      }
    },
    {
      "id": 136,
      "type": "other",
      "shape": "rect",
      "coord": [
        [
          3844.343994140625,
          2414.56689453125
        ],
        [
          3972.0810546875,
          2494.16552734375
        ]
      ],
      "rotate": 0,
      "semantic": {
        "element": "图例小图",
        "links": [
          {
            "pair_id": 144,
            "label": "图例文字",
            "distance": 164.0802001953125
          }
        ]
      },
      "ext": {
        "图例归类": "穿墙洞"
      }
    },
    {
      "id": 137,
      "type": "other",
      "shape": "rect",
      "coord": [
        [
          3425.826904296875,
          2397.6630859375
        ],
        [
          3545.45703125,
          2516.41845703125
        ]
      ],
      "rotate": 0,
      "semantic": {
        "element": "图例小图",
        "links": [
          {
            "pair_id": 143,
            "label": "图例文字",
            "distance": 225.6507568359375
          }
        ]
      },
      "ext": {
        "图例归类": "未归类成功"
      }
    },
    {
      "id": 138,
      "type": "other",
      "shape": "rect",
      "coord": [
        [
          4212.5205078125,
          2401.19287109375
        ],
        [
          4335.830078125,
          2521.06396484375
        ]
      ],
      "rotate": 0,
      "semantic": {
        "element": "图例小图",
        "links": [
          {
            "pair_id": 145,
            "label": "图例文字",
            "distance": 290.117431640625
          }
        ]
      },
      "ext": {
        "图例归类": "原有设备"
      }
    },
    {
      "id": 139,
      "type": "other",
      "shape": "rect",
      "coord": [
        [
          5044.7080078125,
          2398.9609375
        ],
        [
          5172.01904296875,
          2530.47314453125
        ]
      ],
      "rotate": 0,
      "semantic": {
        "element": "图例小图",
        "links": [
          {
            "pair_id": 147,
            "label": "图例文字",
            "distance": 175.92919921875
          }
        ]
      },
      "ext": {
        "图例归类": "新增设备"
      }
    },
    {
      "id": 140,
      "type": "table",
      "shape": "rect",
      "coord": [
        [
          3306.43603515625,
          764.043701171875
        ],
        [
          5432.1396484375,
          1931.43310546875
        ]
      ],
      "rotate": 0,
      "semantic": {
        "element": "物料表",
        "links": []
      },
      "ext": {
        "表格识别结果": [
          [
            "编号",
            "设备名称",
            "规格型号",
            "设备宽高（m",
            "位",
            "薇量",
            "备注"
          ],
          [
            "1W",
            "主设备",
            "",
            "60600180",
            "",
            "",
            "原有"
          ],
          [
            "2",
            "传输设备",
            "",
            "",
            "樂",
            "4",
            "原有"
          ],
          [
            "3B",
            "组合开关电源",
            "",
            "600x600x1550",
            "樂",
            "",
            "原有"
          ],
          [
            "5",
            "空调",
            "",
            "975x190x310",
            "台",
            "2",
            "原有"
          ],
          [
            "3C",
            "蓄电池组",
            "500Ah",
            "940x1390x470",
            "组",
            "2",
            "原有"
          ],
          [
            "6",
            "环境监控",
            "",
            "320x500x150",
            "台",
            "",
            "原有"
          ],
          [
            "3A",
            "交流配电箱",
            "",
            "550x/00x180",
            "个",
            "",
            "原有"
          ],
          [
            "3D",
            "电涌保护馨",
            "",
            "3001",
            "",
            "1",
            "原有"
          ],
          [
            "4",
            "室内外接线排",
            "",
            "150x5x350",
            "个",
            "",
            "原有"
          ],
          [
            "8",
            "5G-BBU",
            "",
            "",
            "个",
            "",
            "新增。在综合樂"
          ],
          [
            "9",
            "SPD",
            "",
            "",
            "个",
            "",
            "原有"
          ]
        ]
      }
    },
    {
      "id": 141,
      "type": "table",
      "shape": "rect",
      "coord": [
        [
          3368.475830078125,
          3607.2783203125
        ],
        [
          5827.40966796875,
          4040.9541015625
        ]
      ],
      "rotate": 0,
      "semantic": {
        "element": "标题栏",
        "links": []
      },
      "ext": {
        "表格识别结果": [
          [
            "处主管",
            "审核人",
            "",
            "中讯邮电咨询设计院有限公",
            ""
          ],
          [
            "总负责人",
            "单",
            "mm",
            "",
            ""
          ],
          [
            "",
            "",
            "",
            "长邮培训学校设备布置平面示意图",
            ""
          ],
          [
            "单项负责人",
            "比",
            "",
            "",
            ""
          ],
          [
            "",
            "目",
            "",
            "",
            "JLCC-5G-Y-WX-24-001"
          ]
        ]
      }
    },
    {
      "id": 142,
      "type": "other",
      "shape": "rect",
      "coord": [
        [
          3208.792724609375,
          2225.988037109375
        ],
        [
          5403.85498046875,
          2603.068359375
        ]
      ],
      "rotate": 0,
      "semantic": {
        "element": "图例",
        "links": []
      },
      "ext": {}
    },
    {
      "id": 143,
      "type": "other",
      "shape": "rect",
      "coord": [
        [
          3619.792724609375,
          2428.988037109375
        ],
        [
          3802.792724609375,
          2493.988037109375
        ]
      ],
      "rotate": 0,
      "semantic": {
        "element": "图例文字",
        "links": []
      },
      "ext": {
        "文字识别结果": [
          "设备正面"
        ],
        "图例归类": "未归类成功"
      }
    },
    {
      "id": 144,
      "type": "other",
      "shape": "rect",
      "coord": [
        [
          4003.792724609375,
          2425.988037109375
        ],
        [
          4140.792724609375,
          2496.988037109375
        ]
      ],
      "rotate": 0,
      "semantic": {
        "element": "图例文字",
        "links": []
      },
      "ext": {
        "文字识别结果": [
          "馈线窗"
        ],
        "图例归类": "穿墙洞"
      }
    },
    {
      "id": 145,
      "type": "other",
      "shape": "rect",
      "coord": [
        [
          4474.792724609375,
          2440.988037109375
        ],
        [
          4653.792724609375,
          2505.988037109375
        ]
      ],
      "rotate": 0,
      "semantic": {
        "element": "图例文字",
        "links": []
      },
      "ext": {
        "文字识别结果": [
          "现有设备"
        ],
        "图例归类": "原有设备"
      }
    },
    {
      "id": 146,
      "type": "other",
      "shape": "rect",
      "coord": [
        [
          4842.792724609375,
          2440.988037109375
        ],
        [
          5021.792724609375,
          2505.988037109375
        ]
      ],
      "rotate": 0,
      "semantic": {
        "element": "图例文字",
        "links": []
      },
      "ext": {
        "文字识别结果": [
          "新增设备"
        ],
        "图例归类": "新增设备"
      }
    },
    {
      "id": 147,
      "type": "other",
      "shape": "rect",
      "coord": [
        [
          5192.792724609375,
          2434.988037109375
        ],
        [
          5375.792724609375,
          2508.988037109375
        ]
      ],
      "rotate": 0,
      "semantic": {
        "element": "图例文字",
        "links": []
      },
      "ext": {
        "文字识别结果": [
          "本期占用"
        ],
        "图例归类": "新增设备"
      }
    },
    {
      "id": 148,
      "type": "other",
      "shape": "rect",
      "coord": [
        [
          5412.86328125,
          396.43505859375
        ],
        [
          5614.46533203125,
          723.576416015625
        ]
      ],
      "rotate": 0,
      "semantic": {
        "element": "建北磁北(夹角)",
        "links": []
      },
      "ext": {
        "文字识别结果": [
          "北"
        ],
        "文字位置": [
          [
            [
              5491.86328125,
              407.43505859375
            ],
            [
              5539.86328125,
              451.43505859375
            ]
          ]
        ],
        "顶点位置": [
          [
            5514.620506683526,
            451.09130859375
          ],
          [
            5514.620506683526,
            608.31005859375
          ]
        ]
      }
    },
    {
      "id": 149,
      "type": "other",
      "shape": "rect",
      "coord": [
        [
          3288.140625,
          2784.3818359375
        ],
        [
          5055.5546875,
          3476.982421875
        ]
      ],
      "rotate": 0,
      "semantic": {
        "element": "说明文字",
        "links": []
      },
      "ext": {
        "文字识别结果": [
          "说明：",
          "1、机房内无防静电活动地板，机房净高3000mm·",
          "2、如果机房的承载达不到要求，需由建设单位采取加固措施",
          "了，地面靠墙摆放的设备均距离墙体100mm左右的距离，外本期原有设备均需接地",
          "4、室外走线架在连接机房处必须低于馈线进线洞。",
          "5、机房原有窗户需进行实砖封堵。",
          "6、新增100A空开2个。"
        ]
      }
    }
  ]
}