{
  "info": {
    "像素面积": {
      "全部面积": 4944964.0,
      "设备面积": 667221.0,
      "剩余面积": 4277743.0
    },
    "图纸信息": {
      "类型": "机房",
      "名称": "354.png"
    }
  },
  "obj": [
    {
      "id": 1,
      "type": "outline",
      "shape": "polyline",
      "coord": [
        [
          324.43914794921875,
          412.3594970703125
        ],
        [
          372.43914794921875,
          412.3594970703125
        ],
        [
          408.43914794921875,
          392.3594970703125
        ],
        [
          2122.4391479492188,
          392.3594970703125
        ],
        [
          2124.4391479492188,
          392.3594970703125
        ],
        [
          2122.4391479492188,
          1834.3594970703125
        ],
        [
          408.43914794921875,
          1834.3594970703125
        ],
        [
          618.4391479492188,
          1834.3594970703125
        ],
        [
          428.43914794921875,
          1814.3594970703125
        ],
        [
          618.4391479492188,
          1814.3594970703125
        ],
        [
          618.4391479492188,
          1834.3594970703125
        ],
        [
          772.4391479492188,
          1814.3594970703125
        ],
        [
          2104.4391479492188,
          1814.3594970703125
        ],
        [
          2106.4391479492188,
          1814.3594970703125
        ],
        [
          428.43914794921875,
          412.3594970703125
        ],
        [
          2104.4391479492188,
          412.3594970703125
        ],
        [
          2102.4391479492188,
          1814.3594970703125
        ],
        [
          772.4391479492188,
          1834.3594970703125
        ],
        [
          2126.4391479492188,
          1834.3594970703125
        ],
        [
          408.43914794921875,
          392.3594970703125
        ],
        [
          408.43914794921875,
          1834.3594970703125
        ],
        [
          772.4391479492188,
          1814.3594970703125
        ],
        [
          772.4391479492188,
          1834.3594970703125
        ],
        [
          428.43914794921875,
          412.3594970703125
        ],
        [
          428.43914794921875,
          1814.3594970703125
        ]
      ],
      "rotate": 0,
      "semantic": {
        "element": "墙轮廓",
        "path": [
          "0, 1",
          "2, 3, 4, 5",
          "6, 7",
          "8, 9, 10",
          "11, 12, 13",
          "14, 15, 16",
          "17, 18",
          "19, 20",
          "21, 22",
          "23, 24"
        ],
        "links": []
      },
      "ext": {}
    },
    {
      "id": 2,
      "type": "outline",
      "shape": "polyline",
      "coord": [
        [
          370.43914794921875,
          412.3594970703125
        ],
        [
          2104.4391479492188,
          410.3594970703125
        ],
        [
          408.43914794921875,
          394.3594970703125
        ],
        [
          2124.4391479492188,
          394.3594970703125
        ],
        [
          2124.4391479492188,
          1832.3594970703125
        ],
        [
          408.43914794921875,
          1832.3594970703125
        ],
        [
          618.4391479492188,
          1832.3594970703125
        ],
        [
          428.43914794921875,
          1812.3594970703125
        ],
        [
          616.4391479492188,
          1812.3594970703125
        ],
        [
          618.4391479492188,
          1812.3594970703125
        ],
        [
          616.4391479492188,
          1832.3594970703125
        ],
        [
          428.43914794921875,
          410.3594970703125
        ],
        [
          430.43914794921875,
          412.3594970703125
        ],
        [
          770.4391479492188,
          1812.3594970703125
        ],
        [
          2104.4391479492188,
          1812.3594970703125
        ],
        [
          430.43914794921875,
          414.3594970703125
        ],
        [
          2104.4391479492188,
          410.3594970703125
        ],
        [
          770.4391479492188,
          1832.3594970703125
        ],
        [
          2124.4391479492188,
          1832.3594970703125
        ],
        [
          408.43914794921875,
          394.3594970703125
        ],
        [
          409.43914794921875,
          1832.3594970703125
        ],
        [
          428.43914794921875,
          410.3594970703125
        ],
        [
          428.43914794921875,
          1812.3594970703125
        ],
        [
          2104.4391479492188,
          412.3594970703125
        ],
        [
          2104.4391479492188,
          1812.3594970703125
        ],
        [
          370.43914794921875,
          410.3594970703125
        ],
        [
          370.43914794921875,
          414.3594970703125
        ],
        [
          770.4391479492188,
          1812.3594970703125
        ],
        [
          770.4391479492188,
          1832.3594970703125
        ]
      ],
      "rotate": 0,
      "semantic": {
        "element": "墙轮廓",
        "path": [
          "0, 1",
          "2, 3, 4",
          "5, 6",
          "7, 8, 9, 10",
          "11, 12",
          "13, 14",
          "15, 16",
          "17, 18",
          "19, 20",
          "21, 22",
          "23, 24",
          "25, 26",
          "27, 28"
        ],
        "links": []
      },
      "ext": {}
    },
    {
      "id": 2,
      "type": "polyline",
      "shape": "polyline",
      "coord": [
        [
          372.43914794921875,
          412.3594970703125
        ],
        [
          372.43914794921875,
          1814.3594970703125
        ]
      ],
      "rotate": 0,
      "semantic": {
        "element": "标尺",
        "links": []
      },
      "ext": {
        "文字识别结果": [
          "7150"
        ]
      }
    },
    {
      "id": 3,
      "type": "polyline",
      "shape": "polyline",
      "coord": [
        [
          1698.4391479492188,
          716.3594970703125
        ],
        [
          1698.4391479492188,
          884.3594970703125
        ]
      ],
      "rotate": 0,
      "semantic": {
        "element": "标尺",
        "links": []
      },
      "ext": {
        "文字识别结果": [
          "860"
        ]
      }
    },
    {
      "id": 4,
      "type": "polyline",
      "shape": "polyline",
      "coord": [
        [
          2104.4391479492188,
          356.3594970703125
        ],
        [
          2104.4391479492188,
          700.3594970703125
        ]
      ],
      "rotate": 0,
      "semantic": {
        "element": "标尺",
        "links": []
      },
      "ext": {
        "文字识别结果": [
          ""
        ]
      }
    },
    {
      "id": 5,
      "type": "polyline",
      "shape": "polyline",
      "coord": [
        [
          2104.4391479492188,
          700.3594970703125
        ],
        [
          2104.4391479492188,
          1002.3594970703125
        ]
      ],
      "rotate": 0,
      "semantic": {
        "element": "标尺",
        "links": []
      },
      "ext": {
        "文字识别结果": [
          ""
        ]
      }
    },
    {
      "id": 6,
      "type": "polyline",
      "shape": "polyline",
      "coord": [
        [
          328.43914794921875,
          412.3594970703125
        ],
        [
          328.43914794921875,
          707.3594970703125
        ]
      ],
      "rotate": 0,
      "semantic": {
        "element": "标尺",
        "links": []
      },
      "ext": {
        "文字识别结果": [
          "1550"
        ]
      }
    },
    {
      "id": 7,
      "type": "polyline",
      "shape": "polyline",
      "coord": [
        [
          1753.4391479492188,
          411.3594970703125
        ],
        [
          1753.4391479492188,
          598.3594970703125
        ]
      ],
      "rotate": 0,
      "semantic": {
        "element": "标尺",
        "links": []
      },
      "ext": {
        "文字识别结果": [
          "950"
        ]
      }
    },
    {
      "id": 8,
      "type": "polyline",
      "shape": "polyline",
      "coord": [
        [
          428.43914794921875,
          356.3594970703125
        ],
        [
          2104.4391479492188,
          356.3594970703125
        ]
      ],
      "rotate": 0,
      "semantic": {
        "element": "标尺",
        "links": []
      },
      "ext": {
        "文字识别结果": [
          "8550"
        ]
      }
    },
    {
      "id": 9,
      "type": "polyline",
      "shape": "polyline",
      "coord": [
        [
          428.43914794921875,
          534.3594970703125
        ],
        [
          712.4391479492188,
          534.3594970703125
        ]
      ],
      "rotate": 0,
      "semantic": {
        "element": "标尺",
        "links": []
      },
      "ext": {
        "文字识别结果": [
          "1450"
        ]
      }
    },
    {
      "id": 10,
      "type": "polyline",
      "shape": "polyline",
      "coord": [
        [
          1956.4391479492188,
          700.3594970703125
        ],
        [
          2104.4391479492188,
          700.3594970703125
        ]
      ],
      "rotate": 0,
      "semantic": {
        "element": "标尺",
        "links": []
      },
      "ext": {
        "文字识别结果": [
          "750"
        ]
      }
    },
    {
      "id": 11,
      "type": "polyline",
      "shape": "polyline",
      "coord": [
        [
          428.43914794921875,
          962.3594970703125
        ],
        [
          918.4391479492188,
          962.3594970703125
        ]
      ],
      "rotate": 0,
      "semantic": {
        "element": "标尺",
        "links": []
      },
      "ext": {
        "文字识别结果": [
          "2500"
        ]
      }
    },
    {
      "id": 12,
      "type": "polyline",
      "shape": "polyline",
      "coord": [
        [
          1862.4391479492188,
          1188.3594970703125
        ],
        [
          2104.4391479492188,
          1188.3594970703125
        ]
      ],
      "rotate": 0,
      "semantic": {
        "element": "标尺",
        "links": []
      },
      "ext": {
        "文字识别结果": [
          "1250"
        ]
      }
    },
    {
      "id": 13,
      "type": "polyline",
      "shape": "polyline",
      "coord": [
        [
          1862.4391479492188,
          1002.3594970703125
        ],
        [
          2104.4391479492188,
          1002.3594970703125
        ]
      ],
      "rotate": 0,
      "semantic": {
        "element": "标尺",
        "links": []
      },
      "ext": {
        "文字识别结果": [
          "1250"
        ]
      }
    },
    {
      "id": 14,
      "type": "polyline",
      "shape": "polyline",
      "coord": [
        [
          324.43914794921875,
          412.3594970703125
        ],
        [
          1753.4391479492188,
          412.3594970703125
        ]
      ],
      "rotate": 0,
      "semantic": {
        "element": "标尺",
        "links": []
      },
      "ext": {
        "文字识别结果": [
          ""
        ]
      }
    },
    {
      "id": 15,
      "type": "polyline",
      "shape": "polyline",
      "coord": [
        [
          328.43914794921875,
          707.3594970703125
        ],
        [
          2104.4391479492188,
          707.3594970703125
        ]
      ],
      "rotate": 0,
      "semantic": {
        "element": "标尺",
        "links": []
      },
      "ext": {
        "文字识别结果": [
          ""
        ]
      }
    },
    {
      "id": 16,
      "type": "box",
      "shape": "rect",
      "coord": [
        [
          428.43914794921875,
          708.3594970703125
        ],
        [
          514.4391479492188,
          812.3594970703125
        ]
      ],
      "rotate": 0,
      "semantic": {
        "element": "普通设备",
        "links": []
      },
      "ext": {
        "文字识别结果": [
          "空调"
        ]
      }
    },
    {
      "id": 17,
      "type": "box",
      "shape": "rect",
      "coord": [
        [
          428.43914794921875,
          1252.3594970703125
        ],
        [
          518.4391479492188,
          1358.3594970703125
        ]
      ],
      "rotate": 0,
      "semantic": {
        "element": "普通设备",
        "links": []
      },
      "ext": {
        "文字识别结果": [
          "空调"
        ]
      }
    },
    {
      "id": 18,
      "type": "box",
      "shape": "rect",
      "coord": [
        [
          712.4391479492188,
          598.3594970703125
        ],
        [
          930.4391479492188,
          716.3594970703125
        ]
      ],
      "rotate": 0,
      "semantic": {
        "element": "普通设备",
        "links": []
      },
      "ext": {
        "文字识别结果": [
          "ODF"
        ]
      }
    },
    {
      "id": 19,
      "type": "box",
      "shape": "rect",
      "coord": [
        [
          918.4391479492188,
          884.3594970703125
        ],
        [
          1038.4391479492188,
          1002.3594970703125
        ]
      ],
      "rotate": 0,
      "semantic": {
        "element": "普通设备",
        "links": []
      },
      "ext": {
        "文字识别结果": [
          "传输"
        ]
      }
    },
    {
      "id": 20,
      "type": "box",
      "shape": "rect",
      "coord": [
        [
          930.4391479492188,
          598.3594970703125
        ],
        [
          1136.4391479492188,
          716.3594970703125
        ]
      ],
      "rotate": 0,
      "semantic": {
        "element": "普通设备",
        "links": []
      },
      "ext": {
        "文字识别结果": [
          "ODF"
        ]
      }
    },
    {
      "id": 21,
      "type": "box",
      "shape": "rect",
      "coord": [
        [
          1038.4391479492188,
          883.3594970703125
        ],
        [
          1156.4391479492188,
          1002.3594970703125
        ]
      ],
      "rotate": 0,
      "semantic": {
        "element": "普通设备",
        "links": []
      },
      "ext": {
        "文字识别结果": [
          "传输"
        ]
      }
    },
    {
      "id": 22,
      "type": "box",
      "shape": "rect",
      "coord": [
        [
          1132.4391479492188,
          598.3594970703125
        ],
        [
          1252.4391479492188,
          716.3594970703125
        ]
      ],
      "rotate": 0,
      "semantic": {
        "element": "普通设备",
        "links": []
      },
      "ext": {
        "文字识别结果": [
          "综合"
        ]
      }
    },
    {
      "id": 23,
      "type": "box",
      "shape": "rect",
      "coord": [
        [
          1152.4391479492188,
          884.3594970703125
        ],
        [
          1272.4391479492188,
          1002.3594970703125
        ]
      ],
      "rotate": 0,
      "semantic": {
        "element": "普通设备",
        "links": []
      },
      "ext": {
        "文字识别结果": [
          "传输"
        ]
      }
    },
    {
      "id": 24,
      "type": "box",
      "shape": "rect",
      "coord": [
        [
          1252.4391479492188,
          598.3594970703125
        ],
        [
          1370.4391479492188,
          716.3594970703125
        ]
      ],
      "rotate": 0,
      "semantic": {
        "element": "普通设备",
        "links": []
      },
      "ext": {
        "文字识别结果": [
          "综合柜"
        ]
      }
    },
    {
      "id": 25,
      "type": "box",
      "shape": "rect",
      "coord": [
        [
          1272.4391479492188,
          884.3594970703125
        ],
        [
          1390.4391479492188,
          1002.3594970703125
        ]
      ],
      "rotate": 0,
      "semantic": {
        "element": "普通设备",
        "links": []
      },
      "ext": {
        "文字识别结果": [
          "传输"
        ]
      }
    },
    {
      "id": 26,
      "type": "box",
      "shape": "rect",
      "coord": [
        [
          1370.4391479492188,
          598.3594970703125
        ],
        [
          1486.4391479492188,
          716.3594970703125
        ]
      ],
      "rotate": 0,
      "semantic": {
        "element": "普通设备",
        "links": []
      },
      "ext": {
        "文字识别结果": [
          "综合柜"
        ]
      }
    },
    {
      "id": 27,
      "type": "box",
      "shape": "rect",
      "coord": [
        [
          1390.4391479492188,
          883.3594970703125
        ],
        [
          1506.4391479492188,
          1002.3594970703125
        ]
      ],
      "rotate": 0,
      "semantic": {
        "element": "普通设备",
        "links": []
      },
      "ext": {
        "文字识别结果": [
          "传输"
        ]
      }
    },
    {
      "id": 28,
      "type": "box",
      "shape": "rect",
      "coord": [
        [
          1486.4391479492188,
          598.3594970703125
        ],
        [
          1604.4391479492188,
          716.3594970703125
        ]
      ],
      "rotate": 0,
      "semantic": {
        "element": "普通设备",
        "links": []
      },
      "ext": {
        "文字识别结果": [
          "综合柜"
        ]
      }
    },
    {
      "id": 29,
      "type": "box",
      "shape": "rect",
      "coord": [
        [
          1506.4391479492188,
          883.3594970703125
        ],
        [
          1624.4391479492188,
          1002.3594970703125
        ]
      ],
      "rotate": 0,
      "semantic": {
        "element": "普通设备",
        "links": []
      },
      "ext": {
        "文字识别结果": [
          "传输"
        ]
      }
    },
    {
      "id": 30,
      "type": "box",
      "shape": "rect",
      "coord": [
        [
          1604.4391479492188,
          598.3594970703125
        ],
        [
          1722.4391479492188,
          716.3594970703125
        ]
      ],
      "rotate": 0,
      "semantic": {
        "element": "普通设备",
        "links": []
      },
      "ext": {
        "文字识别结果": [
          "综合柜"
        ]
      }
    },
    {
      "id": 31,
      "type": "box",
      "shape": "rect",
      "coord": [
        [
          1624.4391479492188,
          884.3594970703125
        ],
        [
          1742.4391479492188,
          1002.3594970703125
        ]
      ],
      "rotate": 0,
      "semantic": {
        "element": "普通设备",
        "links": []
      },
      "ext": {
        "文字识别结果": [
          "传输"
        ]
      }
    },
    {
      "id": 32,
      "type": "box",
      "shape": "rect",
      "coord": [
        [
          1556.4391479492188,
          1716.3594970703125
        ],
        [
          1753.4391479492188,
          1814.3594970703125
        ]
      ],
      "rotate": 0,
      "semantic": {
        "element": "普通设备",
        "links": []
      },
      "ext": {
        "文字识别结果": [
          "蓄电池"
        ]
      }
    },
    {
      "id": 33,
      "type": "box",
      "shape": "rect",
      "coord": [
        [
          1722.4391479492188,
          598.3594970703125
        ],
        [
          1842.4391479492188,
          716.3594970703125
        ]
      ],
      "rotate": 0,
      "semantic": {
        "element": "普通设备",
        "links": []
      },
      "ext": {
        "文字识别结果": [
          "开关电源"
        ]
      }
    },
    {
      "id": 34,
      "type": "box",
      "shape": "rect",
      "coord": [
        [
          1742.4391479492188,
          1120.3594970703125
        ],
        [
          1858.4391479492188,
          1236.3594970703125
        ]
      ],
      "rotate": 0,
      "semantic": {
        "element": "普通设备",
        "links": []
      },
      "ext": {
        "文字识别结果": [
          ""
        ]
      }
    },
    {
      "id": 35,
      "type": "box",
      "shape": "rect",
      "coord": [
        [
          1742.4391479492188,
          884.3594970703125
        ],
        [
          1862.4391479492188,
          998.3594970703125
        ]
      ],
      "rotate": 0,
      "semantic": {
        "element": "普通设备",
        "links": []
      },
      "ext": {
        "文字识别结果": [
          "传输"
        ]
      }
    },
    {
      "id": 36,
      "type": "box",
      "shape": "rect",
      "coord": [
        [
          1842.4391479492188,
          598.3594970703125
        ],
        [
          1960.4391479492188,
          716.3594970703125
        ]
      ],
      "rotate": 0,
      "semantic": {
        "element": "普通设备",
        "links": []
      },
      "ext": {
        "文字识别结果": [
          "开关电源7"
        ]
      }
    },
    {
      "id": 37,
      "type": "box",
      "shape": "rect",
      "coord": [
        [
          1830.4391479492188,
          1716.3594970703125
        ],
        [
          2028.4391479492188,
          1814.3594970703125
        ]
      ],
      "rotate": 0,
      "semantic": {
        "element": "普通设备",
        "links": []
      },
      "ext": {
        "文字识别结果": [
          "醬电池"
        ]
      }
    },
    {
      "id": 38,
      "type": "box",
      "shape": "rect",
      "coord": [
        [
          2060.4391479492188,
          1070.3594970703125
        ],
        [
          2104.4391479492188,
          1140.3594970703125
        ]
      ],
      "rotate": 0,
      "semantic": {
        "element": "普通设备",
        "links": []
      },
      "ext": {
        "文字识别结果": [
          ""
        ]
      }
    },
    {
      "id": 39,
      "type": "polyline",
      "shape": "polyline",
      "coord": [
        [
          370.43914794921875,
          410.3594970703125
        ],
        [
          370.43914794921875,
          1815.3594970703125
        ]
      ],
      "rotate": 0,
      "semantic": {
        "element": "标尺",
        "links": []
      },
      "ext": {
        "文字识别结果": [
          "7150"
        ]
      }
    },
    {
      "id": 40,
      "type": "polyline",
      "shape": "polyline",
      "coord": [
        [
          1752.4391479492188,
          412.3594970703125
        ],
        [
          1752.4391479492188,
          600.3594970703125
        ]
      ],
      "rotate": 0,
      "semantic": {
        "element": "标尺",
        "links": []
      },
      "ext": {
        "文字识别结果": [
          "950"
        ]
      }
    },
    {
      "id": 41,
      "type": "polyline",
      "shape": "polyline",
      "coord": [
        [
          1699.4391479492188,
          718.3594970703125
        ],
        [
          1699.4391479492188,
          884.3594970703125
        ]
      ],
      "rotate": 0,
      "semantic": {
        "element": "标尺",
        "links": []
      },
      "ext": {
        "文字识别结果": [
          "860"
        ]
      }
    },
    {
      "id": 42,
      "type": "polyline",
      "shape": "polyline",
      "coord": [
        [
          428.43914794921875,
          354.3594970703125
        ],
        [
          428.43914794921875,
          536.3594970703125
        ]
      ],
      "rotate": 0,
      "semantic": {
        "element": "标尺",
        "links": []
      },
      "ext": {
        "文字识别结果": [
          ""
        ]
      }
    },
    {
      "id": 43,
      "type": "polyline",
      "shape": "polyline",
      "coord": [
        [
          2104.4391479492188,
          354.3594970703125
        ],
        [
          2104.4391479492188,
          702.3594970703125
        ]
      ],
      "rotate": 0,
      "semantic": {
        "element": "标尺",
        "links": []
      },
      "ext": {
        "文字识别结果": [
          ""
        ]
      }
    },
    {
      "id": 44,
      "type": "polyline",
      "shape": "polyline",
      "coord": [
        [
          428.43914794921875,
          536.3594970703125
        ],
        [
          428.43914794921875,
          960.3594970703125
        ]
      ],
      "rotate": 0,
      "semantic": {
        "element": "标尺",
        "links": []
      },
      "ext": {
        "文字识别结果": [
          ""
        ]
      }
    },
    {
      "id": 45,
      "type": "polyline",
      "shape": "polyline",
      "coord": [
        [
          1861.4391479492188,
          1004.3594970703125
        ],
        [
          1861.4391479492188,
          1186.3594970703125
        ]
      ],
      "rotate": 0,
      "semantic": {
        "element": "标尺",
        "links": []
      },
      "ext": {
        "文字识别结果": [
          ""
        ]
      }
    },
    {
      "id": 46,
      "type": "polyline",
      "shape": "polyline",
      "coord": [
        [
          326.43914794921875,
          412.3594970703125
        ],
        [
          326.43914794921875,
          710.3594970703125
        ]
      ],
      "rotate": 0,
      "semantic": {
        "element": "标尺",
        "links": []
      },
      "ext": {
        "文字识别结果": [
          "1550"
        ]
      }
    },
    {
      "id": 47,
      "type": "polyline",
      "shape": "polyline",
      "coord": [
        [
          1696.4391479492188,
          713.3594970703125
        ],
        [
          1696.4391479492188,
          884.3594970703125
        ]
      ],
      "rotate": 0,
      "semantic": {
        "element": "标尺",
        "links": []
      },
      "ext": {
        "文字识别结果": [
          "860"
        ]
      }
    },
    {
      "id": 48,
      "type": "polyline",
      "shape": "polyline",
      "coord": [
        [
          426.43914794921875,
          354.3594970703125
        ],
        [
          2104.4391479492188,
          354.3594970703125
        ]
      ],
      "rotate": 0,
      "semantic": {
        "element": "标尺",
        "links": []
      },
      "ext": {
        "文字识别结果": [
          "8550"
        ]
      }
    },
    {
      "id": 49,
      "type": "polyline",
      "shape": "polyline",
      "coord": [
        [
          426.43914794921875,
          536.3594970703125
        ],
        [
          714.4391479492188,
          536.3594970703125
        ]
      ],
      "rotate": 0,
      "semantic": {
        "element": "标尺",
        "links": []
      },
      "ext": {
        "文字识别结果": [
          "1450"
        ]
      }
    },
    {
      "id": 50,
      "type": "polyline",
      "shape": "polyline",
      "coord": [
        [
          1958.4391479492188,
          702.3594970703125
        ],
        [
          2104.4391479492188,
          702.3594970703125
        ]
      ],
      "rotate": 0,
      "semantic": {
        "element": "标尺",
        "links": []
      },
      "ext": {
        "文字识别结果": [
          "750"
        ]
      }
    },
    {
      "id": 51,
      "type": "polyline",
      "shape": "polyline",
      "coord": [
        [
          426.43914794921875,
          960.3594970703125
        ],
        [
          920.4391479492188,
          960.3594970703125
        ]
      ],
      "rotate": 0,
      "semantic": {
        "element": "标尺",
        "links": []
      },
      "ext": {
        "文字识别结果": [
          "2500"
        ]
      }
    },
    {
      "id": 52,
      "type": "polyline",
      "shape": "polyline",
      "coord": [
        [
          1860.4391479492188,
          1186.3594970703125
        ],
        [
          2104.4391479492188,
          1186.3594970703125
        ]
      ],
      "rotate": 0,
      "semantic": {
        "element": "标尺",
        "links": []
      },
      "ext": {
        "文字识别结果": [
          "1250"
        ]
      }
    },
    {
      "id": 53,
      "type": "polyline",
      "shape": "polyline",
      "coord": [
        [
          1858.4391479492188,
          1004.3594970703125
        ],
        [
          2104.4391479492188,
          1004.3594970703125
        ]
      ],
      "rotate": 0,
      "semantic": {
        "element": "标尺",
        "links": []
      },
      "ext": {
        "文字识别结果": [
          "1250"
        ]
      }
    },
    {
      "id": 54,
      "type": "polyline",
      "shape": "polyline",
      "coord": [
        [
          326.43914794921875,
          414.3594970703125
        ],
        [
          370.43914794921875,
          414.3594970703125
        ]
      ],
      "rotate": 0,
      "semantic": {
        "element": "标尺",
        "links": []
      },
      "ext": {
        "文字识别结果": [
          ""
        ]
      }
    },
    {
      "id": 55,
      "type": "box",
      "shape": "rect",
      "coord": [
        [
          430.43914794921875,
          705.3594970703125
        ],
        [
          516.4391479492188,
          812.3594970703125
        ]
      ],
      "rotate": 0,
      "semantic": {
        "element": "普通设备",
        "links": []
      },
      "ext": {
        "文字识别结果": [
          "空调"
        ]
      }
    },
    {
      "id": 56,
      "type": "box",
      "shape": "rect",
      "coord": [
        [
          430.43914794921875,
          1253.3594970703125
        ],
        [
          516.4391479492188,
          1360.3594970703125
        ]
      ],
      "rotate": 0,
      "semantic": {
        "element": "普通设备",
        "links": []
      },
      "ext": {
        "文字识别结果": [
          "空调"
        ]
      }
    },
    {
      "id": 57,
      "type": "box",
      "shape": "rect",
      "coord": [
        [
          714.4391479492188,
          596.3594970703125
        ],
        [
          932.4391479492188,
          714.3594970703125
        ]
      ],
      "rotate": 0,
      "semantic": {
        "element": "普通设备",
        "links": []
      },
      "ext": {
        "文字识别结果": [
          "ODF"
        ]
      }
    },
    {
      "id": 58,
      "type": "box",
      "shape": "rect",
      "coord": [
        [
          920.4391479492188,
          884.3594970703125
        ],
        [
          1036.4391479492188,
          1000.3594970703125
        ]
      ],
      "rotate": 0,
      "semantic": {
        "element": "普通设备",
        "links": []
      },
      "ext": {
        "文字识别结果": [
          "传"
        ]
      }
    },
    {
      "id": 59,
      "type": "box",
      "shape": "rect",
      "coord": [
        [
          932.4391479492188,
          595.3594970703125
        ],
        [
          1134.4391479492188,
          714.3594970703125
        ]
      ],
      "rotate": 0,
      "semantic": {
        "element": "普通设备",
        "links": []
      },
      "ext": {
        "文字识别结果": [
          "ODF"
        ]
      }
    },
    {
      "id": 60,
      "type": "box",
      "shape": "rect",
      "coord": [
        [
          1036.4391479492188,
          884.3594970703125
        ],
        [
          1154.4391479492188,
          1000.3594970703125
        ]
      ],
      "rotate": 0,
      "semantic": {
        "element": "普通设备",
        "links": []
      },
      "ext": {
        "文字识别结果": [
          "传输"
        ]
      }
    },
    {
      "id": 61,
      "type": "box",
      "shape": "rect",
      "coord": [
        [
          1134.4391479492188,
          596.3594970703125
        ],
        [
          1252.4391479492188,
          714.3594970703125
        ]
      ],
      "rotate": 0,
      "semantic": {
        "element": "普通设备",
        "links": []
      },
      "ext": {
        "文字识别结果": [
          "综合柜"
        ]
      }
    },
    {
      "id": 62,
      "type": "box",
      "shape": "rect",
      "coord": [
        [
          1154.4391479492188,
          884.3594970703125
        ],
        [
          1272.4391479492188,
          1000.3594970703125
        ]
      ],
      "rotate": 0,
      "semantic": {
        "element": "普通设备",
        "links": []
      },
      "ext": {
        "文字识别结果": [
          "传输"
        ]
      }
    },
    {
      "id": 63,
      "type": "box",
      "shape": "rect",
      "coord": [
        [
          1254.4391479492188,
          596.3594970703125
        ],
        [
          1372.4391479492188,
          714.3594970703125
        ]
      ],
      "rotate": 0,
      "semantic": {
        "element": "普通设备",
        "links": []
      },
      "ext": {
        "文字识别结果": [
          "综合柜"
        ]
      }
    },
    {
      "id": 64,
      "type": "box",
      "shape": "rect",
      "coord": [
        [
          1272.4391479492188,
          884.3594970703125
        ],
        [
          1388.4391479492188,
          1000.3594970703125
        ]
      ],
      "rotate": 0,
      "semantic": {
        "element": "普通设备",
        "links": []
      },
      "ext": {
        "文字识别结果": [
          "传输"
        ]
      }
    },
    {
      "id": 65,
      "type": "box",
      "shape": "rect",
      "coord": [
        [
          1372.4391479492188,
          595.3594970703125
        ],
        [
          1486.4391479492188,
          714.3594970703125
        ]
      ],
      "rotate": 0,
      "semantic": {
        "element": "普通设备",
        "links": []
      },
      "ext": {
        "文字识别结果": [
          "综合柜"
        ]
      }
    },
    {
      "id": 66,
      "type": "box",
      "shape": "rect",
      "coord": [
        [
          1388.4391479492188,
          884.3594970703125
        ],
        [
          1506.4391479492188,
          1000.3594970703125
        ]
      ],
      "rotate": 0,
      "semantic": {
        "element": "普通设备",
        "links": []
      },
      "ext": {
        "文字识别结果": [
          "传输"
        ]
      }
    },
    {
      "id": 67,
      "type": "box",
      "shape": "rect",
      "coord": [
        [
          1486.4391479492188,
          596.3594970703125
        ],
        [
          1606.4391479492188,
          714.3594970703125
        ]
      ],
      "rotate": 0,
      "semantic": {
        "element": "普通设备",
        "links": []
      },
      "ext": {
        "文字识别结果": [
          "综合柜"
        ]
      }
    },
    {
      "id": 68,
      "type": "box",
      "shape": "rect",
      "coord": [
        [
          1506.4391479492188,
          884.3594970703125
        ],
        [
          1624.4391479492188,
          1000.3594970703125
        ]
      ],
      "rotate": 0,
      "semantic": {
        "element": "普通设备",
        "links": []
      },
      "ext": {
        "文字识别结果": [
          "传输"
        ]
      }
    },
    {
      "id": 69,
      "type": "box",
      "shape": "rect",
      "coord": [
        [
          1606.4391479492188,
          595.3594970703125
        ],
        [
          1723.4391479492188,
          718.3594970703125
        ]
      ],
      "rotate": 0,
      "semantic": {
        "element": "普通设备",
        "links": []
      },
      "ext": {
        "文字识别结果": [
          "综合"
        ]
      }
    },
    {
      "id": 70,
      "type": "box",
      "shape": "rect",
      "coord": [
        [
          1626.4391479492188,
          884.3594970703125
        ],
        [
          1740.4391479492188,
          1000.3594970703125
        ]
      ],
      "rotate": 0,
      "semantic": {
        "element": "普通设备",
        "links": []
      },
      "ext": {
        "文字识别结果": [
          "传输"
        ]
      }
    },
    {
      "id": 71,
      "type": "box",
      "shape": "rect",
      "coord": [
        [
          1558.4391479492188,
          1716.3594970703125
        ],
        [
          1752.4391479492188,
          1812.3594970703125
        ]
      ],
      "rotate": 0,
      "semantic": {
        "element": "普通设备",
        "links": []
      },
      "ext": {
        "文字识别结果": [
          "蓄电池"
        ]
      }
    },
    {
      "id": 72,
      "type": "box",
      "shape": "rect",
      "coord": [
        [
          1720.4391479492188,
          596.3594970703125
        ],
        [
          1840.4391479492188,
          714.3594970703125
        ]
      ],
      "rotate": 0,
      "semantic": {
        "element": "普通设备",
        "links": []
      },
      "ext": {
        "文字识别结果": [
          "开关电源"
        ]
      }
    },
    {
      "id": 73,
      "type": "box",
      "shape": "rect",
      "coord": [
        [
          1740.4391479492188,
          884.3594970703125
        ],
        [
          1858.4391479492188,
          996.3594970703125
        ]
      ],
      "rotate": 0,
      "semantic": {
        "element": "普通设备",
        "links": []
      },
      "ext": {
        "文字识别结果": [
          "传输"
        ]
      }
    },
    {
      "id": 74,
      "type": "box",
      "shape": "rect",
      "coord": [
        [
          1743.4391479492188,
          1122.3594970703125
        ],
        [
          1858.4391479492188,
          1234.3594970703125
        ]
      ],
      "rotate": 0,
      "semantic": {
        "element": "普通设备",
        "links": []
      },
      "ext": {
        "文字识别结果": [
          ""
        ]
      }
    },
    {
      "id": 75,
      "type": "box",
      "shape": "rect",
      "coord": [
        [
          1852.4391479492188,
          410.3594970703125
        ],
        [
          1954.4391479492188,
          476.3594970703125
        ]
      ],
      "rotate": 0,
      "semantic": {
        "element": "普通设备",
        "links": []
      },
      "ext": {
        "文字识别结果": [
          "交流配电箱"
        ]
      }
    },
    {
      "id": 76,
      "type": "box",
      "shape": "rect",
      "coord": [
        [
          1840.4391479492188,
          600.3594970703125
        ],
        [
          1958.4391479492188,
          714.3594970703125
        ]
      ],
      "rotate": 0,
      "semantic": {
        "element": "普通设备",
        "links": []
      },
      "ext": {
        "文字识别结果": [
          "开关电源"
        ]
      }
    },
    {
      "id": 77,
      "type": "box",
      "shape": "rect",
      "coord": [
        [
          1832.4391479492188,
          1716.3594970703125
        ],
        [
          2026.4391479492188,
          1812.3594970703125
        ]
      ],
      "rotate": 0,
      "semantic": {
        "element": "普通设备",
        "links": []
      },
      "ext": {
        "文字识别结果": [
          "醬电池"
        ]
      }
    },
    {
      "id": 78,
      "type": "box",
      "shape": "rect",
      "coord": [
        [
          2058.4391479492188,
          1070.3594970703125
        ],
        [
          2104.4391479492188,
          1142.3594970703125
        ]
      ],
      "rotate": 0,
      "semantic": {
        "element": "普通设备",
        "links": []
      },
      "ext": {
        "文字识别结果": [
          ""
        ]
      }
    },
    {
      "id": 80,
      "type": "other",
      "shape": "rect",
      "coord": [
        [
          2154.6063842773438,
          409.40283203125
        ],
        [
          2711.8253784179688,
          602.579345703125
        ]
      ],
      "rotate": 0,
      "semantic": {
        "element": "带指向性文字",
        "links": []
      },
      "ext": {
        "文字识别结果": [
          "本期利旧原有开关电源",
          "新增一个电源模块"
        ]
      }
    },
    {
      "id": 81,
      "type": "other",
      "shape": "rect",
      "coord": [
        [
          2177.8407592773438,
          990.5220947265625
        ],
        [
          2340.7081909179688,
          1080.382568359375
        ]
      ],
      "rotate": 0,
      "semantic": {
        "element": "带指向性文字",
        "links": []
      },
      "ext": {
        "文字识别结果": [
          "直流箱"
        ]
      }
    },
    {
      "id": 82,
      "type": "other",
      "shape": "rect",
      "coord": [
        [
          2158.7942504882812,
          409.0980224609375
        ],
        [
          2710.0343627929688,
          602.2247314453125
        ]
      ],
      "rotate": 0,
      "semantic": {
        "element": "带指向性文字",
        "links": []
      },
      "ext": {
        "文字识别结果": [
          "本期利旧原有开关电源",
          "新增一个电源模块"
        ]
      }
    },
    {
      "id": 83,
      "type": "other",
      "shape": "rect",
      "coord": [
        [
          2179.6721801757812,
          992.3634033203125
        ],
        [
          2341.7001342773438,
          1078.835693359375
        ]
      ],
      "rotate": 0,
      "semantic": {
        "element": "带指向性文字",
        "links": []
      },
      "ext": {
        "文字识别结果": [
          "直流箱"
        ]
      }
    },
    {
      "id": 84,
      "type": "other",
      "shape": "rect",
      "coord": [
        [
          622.3641967773438,
          1801.5654296875
        ],
        [
          774.2084350585938,
          1846.979248046875
        ]
      ],
      "rotate": 0,
      "semantic": {
        "element": "门",
        "links": []
      },
      "ext": {}
    },
    {
      "id": 85,
      "type": "other",
      "shape": "rect",
      "coord": [
        [
          1225.89501953125,
          1855.497314453125
        ],
        [
          1430.128173828125,
          1923.574462890625
        ]
      ],
      "rotate": 0,
      "semantic": {
        "element": "机房标题",
        "links": []
      },
      "ext": {
        "文字识别结果": [
          ""
        ]
      }
    },
    {
      "id": 86,
      "type": "table",
      "shape": "rect",
      "coord": [
        [
          262.6597595214844,
          1950.261474609375
        ],
        [
          2216.08544921875,
          2708.24853515625
        ]
      ],
      "rotate": 0,
      "semantic": {
        "element": "物料表",
        "links": []
      },
      "ext": {
        "表格识别结果": [
          [
            "扇号",
            "名",
            "规格型号",
            "单位",
            "数量",
            "情况",
            ""
          ],
          [
            "1",
            "室内开关电源",
            "",
            "个",
            "2",
            "利",
            ""
          ],
          [
            "2",
            "蓄电池",
            "600AH",
            "组",
            "2",
            "替换",
            "拆除原有电池.新增两组600A电池（双层列"
          ],
          [
            "3",
            "交流配电箱",
            "",
            "个",
            "1",
            "利间",
            ""
          ],
          [
            "4",
            "综合机柜",
            "",
            "个",
            "1",
            "利间",
            ""
          ],
          [
            "5",
            "5GBBU",
            "",
            "个",
            "2",
            "利间",
            ""
          ],
          [
            "6",
            "DCDU",
            "",
            "个",
            "1",
            "利间",
            ""
          ],
          [
            "",
            "空调（5P)",
            "",
            "",
            "1",
            "利",
            ""
          ],
          [
            "8",
            "63A空开",
            "",
            "",
            "1",
            "利间",
            ""
          ],
          [
            "9",
            "电源模块",
            "艾生R48-2900U",
            "个",
            "1",
            "利间",
            ""
          ]
        ]
      }
    },
    {
      "id": 87,
      "type": "table",
      "shape": "rect",
      "coord": [
        [
          2233.8857421875,
          2549.317626953125
        ],
        [
          4001.8662109375,
          2874.517578125
        ]
      ],
      "rotate": 0,
      "semantic": {
        "element": "标题栏",
        "links": []
      },
      "ext": {
        "表格识别结果": [
          [
            "",
            "审核人",
            "中讯邮电咨询设计院有限公司",
            ""
          ],
          [
            "",
            "单",
            "",
            ""
          ],
          [
            "",
            "",
            "庄支局机房设备平面布置图",
            ""
          ],
          [
            "",
            "比",
            "",
            ""
          ],
          [
            "设计人",
            "目",
            "图",
            "2021SJ1831JN)SDW005(13"
          ]
        ]
      }
    },
    {
      "id": 88,
      "type": "other",
      "shape": "rect",
      "coord": [
        [
          3413.15283203125,
          237.7056884765625
        ],
        [
          3534.350830078125,
          533.852783203125
        ]
      ],
      "rotate": 0,
      "semantic": {
        "element": "建北磁北(夹角)",
        "links": []
      },
      "ext": {
        "文字识别结果": [
          "N"
        ],
        "文字位置": [
          [
            [
              3493.15283203125,
              258.7056884765625
            ],
            [
              3538.15283203125,
              307.7056884765625
            ]
          ]
        ],
        "顶点位置": [
          [
            3429.0989858774037,
            524.7681884765625
          ],
          [
            3429.0989858774037,
            296.7056884765625
          ]
        ]
      }
    },
    {
      "id": 89,
      "type": "other",
      "shape": "rect",
      "coord": [
        [
          2289.525634765625,
          1922.581787109375
        ],
        [
          3830.39990234375,
          2295.392333984375
        ]
      ],
      "rotate": 0,
      "semantic": {
        "element": "说明文字",
        "links": []
      },
      "ext": {
        "文字识别结果": [
          "说明：1.馈线最小弯曲半径应不小于馈线直径的10倍,7/8馈线最小弯曲半径应该不少于250mm;",
          "2.室内接地排安装在走线架上方墙壁200mm处，馈线室内接地排安装在走线架下方墙壁200mm处；",
          "3.走线方式为上走线,信号线,直流电源线和交流电源线分开布放",
          "4.馈线在机房内接头处应安装馈线避雷器,馈线避雷器接地端子就近引接到室外馈线入口处接地线上：",
          "5.为方便施工,馈线孔使用情况可根据施工顺序适当调整",
          "6.地排孔位使用情况可根据施工顺序适当调整"
        ]
      }
    }
  ]
}