{
  "info": {
    "像素面积": {
      "全部面积": 501367.0,
      "设备面积": 77080.0,
      "剩余面积": 424287.0
    },
    "图纸信息": {
      "类型": "机房",
      "名称": "36.png"
    }
  },
  "obj": [
    {
      "id": 1,
      "type": "outline",
      "shape": "polyline",
      "coord": [
        [
          984.9960327148438,
          222.41790771484375
        ],
        [
          1286.9960327148438,
          222.41790771484375
        ],
        [
          1286.9960327148438,
          544.4179077148438
        ],
        [
          1000.9960327148438,
          654.4179077148438
        ],
        [
          1286.9960327148438,
          654.4179077148438
        ],
        [
          1096.9960327148438,
          630.4179077148438
        ],
        [
          1270.9960327148438,
          630.4179077148438
        ],
        [
          1016.9960327148438,
          238.41790771484375
        ],
        [
          1270.9960327148438,
          238.41790771484375
        ],
        [
          1270.9960327148438,
          634.4179077148438
        ],
        [
          1270.9960327148438,
          544.4179077148438
        ],
        [
          1286.9960327148438,
          544.4179077148438
        ],
        [
          1121.9960327148438,
          214.41790771484375
        ],
        [
          1126.9960327148438,
          654.4179077148438
        ],
        [
          1000.9960327148438,
          222.41790771484375
        ],
        [
          995.9960327148438,
          654.4179077148438
        ],
        [
          1020.9960327148438,
          238.41790771484375
        ],
        [
          1016.9960327148438,
          460.41790771484375
        ],
        [
          1286.9960327148438,
          614.4179077148438
        ],
        [
          1286.9960327148438,
          654.4179077148438
        ]
      ],
      "rotate": 0,
      "semantic": {
        "element": "墙轮廓",
        "path": [
          "0, 1, 2",
          "3, 4",
          "5, 6",
          "7, 8, 9",
          "10, 11",
          "12, 13",
          "14, 15",
          "16, 17",
          "18, 19"
        ],
        "links": []
      },
      "ext": {}
    },
    {
      "id": 2,
      "type": "outline",
      "shape": "polyline",
      "coord": [
        [
          221.5529327392578,
          222.9456787109375
        ],
        [
          508.5529327392578,
          217.9456787109375
        ],
        [
          468.5529327392578,
          544.9456787109375
        ],
        [
          512.5529327392578,
          544.9456787109375
        ],
        [
          472.5529327392578,
          614.9456787109375
        ],
        [
          508.5529327392578,
          614.9456787109375
        ],
        [
          468.5529327392578,
          544.9456787109375
        ],
        [
          508.5529327392578,
          544.9456787109375
        ],
        [
          492.5529327392578,
          238.9456787109375
        ],
        [
          492.5529327392578,
          638.9456787109375
        ],
        [
          507.5529327392578,
          222.9456787109375
        ],
        [
          508.5529327392578,
          614.9456787109375
        ],
        [
          468.5529327392578,
          544.9456787109375
        ],
        [
          468.5529327392578,
          614.9456787109375
        ]
      ],
      "rotate": 0,
      "semantic": {
        "element": "墙轮廓",
        "path": [
          "0, 1",
          "2, 3",
          "4, 5",
          "6, 7",
          "8, 9",
          "10, 11",
          "12, 13"
        ],
        "links": []
      },
      "ext": {}
    },
    {
      "id": 3,
      "type": "outline",
      "shape": "polyline",
      "coord": [
        [
          994.9960327148438,
          220.41790771484375
        ],
        [
          1286.9960327148438,
          224.41790771484375
        ],
        [
          998.9960327148438,
          656.4179077148438
        ],
        [
          1286.9960327148438,
          656.4179077148438
        ],
        [
          1288.9960327148438,
          656.4179077148438
        ],
        [
          1014.9960327148438,
          236.41790771484375
        ],
        [
          1272.9960327148438,
          236.41790771484375
        ],
        [
          1272.9960327148438,
          640.4179077148438
        ],
        [
          1014.9960327148438,
          640.4179077148438
        ],
        [
          1272.9960327148438,
          640.4179077148438
        ],
        [
          1272.9960327148438,
          544.4179077148438
        ],
        [
          1286.9960327148438,
          542.4179077148438
        ],
        [
          1288.9960327148438,
          544.4179077148438
        ],
        [
          1272.9960327148438,
          544.4179077148438
        ],
        [
          1286.9960327148438,
          544.4179077148438
        ],
        [
          1286.9960327148438,
          616.4179077148438
        ],
        [
          1288.9960327148438,
          616.4179077148438
        ],
        [
          1286.9960327148438,
          220.41790771484375
        ],
        [
          1288.9960327148438,
          220.41790771484375
        ],
        [
          1286.9960327148438,
          542.4179077148438
        ],
        [
          998.9960327148438,
          224.41790771484375
        ],
        [
          994.9960327148438,
          656.4179077148438
        ],
        [
          1286.9960327148438,
          616.4179077148438
        ],
        [
          1286.9960327148438,
          656.4179077148438
        ],
        [
          1014.9960327148438,
          236.41790771484375
        ],
        [
          1014.9960327148438,
          640.4179077148438
        ]
      ],
      "rotate": 0,
      "semantic": {
        "element": "墙轮廓",
        "path": [
          "0, 1",
          "2, 3, 4",
          "5, 6, 7",
          "8, 9",
          "10, 11, 12",
          "13, 14",
          "15, 16",
          "17, 18, 19",
          "20, 21",
          "22, 23",
          "24, 25"
        ],
        "links": []
      },
      "ext": {}
    },
    {
      "id": 4,
      "type": "outline",
      "shape": "polyline",
      "coord": [
        [
          470.5529327392578,
          544.9456787109375
        ],
        [
          512.5529327392578,
          544.9456787109375
        ],
        [
          470.5529327392578,
          616.9456787109375
        ],
        [
          508.5529327392578,
          615.9456787109375
        ],
        [
          492.5529327392578,
          240.9456787109375
        ],
        [
          494.5529327392578,
          240.9456787109375
        ],
        [
          494.5529327392578,
          636.9456787109375
        ],
        [
          496.5529327392578,
          636.9456787109375
        ],
        [
          220.5529327392578,
          224.9456787109375
        ],
        [
          510.5529327392578,
          224.9456787109375
        ],
        [
          512.5529327392578,
          224.9456787109375
        ],
        [
          510.5529327392578,
          616.9456787109375
        ],
        [
          496.5529327392578,
          240.9456787109375
        ],
        [
          493.5529327392578,
          636.9456787109375
        ],
        [
          470.5529327392578,
          544.9456787109375
        ],
        [
          470.5529327392578,
          616.9456787109375
        ]
      ],
      "rotate": 0,
      "semantic": {
        "element": "墙轮廓",
        "path": [
          "0, 1",
          "2, 3",
          "4, 5",
          "6, 7",
          "8, 9",
          "10, 11",
          "12, 13",
          "14, 15"
        ],
        "links": []
      },
      "ext": {}
    },
    {
      "id": 4,
      "type": "polyline",
      "shape": "polyline",
      "coord": [
        [
          984.9960327148438,
          238.41790771484375
        ],
        [
          984.9960327148438,
          322.41790771484375
        ]
      ],
      "rotate": 0,
      "semantic": {
        "element": "标尺",
        "links": []
      },
      "ext": {
        "文字识别结果": [
          "105010"
        ]
      }
    },
    {
      "id": 5,
      "type": "polyline",
      "shape": "polyline",
      "coord": [
        [
          1310.9960327148438,
          238.41790771484375
        ],
        [
          1310.9960327148438,
          322.41790771484375
        ]
      ],
      "rotate": 0,
      "semantic": {
        "element": "标尺",
        "links": []
      },
      "ext": {
        "文字识别结果": [
          ""
        ]
      }
    },
    {
      "id": 6,
      "type": "polyline",
      "shape": "polyline",
      "coord": [
        [
          1096.9960327148438,
          214.41790771484375
        ],
        [
          1096.9960327148438,
          670.4179077148438
        ]
      ],
      "rotate": 0,
      "semantic": {
        "element": "标尺",
        "links": []
      },
      "ext": {
        "文字识别结果": [
          ""
        ]
      }
    },
    {
      "id": 7,
      "type": "polyline",
      "shape": "polyline",
      "coord": [
        [
          984.9960327148438,
          322.41790771484375
        ],
        [
          984.9960327148438,
          352.41790771484375
        ]
      ],
      "rotate": 0,
      "semantic": {
        "element": "标尺",
        "links": []
      },
      "ext": {
        "文字识别结果": [
          ""
        ]
      }
    },
    {
      "id": 8,
      "type": "polyline",
      "shape": "polyline",
      "coord": [
        [
          1310.9960327148438,
          322.41790771484375
        ],
        [
          1310.9960327148438,
          352.41790771484375
        ]
      ],
      "rotate": 0,
      "semantic": {
        "element": "标尺",
        "links": []
      },
      "ext": {
        "文字识别结果": [
          "*oo"
        ]
      }
    },
    {
      "id": 9,
      "type": "polyline",
      "shape": "polyline",
      "coord": [
        [
          984.9960327148438,
          352.41790771484375
        ],
        [
          984.9960327148438,
          638.4179077148438
        ]
      ],
      "rotate": 0,
      "semantic": {
        "element": "标尺",
        "links": []
      },
      "ext": {
        "文字识别结果": [
          "0996"
        ]
      }
    },
    {
      "id": 10,
      "type": "polyline",
      "shape": "polyline",
      "coord": [
        [
          1016.9960327148438,
          214.41790771484375
        ],
        [
          1096.9960327148438,
          214.41790771484375
        ]
      ],
      "rotate": 0,
      "semantic": {
        "element": "标尺",
        "links": []
      },
      "ext": {
        "文字识别结果": [
          "1000400"
        ]
      }
    },
    {
      "id": 11,
      "type": "polyline",
      "shape": "polyline",
      "coord": [
        [
          1126.9960327148438,
          214.41790771484375
        ],
        [
          1270.9960327148438,
          214.41790771484375
        ]
      ],
      "rotate": 0,
      "semantic": {
        "element": "标尺",
        "links": []
      },
      "ext": {
        "文字识别结果": [
          "1800"
        ]
      }
    },
    {
      "id": 12,
      "type": "polyline",
      "shape": "polyline",
      "coord": [
        [
          1016.9960327148438,
          670.4179077148438
        ],
        [
          1096.9960327148438,
          670.4179077148438
        ]
      ],
      "rotate": 0,
      "semantic": {
        "element": "标尺",
        "links": []
      },
      "ext": {
        "文字识别结果": [
          "1000"
        ]
      }
    },
    {
      "id": 13,
      "type": "polyline",
      "shape": "polyline",
      "coord": [
        [
          1096.9960327148438,
          217.41790771484375
        ],
        [
          1125.9960327148438,
          217.41790771484375
        ]
      ],
      "rotate": 0,
      "semantic": {
        "element": "标尺",
        "links": []
      },
      "ext": {
        "文字识别结果": [
          "000"
        ]
      }
    },
    {
      "id": 14,
      "type": "polyline",
      "shape": "polyline",
      "coord": [
        [
          1096.9960327148438,
          670.4179077148438
        ],
        [
          1126.9960327148438,
          670.4179077148438
        ]
      ],
      "rotate": 0,
      "semantic": {
        "element": "标尺",
        "links": []
      },
      "ext": {
        "文字识别结果": [
          ""
        ]
      }
    },
    {
      "id": 15,
      "type": "polyline",
      "shape": "polyline",
      "coord": [
        [
          984.9960327148438,
          322.41790771484375
        ],
        [
          1310.9960327148438,
          322.41790771484375
        ]
      ],
      "rotate": 0,
      "semantic": {
        "element": "标尺",
        "links": []
      },
      "ext": {
        "文字识别结果": [
          ""
        ]
      }
    },
    {
      "id": 16,
      "type": "polyline",
      "shape": "polyline",
      "coord": [
        [
          1125.9960327148438,
          217.41790771484375
        ],
        [
          1270.9960327148438,
          217.41790771484375
        ]
      ],
      "rotate": 0,
      "semantic": {
        "element": "标尺",
        "links": []
      },
      "ext": {
        "文字识别结果": [
          "1800"
        ]
      }
    },
    {
      "id": 17,
      "type": "box",
      "shape": "rect",
      "coord": [
        [
          1246.9960327148438,
          238.41790771484375
        ],
        [
          1270.9960327148438,
          262.41790771484375
        ]
      ],
      "rotate": 0,
      "semantic": {
        "element": "柱子",
        "links": []
      },
      "ext": {}
    },
    {
      "id": 18,
      "type": "box",
      "shape": "rect",
      "coord": [
        [
          1254.9960327148438,
          614.4179077148438
        ],
        [
          1270.9960327148438,
          638.4179077148438
        ]
      ],
      "rotate": 0,
      "semantic": {
        "element": "柱子",
        "links": []
      },
      "ext": {}
    },
    {
      "id": 19,
      "type": "box",
      "shape": "rect",
      "coord": [
        [
          1270.9960327148438,
          322.41790771484375
        ],
        [
          1286.9960327148438,
          352.41790771484375
        ]
      ],
      "rotate": 0,
      "semantic": {
        "element": "馈线洞",
        "links": []
      },
      "ext": {}
    },
    {
      "id": 20,
      "type": "box",
      "shape": "rect",
      "coord": [
        [
          1096.9960327148438,
          638.4179077148438
        ],
        [
          1128.9960327148438,
          654.4179077148438
        ]
      ],
      "rotate": 0,
      "semantic": {
        "element": "馈线洞",
        "links": []
      },
      "ext": {}
    },
    {
      "id": 21,
      "type": "polyline",
      "shape": "polyline",
      "coord": [
        [
          214.5529327392578,
          238.9456787109375
        ],
        [
          214.5529327392578,
          254.9456787109375
        ]
      ],
      "rotate": 0,
      "semantic": {
        "element": "标尺",
        "links": []
      },
      "ext": {
        "文字识别结果": [
          ""
        ]
      }
    },
    {
      "id": 22,
      "type": "polyline",
      "shape": "polyline",
      "coord": [
        [
          396.5529327392578,
          318.9456787109375
        ],
        [
          396.5529327392578,
          362.9456787109375
        ]
      ],
      "rotate": 0,
      "semantic": {
        "element": "标尺",
        "links": []
      },
      "ext": {
        "文字识别结果": [
          "099"
        ]
      }
    },
    {
      "id": 23,
      "type": "polyline",
      "shape": "polyline",
      "coord": [
        [
          556.5529327392578,
          294.9456787109375
        ],
        [
          556.5529327392578,
          318.9456787109375
        ]
      ],
      "rotate": 0,
      "semantic": {
        "element": "标尺",
        "links": []
      },
      "ext": {
        "文字识别结果": [
          "bod 00g"
        ]
      }
    },
    {
      "id": 24,
      "type": "polyline",
      "shape": "polyline",
      "coord": [
        [
          286.5529327392578,
          480.9456787109375
        ],
        [
          286.5529327392578,
          528.9456787109375
        ]
      ],
      "rotate": 0,
      "semantic": {
        "element": "标尺",
        "links": []
      },
      "ext": {
        "文字识别结果": [
          ""
        ]
      }
    },
    {
      "id": 25,
      "type": "polyline",
      "shape": "polyline",
      "coord": [
        [
          556.5529327392578,
          318.9456787109375
        ],
        [
          556.5529327392578,
          364.9456787109375
        ]
      ],
      "rotate": 0,
      "semantic": {
        "element": "标尺",
        "links": []
      },
      "ext": {
        "文字识别结果": [
          "bd009*09"
        ]
      }
    },
    {
      "id": 26,
      "type": "polyline",
      "shape": "polyline",
      "coord": [
        [
          556.5529327392578,
          364.9456787109375
        ],
        [
          556.5529327392578,
          416.9456787109375
        ]
      ],
      "rotate": 0,
      "semantic": {
        "element": "标尺",
        "links": []
      },
      "ext": {
        "文字识别结果": [
          "009*099*00"
        ]
      }
    },
    {
      "id": 27,
      "type": "polyline",
      "shape": "polyline",
      "coord": [
        [
          558.5529327392578,
          416.9456787109375
        ],
        [
          558.5529327392578,
          468.9456787109375
        ]
      ],
      "rotate": 0,
      "semantic": {
        "element": "标尺",
        "links": []
      },
      "ext": {
        "文字识别结果": [
          "099009林00001"
        ]
      }
    },
    {
      "id": 28,
      "type": "polyline",
      "shape": "polyline",
      "coord": [
        [
          556.5529327392578,
          524.9456787109375
        ],
        [
          556.5529327392578,
          574.9456787109375
        ]
      ],
      "rotate": 0,
      "semantic": {
        "element": "标尺",
        "links": []
      },
      "ext": {
        "文字识别结果": [
          "009*099*0"
        ]
      }
    },
    {
      "id": 29,
      "type": "polyline",
      "shape": "polyline",
      "coord": [
        [
          558.5529327392578,
          468.9456787109375
        ],
        [
          558.5529327392578,
          484.9456787109375
        ]
      ],
      "rotate": 0,
      "semantic": {
        "element": "标尺",
        "links": []
      },
      "ext": {
        "文字识别结果": [
          "林60010"
        ]
      }
    },
    {
      "id": 30,
      "type": "polyline",
      "shape": "polyline",
      "coord": [
        [
          558.5529327392578,
          484.9456787109375
        ],
        [
          558.5529327392578,
          524.9456787109375
        ]
      ],
      "rotate": 0,
      "semantic": {
        "element": "标尺",
        "links": []
      },
      "ext": {
        "文字识别结果": [
          "009林009*095100"
        ]
      }
    },
    {
      "id": 31,
      "type": "polyline",
      "shape": "polyline",
      "coord": [
        [
          238.5529327392578,
          198.9456787109375
        ],
        [
          492.5529327392578,
          198.9456787109375
        ]
      ],
      "rotate": 0,
      "semantic": {
        "element": "标尺",
        "links": []
      },
      "ext": {
        "文字识别结果": [
          "650十3200"
        ]
      }
    },
    {
      "id": 32,
      "type": "polyline",
      "shape": "polyline",
      "coord": [
        [
          306.5529327392578,
          214.9456787109375
        ],
        [
          356.5529327392578,
          214.9456787109375
        ]
      ],
      "rotate": 0,
      "semantic": {
        "element": "标尺",
        "links": []
      },
      "ext": {
        "文字识别结果": [
          "3200650"
        ]
      }
    },
    {
      "id": 33,
      "type": "polyline",
      "shape": "polyline",
      "coord": [
        [
          404.5529327392578,
          374.9456787109375
        ],
        [
          448.5529327392578,
          374.9456787109375
        ]
      ],
      "rotate": 0,
      "semantic": {
        "element": "标尺",
        "links": []
      },
      "ext": {
        "文字识别结果": [
          "600"
        ]
      }
    },
    {
      "id": 34,
      "type": "polyline",
      "shape": "polyline",
      "coord": [
        [
          238.5529327392578,
          464.9456787109375
        ],
        [
          274.5529327392578,
          464.9456787109375
        ]
      ],
      "rotate": 0,
      "semantic": {
        "element": "标尺",
        "links": []
      },
      "ext": {
        "文字识别结果": [
          ""
        ]
      }
    },
    {
      "id": 35,
      "type": "box",
      "shape": "rect",
      "coord": [
        [
          468.5529327392578,
          238.9456787109375
        ],
        [
          492.5529327392578,
          262.9456787109375
        ]
      ],
      "rotate": 0,
      "semantic": {
        "element": "柱子",
        "links": []
      },
      "ext": {}
    },
    {
      "id": 36,
      "type": "box",
      "shape": "rect",
      "coord": [
        [
          476.5529327392578,
          614.9456787109375
        ],
        [
          496.5529327392578,
          638.9456787109375
        ]
      ],
      "rotate": 0,
      "semantic": {
        "element": "柱子",
        "links": []
      },
      "ext": {}
    },
    {
      "id": 37,
      "type": "box",
      "shape": "rect",
      "coord": [
        [
          238.5529327392578,
          480.9456787109375
        ],
        [
          270.5529327392578,
          528.9456787109375
        ]
      ],
      "rotate": 0,
      "semantic": {
        "element": "普通设备",
        "links": []
      },
      "ext": {
        "文字识别结果": [
          "13"
        ],
        "表格匹配结果": [
          "13",
          "综合柜",
          "",
          "600 x600x1800",
          "",
          "",
          "1",
          "原有"
        ]
      }
    },
    {
      "id": 38,
      "type": "box",
      "shape": "rect",
      "coord": [
        [
          306.5529327392578,
          238.9456787109375
        ],
        [
          356.5529327392578,
          258.9456787109375
        ]
      ],
      "rotate": 0,
      "semantic": {
        "element": "普通设备",
        "links": []
      },
      "ext": {
        "文字识别结果": [
          "1"
        ],
        "表格匹配结果": [
          "1",
          "电信设备",
          "",
          "650x220x550",
          "",
          "台",
          "1",
          "原有"
        ]
      }
    },
    {
      "id": 39,
      "type": "box",
      "shape": "rect",
      "coord": [
        [
          330.5529327392578,
          318.9456787109375
        ],
        [
          356.5529327392578,
          364.9456787109375
        ]
      ],
      "rotate": 0,
      "semantic": {
        "element": "普通设备",
        "links": []
      },
      "ext": {
        "文字识别结果": [
          ""
        ]
      }
    },
    {
      "id": 40,
      "type": "box",
      "shape": "rect",
      "coord": [
        [
          338.5529327392578,
          366.9456787109375
        ],
        [
          356.5529327392578,
          416.9456787109375
        ]
      ],
      "rotate": 0,
      "semantic": {
        "element": "普通设备",
        "links": []
      },
      "ext": {
        "文字识别结果": [
          "6"
        ],
        "表格匹配结果": [
          "6",
          "综合柜",
          "",
          "660x300x2200",
          "",
          "架",
          "1",
          "原有"
        ]
      }
    },
    {
      "id": 41,
      "type": "box",
      "shape": "rect",
      "coord": [
        [
          326.5529327392578,
          476.9456787109375
        ],
        [
          356.5529327392578,
          524.9456787109375
        ]
      ],
      "rotate": 0,
      "semantic": {
        "element": "普通设备",
        "links": []
      },
      "ext": {
        "文字识别结果": [
          "3"
        ],
        "表格匹配结果": [
          "3",
          "电信设备",
          "",
          "600x450x950",
          "",
          "架",
          "1",
          "原有"
        ]
      }
    },
    {
      "id": 42,
      "type": "box",
      "shape": "rect",
      "coord": [
        [
          317.5529327392578,
          523.9456787109375
        ],
        [
          356.5529327392578,
          574.9456787109375
        ]
      ],
      "rotate": 0,
      "semantic": {
        "element": "普通设备",
        "links": []
      },
      "ext": {
        "文字识别结果": [
          ""
        ]
      }
    },
    {
      "id": 43,
      "type": "box",
      "shape": "rect",
      "coord": [
        [
          317.5529327392578,
          420.9456787109375
        ],
        [
          358.5529327392578,
          468.9456787109375
        ]
      ],
      "rotate": 0,
      "semantic": {
        "element": "普通设备",
        "links": []
      },
      "ext": {
        "文字识别结果": [
          "4"
        ],
        "表格匹配结果": [
          "4",
          "DCS",
          "诺西",
          "600x600x1800",
          "",
          "架",
          "1",
          "原有"
        ]
      }
    },
    {
      "id": 44,
      "type": "box",
      "shape": "rect",
      "coord": [
        [
          342.5529327392578,
          294.9456787109375
        ],
        [
          360.5529327392578,
          318.9456787109375
        ]
      ],
      "rotate": 0,
      "semantic": {
        "element": "普通设备",
        "links": []
      },
      "ext": {
        "文字识别结果": [
          ""
        ]
      }
    },
    {
      "id": 45,
      "type": "box",
      "shape": "rect",
      "coord": [
        [
          362.5529327392578,
          432.9456787109375
        ],
        [
          384.5529327392578,
          468.9456787109375
        ]
      ],
      "rotate": 0,
      "semantic": {
        "element": "普通设备",
        "links": []
      },
      "ext": {
        "文字识别结果": [
          ""
        ]
      }
    },
    {
      "id": 46,
      "type": "box",
      "shape": "rect",
      "coord": [
        [
          404.5529327392578,
          318.9456787109375
        ],
        [
          452.5529327392578,
          358.9456787109375
        ]
      ],
      "rotate": 0,
      "semantic": {
        "element": "普通设备",
        "links": []
      },
      "ext": {
        "文字识别结果": [
          "9"
        ],
        "表格匹配结果": [
          "9",
          "GSM",
          "诺西",
          "600x550x1800",
          "",
          "架",
          "1",
          "原有"
        ]
      }
    },
    {
      "id": 47,
      "type": "box",
      "shape": "rect",
      "coord": [
        [
          480.5529327392578,
          326.9456787109375
        ],
        [
          492.5529327392578,
          348.9456787109375
        ]
      ],
      "rotate": 0,
      "semantic": {
        "element": "普通设备",
        "links": []
      },
      "ext": {
        "文字识别结果": [
          ""
        ]
      }
    },
    {
      "id": 48,
      "type": "box",
      "shape": "rect",
      "coord": [
        [
          468.5529327392578,
          544.9456787109375
        ],
        [
          492.5529327392578,
          614.9456787109375
        ]
      ],
      "rotate": 0,
      "semantic": {
        "element": "普通设备",
        "links": []
      },
      "ext": {
        "文字识别结果": [
          "14"
        ],
        "表格匹配结果": [
          "14",
          "挂式空调",
          "",
          "900x300x400",
          "",
          "台",
          "1",
          "原有"
        ]
      }
    },
    {
      "id": 49,
      "type": "box",
      "shape": "rect",
      "coord": [
        [
          496.5529327392578,
          354.9456787109375
        ],
        [
          512.5529327392578,
          542.9456787109375
        ]
      ],
      "rotate": 0,
      "semantic": {
        "element": "普通设备",
        "links": []
      },
      "ext": {
        "文字识别结果": [
          ""
        ]
      }
    },
    {
      "id": 50,
      "type": "box",
      "shape": "rect",
      "coord": [
        [
          492.5529327392578,
          322.9456787109375
        ],
        [
          508.5529327392578,
          352.9456787109375
        ]
      ],
      "rotate": 0,
      "semantic": {
        "element": "馈线洞",
        "links": []
      },
      "ext": {}
    },
    {
      "id": 51,
      "type": "polyline",
      "shape": "polyline",
      "coord": [
        [
          982.9960327148438,
          236.41790771484375
        ],
        [
          982.9960327148438,
          320.41790771484375
        ]
      ],
      "rotate": 0,
      "semantic": {
        "element": "标尺",
        "links": []
      },
      "ext": {
        "文字识别结果": [
          "1050100"
        ]
      }
    },
    {
      "id": 52,
      "type": "polyline",
      "shape": "polyline",
      "coord": [
        [
          1312.9960327148438,
          236.41790771484375
        ],
        [
          1312.9960327148438,
          320.41790771484375
        ]
      ],
      "rotate": 0,
      "semantic": {
        "element": "标尺",
        "links": []
      },
      "ext": {
        "文字识别结果": [
          ""
        ]
      }
    },
    {
      "id": 53,
      "type": "polyline",
      "shape": "polyline",
      "coord": [
        [
          1094.9960327148438,
          216.41790771484375
        ],
        [
          1094.9960327148438,
          668.4179077148438
        ]
      ],
      "rotate": 0,
      "semantic": {
        "element": "标尺",
        "links": []
      },
      "ext": {
        "文字识别结果": [
          ""
        ]
      }
    },
    {
      "id": 54,
      "type": "polyline",
      "shape": "polyline",
      "coord": [
        [
          982.9960327148438,
          320.41790771484375
        ],
        [
          982.9960327148438,
          354.41790771484375
        ]
      ],
      "rotate": 0,
      "semantic": {
        "element": "标尺",
        "links": []
      },
      "ext": {
        "文字识别结果": [
          "05100"
        ]
      }
    },
    {
      "id": 55,
      "type": "polyline",
      "shape": "polyline",
      "coord": [
        [
          1312.9960327148438,
          320.41790771484375
        ],
        [
          1312.9960327148438,
          354.41790771484375
        ]
      ],
      "rotate": 0,
      "semantic": {
        "element": "标尺",
        "links": []
      },
      "ext": {
        "文字识别结果": [
          "l6100"
        ]
      }
    },
    {
      "id": 56,
      "type": "polyline",
      "shape": "polyline",
      "coord": [
        [
          986.9960327148438,
          322.41790771484375
        ],
        [
          986.9960327148438,
          354.41790771484375
        ]
      ],
      "rotate": 0,
      "semantic": {
        "element": "标尺",
        "links": []
      },
      "ext": {
        "文字识别结果": [
          ""
        ]
      }
    },
    {
      "id": 57,
      "type": "polyline",
      "shape": "polyline",
      "coord": [
        [
          982.9960327148438,
          354.41790771484375
        ],
        [
          982.9960327148438,
          640.4179077148438
        ]
      ],
      "rotate": 0,
      "semantic": {
        "element": "标尺",
        "links": []
      },
      "ext": {
        "文字识别结果": [
          "3550"
        ]
      }
    },
    {
      "id": 58,
      "type": "polyline",
      "shape": "polyline",
      "coord": [
        [
          1014.9960327148438,
          216.41790771484375
        ],
        [
          1094.9960327148438,
          216.41790771484375
        ]
      ],
      "rotate": 0,
      "semantic": {
        "element": "标尺",
        "links": []
      },
      "ext": {
        "文字识别结果": [
          "1000"
        ]
      }
    },
    {
      "id": 59,
      "type": "polyline",
      "shape": "polyline",
      "coord": [
        [
          1014.9960327148438,
          668.4179077148438
        ],
        [
          1094.9960327148438,
          668.4179077148438
        ]
      ],
      "rotate": 0,
      "semantic": {
        "element": "标尺",
        "links": []
      },
      "ext": {
        "文字识别结果": [
          ""
        ]
      }
    },
    {
      "id": 60,
      "type": "polyline",
      "shape": "polyline",
      "coord": [
        [
          1094.9960327148438,
          216.41790771484375
        ],
        [
          1128.9960327148438,
          216.41790771484375
        ]
      ],
      "rotate": 0,
      "semantic": {
        "element": "标尺",
        "links": []
      },
      "ext": {
        "文字识别结果": [
          "000400"
        ]
      }
    },
    {
      "id": 61,
      "type": "polyline",
      "shape": "polyline",
      "coord": [
        [
          1128.9960327148438,
          216.41790771484375
        ],
        [
          1272.9960327148438,
          216.41790771484375
        ]
      ],
      "rotate": 0,
      "semantic": {
        "element": "标尺",
        "links": []
      },
      "ext": {
        "文字识别结果": [
          "1800"
        ]
      }
    },
    {
      "id": 62,
      "type": "polyline",
      "shape": "polyline",
      "coord": [
        [
          1094.9960327148438,
          672.4179077148438
        ],
        [
          1127.9960327148438,
          672.4179077148438
        ]
      ],
      "rotate": 0,
      "semantic": {
        "element": "标尺",
        "links": []
      },
      "ext": {
        "文字识别结果": [
          "000"
        ]
      }
    },
    {
      "id": 63,
      "type": "polyline",
      "shape": "polyline",
      "coord": [
        [
          982.9960327148438,
          320.41790771484375
        ],
        [
          1310.9960327148438,
          320.41790771484375
        ]
      ],
      "rotate": 0,
      "semantic": {
        "element": "标尺",
        "links": []
      },
      "ext": {
        "文字识别结果": [
          ""
        ]
      }
    },
    {
      "id": 64,
      "type": "box",
      "shape": "rect",
      "coord": [
        [
          1244.9960327148438,
          236.41790771484375
        ],
        [
          1272.9960327148438,
          264.41790771484375
        ]
      ],
      "rotate": 0,
      "semantic": {
        "element": "柱子",
        "links": []
      },
      "ext": {}
    },
    {
      "id": 65,
      "type": "box",
      "shape": "rect",
      "coord": [
        [
          1252.9960327148438,
          616.4179077148438
        ],
        [
          1272.9960327148438,
          640.4179077148438
        ]
      ],
      "rotate": 0,
      "semantic": {
        "element": "柱子",
        "links": []
      },
      "ext": {}
    },
    {
      "id": 66,
      "type": "box",
      "shape": "rect",
      "coord": [
        [
          1272.9960327148438,
          320.41790771484375
        ],
        [
          1286.9960327148438,
          350.41790771484375
        ]
      ],
      "rotate": 0,
      "semantic": {
        "element": "馈线洞",
        "links": []
      },
      "ext": {}
    },
    {
      "id": 67,
      "type": "box",
      "shape": "rect",
      "coord": [
        [
          1272.9960327148438,
          322.41790771484375
        ],
        [
          1286.9960327148438,
          350.41790771484375
        ]
      ],
      "rotate": 0,
      "semantic": {
        "element": "馈线洞",
        "links": []
      },
      "ext": {}
    },
    {
      "id": 68,
      "type": "box",
      "shape": "rect",
      "coord": [
        [
          1094.9960327148438,
          640.4179077148438
        ],
        [
          1128.9960327148438,
          652.4179077148438
        ]
      ],
      "rotate": 0,
      "semantic": {
        "element": "馈线洞",
        "links": []
      },
      "ext": {}
    },
    {
      "id": 69,
      "type": "box",
      "shape": "rect",
      "coord": [
        [
          1096.9960327148438,
          640.4179077148438
        ],
        [
          1128.9960327148438,
          652.4179077148438
        ]
      ],
      "rotate": 0,
      "semantic": {
        "element": "馈线洞",
        "links": []
      },
      "ext": {}
    },
    {
      "id": 70,
      "type": "polyline",
      "shape": "polyline",
      "coord": [
        [
          212.5529327392578,
          240.9456787109375
        ],
        [
          212.5529327392578,
          256.9456787109375
        ]
      ],
      "rotate": 0,
      "semantic": {
        "element": "标尺",
        "links": []
      },
      "ext": {
        "文字识别结果": [
          ""
        ]
      }
    },
    {
      "id": 71,
      "type": "polyline",
      "shape": "polyline",
      "coord": [
        [
          398.5529327392578,
          320.9456787109375
        ],
        [
          398.5529327392578,
          362.9456787109375
        ]
      ],
      "rotate": 0,
      "semantic": {
        "element": "标尺",
        "links": []
      },
      "ext": {
        "文字识别结果": [
          ""
        ]
      }
    },
    {
      "id": 72,
      "type": "polyline",
      "shape": "polyline",
      "coord": [
        [
          556.5529327392578,
          292.9456787109375
        ],
        [
          556.5529327392578,
          316.9456787109375
        ]
      ],
      "rotate": 0,
      "semantic": {
        "element": "标尺",
        "links": []
      },
      "ext": {
        "文字识别结果": [
          "bod 00g"
        ]
      }
    },
    {
      "id": 73,
      "type": "polyline",
      "shape": "polyline",
      "coord": [
        [
          288.5529327392578,
          478.9456787109375
        ],
        [
          288.5529327392578,
          526.9456787109375
        ]
      ],
      "rotate": 0,
      "semantic": {
        "element": "标尺",
        "links": []
      },
      "ext": {
        "文字识别结果": [
          "13"
        ]
      }
    },
    {
      "id": 74,
      "type": "polyline",
      "shape": "polyline",
      "coord": [
        [
          398.5529327392578,
          318.9456787109375
        ],
        [
          398.5529327392578,
          362.9456787109375
        ]
      ],
      "rotate": 0,
      "semantic": {
        "element": "标尺",
        "links": []
      },
      "ext": {
        "文字识别结果": [
          ""
        ]
      }
    },
    {
      "id": 75,
      "type": "polyline",
      "shape": "polyline",
      "coord": [
        [
          556.5529327392578,
          316.9456787109375
        ],
        [
          556.5529327392578,
          366.9456787109375
        ]
      ],
      "rotate": 0,
      "semantic": {
        "element": "标尺",
        "links": []
      },
      "ext": {
        "文字识别结果": [
          "bod009+09"
        ]
      }
    },
    {
      "id": 76,
      "type": "polyline",
      "shape": "polyline",
      "coord": [
        [
          556.5529327392578,
          469.9456787109375
        ],
        [
          556.5529327392578,
          522.9456787109375
        ]
      ],
      "rotate": 0,
      "semantic": {
        "element": "标尺",
        "links": []
      },
      "ext": {
        "文字识别结果": [
          "林60010"
        ]
      }
    },
    {
      "id": 77,
      "type": "polyline",
      "shape": "polyline",
      "coord": [
        [
          556.5529327392578,
          418.9456787109375
        ],
        [
          556.5529327392578,
          469.9456787109375
        ]
      ],
      "rotate": 0,
      "semantic": {
        "element": "标尺",
        "links": []
      },
      "ext": {
        "文字识别结果": [
          "099*009林00001"
        ]
      }
    },
    {
      "id": 78,
      "type": "polyline",
      "shape": "polyline",
      "coord": [
        [
          556.5529327392578,
          366.9456787109375
        ],
        [
          556.5529327392578,
          418.9456787109375
        ]
      ],
      "rotate": 0,
      "semantic": {
        "element": "标尺",
        "links": []
      },
      "ext": {
        "文字识别结果": [
          "00g*099十005"
        ]
      }
    },
    {
      "id": 79,
      "type": "polyline",
      "shape": "polyline",
      "coord": [
        [
          556.5529327392578,
          522.9456787109375
        ],
        [
          556.5529327392578,
          576.9456787109375
        ]
      ],
      "rotate": 0,
      "semantic": {
        "element": "标尺",
        "links": []
      },
      "ext": {
        "文字识别结果": [
          "00g+09g十00"
        ]
      }
    },
    {
      "id": 80,
      "type": "polyline",
      "shape": "polyline",
      "coord": [
        [
          236.5529327392578,
          196.9456787109375
        ],
        [
          492.5529327392578,
          196.9456787109375
        ]
      ],
      "rotate": 0,
      "semantic": {
        "element": "标尺",
        "links": []
      },
      "ext": {
        "文字识别结果": [
          "650七3200"
        ]
      }
    },
    {
      "id": 81,
      "type": "polyline",
      "shape": "polyline",
      "coord": [
        [
          304.5529327392578,
          212.9456787109375
        ],
        [
          358.5529327392578,
          212.9456787109375
        ]
      ],
      "rotate": 0,
      "semantic": {
        "element": "标尺",
        "links": []
      },
      "ext": {
        "文字识别结果": [
          "3200650"
        ]
      }
    },
    {
      "id": 82,
      "type": "polyline",
      "shape": "polyline",
      "coord": [
        [
          236.5529327392578,
          462.9456787109375
        ],
        [
          272.5529327392578,
          462.9456787109375
        ]
      ],
      "rotate": 0,
      "semantic": {
        "element": "标尺",
        "links": []
      },
      "ext": {
        "文字识别结果": [
          ""
        ]
      }
    },
    {
      "id": 83,
      "type": "polyline",
      "shape": "polyline",
      "coord": [
        [
          402.5529327392578,
          374.9456787109375
        ],
        [
          450.5529327392578,
          374.9456787109375
        ]
      ],
      "rotate": 0,
      "semantic": {
        "element": "标尺",
        "links": []
      },
      "ext": {
        "文字识别结果": [
          ""
        ]
      }
    },
    {
      "id": 84,
      "type": "box",
      "shape": "rect",
      "coord": [
        [
          470.5529327392578,
          240.9456787109375
        ],
        [
          492.5529327392578,
          264.9456787109375
        ]
      ],
      "rotate": 0,
      "semantic": {
        "element": "柱子",
        "links": []
      },
      "ext": {}
    },
    {
      "id": 85,
      "type": "box",
      "shape": "rect",
      "coord": [
        [
          478.5529327392578,
          616.9456787109375
        ],
        [
          494.5529327392578,
          636.9456787109375
        ]
      ],
      "rotate": 0,
      "semantic": {
        "element": "柱子",
        "links": []
      },
      "ext": {}
    },
    {
      "id": 86,
      "type": "box",
      "shape": "rect",
      "coord": [
        [
          236.5529327392578,
          478.9456787109375
        ],
        [
          268.5529327392578,
          526.9456787109375
        ]
      ],
      "rotate": 0,
      "semantic": {
        "element": "普通设备",
        "links": []
      },
      "ext": {
        "文字识别结果": [
          "13"
        ],
        "表格匹配结果": [
          "13",
          "综合柜",
          "",
          "600 x600x1800",
          "",
          "",
          "1",
          "原有"
        ]
      }
    },
    {
      "id": 87,
      "type": "box",
      "shape": "rect",
      "coord": [
        [
          304.5529327392578,
          240.9456787109375
        ],
        [
          358.5529327392578,
          256.9456787109375
        ]
      ],
      "rotate": 0,
      "semantic": {
        "element": "普通设备",
        "links": []
      },
      "ext": {
        "文字识别结果": [
          ""
        ]
      }
    },
    {
      "id": 88,
      "type": "box",
      "shape": "rect",
      "coord": [
        [
          330.5529327392578,
          316.9456787109375
        ],
        [
          358.5529327392578,
          366.9456787109375
        ]
      ],
      "rotate": 0,
      "semantic": {
        "element": "普通设备",
        "links": []
      },
      "ext": {
        "文字识别结果": [
          "7"
        ],
        "表格匹配结果": [
          "7",
          "开关电源柜",
          "艾默生",
          "600x400x1600",
          "",
          "",
          "1",
          "原有"
        ]
      }
    },
    {
      "id": 89,
      "type": "box",
      "shape": "rect",
      "coord": [
        [
          338.5529327392578,
          366.9456787109375
        ],
        [
          358.5529327392578,
          418.9456787109375
        ]
      ],
      "rotate": 0,
      "semantic": {
        "element": "普通设备",
        "links": []
      },
      "ext": {
        "文字识别结果": [
          "6"
        ],
        "表格匹配结果": [
          "6",
          "综合柜",
          "",
          "660x300x2200",
          "",
          "架",
          "1",
          "原有"
        ]
      }
    },
    {
      "id": 90,
      "type": "box",
      "shape": "rect",
      "coord": [
        [
          316.5529327392578,
          418.9456787109375
        ],
        [
          358.5529327392578,
          466.9456787109375
        ]
      ],
      "rotate": 0,
      "semantic": {
        "element": "普通设备",
        "links": []
      },
      "ext": {
        "文字识别结果": [
          "4"
        ],
        "表格匹配结果": [
          "4",
          "DCS",
          "诺西",
          "600x600x1800",
          "",
          "架",
          "1",
          "原有"
        ]
      }
    },
    {
      "id": 91,
      "type": "box",
      "shape": "rect",
      "coord": [
        [
          324.5529327392578,
          474.9456787109375
        ],
        [
          358.5529327392578,
          522.9456787109375
        ]
      ],
      "rotate": 0,
      "semantic": {
        "element": "普通设备",
        "links": []
      },
      "ext": {
        "文字识别结果": [
          "3"
        ],
        "表格匹配结果": [
          "3",
          "电信设备",
          "",
          "600x450x950",
          "",
          "架",
          "1",
          "原有"
        ]
      }
    },
    {
      "id": 92,
      "type": "box",
      "shape": "rect",
      "coord": [
        [
          316.5529327392578,
          522.9456787109375
        ],
        [
          358.5529327392578,
          576.9456787109375
        ]
      ],
      "rotate": 0,
      "semantic": {
        "element": "普通设备",
        "links": []
      },
      "ext": {
        "文字识别结果": [
          ""
        ]
      }
    },
    {
      "id": 93,
      "type": "box",
      "shape": "rect",
      "coord": [
        [
          342.5529327392578,
          292.9456787109375
        ],
        [
          362.5529327392578,
          316.9456787109375
        ]
      ],
      "rotate": 0,
      "semantic": {
        "element": "普通设备",
        "links": []
      },
      "ext": {
        "文字识别结果": [
          "8"
        ],
        "表格匹配结果": [
          "8",
          "OF架",
          "",
          "240x300x2200",
          "",
          "架",
          "1",
          "原有"
        ]
      }
    },
    {
      "id": 94,
      "type": "box",
      "shape": "rect",
      "coord": [
        [
          362.5529327392578,
          430.9456787109375
        ],
        [
          386.5529327392578,
          466.9456787109375
        ]
      ],
      "rotate": 0,
      "semantic": {
        "element": "普通设备",
        "links": []
      },
      "ext": {
        "文字识别结果": [
          "5"
        ],
        "表格匹配结果": [
          "5",
          "通风转换器",
          "",
          "440x280x2200",
          "",
          "",
          "1",
          "原有"
        ]
      }
    },
    {
      "id": 95,
      "type": "box",
      "shape": "rect",
      "coord": [
        [
          402.5529327392578,
          320.9456787109375
        ],
        [
          450.5529327392578,
          358.9456787109375
        ]
      ],
      "rotate": 0,
      "semantic": {
        "element": "普通设备",
        "links": []
      },
      "ext": {
        "文字识别结果": [
          "9"
        ],
        "表格匹配结果": [
          "9",
          "GSM",
          "诺西",
          "600x550x1800",
          "",
          "架",
          "1",
          "原有"
        ]
      }
    },
    {
      "id": 96,
      "type": "box",
      "shape": "rect",
      "coord": [
        [
          478.5529327392578,
          326.9456787109375
        ],
        [
          494.5529327392578,
          350.9456787109375
        ]
      ],
      "rotate": 0,
      "semantic": {
        "element": "普通设备",
        "links": []
      },
      "ext": {
        "文字识别结果": [
          ""
        ]
      }
    },
    {
      "id": 97,
      "type": "box",
      "shape": "rect",
      "coord": [
        [
          482.5529327392578,
          450.9456787109375
        ],
        [
          494.5529327392578,
          486.9456787109375
        ]
      ],
      "rotate": 0,
      "semantic": {
        "element": "普通设备",
        "links": []
      },
      "ext": {
        "文字识别结果": [
          ""
        ]
      }
    },
    {
      "id": 98,
      "type": "box",
      "shape": "rect",
      "coord": [
        [
          470.5529327392578,
          544.9456787109375
        ],
        [
          496.5529327392578,
          615.9456787109375
        ]
      ],
      "rotate": 0,
      "semantic": {
        "element": "普通设备",
        "links": []
      },
      "ext": {
        "文字识别结果": [
          "14"
        ],
        "表格匹配结果": [
          "14",
          "挂式空调",
          "",
          "900x300x400",
          "",
          "台",
          "1",
          "原有"
        ]
      }
    },
    {
      "id": 99,
      "type": "box",
      "shape": "rect",
      "coord": [
        [
          493.5529327392578,
          324.9456787109375
        ],
        [
          508.5529327392578,
          354.9456787109375
        ]
      ],
      "rotate": 0,
      "semantic": {
        "element": "馈线洞",
        "links": []
      },
      "ext": {}
    },
    {
      "id": 100,
      "type": "box",
      "shape": "rect",
      "coord": [
        [
          494.5529327392578,
          322.9456787109375
        ],
        [
          508.5529327392578,
          354.9456787109375
        ]
      ],
      "rotate": 0,
      "semantic": {
        "element": "馈线洞",
        "links": []
      },
      "ext": {}
    },
    {
      "id": 101,
      "type": "box",
      "shape": "rect",
      "coord": [
        [
          492.5529327392578,
          322.9456787109375
        ],
        [
          508.5529327392578,
          354.9456787109375
        ]
      ],
      "rotate": 0,
      "semantic": {
        "element": "馈线洞",
        "links": []
      },
      "ext": {}
    },
    {
      "id": 103,
      "type": "other",
      "shape": "rect",
      "coord": [
        [
          380.93739318847656,
          618.369873046875
        ],
        [
          415.48097229003906,
          641.6415405273438
        ]
      ],
      "rotate": 0,
      "semantic": {
        "element": "无指向性文字",
        "links": []
      },
      "ext": {
        "文字识别结果": [
          "[15"
        ]
      }
    },
    {
      "id": 104,
      "type": "other",
      "shape": "rect",
      "coord": [
        [
          1266.3856201171875,
          538.64013671875
        ],
        [
          1295.952880859375,
          613.845947265625
        ]
      ],
      "rotate": 0,
      "semantic": {
        "element": "门",
        "links": []
      },
      "ext": {}
    },
    {
      "id": 105,
      "type": "other",
      "shape": "rect",
      "coord": [
        [
          259.03424072265625,
          1112.9779052734375
        ],
        [
          290.2593994140625,
          1139.55859375
        ]
      ],
      "rotate": 0,
      "semantic": {
        "element": "图例小图",
        "links": []
      },
      "ext": {}
    },
    {
      "id": 106,
      "type": "other",
      "shape": "rect",
      "coord": [
        [
          495.0963134765625,
          1113.811767578125
        ],
        [
          529.1082763671875,
          1140.4156494140625
        ]
      ],
      "rotate": 0,
      "semantic": {
        "element": "图例小图",
        "links": []
      },
      "ext": {}
    },
    {
      "id": 107,
      "type": "other",
      "shape": "rect",
      "coord": [
        [
          379.03826904296875,
          1113.583251953125
        ],
        [
          410.0389709472656,
          1139.322998046875
        ]
      ],
      "rotate": 0,
      "semantic": {
        "element": "图例小图",
        "links": []
      },
      "ext": {}
    },
    {
      "id": 108,
      "type": "other",
      "shape": "rect",
      "coord": [
        [
          1119.861328125,
          709.0849609375
        ],
        [
          1230.756591796875,
          741.9796142578125
        ]
      ],
      "rotate": 0,
      "semantic": {
        "element": "机房标题",
        "links": []
      },
      "ext": {
        "文字识别结果": [
          "00八层租用机房"
        ]
      }
    },
    {
      "id": 109,
      "type": "other",
      "shape": "rect",
      "coord": [
        [
          559.2083740234375,
          652.115966796875
        ],
        [
          665.839599609375,
          682.3077392578125
        ]
      ],
      "rotate": 0,
      "semantic": {
        "element": "机房标题",
        "links": []
      },
      "ext": {
        "文字识别结果": [
          ""
        ]
      }
    },
    {
      "id": 110,
      "type": "table",
      "shape": "rect",
      "coord": [
        [
          143.4051513671875,
          691.6239013671875
        ],
        [
          786.2833862304688,
          1116.7109375
        ]
      ],
      "rotate": 0,
      "semantic": {
        "element": "物料表",
        "links": []
      },
      "ext": {
        "表格识别结果": [
          [
            "库号",
            "设备名称",
            "厂家",
            "规格或尺（W",
            "",
            "单位",
            "数量",
            "备注"
          ],
          [
            "1",
            "LTE",
            "",
            "492x560x133",
            "",
            "台",
            "1",
            "新增，LTE安装在W网机柜"
          ],
          [
            "2",
            "WCDMA",
            "诺西",
            "660x550x1800",
            "",
            "",
            "1",
            "原有"
          ],
          [
            "3",
            "电信设备",
            "",
            "600x450x950",
            "",
            "架",
            "1",
            "原有"
          ],
          [
            "4",
            "DCS",
            "诺西",
            "600x600x1800",
            "",
            "架",
            "1",
            "原有"
          ],
          [
            "5",
            "通风转换器",
            "",
            "440x280x2200",
            "",
            "",
            "1",
            "原有"
          ],
          [
            "6",
            "综合柜",
            "",
            "660x300x2200",
            "",
            "架",
            "1",
            "原有"
          ],
          [
            "7",
            "开关电源柜",
            "艾默生",
            "600x400x1600",
            "",
            "",
            "1",
            "原有"
          ],
          [
            "8",
            "OF架",
            "",
            "240x300x2200",
            "",
            "架",
            "1",
            "原有"
          ],
          [
            "9",
            "GSM",
            "诺西",
            "600x550x1800",
            "",
            "架",
            "1",
            "原有"
          ],
          [
            "10",
            "电池组",
            "",
            "2200x450x400",
            "",
            "组",
            "2",
            "原有500AH，单层双列"
          ],
          [
            "1",
            "电信设备",
            "",
            "650x220x550",
            "",
            "台",
            "1",
            "原有"
          ],
          [
            "12",
            "交配电箱",
            "",
            "600600X1800",
            "",
            "台",
            "1",
            "原有"
          ],
          [
            "13",
            "综合柜",
            "",
            "600 x600x1800",
            "",
            "",
            "1",
            "原有"
          ],
          [
            "14",
            "挂式空调",
            "",
            "900x300x400",
            "",
            "台",
            "1",
            "原有"
          ],
          [
            "15",
            "电力箱",
            "",
            "550x260x750",
            "",
            "台",
            "1",
            "原有"
          ],
          [
            "",
            "",
            "原有设备",
            "",
            "拆除设备",
            "",
            "",
            ""
          ]
        ]
      }
    },
    {
      "id": 111,
      "type": "table",
      "shape": "rect",
      "coord": [
        [
          899.8682250976562,
          916.435791015625
        ],
        [
          1249.8594970703125,
          1030.2386474609375
        ]
      ],
      "rotate": 0,
      "semantic": {
        "element": "物料表",
        "links": []
      },
      "ext": {
        "表格识别结果": [
          [
            "序号",
            "材料名称",
            "单位数量",
            "备注",
            ""
          ],
          [
            "",
            "水平走线架",
            "",
            "利旧",
            ""
          ],
          [
            "",
            "垂直走线架",
            "",
            "利旧",
            ""
          ],
          [
            "处主管",
            "",
            "审核人",
            "",
            "中讯邮"
          ]
        ]
      }
    },
    {
      "id": 112,
      "type": "table",
      "shape": "rect",
      "coord": [
        [
          889.9188842773438,
          1036.9671630859375
        ],
        [
          1605.205078125,
          1162.5352783203125
        ]
      ],
      "rotate": 0,
      "semantic": {
        "element": "标题栏",
        "links": []
      },
      "ext": {
        "表格识别结果": [
          [
            "单责人",
            "比",
            "",
            ""
          ],
          [
            "设计人",
            "期",
            "2013.10",
            "图"
          ]
        ]
      }
    },
    {
      "id": 113,
      "type": "other",
      "shape": "rect",
      "coord": [
        [
          1003.5764770507812,
          319.7152099609375
        ],
        [
          1290.4501953125,
          356.39666748046875
        ]
      ],
      "rotate": 0,
      "semantic": {
        "element": "走线架",
        "links": []
      },
      "ext": {}
    },
    {
      "id": 114,
      "type": "other",
      "shape": "rect",
      "coord": [
        [
          1092.576171875,
          196.20013427734375
        ],
        [
          1128.8062744140625,
          671.727783203125
        ]
      ],
      "rotate": 0,
      "semantic": {
        "element": "走线架",
        "links": []
      },
      "ext": {}
    },
    {
      "id": 115,
      "type": "other",
      "shape": "rect",
      "coord": [
        [
          786.55810546875,
          117.65478515625
        ],
        [
          831.7909545898438,
          211.514404296875
        ]
      ],
      "rotate": 0,
      "semantic": {
        "element": "建北磁北(夹角)",
        "links": []
      },
      "ext": {
        "文字识别结果": [],
        "文字位置": [],
        "顶点位置": []
      }
    },
    {
      "id": 116,
      "type": "other",
      "shape": "rect",
      "coord": [
        [
          819.0614013671875,
          759.8468017578125
        ],
        [
          1595.757568359375,
          893.190673828125
        ]
      ],
      "rotate": 0,
      "semantic": {
        "element": "说明文字",
        "links": []
      },
      "ext": {
        "文字识别结果": [
          "八层租用机房",
          "明：",
          "设备安装前应检查机房情况，确认满足施工要求后方可安装",
          "6走线架下沿距地高度2400mm",
          "设备安装保持前面板对齐，机架与地面垂直，与地面可靠固定，符合抗震要求：7走线架安装必须稳固可靠；",
          "线缆布放整齐，须用扎带固定于走线架上，电力线和信号线不可交叉",
          "8垂直吊挂原则上每2m间隔设置1个",
          "电池组最终摆放位置要以建筑专业承重鉴定为准：",
          "9水平连接件原则上每3m间隔设置1个",
          "10电池组旁须安装垂直走线架：计入材料表"
        ]
      }
    },
    {
      "id": 117,
      "type": "other",
      "shape": "rect",
      "coord": [
        [
          1281.8243408203125,
          931.4326171875
        ],
        [
          1571.230712890625,
          1012.8634033203125
        ]
      ],
      "rotate": 0,
      "semantic": {
        "element": "说明文字",
        "links": []
      },
      "ext": {
        "文字识别结果": [
          "主",
          "本基站经纬度：N36.05050°E103.86877°",
          "本基站地址：兰州市南昌路22号：",
          "本基站配置：LTE：S111"
        ]
      }
    }
  ]
}